sample_id,catalog_content,image_link,price,item_name,value,unit,price_range,brand,inferred_category,unit_price,has_pack,pack_size,is_organic,is_premium,is_natural,is_travel_size,is_family_size,has_gourmet,has_fresh,has_handmade,number_count,has_percentage,text_length,word_count,has_image_link,price_category,success,width_x,height_x,mode,width_y,height_y,aspect_ratio,total_pixels,mean_red,mean_green,mean_blue,brightness,color_variance
89619,"Item Name: Gatorade Cool Blue, 20 Oz, Pack of 24
Bullet Point 1: Sold as 24/Carton.
Bullet Point 2: Sports drink in Cool Blue flavor quenches thirst and refills minerals
Bullet Point 3: Comes in capacity of 20 fl. oz.
Bullet Point 4: Sold as 24 bottles per carton Cool, satisfying taste, energize, and re-hydrate without caffeine.
Bullet Point 5: Carbohydrates and electrolytes stimulate rapid fluid absorption A great source of hydration before, during, and after exercise .
Product Description: Replenish carbohydrates and electrolytes with this Gatorade G2 Thirst Quencher Cool Blue sports drink. Grab these ready-to-go sports drinks for a quick and convenient beverage. A unique electrolyte blend helps to keep your body hydrated. Each case contains 20 bottles, making these Gatorade G2 Thirst Quencher Cool Blue sports drinks perfect for stocking break rooms. Sports drink in Cool Blue flavor quenches thirst and refills minerals. Comes in capacity of 20 fl. oz. Sold as 24 bottles per carton. Cool, satisfying taste, energize, and re-hydrate without caffeine. Carbohydrates and electrolytes stimulate rapid fluid absorption. A great source of hydration before, during, and after exercise.
Value: 480.0
Unit: Fl Oz
",https://m.media-amazon.com/images/I/710zFvtEzIS.jpg,7.98,"Gatorade Cool Blue, 20 Oz, Pack of 24",480.0,Fl Oz,$5-10,Gatorade Cool,Other,0.016625,True,24.0,False,False,False,False,False,False,False,False,2.0,False,37.0,8.0,True,Budget ($0-$10),True,2560,1920,RGB,2560,1920,1.3333333333333333,4915200,221.93182393391928,228.67794189453124,238.56801411946614,229.72592664930556,54.95988295880488
74523,"Item Name: Arrowhead Mills Organic Multigrain Pancake & Waffle Mix, 22 Ounce Bag (Pack of 6)
Bullet Point 1: 6 - 22 oz bags of Multigrain Pancake & Waffle Mix
Bullet Point 2: Made with organic non-gmo wheat flour
Bullet Point 3: 100% commitment to quality. State of Readiness: Ready to Mix
Bullet Point 4: Made with whole grain yellow corn flour, whole grain wheat flour and other simple ingredients
Bullet Point 5: Just add oil and milk or water to this pancake mix to make delicious multigrain pancakes or waffles
Product Description: <b>6 - 22 oz bags of Multigrain Pancake & Waffle Mix</b><br>Arrowhead Mills Organic Multigrain Pancake & Waffle Mix is made with a nutritious blend of organic whole grains including whole wheat, brown rice, yellow corn, and rye. The delicious balance of wholesome grains bakes up into scrumptious muffins and more. Easy to prepare – just add water – delicious and nutritious pancakes and waffles are ready in minutes.
Value: 132.0
Unit: Ounce
",https://m.media-amazon.com/images/I/81cvczEUsbL.jpg,9.915,"Arrowhead Mills Organic Multigrain Pancake & Waffle Mix, 22 Ounce Bag (Pack of 6)",132.0,Ounce,$5-10,Arrowhead Mills,Health & Wellness,0.0751136363636363,True,6.0,True,False,False,False,False,False,False,False,2.0,False,81.0,14.0,True,Budget ($0-$10),True,1642,2400,RGB,1642,2400,0.6841666666666667,3940800,174.15582597442145,96.87797503045067,101.23441915347138,124.08940671944782,79.20594121897744
253076,"Item Name: Pam Original Cooking Spray-6 Oz-3 Pack
Product Description: Pam Cooking Spray, Original, 6 Oz<ul><li>Created in 1961, All Natural PAMOriginal is the versatile, undisputed leader in non-stick cooking sprays.</li><li>Use it for everything from better browning of your roasted turkey to keeping spices on your uncooked meats.</li><li>And it has just 7 calories and less than 1 g of fat per serving!</li><li>Pop-top nozzle makes for easy use</li><li>Ideal for a variety of cooking purposes </li></ul>
Value: 18.0
Unit: Fl Oz
",https://m.media-amazon.com/images/I/81x7OEdmvmL.jpg,8.16,Pam Original Cooking Spray-6 Oz-3 Pack,18.0,Fl Oz,$5-10,Pam Original,Other,0.4533333333333333,True,3.0,False,False,False,False,False,False,False,False,2.0,False,38.0,6.0,True,Budget ($0-$10),True,1059,1200,RGB,1059,1200,0.8825,1270800,190.34293201133144,147.05528485993077,115.31912259993705,150.90577982373307,82.81273288573306
47389,"Item Name: King Arthur Yellow Cake Mix - Case of 2 - 22 oz.
Value: 44.0
Unit: Ounce
",https://m.media-amazon.com/images/I/81xrmKnNF3L.jpg,6.26,King Arthur Yellow Cake Mix - Case of 2 - 22 oz.,44.0,Ounce,$5-10,King Arthur,Other,0.1422727272727272,False,,False,False,False,False,False,False,False,False,2.0,False,48.0,12.0,True,Budget ($0-$10),True,1000,1500,RGB,1000,1500,0.6666666666666666,1500000,163.02191666666667,177.61482133333334,193.95855266666666,178.1984302222222,89.147341395531
254253,"Item Name: SoftSheen-Carson Dark and Lovely Go Intense Ultra Vibrant Color, Light Golden Blonde 11 (Packaging May Vary)
Bullet Point 1: 1st hi-pigment, hi-care color for African-American hair now with color and shine boosters
Bullet Point 2: Anti-drying creme gel color formulated with Olive Oil
Bullet Point 3: Permanent non-drip hair color with 100 percent gray coverage
Bullet Point 4: Perfectly balanced color dyes that deliver intense, visible, high reflect on dark hair
Value: 1.0
Unit: Count
",https://m.media-amazon.com/images/I/81Zb+XM6KUL.jpg,9.99,"SoftSheen-Carson Dark and Lovely Go Intense Ultra Vibrant Color, Light Golden Blonde 11 (Packaging May Vary)",1.0,Count,$5-10,SoftSheen,Other,9.99,False,,False,False,False,False,False,False,False,False,1.0,False,108.0,16.0,True,Budget ($0-$10),True,2400,2400,RGB,2400,2400,1.0,5760000,213.239134375,195.57435555555554,186.47815381944446,198.43054791666665,73.45218871238353
39999,"Item Name: Green Mountain Salsa, Hot, 16-Ounce (Pack of 6)
Bullet Point: 16 Ounces Bottle
Product Description: In a bowl or in your favorite spicy dish, a perfect blend of flavorful heat thall of that's chock full of jalapenos to satisfy those who like it hot.
Value: 96.0
Unit: oz
",https://m.media-amazon.com/images/I/71GT5Xp0byL.jpg,6.49,"Green Mountain Salsa, Hot, 16-Ounce (Pack of 6)",96.0,oz,$5-10,Green Mountain,Other,0.0676041666666666,True,6.0,False,False,False,False,False,False,False,False,2.0,False,47.0,8.0,True,Budget ($0-$10),True,1600,1600,RGB,1600,1600,1.0,2560000,214.589035546875,200.236105078125,190.083344921875,201.63616184895832,78.62627246123782
225478,"Item Name: Peet's Coffee, Medium Roast Espresso Pods Compatible with Nespresso Original Machine, Crema Scura Intensity 9, 10 Count (1 Box of 10 Espresso Capsules), Coffee Gifts (Pack of 3)
Bullet Point 1: The below information is per pack only
Bullet Point 2: Contains one (1) Box of 10 Peet's Crema Scura Espresso - Intensity 9 Medium Roast Coffee Single Cup Espresso Capsules
Bullet Point 3: Flavor and Roast: Medium Roast - Intensity 9. Thick and luxurious espresso with nutty notes balanced by a creamy, enduring finish. 100% Arabica Coffee
Bullet Point 4: Designed for Nespresso Original Machines Only: Compatible brewers include Essenza Mini, Essenza Plus, Pixie, CitiZ, Lattissima, KitchenAid, and Creatista. Not compatible with Nespresso Vertuo machines
Bullet Point 5: Recyclable: Peet’s aluminum capsules are fully recyclable through our mail-back program. Each aluminum capsule is sealed to preserve that delicious aroma and flavor for an intense espresso experience
Bullet Point 6: How to Brew: Peet's capsules are designed for Ristretto (0.85 OZ / 25 ml) or Espresso (1.35 OZ / 40 ml) pulls on your Nespresso Original brewer.
Value: 30.0
Unit: Count
",https://m.media-amazon.com/images/I/51NO13OO14L.jpg,9.29,"Peet's Coffee, Medium Roast Espresso Pods Compatible with Nespresso Original Machine, Crema Scura Intensity 9, 10 Count (1 Box of 10 Espresso Capsules), Coffee Gifts (Pack of 3)",30.0,Count,$5-10,Peet's Coffee,Food & Beverage,0.3096666666666666,True,3.0,False,False,False,False,False,False,False,False,5.0,False,177.0,28.0,True,Budget ($0-$10),True,1001,1001,RGB,1001,1001,1.0,1002001,210.98904891312483,199.99231936894276,200.31577513395695,203.76571447200817,82.42323423314139
24380,"Item Name: Simply Organic Harissa Seasoning, 3.2 oz (91 g)
Bullet Point 1: HARISSA SEASONING - Simply Organic Harissa Seasoning is a tantalizing blend inspired by the iconic Tunisian hot sauce. Our organic creation is a garlic-kissed masterpiece, delivering a complex, smoky, curry-like flavor with a touch of invigorating spicy heat. Dive into the vibrant world of Harissa with this gorgeous, earthy-red blend that captures the essence of North African cuisine.
Bullet Point 2: BEST USES - Immerse your dishes in the rich and exotic flavors of North Africa by sprinkling our Harissa Seasoning. Perfect for adding a spicy kick to roasted vegetables, grilled meats, or couscous, this blend brings a depth of taste that elevates your culinary creations.
Bullet Point 3: SIMPLY ORGANIC BOTTLED SPICES - Elevate your daily dishes with Simply Organic Bottled Spices, where the pure, delicious flavor of our spices and seasonings bring the goodness of organics to everyday meals.
Bullet Point 4: GROWN FOR SOMETHING GREATER - Simply Organic works directly with sourcing partners whenever possible, paying fair prices directly to them, without a middleman, to maximize the grower's return. With Simply Organic you can feel good about the food on your table and its effect on the world we live in.
Bullet Point 5: ABOUT US - We are Simply Organic. The original, all-organic spice brand that lives up to the promise of our name in all we cultivate and bring to the table. We believe in nourishing lives and preserving the Earth for generations to come, all through inherently better food.
Value: 3.2
Unit: Ounce
",https://m.media-amazon.com/images/I/71RJ5KlOE0L.jpg,6.21,"Simply Organic Harissa Seasoning, 3.2 oz (91 g)",3.2,Ounce,$5-10,Simply Organic,Health & Wellness,1.940625,False,,True,False,False,False,False,False,False,False,3.0,False,47.0,8.0,True,Budget ($0-$10),True,1600,1600,RGB,1600,1600,1.0,2560000,215.346658984375,202.46516875,196.09431953125,204.635382421875,74.31754484197813
289793,"Item Name: Bionaturae Penne Rigate Pasta Noodles - Durum Semolina Pasta, Kosher, High Protein, Non-GMO Verified, USDA Certified, Durum Semolina Fusilli, Fusilli Pasta Organic, Crafted in Italy - 16 Oz, 6 Pack
Bullet Point 1: ORGANIC DURUM SEMOLINA - This pasta is made with organic durum wheat grown exclusively in Italy, which is freshly ground for each production
Bullet Point 2: NATURAL INGREDIENTS - Bionaturae's Durum Semolina Penne is made from the highest quality durum wheat semolina and uses only the finest ingredients
Bullet Point 3: QUICK AND EASY TO COOK - Our Durum Semolina Penne Pasta cooks quickly to provide you with a delicious al dente noodle that can be served with any sauce
Bullet Point 4: MADE THE TRADITIONAL ITALIAN WAY - Dried slowly at low temperatures to preserve a superior flavor & pressed through bronze dies for course & firm texture
Bullet Point 5: OUR STORY - Bionaturae is embraced by American consumers as the premier brand of organic foods from Italy. We have remained a family-oriented with a heartfelt devotion to quality and tradition
Value: 96.0
Unit: Ounce
",https://m.media-amazon.com/images/I/91BMf0byqtL.jpg,3.49,"Bionaturae Penne Rigate Pasta Noodles - Durum Semolina Pasta, Kosher, High Protein, Non-GMO Verified, USDA Certified, Durum Semolina Fusilli, Fusilli Pasta Organic, Crafted in Italy - 16 Oz, 6 Pack",96.0,Ounce,$0-5,Bionaturae Penne,Food & Beverage,0.0363541666666666,True,6.0,True,False,False,False,False,False,False,True,2.0,False,197.0,30.0,True,Budget ($0-$10),True,2560,2560,RGB,2560,2560,1.0,6553600,163.07590621948242,168.3767854309082,157.61765411376953,163.02344858805338,82.73803159208916
78307,"Item Name: Kashi GO, Breakfast Cereal, Honey Almond Flax Crunch, Excellent Source of Fiber, 14oz Box
Bullet Point 1: Kashi Breakfast Cereals are wholesome, powerful nutrition with a burst of flavor and crunch
Bullet Point 2: Crunchy multigrain clusters with sliced almonds, whole flax seeds, oats, and a touch of sweet honey in every bite
Bullet Point 3: An excellent source of fiber (contains 5g total fat per serving); Vegetarian; Non-GMO Project Verified; Kosher Pareve
Bullet Point 4: Makes for the perfect portable whole food snack at work, school or travel when you pack a small bag
Bullet Point 5: Includes 1, 14-ounce box of Kashi cereal; Packaged for freshness and great taste
Value: 14.0
Unit: Ounce
",https://m.media-amazon.com/images/I/81o1nWoPkBL.jpg,6.04,"Kashi GO, Breakfast Cereal, Honey Almond Flax Crunch, Excellent Source of Fiber, 14oz Box",14.0,Ounce,$5-10,Kashi GO,Food & Beverage,0.4314285714285714,False,,False,False,False,False,False,False,False,False,1.0,False,89.0,14.0,True,Budget ($0-$10),True,2560,2560,RGB,2560,2560,1.0,6553600,244.14052291870118,228.69100799560547,201.05507247924805,224.62886779785157,65.18043957827537
275078,"Item Name: Frontier Garlic Powder Organic Bottle, 2.33 Ounce
Bullet Point 1: GARLIC POWDER - Prized for its pungent, slightly hot, and biting flavor, made simply from ground dehydrated garlic bulbs. Its penetrating aroma and robust flavor make it a staple in a wide range of savory dishes.
Bullet Point 2: BEST USES - Enhance the flavor of pasta, pizza, potatoes, grilled chicken, sauces, and dressings with this versatile garlic powder. Enjoy the convenience of adding garlic's distinct essence to your favorite recipes.
Bullet Point 3: EXCEPTIONAL FLAVOR, RESPONSIBLY SOURCED - Use responsibly-sourced spices to elevate your meals and give back to the planet through sustainable farming practices - adding flavor, depth and meaning to everything you create.
Bullet Point 4: COMMITTED TO PEOPLE & PLANET - Our sustainable sourcing programs start with a commitment and investment in our growers. Through mutually beneficial partnerships, we source our ingredients ethically and responsibly.
Bullet Point 5: ABOUT US - We are Frontier Co-op, a global leader in natural and organic products. As an ethically committed herb and spice company, we are united by our mission to put people and planet before profits.
Bullet Point 6: 2.33 Ounce Bottle
Bullet Point 7: An organic, convenient form of garlic that's easily dispersed to flavor any savory dish
Bullet Point 8: Certified Organic, Non-GMO Verified, Kosher
Bullet Point 9: Non-Irradiated
Bullet Point 10: Frontier is a member owned co-op, responsible to people and planet
Value: 2.33
Unit: Ounce
",https://m.media-amazon.com/images/I/713w54fR41L.jpg,7.96,"Frontier Garlic Powder Organic Bottle, 2.33 Ounce",2.33,Ounce,$5-10,Frontier Garlic,Health & Wellness,3.416309012875536,False,,True,False,False,False,False,False,False,False,2.0,False,49.0,7.0,True,Budget ($0-$10),True,2048,2048,RGB,2048,2048,1.0,4194304,213.7973666191101,213.8706681728363,210.54422998428345,212.73742159207663,74.48418221559251
75797,"Item Name: Tostitos Bite Size Rounds Tortilla Chips, 13 Ounce
Bullet Point 1: 13.0 oz. bag of TOSTITOS Bite Size Tortilla Chips
Bullet Point 2: Crunchy chips for a great snack
Bullet Point 3: Spice up your snack time with some TOSTITOS Medium Salsa
Bullet Point 4: Gluten free product
Bullet Point 5: Great tortilla chips for a party or get-together
Value: 13.0
Unit: Ounce
",https://m.media-amazon.com/images/I/81VZzbTjnqL.jpg,6.49,"Tostitos Bite Size Rounds Tortilla Chips, 13 Ounce",13.0,Ounce,$5-10,Tostitos Bite,Food & Beverage,0.4992307692307692,False,,False,False,False,False,False,False,False,False,1.0,False,50.0,8.0,True,Budget ($0-$10),True,1730,2560,RGB,1730,2560,0.67578125,4428800,146.55529624277457,165.49314870845376,174.91317422326588,162.3205397248314,86.64907713163048
225602,"Item Name: Pringles Potato Crisps, Lunch Snacks, On-the-Go Snack, Las Meras Meras Habaneras, 5.5oz Can (1 Can)
Bullet Point 1: Heat up snacking moments with the smoky, spicy flavor and fun shape of Pringles Las Meras Meras Habaneras Potato Crisps
Bullet Point 2: Authentic Mexican flavors come to life with the hot and tangy taste of char-grilled habanero peppers, lime, and salt from edge to edge
Bullet Point 3: Always tasty, never greasy; Kosher Dairy; Contains milk and wheat ingredients
Bullet Point 4: Stack, snack, and savor at home and on the go; Pop open a can for gaming, sports watching, party time, or any time
Bullet Point 5: Includes one, 5.5oz can of ready to eat potato crisps; Packaged for freshness and great taste
Value: 5.5
Unit: Ounce
",https://m.media-amazon.com/images/I/71NO3EfZHpL.jpg,3.73,"Pringles Potato Crisps, Lunch Snacks, On-the-Go Snack, Las Meras Meras Habaneras, 5.5oz Can (1 Can)",5.5,Ounce,$0-5,Pringles Potato,Food & Beverage,0.6781818181818182,False,,False,False,False,False,False,False,False,False,3.0,False,99.0,15.0,True,Budget ($0-$10),True,2400,2400,RGB,2400,2400,1.0,5760000,241.44443229166666,216.48248784722222,218.46423090277779,225.4637170138889,63.12645698522833
144241,"Item Name: HORMEL NATURAL CHOICE Fully-Cooked Bacon, Gluten Free, Original, 2.5oz Pack
Bullet Point 1: Made with minimally processed, all natural pork
Bullet Point 2: Pork raised without added hormones; federal regulations prohibit the use of hormones in pork
Bullet Point 3: 6 grams of protein and 70 calories per cooked serving
Bullet Point 4: No added nitrates or nitrites except for those naturally occurring in celery and cherry powder
Bullet Point 5: Gluten free; no artificial ingredients
Value: 2.52
Unit: Ounce
",https://m.media-amazon.com/images/I/714OEHwlVWL.jpg,5.49,"HORMEL NATURAL CHOICE Fully-Cooked Bacon, Gluten Free, Original, 2.5oz Pack",2.52,Ounce,$5-10,HORMEL NATURAL,Health & Wellness,2.178571428571429,False,,False,False,True,False,False,False,False,False,2.0,False,75.0,10.0,True,Budget ($0-$10),True,1000,1000,RGB,1000,1000,1.0,1000000,216.156823,194.246482,176.185865,195.52972333333332,83.16762719065306
290419,"Item Name: Lee Kum Kee Sweet & Sour Sauce, 8.5-Ounce Bottle (Pack of 4)
Bullet Point: Net Wt. 8.5 oz.
Value: 34.0
Unit: Ounce
",https://m.media-amazon.com/images/I/715lAJamCNL.jpg,3.94,"Lee Kum Kee Sweet & Sour Sauce, 8.5-Ounce Bottle (Pack of 4)",34.0,Ounce,$0-5,Lee Kum,Food & Beverage,0.1158823529411764,True,4.0,False,False,False,False,False,False,False,False,3.0,False,60.0,12.0,True,Budget ($0-$10),True,702,2560,RGB,702,2560,0.27421875,1797120,184.3181657318376,102.06194299768518,83.20379996883904,123.19463623278727,90.65992813878125
89499,"Item Name: Snyder's of Hanover Pretzel Pieces - Hot Buffalo Wing - 12 oz - 2 pk
Value: 24.0
Unit: Ounce
",https://m.media-amazon.com/images/I/81iBmLt0C5L.jpg,6.09,Snyder's of Hanover Pretzel Pieces - Hot Buffalo Wing - 12 oz - 2 pk,24.0,Ounce,$5-10,Snyder's of,Other,0.25375,False,,False,False,False,False,False,False,False,False,2.0,False,68.0,15.0,True,Budget ($0-$10),True,1500,1272,RGB,1500,1272,1.179245283018868,1908000,203.56472641509433,168.46833542976938,118.72146960167714,163.58484381551364,78.29091567530803
170295,"Item Name: Tea,Simply Del,Plum
Value: 18.0
Unit: Count
",https://m.media-amazon.com/images/I/51SYSqEn+7L.jpg,5.395,"Tea,Simply Del,Plum",18.0,Count,$5-10,Tea,Food & Beverage,0.2997222222222222,False,,False,False,False,False,False,False,False,False,0.0,False,19.0,2.0,True,Budget ($0-$10),True,450,500,RGB,450,500,0.9,225000,167.66776444444446,163.29230666666666,173.64828888888889,168.20278666666667,96.406968622861
273247,"Item Name: Boston Spice Bada Bing Bada Boom HANDMADE Gourmet Italian Seasoning Blend for Bread Dipping Sauces Spreads Butter Herbs Chip Dip Salad Dressing 1/4 Cup Spice 0.8oz/23g
Bullet Point 1: At Boston Spice, all of our gourmet artisanal spice blends are handcrafted using only premium quality ingredients for superior flavor and taste. Freshness and quality matters here at Boston Spice and we take great pride in giving you the best spice blends that you will find anywhere. *If you would like any particular ingredient adjusted, send us a message before ordering.
Bullet Point 2: To give you the quality you deserve, each spice blend you purchase is blended for you, FRESH TO ORDER, by us here at Boston Spice, so that we can ship to you the best tasting and flavorful spice blends directly to your home, to a loved one as a gift, or to your restaurant. You won’t find that quality and flavor with other spice companies. You will only find it here at Boston Spice.
Bullet Point 3: Our spice blends are sold by measured volume, not by weight. Example: 1/4 cup, 1/2 cup, 1 cup. That way you will know how much spice you are purchasing to suit your needs and recipes.
Bullet Point 4: “Start A Revolution In Your Mouth - Win The War Over Flavorless Food Is Over"" - There is no wrong way to use and enjoy Boston Spice blends. At Boston Spice, we encourage you to try our spices on whatever you feel like eating. HUZZAH! - HUZZAH!! - HUZZAH!!!
Bullet Point 5: Comes in a food safe standup resealable pouch
Product Description: <b>Start A Revolution In Your Mouth. The War On Flavorless Food Is Over. HUZZAH</b><BR><BR> As the saying goes here at Boston Spice, Bada Bing Bada Boom - ""HUZZAH"", here is our Boston Spice Dipping blend. Some might say all bread dipping oil seasonings are the same, well ours is better. Some might say all potato chip dips are the same, well ours is better. Also, add some to mashed potatoes!. (See the directions below to find out why ours is better) . <BR><BR>We are a spice blend company called <b>BOSTON SPICE</b>, located just outside of Boston Massachusetts. We created our line of spice and seasoning blends because of our love of tasty flavorful food and the history behind the great city of Boston.We make spice blends and rubs, with a Boston twist. Every spice blend we make is handcrafted, hand blended, and hand packaged by us. We do not add any chemical additives like other spice companies do. <BR><BR>Here at <b>BOSTON SPICE</b>, we freshly prepare and blend natural dried herbs and spices to win the war over eating flavorless, flat, bland, dull, and one-dimensional foods. Whether it be beef, poultry, pork, seafood, or those all important vegetables, <b>BOSTON SPICE</b> will have the right blend necessary to make you the Commanding General of your kitchen. We are here to help you conquer the flavor war raging in your mouth. <BR><BR>*Due to packaging size constraints, product labels may vary from image shown. <BR>*Since we blend and package our spice mixes by hand, the amount of spice in their respective container could vary a gram or so from order to order.
Value: 0.8
Unit: Ounce
",https://m.media-amazon.com/images/I/812dDJHyECS.jpg,4.92,Boston Spice Bada Bing Bada Boom HANDMADE Gourmet Italian Seasoning Blend for Bread Dipping Sauces Spreads Butter Herbs Chip Dip Salad Dressing 1/4 Cup Spice 0.8oz/23g,0.8,Ounce,$0-5,Boston Spice,Food & Beverage,6.15,False,,False,False,False,False,False,True,False,True,5.0,False,167.0,26.0,True,Budget ($0-$10),True,1994,2560,RGB,1994,2560,0.77890625,5104640,193.8288061449975,191.59392807328234,188.29012094878385,191.23761838902124,60.62221897563989
130469,"Item Name: A.1. Original Steak Sauce, 10 oz. Bottles (Pack of 12)
Bullet Point 1: One 10 oz bottle of A.1. Original Steak Sauce
Bullet Point 2: A.1. Original Steak Sauce delivers bold flavor to your favorite dishes
Bullet Point 3: Made with a mouthwatering blend of tomatoes, garlic, crushed oranges and an intricate mix of spices
Bullet Point 4: Classic sauce pairs well with steak, chicken, beef or pork
Bullet Point 5: Pour sauce over meat, or use as a dipping sauce
Value: 120.0
Unit: Ounce
",https://m.media-amazon.com/images/I/81TgMzjltlL.jpg,5.44,"A.1. Original Steak Sauce, 10 oz. Bottles (Pack of 12)",120.0,Ounce,$5-10,A.1. Original,Food & Beverage,0.0453333333333333,True,12.0,False,False,False,False,False,False,False,False,3.0,False,54.0,10.0,True,Budget ($0-$10),True,2400,2400,RGB,2400,2400,1.0,5760000,181.38762413194445,166.78575920138888,160.1069439236111,169.42677575231482,94.716008538128
288780,"Item Name: Shirakiku Azuki Yude Sweet Red Beans, 7.4-Ounce Units (Pack of 24)
Bullet Point 1: Pack of twenty four, 7.4-ounce units (total of 177.6 ounces)
Bullet Point 2: No artificial colors or preservatives
Bullet Point 3: Product of Japan
Value: 177.6
Unit: Ounce
",https://m.media-amazon.com/images/I/81F0VjZjgKL.jpg,7.99,"Shirakiku Azuki Yude Sweet Red Beans, 7.4-Ounce Units (Pack of 24)",177.6,Ounce,$5-10,Shirakiku Azuki,Other,0.0449887387387387,True,24.0,False,False,False,False,False,False,False,False,3.0,False,66.0,11.0,True,Budget ($0-$10),True,1691,1051,RGB,1691,1051,1.608943862987631,1777241,203.91488323755755,174.25159334046424,173.90470003786768,184.02372553862983,60.3441906932869
170754,"Item Name: Benjamins Kananga Water, 4 Fl Oz
Bullet Point: This popular fragrance is used in baths and to relieve aches associated with feverish conditions.
Value: 4.0
Unit: Fl Oz
",https://m.media-amazon.com/images/I/51k8jAHsPhL.jpg,9.99,"Benjamins Kananga Water, 4 Fl Oz",4.0,Fl Oz,$5-10,Benjamins Kananga,Food & Beverage,2.4975,False,,False,False,False,False,False,False,False,False,1.0,False,32.0,6.0,True,Budget ($0-$10),True,1080,1080,RGB,1080,1080,1.0,1166400,239.2229475308642,240.77066186556928,224.4821793552812,234.82526291723823,55.14601865555783
257557,"Item Name: Zing Zang Award Winning Bloody Mary Mix - (2 Pack of 32 Fl. Oz. Bottles)
Bullet Point 1: Check out our other Packages or Variety Packs for Special Pricing & Even Greater Savings!
Bullet Point 2: Juices from 14 vegetables total 80% of the mix ingredients. The result, we think you will agree, is an extremely refreshing, full-bodied beverage. You'll find that Zing Zang is more satisfying because of our distinctive combination of quality ingredients.
Bullet Point 3: The pride of Zing Zang! Our original product, the award-winning Bloody Mary Mix. Low in sodium and calories, tastes great with or without your favorite vodka. Try our best value-the economical case of 6 half-gallon (64 oz.) bottles.
Bullet Point 4: Drink Zing Zang cold over ice, with or without your favorite vodka. Add a squeeze of lime with a celery stalk and you will enjoy a great cool, refreshing, energizing drink.""
Bullet Point 5: Zing Zang Award Winning Bloody Mary Mix! ""Not just another Bloody Mary Mix! They've added a combination of spices and broth that makes Zing Zang different.
Value: 64.0
Unit: Fl Oz
",https://m.media-amazon.com/images/I/61r6ZGXn5eL.jpg,5.64,Zing Zang Award Winning Bloody Mary Mix - (2 Pack of 32 Fl. Oz. Bottles),64.0,Fl Oz,$5-10,Zing Zang,Other,0.088125,True,2.0,False,False,False,False,False,False,False,False,2.0,False,72.0,15.0,True,Budget ($0-$10),True,698,1024,RGB,698,1024,0.681640625,714752,200.89658091198066,189.07634536174785,169.58220893400787,186.5183784025788,90.67012210592758
206684,"Item Name: Tapatio Ramen Noodle Soup - Big Bowl - Carne Asada with Lime Flavor, 3.88 Oz (Bulk Case of 6)
Bullet Point 1: UNLEASH THE FIERY FUSION: Elevate your noodle game with flavorfilled Carne Asada & Lime Ramen noodles bringing extra savoriness to the vibrant Tapatio spice. This is a must-try infusion.
Bullet Point 2: HARMONY OF SPICIENSS AND TASTE: Not your ordinary noodles. Our Premium Restaurant quality noodles are spicy and bold without overwhelming your palate. Pop in the microwave, and you’re savoring a bowl of pure bliss within minutes.
Bullet Point 3: CHEWY DELICIOUS NOODLES: Nothing short of perfection, the bright citrus notes of lime elevate the entire dish adding a refreshing twist to every spoonful of rich broth and mouthwatering noodles.
Bullet Point 4: CONVENIENT, QUICK & BUDGET FRIENDLY: Stock up on this pantry essential, perfect for busy days, late-night cravings or any time you want a comfort meal loved by everyone that won't break the bank.
Bullet Point 5: READY IN A FLASH: Our microwave-friendly ramen noodles are ready in just 4-5 minutes, so you can enjoy a piping hot meal that’s perfect for your busy lifestyle. No fuss, no hassle, just pure flavor.
Product Description: Introducing the Tapatio Carne Asada with Lime Bowl – a tantalizing fusion of bold flavors that’ll ignite your taste buds. Succulent Carne Asada, kissed by zesty lime and bathed in our vibrant, soul-warming broth. Each spoonful is an explosion of taste, a symphony of spice and richness for your palate. Want to amp up the protein? Add grilled chicken, shrimp, or tofu – the choice is yours. Customize your instant soup bowl with colorful bell peppers, crisp lettuce, and juicy tomatoes. Sprinkle on some cilantro, drizzle with lime juice, or toss in avocado chunks. Convenience in a bowl – ready in minutes, no fuss, no hassle. Whether you’re a busy professional, a student burning the midnight oil, or simply craving a culinary adventure, the Tapatio Carne Asada & Lime Bowl is sure to please.
Value: 23.28
Unit: Ounce
",https://m.media-amazon.com/images/I/81dXauoBd1L.jpg,2.0,"Tapatio Ramen Noodle Soup - Big Bowl - Carne Asada with Lime Flavor, 3.88 Oz (Bulk Case of 6)",23.28,Ounce,$0-5,Tapatio Ramen,Other,0.0859106529209622,False,,False,False,False,False,True,False,False,False,3.0,False,93.0,19.0,True,Budget ($0-$10),True,2000,2000,RGB,2000,2000,1.0,4000000,217.39941125,204.84321125,194.94207275,205.72823175,78.01634224273116
124193,"Item Name: SPICY ORGANIC Black Peppercorns – 4 oz - Whole, Fresh, and Spicy Black Pepper for Grinder Refill, Premium Ceylon Quality, USDA Certified Organic, Gluten-Free, and Kosher
Bullet Point 1: GOURMET QUALITY: Premium Ceylon Black Peppercorns providing a robust, gourmet spice experience with every grind.
Bullet Point 2: ORGANIC AND FRESH: Certified USDA Organic, ensuring that you receive only the freshest, highest-quality whole black peppers.
Bullet Point 3: GRINDER READY: Perfectly sized whole peppercorns designed for easy refilling of your pepper grinders for freshly ground spice anytime.
Bullet Point 4: VERSATILE USE: Ideal for both home cooks and professional chefs, suitable for bulk purchases and available for all culinary creations.
Bullet Point 5: PURE AND NATURAL: These organic peppercorns are gluten-free and kosher, ensuring they meet strict dietary standards while enhancing your meals with pure flavor.
Bullet Point 6: SATISFACTION GUARANTEED: Our Money-Back Guarantee ensures that if you're not satisfied with the product, we'll promptly issue a refund, without any need for questions or inquiries.
Value: 4.0
Unit: Ounce
",https://m.media-amazon.com/images/I/81-qhZgwO2L.jpg,8.98,"SPICY ORGANIC Black Peppercorns – 4 oz - Whole, Fresh, and Spicy Black Pepper for Grinder Refill, Premium Ceylon Quality, USDA Certified Organic, Gluten-Free, and Kosher",4.0,Ounce,$5-10,SPICY ORGANIC,Health & Wellness,2.245,False,,True,True,False,False,False,False,True,False,1.0,False,169.0,26.0,True,Budget ($0-$10),True,2200,2200,RGB,2200,2200,1.0,4840000,208.86177809917356,200.8156799586777,193.71192252066115,201.1297935261708,72.98778444667266
66675,"Item Name: Numi Organic Tea, Rooibos Chai, 18 Non-GMO Tea Bags
Bullet Point: Numi Organic Tea, Herbal Teasans, Rooibos Chai, 18 Non-GMO Tea Bags
Value: 18.0
Unit: Count
",https://m.media-amazon.com/images/I/71IiSiTn29L.jpg,5.89,"Numi Organic Tea, Rooibos Chai, 18 Non-GMO Tea Bags",18.0,Count,$5-10,Numi Organic,Food & Beverage,0.3272222222222222,False,,True,False,False,False,False,False,False,False,1.0,False,51.0,9.0,True,Budget ($0-$10),True,2000,2000,RGB,2000,2000,1.0,4000000,223.44364975,205.80813875,199.5827215,209.61150333333333,69.52946511376781
105257,"Item Name: Nissin Cup Noodles Stir Fry Noodles in Sauce, Teriyaki Beef, 3 Ounce (Pack of 1)
Bullet Point 1: First soup-less cup noodles
Bullet Point 2: Tapioca starch infused noodles
Bullet Point 3: No added MSG or artificial flavors
Bullet Point 4: No added MSG or artificial flavors
Bullet Point 5: Microwavable and ready in 5 minutes (Cooks in just 4 minutes, let stand 1 minute)
Value: 3.0
Unit: Fl Oz
",https://m.media-amazon.com/images/I/81GnyazhEhL.jpg,1.04,"Nissin Cup Noodles Stir Fry Noodles in Sauce, Teriyaki Beef, 3 Ounce (Pack of 1)",3.0,Fl Oz,$0-5,Nissin Cup,Food & Beverage,0.3466666666666667,True,1.0,False,False,False,False,False,False,False,False,2.0,False,80.0,15.0,True,Budget ($0-$10),True,2000,2000,RGB,2000,2000,1.0,4000000,182.1929145,159.72812425,154.47300075,165.46467983333332,95.99210564148402
120165,"Item Name: Quaker Instant Oatmeal, Strawberries & Cream, 8.4 Oz
Bullet Point 1: Includes 8 (1.05oz) packets of Quaker Instant Oatmeal Breakfast Cereal, Strawberries & Cream, Heart Healthy Oatmeal
Bullet Point 2: Imagine a warm summer morning and a bowl of sun-ripened strawberries topped with rich, dairy cream.
Bullet Point 3: Now imagine all of that warmth and rich flavor in a bowl of Quaker Oats.
Bullet Point 4: Our Quaker Instant Oatmeal Breakfast Cereal, Strawberries & Cream, Heart Healthy Oatmeal offers you a hint of summer any time of year.
Bullet Point 5: Made with No Artificial Flavors and Heart Healthy 100% Whole Grain Quaker Oats
Bullet Point 6: Good Source of Fiber (2g per serving)
Value: 8.4
Unit: Ounce
",https://m.media-amazon.com/images/I/811n7M3ZkTL.jpg,3.395,"Quaker Instant Oatmeal, Strawberries & Cream, 8.4 Oz",8.4,Ounce,$0-5,Quaker Instant,Beauty & Personal Care,0.4041666666666667,False,,False,False,False,False,False,False,False,False,2.0,False,52.0,8.0,True,Budget ($0-$10),True,1758,2560,RGB,1758,2560,0.68671875,4500480,228.8924639149602,195.9059344781001,190.70757541417805,205.16865793574613,67.52983760727972
121902,"Item Name: Bob's Red Mill Small Pearl Tapioca, 24 Oz (Pack Of 3)
Bullet Point 1: Vegan; Vegetarian; Paleo Friendly; Kosher Pareve
Bullet Point 2: No sulfites or additives
Bullet Point 3: Perfect for puddings
Bullet Point 4: Great for Bubble tea
Bullet Point 5: Case of Three, 24 oz. Resealable stand up bags
Product Description: Bob's Red Mill Small Pearl tapioca is made from starch extracted from the roots of the cassava plant. The starch is formed into pearls, making the perfect base for tapioca pudding, boba (bubble) tea, The Indian dish sabudana khichdi, and vegan ""caviar."" Small Pearl tapioca is also an excellent addtion to creamy soups or dumplings.
Value: 3.0
Unit: Count
",https://m.media-amazon.com/images/I/7184ykr-bvL.jpg,5.985,"Bob's Red Mill Small Pearl Tapioca, 24 Oz (Pack Of 3)",3.0,Count,$5-10,Bob's Red,Other,1.995,True,3.0,False,False,False,False,False,False,False,False,2.0,False,53.0,11.0,True,Budget ($0-$10),True,1253,1500,RGB,1253,1500,0.8353333333333334,1879500,222.5886326150572,207.66378026070763,213.82932482043097,214.6939125653986,56.35385325548853
218029,"Item Name: Juicy Juice, Juice 100% Juice Berry 8Pk, 33.8 Fl Oz
Product Description: Frozen Juices
Value: 33.8
Unit: Fl Oz
",https://m.media-amazon.com/images/I/71iBZxG8BTL.jpg,2.99,"Juicy Juice, Juice 100% Juice Berry 8Pk, 33.8 Fl Oz",33.8,Fl Oz,$0-5,Juicy Juice,Food & Beverage,0.0884615384615384,False,,False,False,False,False,False,False,False,False,4.0,True,51.0,10.0,True,Budget ($0-$10),True,2400,1033,RGB,2400,1033,2.323330106485963,2479200,130.85738020329137,142.5052428202646,162.1711209261052,145.17791464988707,43.59577008839161
203590,"Item Name: Amos Gummi Teeth Candy Vampire Teeth - Gummy Fangs Individually Wrapped, 32 Count, 9oz Bag, Halloween Candy for Trick-or-Treat
Bullet Point 1: Spooky Gummy Teeth: Elevate your Halloween festivities with our 3D-like gummy fangs that add a touch of frightfully fun to your trick-or-treating adventures. Perfect for horror movie enthusiasts and anyone who loves a good scare!
Bullet Point 2: Individually Wrapped for Convenience: Each gummy teeth is individually wrapped, making it easy to grab and go, perfect for sharing at school parties, office celebrations, or any Halloween gathering.
Bullet Point 3: Realistic Gummy Teeth Design: Crafted with attention to detail, our gummy teeth candies mimic real vampire fangs, adding a playful and edgy element to your costume or as a quirky snack.
Bullet Point 4: Generous Quantity: Each 9-ounce package contains 32 individually wrapped vampire teeth candy treats, providing you with an ample supply for Halloween fun.
Bullet Point 5: Versatile Occasions: Whether it's Halloween parties, trick-or-treating, school events, or themed gatherings, our sour gummies are a must-have addition.
Product Description: Amos Halloween Gummy
Value: 9.0
Unit: Ounce
",https://m.media-amazon.com/images/I/71+uhHl+kwL.jpg,9.99,"Amos Gummi Teeth Candy Vampire Teeth - Gummy Fangs Individually Wrapped, 32 Count, 9oz Bag, Halloween Candy for Trick-or-Treat",9.0,Ounce,$5-10,Amos Gummi,Food & Beverage,1.11,False,,False,False,False,False,False,False,False,False,2.0,False,126.0,19.0,True,Budget ($0-$10),True,1600,1600,RGB,1600,1600,1.0,2560000,192.650967578125,159.589892578125,177.27807265625,176.5063109375,84.41847965372908
54861,"Item Name: HERSHEY'S, KIT KAT and REESE'S Assorted Milk Chocolate Snack Size, Candy Bag, 12.47 oz (25 Pieces)
Bullet Point 1: Contains one (1) 12.47-ounce, 25-piece variety bag of HERSHEY'S, KIT KAT and REESE'S Friend Exchange Assorted Milk Chocolate Snack Size Candy. A perfect treat for Valentines classroom gifts or parties. Great for big game football parties too
Bullet Point 2: Enjoy a fun assortment of Valentine exchange candies for easy gifting to friends, family, classmates and co-workers. Pairs with any Valentines day decor
Bullet Point 3: Includes 25 individually wrapped snack size kosher candies in a festive variety bag to exchange at holiday get-togethers
Bullet Point 4: Unwrap Hershey candy during birthday parties, baby and bridal shower celebrations, special date nights and anniversaries
Bullet Point 5: Decorate your Valentine's Day candy bowls and gift bags with an assortment of milk chocolate snack size candies or create festive holiday desserts
Value: 12.47
Unit: Ounce
",https://m.media-amazon.com/images/I/711PYFcANEL.jpg,11.2,"HERSHEY'S, KIT KAT and REESE'S Assorted Milk Chocolate Snack Size, Candy Bag, 12.47 oz (25 Pieces)",12.47,Ounce,$10-20,HERSHEY'S,Food & Beverage,0.8981555733761025,False,,False,False,False,False,False,False,False,False,3.0,False,98.0,16.0,True,Economy ($10-$20),True,2560,2560,RGB,2560,2560,1.0,6553600,194.11475173950194,152.68378219604492,179.8014520263672,175.53332865397135,84.2041078499652
232507,"Item Name: Melinda’s Creamy Style Habanero Wing Sauce, Gluten Free, 12 Ounces (Pack Of 6)
Bullet Point: Melinda’s Creamy Style Habanero Wing Sauce, Gluten Free, 12 Ounces (Pack Of 6)
Value: 72.0
Unit: Ounce
",https://m.media-amazon.com/images/I/71DTbeYL62L.jpg,14.98,"Melinda’s Creamy Style Habanero Wing Sauce, Gluten Free, 12 Ounces (Pack Of 6)",72.0,Ounce,$10-20,Melinda’s Creamy,Food & Beverage,0.2080555555555555,True,6.0,False,False,False,False,False,False,False,False,2.0,False,78.0,13.0,True,Economy ($10-$20),True,2500,2500,RGB,2500,2500,1.0,6250000,244.36598416,229.55648576,225.02793456,232.98346816,55.943972536144884
212879,"Item Name: Barilla Creamy Tomato Pesto, 6.5 oz
Bullet Point 1: 1. One of three new additions to Barilla's beloved Pesto family
Bullet Point 2: 2. Sun-ripened tomatoes and a touch of balsamic vinegar offer iconic Italian flavor
Bullet Point 3: 3. Made from high-quality ingredients, including Grana Padano cheese
Bullet Point 4: 4. Pairs perfectly with your favorite Barilla pasta
Bullet Point 5: 5. Can be also be added to sandwiches, served as a dip and more!
Value: 6.5
Unit: Ounce
",https://m.media-amazon.com/images/I/71EqWfD2ZHL.jpg,13.42,"Barilla Creamy Tomato Pesto, 6.5 oz",6.5,Ounce,$10-20,Barilla Creamy,Beauty & Personal Care,2.0646153846153847,False,,False,False,False,False,False,False,False,False,2.0,False,35.0,6.0,True,Economy ($10-$20),True,2500,2500,RGB,2500,2500,1.0,6250000,211.29081712,194.38955184,189.27733424,198.3192344,79.49201111967912
263501,"Item Name: Frito Lay Sweet & Salty Snacks, Variety Mix of Cookies, Crackers, Chips & Nuts, (Pack of 50)
Bullet Point 1: 50 count of Frito Lay snacks for the office
Bullet Point 2: The Frito lay sweet and salty snack box provides a quick and crowd pleasing solution for stocking office kitchens, meeting rooms and other office areas
Bullet Point 3: These snack time favorites serve as a great way to say thank you to your team
Bullet Point 4: Refuel and recharge at the office with the Frito lay sweet and salty snack box, a collection of 50 individually wrapped cookies, crackers, chips, popcorn and nuts that will delight people of all ages
Value: 50.0
Unit: Count
",https://m.media-amazon.com/images/I/91z823Kh7kL.jpg,18.65,"Frito Lay Sweet & Salty Snacks, Variety Mix of Cookies, Crackers, Chips & Nuts, (Pack of 50)",50.0,Count,$10-20,Frito Lay,Food & Beverage,0.373,True,50.0,False,False,False,False,False,False,False,False,1.0,False,92.0,17.0,True,Economy ($10-$20),True,2560,2560,RGB,2560,2560,1.0,6553600,203.49002975463867,168.88204208374023,136.93213439941405,169.768068745931,86.0535905472451
275409,"Item Name: Herb Pharm - Avena Licorice Compound 1 oz [Health and Beauty]
Value: 1.0
Unit: Fl Oz
",https://m.media-amazon.com/images/I/61m3Y9LEMUL.jpg,18.16,Herb Pharm - Avena Licorice Compound 1 oz [Health and Beauty],1.0,Fl Oz,$10-20,Herb Pharm,Beauty & Personal Care,18.16,False,,False,False,False,False,False,False,False,False,1.0,False,61.0,11.0,True,Economy ($10-$20),True,1200,1200,RGB,1200,1200,1.0,1440000,219.95811319444445,215.50882430555555,210.93731944444446,215.46808564814816,77.38826504788884
22713,"Item Name: TAG Dolce Vita Cin Cin Appetizer Plate Dinnerware Serving Plate Multicolored
Bullet Point 1: A wonderful piece from the tag La Dolce Vita collection. Makes a perfect gift or collect them all for yourself.
Bullet Point 2: This beautiful appetizer plate features an organic shape with hand painted design. Enjoy an appetizer or snack on a tag app plate.
Bullet Point 3: SIZE: Product measures .5inH x 6inL x 6inW
Bullet Point 4: QUALITY MATERIALS: Product made of earthenware
Bullet Point 5: USES: Perfect for decorating or makes a great gift
Product Description: This beautiful appetizer plate features an organic shape with a hand-painted design.
Value: 1.0
Unit: Count
",https://m.media-amazon.com/images/I/71DHtK7pBiL.jpg,19.99,TAG Dolce Vita Cin Cin Appetizer Plate Dinnerware Serving Plate Multicolored,1.0,Count,$10-20,TAG Dolce,Home & Kitchen,19.99,False,,False,False,False,False,False,False,False,False,0.0,False,76.0,11.0,True,Economy ($10-$20),True,2000,2000,RGB,2000,2000,1.0,4000000,221.68366275,222.6745305,220.15849475,221.50556266666666,50.78535569161061
202164,"Item Name: Hypothermias Sugar Free Syrup for Snow Cone, Shaved Ice, Drinks - Pint (16 fl oz) - Made with Organic Monk Fruit and Non-GMO Organic Erythritol - BPA-Free Plastic Bottle (Butterscotch)
Bullet Point 1: Hypothermias sugar-free Hawaiian 🍧 snow cone flavor syrup is Keto-friendly! Made with organic monk fruit and Non-GMO organic erythritol, both occurring naturally from plants and fruits, you can enjoy our sugar free flavored syrup with peace of mind.
Bullet Point 2: Our sugar free syrup for drinks are crafted under the Tucson sun in small batches with premium ingredients to ensure an exceptional taste. Excellence in every sip!
Bullet Point 3: Hypothermias is a family-owned, small business in Tucson, Arizona, USA, a UNESCO Creative City of Gastronomy. Our sugar free flavor syrup is craftsmanship that you can taste. Order your sugar free snow cone syrup from a brand you can rely upon for quality. Trust the flavor experts in the desert!
Bullet Point 4: Hypothermias sugar free shaved ice syrup is packaged in a recyclable BPA-free plastic bottle. You can enjoy a sugar free dessert that's environmentally conscious!
Bullet Point 5: Unleash the versatility of our sugar free flavoring syrup. Whether in your morning coffee, refreshing tea, bubbly sodas, plain water, craft cocktails or mocktails, this sugar free flavoring is your key to a world of delightful flavors. Not just for frozen treats, it's also perfect for enhancing your baked goods.
Product Description: Upgrade your flavor experience today with Hypothermias syrup, a sugar free flavor enhancer that will transform your beverage of choice into a delicious guilt-free treat. Transform ice into a sugar free snack, boost your morning coffee or tea, craft the perfect cocktail without all the sugar or amplify your water with a sugar free flavor twist. Refine every moment with the unparalleled taste of Hypothermias sugar-free syrup flavors. Savor the sweetness of life guilt-free. Ofrecemos opciones sin azúcar para aquellos que buscan una delicia más saludable. Nuestros jarabes sin azúcar están elaborados con fruta del monje orgánica y eritritol orgánico. Jarabes de Hypothermias. Son los mejores.
Value: 16.0
Unit: Fl Oz
",https://m.media-amazon.com/images/I/61iQk9DsmkL.jpg,12.95,"Hypothermias Sugar Free Syrup for Snow Cone, Shaved Ice, Drinks - Pint (16 fl oz) - Made with Organic Monk Fruit and Non-GMO Organic Erythritol - BPA-Free Plastic Bottle (Butterscotch)",16.0,Fl Oz,$10-20,Hypothermias Sugar,Food & Beverage,0.809375,False,,True,False,False,False,False,False,False,False,1.0,False,184.0,30.0,True,Economy ($10-$20),True,2560,2560,RGB,2560,2560,1.0,6553600,233.0786116027832,231.9693017578125,232.77951202392578,232.6091417948405,52.03144250362224
295988,"Item Name: Healthwise Low Acid Decaffeinated Ground Coffee, Chemical-Free Swiss Water Process, 99.9% Caffeine Free, 100% Colombian - Medium Roast, Healthier Coffee for Sensitive Stomachs 12 Ounce (Pack of 1) (1)
Bullet Point 1: COFFEE FOR SENSITIVE STOMACHS - Coffee helps boost our energy levels and our performance but it can be harmful due to the high acid levels in normal coffee. Not good for people with acid reflux, heartburn, GERD, or other gastrointestinal issues! HealthWise’s low acid coffee fulfills your need for coffee without irritating your stomach.
Bullet Point 2: HEALTHIER AND BETTER - Our ground coffee goes through a process that reduces the acidity levels of the coffee beans called TechnoRoasting. It’s the same coffee that you love to drink in the morning but with less of a bitter taste while retaining the full flavor of the coffee.
Bullet Point 3: A CUP OF COFFEE MAKES FOR A BETTER DAY - Some would say that coffee is the ultimate fixer-upper. It can energize you through a particularly busy workday, it can fuel your all-nighters, all in all, coffee is just an amazing drink and our low acid coffee grounds are here for you to enjoy for any occasion.
Bullet Point 4: STOCK UP ON HEALTHY COLOMBIAN COFFEE - One of the worst ways to wake up in the morning is opening your cupboard only to find out that you’re out of coffee. But don’t worry! Our low acid coffee is available in 5, 9, and 12 packs of 12 ounce Colombian ground coffee. All are available in decaf.
Bullet Point 5: FROM COLOMBIA TO YOUR KITCHEN - Only the highest grade of Arabica beans are chosen directly from the Colombian coffee region, also known as the Coffee Triangle. We use 100% Colombian Supremo beans which are bigger and have more of a nutty flavor.
Bullet Point 6: This coffee is 99.9% caffeine free.
Value: 12.0
Unit: Ounce
",https://m.media-amazon.com/images/I/714Q0Qb3Q5L.jpg,18.0,"Healthwise Low Acid Decaffeinated Ground Coffee, Chemical-Free Swiss Water Process, 99.9% Caffeine Free, 100% Colombian - Medium Roast, Healthier Coffee for Sensitive Stomachs 12 Ounce (Pack of 1) (1)",12.0,Ounce,$10-20,Healthwise Low,Food & Beverage,1.5,True,1.0,False,False,False,False,False,False,False,False,6.0,True,200.0,29.0,True,Economy ($10-$20),True,2000,2000,RGB,2000,2000,1.0,4000000,183.136158,179.60036025,179.79451,180.84367608333332,94.39537494187103
140292,"Item Name: Food to Live Organic Arborio Rice, 2 Pounds - Non-GMO, Short-Grain White Rice Variety, Superfino, Vegan, Kosher, Bulk. Creamy Texture. Good Source of Protein. Perfect for Risotto.
Bullet Point 1: ✔️Fat Free, Saturated Fat Free, Cholesterol Free, Sodium Free, Sugar Free
Bullet Point 2: ✔️USDA Organic, Gluten free, Non-GMO, a vegan and kosher product
Bullet Point 3: ✔️It is well suited for rice recipes that create a creamy, chewy texture
Bullet Point 4: ✔️An exotic choice when a fluffy, drier texture and an exotic aroma is desired
Value: 32.0
Unit: Ounce
",https://m.media-amazon.com/images/I/71fZkxivI6L.jpg,15.0,"Food to Live Organic Arborio Rice, 2 Pounds - Non-GMO, Short-Grain White Rice Variety, Superfino, Vegan, Kosher, Bulk. Creamy Texture. Good Source of Protein. Perfect for Risotto.",32.0,Ounce,$10-20,Food to,Food & Beverage,0.46875,False,,True,False,False,False,True,False,False,False,1.0,False,179.0,27.0,True,Economy ($10-$20),True,1119,1500,RGB,1119,1500,0.746,1678500,195.04464641048554,202.16161870717903,177.23938397378612,191.48188303048357,62.41612347073718
181870,"Item Name: Original Juan Specialty Foods Kettlewood Cherrywood Smoke & Chocolate Barbeque Sauce, 15 Ounce (Pack Of 1)
Bullet Point 1: Elegant wooden label perfect as a gift
Bullet Point 2: Free from Gluten, HFCS, GMO, Artificial Flavors & Colors
Bullet Point 3: Best used on chicken, turkey, fish & ham
Value: 15.0
Unit: oz
",https://m.media-amazon.com/images/I/51werWAg9eL.jpg,18.95,"Original Juan Specialty Foods Kettlewood Cherrywood Smoke & Chocolate Barbeque Sauce, 15 Ounce (Pack Of 1)",15.0,oz,$10-20,Original Juan,Food & Beverage,1.2633333333333332,True,1.0,False,False,False,False,False,False,False,False,2.0,False,106.0,16.0,True,Economy ($10-$20),True,1000,984,RGB,1000,984,1.016260162601626,984000,224.1369837398374,217.91227845528456,216.94709349593495,219.66545189701898,70.40847819560891
252553,"Item Name: Bostitch Ergonomic 20 Sheet Desktop Stapler, Black
Bullet Point: Bostitch Ergonomic Desktop Stapler, Black (02257)
Value: 20.0
Unit: Count
",https://m.media-amazon.com/images/I/61BdZgld7sL.jpg,12.31,"Bostitch Ergonomic 20 Sheet Desktop Stapler, Black",20.0,Count,$10-20,Bostitch Ergonomic,Other,0.6155,False,,False,False,False,False,False,False,False,False,1.0,False,50.0,7.0,True,Economy ($10-$20),True,1300,1300,RGB,1300,1300,1.0,1690000,206.99699053254437,207.19281124260354,207.38158224852071,207.19046134122289,83.77345817086403
277679,"Item Name: Stash Tea Peach Black Tea, 6 Boxes With 20 Tea Bags Each (120 Tea Bags Total)
Bullet Point 1: Peach Black Tea: Black teas are blended with the natural flavor of fresh, ripe peaches to deliver a unique cup of tea with fragrant aroma and a delicately sweet, juicy taste; Great hot or iced
Bullet Point 2: Incomparable Quality: From herbal, black, and green to white, or oolong, our premium tea bags are packaged in stay fresh foil wrappers to deliver a high quality cup , from morning chai to bedtime chamomile
Bullet Point 3: Find Your Flavor: With over 150 teas to choose from including loose leaf, iced tea, green tea, black tea, chai, herbal teas and more, you're sure to find your next favorite with Stash
Bullet Point 4: Proud To Be A B Corp: We believe diversity and boldness should be in our community and society, as well as in our cup; As a certified B Corp we act in the best interests of our people, partners, and planet
Bullet Point 5: Stash Tea: Brought to life in 1972 by 2 Portland hippies, we believe that tea is an opportunity to excite the senses and surprise your taste buds with a diverse range of bold flavors
Value: 120.0
Unit: Count
",https://m.media-amazon.com/images/I/71xmqN4BmwL.jpg,17.785,"Stash Tea Peach Black Tea, 6 Boxes With 20 Tea Bags Each (120 Tea Bags Total)",120.0,Count,$10-20,Stash Tea,Food & Beverage,0.1482083333333333,False,,False,False,False,False,False,False,False,False,3.0,False,77.0,16.0,True,Economy ($10-$20),True,1500,1500,RGB,1500,1500,1.0,2250000,187.480132,164.85136,158.183256,170.17158266666667,101.54753606571717
249345,"Item Name: Food to Live Oat Bran, 8 Ounces – A Nutritional Powerhouse High Fiber Hot Cereal, Milled from High Protein Oats. Raw, Unprocessed, Vegan, Kosher, Bulk. Good for Dukan Diet
Bullet Point 1: ✔️ PREMIUM QUALITY, 100% RAW, KOSHER & VEGAN: Oat Bran by Food to Live is of Premium Quality, 100% Raw, Kosher, Vegan, and free of cholesterol and trans-fat.
Bullet Point 2: ✔️ HIGHLY NUTRITIOUS, RICH IN FIBER: Oat Bran is a nutrient-dense product, packed with dietary fiber, protein, antioxidants, Vitamin B6, Iron, Magnesium, Zinc, Phosphorus, Riboflavin, Potassium, Thiamin, and Niacin.
Bullet Point 3: ✔️ PERFECT BREAKFAST PORRIDGE, DUKAN DIET FRIENDLY: This grain makes an excellent alternative to classic oatmeal and goes well with peanut butter, honey, fruits, nuts, or something savory. Besides, it’s a perfect base for many Dukan diet recipes.
Bullet Point 4: ✔️ VERSATILE INGREDIENT: Add raw Oat Bran to yogurt, smoothies, protein shakes, use it as a crunchy coating when baking or frying meats, veggies, and fish, or use Oat Bran to make pancakes, bread, cookies, muffins, granola bars, and more.
Bullet Point 5: ✔️ AVAILABLE IN BULK, HANDY PACKAGING: Get Food to Live’s Oat Bran bulk packs and pay less per unit. Our Oat Bran is a great pantry staple that can be stored long-term (up to 1.5 years).
Product Description: Enrich your usual recipes with nutrient-packed Oat Bran by Food to Live. Oat Bran is simply the outer hull that covers the oat grain. Our Oat Bran is a Premium Quality, Kosher, 100% Raw product that is suitable for Vegan, Vegetarian, and Dukan diets. Oat Bran Benefits and Nutritional Profile Rich Oat Bran Nutrition Profile makes it a perfect staple for almost any meal plan. You may wonder what’s the difference between Oat Bran vs Oatmeal. The former is a slightly more concentrated source of protein and dietary fiber, being a great ingredient for those who follow a plant-based diet. Further, Oat Bran is a bit lower in carbs and calories. Similar to Oatmeal, Oat Bran is loaded with Vitamin B6, Magnesium, Iron, Phosphorus, Zinc, Riboflavin, Potassium, Niacin, and Thiamin. What’s more, Oat Bran is an excellent ingredient for the famous Dukan diet. How to eat Oat Bran? When cooked, Oat Bran boasts a pleasant somewhat sweet and nutty flavor and soft texture. Oat Bran Cereal makes a wonderful alternative to granola or regular oatmeal. It goes well with dried or fresh fruit, honey, nuts, or something savory like tuna and feta cheese. Besides, you can add raw Oat Bran to yogurt, smoothies, and salads. Among popular Oat Bran recipes, you can make Oat Bran muffins, pancakes, cookies, cakes, and Dukan diet-friendly Oat Bran bread. Moreover, this grain can be used to make a crunchy coating when frying meats, fish, or veggies. At Food to Live, you can get Oat Bran bulk packs and pay less per unit. Storage Tips Store Oat Bran in a tightly-sealed glass or plastic container in a cool dry place away from odorous foods and materials.
Value: 8.0
Unit: Ounce
",https://m.media-amazon.com/images/I/811tuoN49sL.jpg,11.32,"Food to Live Oat Bran, 8 Ounces – A Nutritional Powerhouse High Fiber Hot Cereal, Milled from High Protein Oats. Raw, Unprocessed, Vegan, Kosher, Bulk. Good for Dukan Diet",8.0,Ounce,$10-20,Food to,Food & Beverage,1.415,False,,False,False,False,False,True,False,False,False,1.0,False,171.0,29.0,True,Economy ($10-$20),True,1721,2306,RGB,1721,2306,0.746313963573287,3968626,194.3544148528987,198.96492388045635,172.19569669704325,188.50501181013277,61.14037460249365
49676,"Item Name: Mizkan Ginger Flavored Dressing 250mL
Bullet Point: Mizkan Ginger Flavored Dressing 250mL
Value: 1.0
Unit: Count
",https://m.media-amazon.com/images/I/71GHDbNYCPL.jpg,14.49,Mizkan Ginger Flavored Dressing 250mL,1.0,Count,$10-20,Mizkan Ginger,Other,14.49,False,,False,False,False,False,False,False,False,False,1.0,False,37.0,5.0,True,Economy ($10-$20),True,2560,2560,RGB,2560,2560,1.0,6553600,231.35492630004882,232.60722229003906,229.5897445678711,231.18396438598631,61.06827644239394
11077,"Item Name: Mt. Comfort Coffee El Salvador Medium Roast, 2.5lb - Flavor Notes of Honey, Tangerine, & Chocolate - Sourced From Local, El Salvadorian Coffee Farms - Roasted Whole Bean
Bullet Point 1: Elevate Your Daily Ritual: Begin each morning with Mt. Comfort Coffee El Salvador Medium Roast, meticulously crafted to elevate your coffee experience. Its smooth, delicate profile and exceptional balance make it the perfect choice for your everyday cup.
Bullet Point 2: Rich, Flavorful Delight: Immerse yourself in the richness of our medium roast, offering a full-bodied flavor that is both robust and satisfying. Discover a symphony of flavors with hints of honey, vibrant tangerine, and indulgent chocolate, creating a coffee experience that delights the senses.
Bullet Point 3: Versatile Enjoyment Any Way You Like: Whether you prefer it hot, cold, or over ice, our El Salvador Medium Roast delivers versatility in every cup. Embrace the flexibility to enjoy your coffee just the way you want, ensuring each sip is as refreshing as the last.
Bullet Point 4: Freshness Sealed: Our commitment to quality extends to our packaging. Each bag features a resealable design that locks in freshness and preserves the intricate flavors of our beans. Enjoy consistently exceptional coffee with every brew.
Bullet Point 5: Origin Excellence: Grown in the high-altitude regions of Apaneca, El Salvador, our beans benefit from the perfect combination of altitude and climate, resulting in a coffee that is perfectly balanced and simply delicious. Treat yourself to the essence of exceptional coffee with Mt. Comfort Coffee El Salvador Medium Roast.
Product Description: Mt. Comfort Coffee El Salvador Medium Roast is the perfect everyday coffee. This coffee is smooth, delicate, and exceptionally well-balanced. Our coffee is also full-bodied, richly flavorful, and aromatic. When drinking this coffee you will taste notes of Honey, Tangerine, & Chocolate for a unique flavor experience. Enjoy this coffee cold or iced. This bag of beans comes equipped with a resealable design for maximum flavor retention and freshness. Our El Salvador Medium Roast beans begin their journey in Apaneca, El Salvador. The coffee is grown in batches at high elevations. This high elevation in a mixed with the climate makes the perfect coffee. The result is perfectly balanced, delicious coffee. This bag comes in a 12 oz variety as well as a 2.5 pounds variety. This coffee is balanced & aromatic. The El Salvador Medium Roast bound to give you a coffee experience unlike any other.
Value: 40.0
Unit: Ounce
",https://m.media-amazon.com/images/I/716z8JF4uXL.jpg,15.99,"Mt. Comfort Coffee El Salvador Medium Roast, 2.5lb - Flavor Notes of Honey, Tangerine, & Chocolate - Sourced From Local, El Salvadorian Coffee Farms - Roasted Whole Bean",40.0,Ounce,$10-20,Mt. Comfort,Food & Beverage,0.39975,False,,False,False,False,False,False,False,False,False,2.0,False,169.0,28.0,True,Economy ($10-$20),True,2000,2000,RGB,2000,2000,1.0,4000000,229.870346,230.27086025,228.43948025,229.5268955,44.1777856767261
96458,"Item Name: TRESemmé Conditioner, Anti-Breakage, 28 oz
Bullet Point 1: Lightweight, hair strengthening detangling conditioner that targets the most damaged areas to reduce breakage by 80 percent when used with TRESemme Anti-Breakage shampoo (vs. non-conditioning shampoo)
Bullet Point 2: Deep conditioner for color treated hair, with gelatin and Vitamin B12, helps restore and revitalize your hair
Bullet Point 3: TRESemme Anti-Breakage hair conditioner detangles distressed hair, leaving strands more manageable and silky-smooth
Bullet Point 4: TRESemme Anti-Breakage Conditioner is a gentle hair treatment for damaged hair, and is light enough for daily use
Bullet Point 5: Professional salon-quality moisturizing conditioner at an affordable price
Bullet Point 6: For best results with this deep hair conditioner, start with TRESemme Anti-Breakage Shampoo and style as usual!
Value: 28.0
Unit: Ounce
",https://m.media-amazon.com/images/I/71bJZuP6qaL.jpg,14.525,"TRESemmé Conditioner, Anti-Breakage, 28 oz",28.0,Ounce,$10-20,TRESemmé Conditioner,Other,0.51875,False,,False,False,False,False,False,False,False,False,1.0,False,42.0,5.0,True,Economy ($10-$20),True,2560,2560,RGB,2560,2560,1.0,6553600,241.25828155517578,242.56815307617188,242.2973776245117,242.04127075195314,46.85523283093067
77243,"Item Name: Al Dente Garlic Parsley Fettuccine, 12-Ounce Bag (Pack of 2)
Value: 24.0
Unit: Fl Oz
",https://m.media-amazon.com/images/I/61RiQPjYEvL.jpg,11.99,"Al Dente Garlic Parsley Fettuccine, 12-Ounce Bag (Pack of 2)",24.0,Fl Oz,$10-20,Al Dente,Other,0.4995833333333333,True,2.0,False,False,False,False,False,False,False,False,2.0,False,60.0,10.0,True,Economy ($10-$20),True,1000,1000,RGB,1000,1000,1.0,1000000,234.225587,231.14903,220.418215,228.59761066666667,50.328234880211646
161138,"Item Name: Durkee Steak Seasoning - 26 oz. container, 6 per case
Value: 6.0
Unit: Count
",https://m.media-amazon.com/images/I/718BTh-D5bL.jpg,13.46,"Durkee Steak Seasoning - 26 oz. container, 6 per case",6.0,Count,$10-20,Durkee Steak,Food & Beverage,2.2433333333333336,False,,False,False,False,False,False,False,False,False,2.0,False,53.0,10.0,True,Economy ($10-$20),True,900,1830,RGB,900,1830,0.4918032786885246,1647000,189.64577595628415,183.79602550091076,162.84432058287797,178.76204068002428,89.01161977802536
273951,"Item Name: Lillie's Q Hot Smoky Barbecue Sauce, 16 Oz (Pack of 6)
Bullet Point 1: Best warn your yungins. This Memphis style fire starter is sweet up front, but finishes with plenty of heat. A touch of brown sugar makes HOT SMOKY perfect for your slow cooked ribs and tri tip beef. Each of the Lillies Q sauces and rubs pays homage to th Vegan, Wheat Free, Dairy Free
Bullet Point 2: The package Weight of the product is: 12pounds
Bullet Point 3: Ingredients: 'Ketchup (Red Ripe Tomatoes, Distilled Vinegar, Sugar, Salt, Onion Powder, Spices, And Natural Flavoring), Brown Sugar, Cider Vinegar, Filtered Water, Mustard (Distilled Vinegar Water, Mustard Seed, Salt, Turmeric, Paprika, Spice, Garlic Powder), Natural Smoke Flavor, Contains Less Than 2% Of Spices, Apple Juice Concentrate Salt, Lime Juice Concentrate, Worcestershire Sauce (Distilled Vinegar, Molasses, Corn Syrup Water, Salt, Caramel Color, Garlic Powder, Sugar, Spices, Tamarind, Natural Flavor), Garlic And Onion Powder.'
Bullet Point 4: Package Weight: 12.0 pounds
Value: 96.0
Unit: Fl Oz
",https://m.media-amazon.com/images/I/71NmbXJNahL.jpg,12.78,"Lillie's Q Hot Smoky Barbecue Sauce, 16 Oz (Pack of 6)",96.0,Fl Oz,$10-20,Lillie's Q,Food & Beverage,0.133125,True,6.0,False,False,False,False,False,False,False,False,2.0,False,54.0,11.0,True,Economy ($10-$20),True,1500,1500,RGB,1500,1500,1.0,2250000,220.29101955555555,211.69752755555555,209.93910666666667,213.9758845925926,76.63778195344265
243437,"Item Name: Chilitos Sweet, Sour & Spicy Chamoy Candy - Mexican Gummy Candy & Chamoy Gushers for All Ages, Authentic Dulces Mexicanos Enchilados as Seen on TikTok! (8 oz Jar, Gusher Balls Jar)
Bullet Point 1: Chamoy Infused and Chili Coated: Chilitos is not your average chili candy. All our candies are infused with our classic tamarindo chamoy recipe and coated with our proprietary blend of chili peppers, tajin, fruit powders & other Mexican spices.
Bullet Point 2: Experience Candy with Unmatched Flavor: Chilitos candy is guaranteed to deliver an explosion of flavor unlike any other! Sweet, sour, spicy & made with quality ingredients in small batches to ensure a consistent flavor every time.
Bullet Point 3: Our Dulces enchilados, also known as Mexican Candy are covered by our expertly crafted chamoy sauce made from fruit pulp, fresh chiles and delicious condiments to create a rich and authentic flavor, as seen on tiktok
Bullet Point 4: Chilitos Chamoy Sauce is sweet, sour and spicy all at the same time! These mouthwatering flavor gummies with chamoy are as delicious as they are tangy, it will leave your taste buds tingling
Bullet Point 5: Spicy level = Mild. The right amount of spicy for everyone to enjoy, try them now and indulge in the delicious flavor!
Product Description: <p><strong>Tangy and sour, sweet and spicy chamoy candy! </strong></p> <p><strong>Chilitos &trade; Chamoy</strong> is expertly crafted&nbsp;from fruit pulp, fresh chiles and&nbsp;delicious condiments to create a rich and authentic Mexican candy flavor. Our chamoy sauce delivers an exciting and bold flavor for spicy & sour candy lovers! Our powder combines 4 different chiles, grounded fruit powders & other mexican spices for the ultimate chamoy candy experience. Our chamoy gushers & other sour gummies are the perfect mexican snack for your next hangout!</p> <p>Clasico&nbsp;- A base of tamarind plus other authentic Mexican flavors &amp; spices.&nbsp;<strong>Spicy level = Mild</strong></p>
Value: 8.0
Unit: Ounce
",https://m.media-amazon.com/images/I/71OUGQDxq7L.jpg,13.99,"Chilitos Sweet, Sour & Spicy Chamoy Candy - Mexican Gummy Candy & Chamoy Gushers for All Ages, Authentic Dulces Mexicanos Enchilados as Seen on TikTok! (8 oz Jar, Gusher Balls Jar)",8.0,Ounce,$10-20,Chilitos Sweet,Food & Beverage,1.74875,False,,False,False,False,False,False,False,False,False,1.0,False,180.0,31.0,True,Economy ($10-$20),True,1000,1000,RGB,1000,1000,1.0,1000000,169.482969,36.211689,27.890257,77.86163833333333,83.24431022227603
227859,"Item Name: Cowbell Chocolate (450g Net(Sachet)
Bullet Point 1: Flavored Instant Milk Drink Powder
Bullet Point 2: Delicious flavoured milk.
Bullet Point 3: Hot or cold water.
Product Description: Cowbell Chocolate
Value: 15.8733
Unit: Ounce
",https://m.media-amazon.com/images/I/71go+ol1feL.jpg,16.7,Cowbell Chocolate (450g Net(Sachet),15.8733,Ounce,$10-20,Cowbell Chocolate,Food & Beverage,1.0520811677470971,False,,False,False,False,False,False,False,False,False,1.0,False,35.0,4.0,True,Economy ($10-$20),True,2560,2133,RGB,2560,2133,1.2001875293014534,5460480,206.2067534355954,179.63890555409048,172.04488158550163,185.96351352506252,94.00996970220788
182265,"Item Name: Calbee Shrimp Flavored Chips 4 ounces Bag (2 Pack)
Value: 4.0
Unit: Ounce
",https://m.media-amazon.com/images/I/61yJqDD4oDL.jpg,14.99,Calbee Shrimp Flavored Chips 4 ounces Bag (2 Pack),4.0,Ounce,$10-20,Calbee Shrimp,Food & Beverage,3.7475,True,2.0,False,False,False,False,False,False,False,False,2.0,False,50.0,9.0,True,Economy ($10-$20),True,689,1000,RGB,689,1000,0.689,689000,221.48741799709725,159.64972423802612,122.48477648766328,167.87397290759554,83.88880081901104
248050,"Item Name: Tru Fru Hyper-Dried Real Strawberries in White and Dark Chocolate (16 oz.)
Value: 16.0
Unit: Ounce
",https://m.media-amazon.com/images/I/610AN2bCaEL.jpg,11.675,Tru Fru Hyper-Dried Real Strawberries in White and Dark Chocolate (16 oz.),16.0,Ounce,$10-20,Tru Fru,Food & Beverage,0.7296875,False,,False,False,False,False,False,False,False,False,1.0,False,74.0,12.0,True,Economy ($10-$20),True,859,1019,RGB,859,1019,0.8429833169774289,875321,199.25845147094608,122.51284842931908,123.67671402833932,148.48267130953482,92.85111430565065
120340,"Item Name: OTTOGI Jin Jjamppong, Korean Style Spicy Seafood Ramen Instant Noodle, 4.58oz x 8 Pack
Bullet Point 1: Asian Style Noodle Ramen - The most popular product of Korean instant noodle. The best gourmet Korean Noodle, with a Spicy seafood base. Otherwise known as Jjambbong in Korea, this traditional korean ramen has a Smoky seafood taste.
Bullet Point 2: Number One consumer's satisfaction ramen: Ottogi ramen have the number 1 consumer's satisfaction reviews in Korea. Ottogi America with the exclusive knowledge and experience of Korean foods. The top priority is serving America with a diversity of Traditional High quality Korean food products. Ottogi brand which have been proven their #1 marketability and popularity from many other countries in Asian and Eastern Europe.
Bullet Point 3: Jin Jjambbong Spicy Seafood Noodle: Best Selling Spicy Seafood Noodle - Korean Premium style stir-fried chubby, thick noodle with Rich, Smoky, and spicy flavored seafood soup broth.
Bullet Point 4: Easy to make and ready to eat in minutes
Product Description: Ottogi America, Inc. was established in Los Angeles, California in May 2005 and has grown rapidly in US market with the exclusive knowledge and experience of Korean foods. The top priority of our mission is serving America with a diversity of high qualified Korean food products, such as Ottogi brands which have been proven their #1 marketability and popularity from many other countries in Asia and Eastern Europe. As the sole distributor of Ottogi Co. Ltd. in America, we continuously bring the last 50 years of Korean food history along with our mission into US and Canadian markets.
Value: 36.64
Unit: Ounce
",https://m.media-amazon.com/images/I/912Rb4NlpuL.jpg,14.12,"OTTOGI Jin Jjamppong, Korean Style Spicy Seafood Ramen Instant Noodle, 4.58oz x 8 Pack",36.64,Ounce,$10-20,OTTOGI Jin,Food & Beverage,0.3853711790393013,True,8.0,False,False,False,False,False,False,False,False,3.0,False,86.0,14.0,True,Economy ($10-$20),True,2560,2219,RGB,2560,2219,1.1536728255971158,5680640,212.94230421220144,189.0901076287179,136.20716468566923,179.41319217552953,91.42951206930994
265495,"Item Name: King Arthur Flour, Whole Wheat Flour, 2 lb
Bullet Point 1: The package length of the product is 6.3 inches
Bullet Point 2: The package width of the product is 4.2 inches
Bullet Point 3: The package height of the product is 2.7 inches
Bullet Point 4: The package weight of the product is 2 pounds
Value: 32.0
Unit: Ounce
",https://m.media-amazon.com/images/I/81m3QfyShRL.jpg,17.99,"King Arthur Flour, Whole Wheat Flour, 2 lb",32.0,Ounce,$10-20,King Arthur,Other,0.5621875,False,,False,False,False,False,False,False,False,False,1.0,False,42.0,8.0,True,Economy ($10-$20),True,2400,2400,RGB,2400,2400,1.0,5760000,217.44796527777777,190.8162482638889,180.4624829861111,196.24223217592592,79.35855535373742
8079,"Item Name: The Sausage Maker - Dried Sausage Sticks Seasoning, 6.5 oz.
Bullet Point 1: This seasoning strikes the perfect balance of flavor brought by it's contents and by allowing the meat to come through also
Bullet Point 2: Fermento can be added for a more tangy flavor
Bullet Point 3: Uses Insta Cure No. 1 and stuffed into 19 mm collagen casings (Insta Cure No. 1 and casings sold separately)
Bullet Point 4: Makes 10 lbs.
Bullet Point 5: Contains Fermento (Milk Product)
Product Description: A long time favorite of very many of our return customers. Has a mild flavor that doesn't choke you with some ""secret"" spice that 9 out of 10 times is more pepper. This seasoning strikes the perfect balance of flavor brought by it's contents and by allowing the meat to come through also. Fermento can be added for a more tangy flavor. Uses Insta Cure No. 1 and stuffed into 19 mm collagen casings (Insta Cure No. 1 and casings sold separately) Makes 10 lbs. Recipe on package. Contains Fermento (Milk Product).
Value: 1.0
Unit: Count
",https://m.media-amazon.com/images/I/51EllTSrKLL.jpg,10.99,"The Sausage Maker - Dried Sausage Sticks Seasoning, 6.5 oz.",1.0,Count,$10-20,The Sausage,Other,10.99,False,,False,False,False,False,False,False,False,False,2.0,False,59.0,10.0,True,Economy ($10-$20),True,1000,1000,RGB,1000,1000,1.0,1000000,179.907907,191.097576,196.818877,189.27478666666667,94.07058399390581
251530,"Item Name: Just For Men AutoStop Men's Hair Color, Darkest Brown
Bullet Point 1: Easy Target Brush-In Applicator
Bullet Point 2: Shuts off automatically, so it can't go too dark
Bullet Point 3: Gentle no peroxide and no ammonia formula makes it the gentle hair color
Bullet Point 4: No mix, No Mess
Bullet Point 5: Lasts up to 8 weeks, or until your gray grows back (Packaging May Vary)
Value: 1.0
Unit: Count
",https://m.media-amazon.com/images/I/71tNoSABlpL.jpg,12.49,"Just For Men AutoStop Men's Hair Color, Darkest Brown",1.0,Count,$10-20,Just For,Beauty & Personal Care,12.49,False,,False,False,False,False,False,False,False,False,0.0,False,53.0,9.0,True,Economy ($10-$20),True,1200,1200,RGB,1200,1200,1.0,1440000,208.48066527777777,197.36202013888888,194.20205,200.01491180555556,78.50380478570769
251403,"Item Name: BeanFruit Coffee ""Crimson Stamp Signature Blend"" Medium Roasted Whole Bean Coffee - 12 Ounce Bag
Product Description: Crimson Stamp Coffee is our mainstay blend. Components vary seasonally, but is a consistent crowd pleaser. We developed this blend to be sweet, balanced & lively. Looking for the perfect coffee to be enjoyed with friends & family all day long? BeanFruit Coffee's Crimson Stamp Blend is for you.
Value: 12.0
Unit: Ounce
",https://m.media-amazon.com/images/I/31GUs6GxcxL.jpg,12.99,"BeanFruit Coffee ""Crimson Stamp Signature Blend"" Medium Roasted Whole Bean Coffee - 12 Ounce Bag",12.0,Ounce,$10-20,BeanFruit Coffee,Food & Beverage,1.0825,False,,False,False,False,False,False,False,False,False,1.0,False,96.0,15.0,True,Economy ($10-$20),True,210,350,RGB,210,350,0.6,73500,131.0714829931973,156.62428571428572,180.0902448979592,155.92867120181407,83.40152366892218
238871,"Item Name: Best Botanicals Organic Blue Vervain Herb Extract 1 oz.
Product Description: Best Botanicals Organic Blue Vervain Herb Extract 1 oz
Value: 1.0
Unit: Fl Oz
",https://m.media-amazon.com/images/I/81-Q2PHxU6L.jpg,10.0,Best Botanicals Organic Blue Vervain Herb Extract 1 oz.,1.0,Fl Oz,$5-10,Best Botanicals,Health & Wellness,10.0,False,,True,False,False,False,False,False,False,False,1.0,False,55.0,9.0,True,Economy ($10-$20),True,2560,2560,RGB,2560,2560,1.0,6553600,226.20479446411133,226.47874099731445,222.20848907470702,224.96400817871094,63.54510507815286
66620,"Item Name: Big Dot of Happiness Happy Grandparents Day - Candy Bar Wrapper Grandma and Grandpa Party Favors - Set of 24
Bullet Point 1: Happy Grandparents Day Standard Candy Bar Wrapper Kit INCLUDES 24 chocolate bar wrappers and 24 foils, perfect for styling an adorable grandparents candy buffet or unique grandma and grandpa party favors.
Bullet Point 2: Happy Grandparents Day candy bar wrappers MEASURE 5.25 inches wide x 6.25 inches high and will quickly add the Happy Grandparents Day theme to all your sweet treats. It is easy to wrap Hershey's standard sized candy bars with these grandparents paper wrappers and foils!
Bullet Point 3: EASY PARTY DECORATIONS: Decorated Happy Grandparents Day candy bars are an easy grandma and grandpa party favor to gift all your guests. Set a decorated candy bar at each place setting, package in small gift bags as a party favor or display in a pretty bowl at your candy buffet. Get creative with your DIY grandma and grandpa party decoration ideas!
Bullet Point 4: PREMIUM PARTY SUPPLIES: Happy Grandparents Day chocolate candy bar wrappers are professionally printed on premium grade paper with a photo-like shine. They are individually inspected and carefully packaged by hand with silver foil wraps. Follow the included instructions to quickly wrap a foil around each chocolate candy bar and then add the printed paper wrapper, securing with tape.
Bullet Point 5: MADE IN THE USA: Happy Grandparents Day Candy Bar Wrapper Party Favors are designed and manufactured at our Wisconsin facility using materials that are Made in the USA. Please Note: Candy bars are not included but are available at your local grocery store. Candy bar wrappers will fit standard 1.55 oz chocolate bars.
Product Description: Our Happy Grandparents Day candy bar wrappers is an excellent choice for a great grandma and grandpa party favor - who doesn’t love chocolate?! These wrappers are sold in sets of 24 and printed on premium-grade paper with a photo-like shine that’s made in the USA. Each one comes with a special message on the front and cute “nutrition facts” on the back. Your guest won’t be able to stop themselves from smiling! They are designed specifically for Hershey’s 1.55-ounce candy bars and include the foil wrapper too. Our candy bar wrappers are easy to make, impressive to give and delicious to eat!
Value: 24.0
Unit: Count
",https://m.media-amazon.com/images/I/71pqpG9YB-L.jpg,17.99,Big Dot of Happiness Happy Grandparents Day - Candy Bar Wrapper Grandma and Grandpa Party Favors - Set of 24,24.0,Count,$10-20,Big Dot,Food & Beverage,0.7495833333333333,False,,False,False,False,False,False,False,False,False,1.0,False,108.0,20.0,True,Economy ($10-$20),True,2000,2000,RGB,2000,2000,1.0,4000000,224.133309,224.33267925,222.85202325,223.7726705,61.291786128309475
99211,"Item Name: New 361887 Hormel Spam 12 Oz (8-Pack) Can Food Cheap Wholesale Discount Bulk Food Can Food Home Office
Value: 8.0
Unit: Count
",https://m.media-amazon.com/images/I/811rSENrE9L.jpg,23.88,New 361887 Hormel Spam 12 Oz (8-Pack) Can Food Cheap Wholesale Discount Bulk Food Can Food Home Office,8.0,Count,$20-30,New 361887,Food & Beverage,2.985,False,,False,False,False,False,True,False,False,False,3.0,False,102.0,18.0,True,Mid-Range ($20-$50),True,1800,2055,RGB,1800,2055,0.8759124087591241,3699000,155.97631251689646,154.65038577994054,140.0844449851311,150.23704776065603,87.36834838116201
131344,"Item Name: True Lemon Wildberry Lemonade, 10 count - 3 pack
Value: 1.06
Unit: Ounce
",https://m.media-amazon.com/images/I/71KA1mbvRlL.jpg,23.61,"True Lemon Wildberry Lemonade, 10 count - 3 pack",1.06,Ounce,$20-30,True Lemon,Other,22.27358490566037,True,3.0,False,False,False,False,False,False,False,False,2.0,False,48.0,9.0,True,Mid-Range ($20-$50),True,2200,2200,RGB,2200,2200,1.0,4840000,239.843973553719,220.1050338842975,206.35714194214876,222.10204979338843,59.807137452951665
267997,"Item Name: Nuun Active Hydration Tablets: Tri Berry Box of 8 Tubes
Bullet Point 1: Calories: [per serving] 10
Bullet Point 2: Servings Per Container: [per tube] 10
Bullet Point 3: Recommended Use: recovery
Bullet Point 4: Manufacturer Warranty: limited
Product Description: Ditch the sweet, over-sugared sports drink from the gas station in favor of one tab from the 8-pack of Nuun Electrolytes on your kitchen counter. Coming in a package of eight separate tubes, each of which have 10 tabs, the Nuun Electrolytes drink mix is packed with, well, electrolytes, light flavor, clean ingredients, and portable convenience. Just toss one tab in your 16oz water bottle and mix it before hitting the gym to help alleviate cramps, improve muscle function, and burn energy efficiently without putting any of that sugary junk in your body when you're working out.
Value: 8.0
Unit: Count
",https://m.media-amazon.com/images/I/51tu5u74oTL.jpg,34.99,Nuun Active Hydration Tablets: Tri Berry Box of 8 Tubes,8.0,Count,$30-50,Nuun Active,Other,4.37375,False,,False,False,False,False,False,False,False,False,1.0,False,55.0,10.0,True,Mid-Range ($20-$50),True,1200,1200,RGB,1200,1200,1.0,1440000,225.28588541666667,235.0854138888889,241.41093333333333,233.92741087962963,49.15290939860408
5863,"Item Name: Executive Suite House Blend Coffee Pods for Keurig K-Cup Brewers, Box of 70 Pods
Bullet Point 1: Start your day with a tasty cup of medium-roast coffee to go. These Executive Suite house blend coffee pods produce a single serving that features notes of roasted nut and chocolate combined with 100% Arabica coffee.
Bullet Point 2: Take with you on the go when working in the office or anywhere else.
Bullet Point 3: 100% roasted and ground medium roast Arabica coffee offers flavors of roasted nut and chocolate with a sweet finish.
Bullet Point 4: Convenient K-Cup Pods make 1 cup of coffee at a time. Box of 70 pods helps make sure you have enough to share with family and guests.
Bullet Point 5: Designed for use with Keurig single-serve brewing systems.
Product Description: Start your day with a tasty cup of medium-roast coffee to go. These Executive Suite house blend coffee pods produce a single serving that features notes of roasted nut and chocolate combined with 100% Arabica coffee. Take with you on the go when working in the office or anywhere else. 100% roasted and ground medium roast Arabica coffee offers flavors of roasted nut and chocolate with a sweet finish. Convenient K-Cup Pods make 1 cup of coffee at a time. Box of 70 pods helps make sure you have enough to share with family and guests. Designed for use with Keurig single-serve brewing systems. Certified kosher.
Value: 21.9
Unit: Ounce
",https://m.media-amazon.com/images/I/71C+T5m82+L.jpg,30.97,"Executive Suite House Blend Coffee Pods for Keurig K-Cup Brewers, Box of 70 Pods",21.9,Ounce,$30-50,Executive Suite,Food & Beverage,1.4141552511415525,False,,False,False,False,False,False,False,False,False,1.0,False,80.0,14.0,True,Mid-Range ($20-$50),True,2000,2000,RGB,2000,2000,1.0,4000000,198.875061,194.608921,192.847805,195.443929,93.43757395739125
148968,"Item Name: Jake & Amos Pickled Eggs Variety 2-Pack- Economy Size 34 oz. Jars (Pickled & Red Beet)
Value: 68.0
Unit: Ounce
",https://m.media-amazon.com/images/I/710UnhTJXfL.jpg,31.99,Jake & Amos Pickled Eggs Variety 2-Pack- Economy Size 34 oz. Jars (Pickled & Red Beet),68.0,Ounce,$30-50,Jake &,Other,0.4704411764705882,False,,False,False,False,False,False,False,False,False,2.0,False,86.0,16.0,True,Mid-Range ($20-$50),True,1820,1130,RGB,1820,1130,1.6106194690265487,2056600,222.056152873675,202.96119128658952,193.3361008460566,206.11781500210705,72.01608200446273
176658,"Item Name: Ito En Matcha Love Green Tea, Sweetened, 5.2 Ounce (pack Of 20)
Bullet Point: Delicious beverage made with real match green tea
Value: 104.0
Unit: oz
",https://m.media-amazon.com/images/I/71gA+RKk-dL.jpg,21.22,"Ito En Matcha Love Green Tea, Sweetened, 5.2 Ounce (pack Of 20)",104.0,oz,$20-30,Ito En,Food & Beverage,0.2040384615384615,True,20.0,False,False,False,False,False,False,False,False,3.0,False,63.0,12.0,True,Mid-Range ($20-$50),True,1017,1795,RGB,1017,1795,0.5665738161559889,1825515,173.57071346989753,202.3828273117449,118.36232624766161,164.7719556764347,64.50823271576365
157659,"Item Name: Magic Seasoning Blends Salmon Magic,7.0-Ounce Containers (Pack of 6)
Bullet Point 1: These distinct flavors enhance the natural goodness of salmon or any type of fish, shellfish or seafood
Bullet Point 2: Magic Seasonings are versatile in their application and pack incredible depth of flavor
Bullet Point 3: All natural, contains no MSG or preservatives and is Kosher approved
Bullet Point 4: Don’t forget to do a search for Chef Paul Prudhomme’s renown cookbooks and discover the distinctive cuisine of his native Louisiana
Value: 42.0
Unit: Ounce
",https://m.media-amazon.com/images/I/91T4Yd4-BuL.jpg,25.845,"Magic Seasoning Blends Salmon Magic,7.0-Ounce Containers (Pack of 6)",42.0,Ounce,$20-30,Magic Seasoning,Other,0.6153571428571428,True,6.0,False,False,False,False,False,False,False,False,3.0,False,68.0,9.0,True,Mid-Range ($20-$50),True,1459,2560,RGB,1459,2560,0.569921875,3735040,169.5206294979438,148.34903401302262,133.91901666381082,150.59622672492574,70.3308095073257
236614,"Item Name: CHIPS AHOY! Cookies Variety Pack, Original Chocolate Chip, Chewy Chocolate Chip with Reese's Peanut Butter Cups & Chewy Hershey's Fudge Filled Soft Cookies, 50 Snack Packs
Bullet Point 1: Fifty total snack packs of CHIPS AHOY! cookies, 20 original Chocolate Chip, 15 Chewy Chocolate Chip with Reese's Peanut Butter Cups & 15 Chewy Hershey's Fudge Filled Soft Cookies (packaging may vary)
Bullet Point 2: Two cookies per snack pack for convenient, satisfying snacks for kids and adults
Bullet Point 3: CHIPS AHOY! cookies are certified Kosher cookies
Bullet Point 4: Treat yourself to these CHIPS AHOY! cookies at school, work or home
Bullet Point 5: Bulk cookies perfect for sharing with friends and family, using as party favors, lunch snacks or enjoying on the go
Value: 47.0
Unit: Ounce
",https://m.media-amazon.com/images/I/91Vd+RlKrML.jpg,32.995000000000005,"CHIPS AHOY! Cookies Variety Pack, Original Chocolate Chip, Chewy Chocolate Chip with Reese's Peanut Butter Cups & Chewy Hershey's Fudge Filled Soft Cookies, 50 Snack Packs",47.0,Ounce,$30-50,CHIPS AHOY!,Food & Beverage,0.7020212765957448,False,,False,False,False,False,False,False,False,False,1.0,False,171.0,26.0,True,Mid-Range ($20-$50),True,2560,2560,RGB,2560,2560,1.0,6553600,190.11517532348634,167.17076065063478,156.29152557373047,171.19248718261719,84.69227543420897
192637,"Item Name: Hot Tamales Fierce Cinnamon Bulk - 5 lb.
Product Description: 41
Value: 80.0
Unit: Ounce
",https://m.media-amazon.com/images/I/61PUa-T2ccL.jpg,25.79,Hot Tamales Fierce Cinnamon Bulk - 5 lb.,80.0,Ounce,$20-30,Hot Tamales,Other,0.3223749999999999,False,,False,False,False,False,True,False,False,False,1.0,False,40.0,8.0,True,Mid-Range ($20-$50),True,1060,657,RGB,1060,657,1.613394216133942,696420,212.92408316820308,138.18334051290887,138.93191464920594,163.34644611010597,101.18499979101138
133628,"Item Name: FERRERO ROCHER 3PC BOX 12CT
Bullet Point: FERRERO ROCHER 3PC BOX 12CT
Product Description: 300 bars
Value: 15.6
Unit: Ounce
",https://m.media-amazon.com/images/I/816enx+utzL.jpg,25.99,FERRERO ROCHER 3PC BOX 12CT,15.6,Ounce,$20-30,FERRERO ROCHER,Other,1.6660256410256409,False,,False,False,False,False,False,False,False,False,2.0,False,27.0,5.0,True,Mid-Range ($20-$50),True,2500,2500,RGB,2500,2500,1.0,6250000,237.81544768,230.71660336,213.73402096,227.422024,53.86652331491943
245848,"Item Name: Prime Bites Protein Brownie from Alpha Prime Supplements, 16-17g Protein, 5g Collagen, Delicious Guilt-Free Snack,12 bars per box (Cookie and Cream Blondie)
Bullet Point 1: Packed with Protein: Each Prime Bites Brownie has 19 Grams of Protein with 5 Grams of Collagen, premium whey protein, zero wheat protein, satisfy sweet tooth, convenient healthier snacks.
Bullet Point 2: Designed for Everyone: Prime Bites Protein Brownies were designed with both men & women athletes of all types, fitness enthusiasts, and any health-conscious person in mind. Everyone will enjoy and benefit from these delicious brownies as an easy way to help add protein to your day and a good snack option between meals.
Bullet Point 3: Unbelievable Flavors: Prime Bites Protein Brownies come in outstanding flavors including Glazed Cinnamon Roll, Glazed Chocolate Donut, Cookie Dough Bites, Birthday Cake and more!
Bullet Point 4: Amazing Texture: Unlike most dried-up protein bars, Alpha Prime Bites are moist and delicious while still using healthy-first ingredients.
Bullet Point 5: Made in the USA: Alpha Prime products are proudly made in the USA in manufacturing facilities that adhere to the highest standards for quality using tested, safe, and effective ingredients that you can use with confidence.
Product Description: 16-19 Grams of Protein per Brownie with 5 Grams of Collagen per Brownie, Whey Protein, Zero Wheat Protein, Satisfy Sweet Tooth, Convenient Healthier Snacks
Value: 1.0
Unit: Ounce
",https://m.media-amazon.com/images/I/61iriIMoxoL.jpg,37.74,"Prime Bites Protein Brownie from Alpha Prime Supplements, 16-17g Protein, 5g Collagen, Delicious Guilt-Free Snack,12 bars per box (Cookie and Cream Blondie)",1.0,Ounce,$30-50,Prime Bites,Food & Beverage,37.74,False,,False,False,False,False,False,False,False,False,4.0,False,156.0,22.0,True,Mid-Range ($20-$50),True,1500,1500,RGB,1500,1500,1.0,2250000,216.05475422222221,217.83685111111112,213.73616711111111,215.87592414814816,66.73316167031442
164172,"Item Name: Klass, Jamaica Hibiscus Flavored Drink Mix, 14.1oz Pouch (Pack of 3)
Product Description: Jamaica Hibiscus Flavored Drink Mix
Value: 42.3
Unit: Fl Oz
",https://m.media-amazon.com/images/I/31QDSee7qmL.jpg,26.835,"Klass, Jamaica Hibiscus Flavored Drink Mix, 14.1oz Pouch (Pack of 3)",42.3,Fl Oz,$20-30,Klass,Food & Beverage,0.6343971631205675,True,3.0,False,False,False,False,False,False,False,False,3.0,False,68.0,11.0,True,Mid-Range ($20-$50),True,161,216,RGB,161,216,0.7453703703703703,34776,172.20169082125605,131.36484932137105,137.4585346215781,147.00835825473507,84.6350667066808
274358,"Item Name: Steens Manuka Honey - MGO 515+ - Pure & Raw 100% Certified UMF 15+ Manuka Honey - Bottled and Sealed in New Zealand - 7.9 oz Jar
Bullet Point 1: RAW & UNPASTEURISED - our Scrape & Separate method ensures a pure raw honey with a crystalline structure as well as a unique taste. Pure enjoyment.
Bullet Point 2: RICH IN NUTRIENTS - the nutrient-rich bee pollen components make Steens Manuka Honey a healthy superfood that actively supports your body.
Bullet Point 3: MGO 515+ - UMF 15+ : With this honey you have a natural supporter for plenty of complaints.
Bullet Point 4: UNIQUE MANUKA FACTOR (UMF) - is the highest level of certification. This tests for 9 specific ingredients to guarantee efficacy and authenticity.
Bullet Point 5: 40 YEARS OF EXPERIENCE AND FAMILY TRADITION - Paul and Sheryl Steens focus on raw & unpasteurised honey. Transparency is important to us. Each jar is traceable by its batch number.
Product Description: <b>Steens Manuka Honey</b> - bottled and freshly sealed in New Zealand.<br /><br />The best made from Mother Nature. Company founders and beekeepers Paul and Sheryl Steens started making Manuka Honey in the most natural way over 40 years ago. Transparency is important to us. Each jar is traceable to the hive by batch number.<br /><br /><b>When should I use which Manuka Honey?</b><br /><br />MGO 40+ - 120+ : A multifloral honey for everyday needs with healthy ingredients.<br /><br />Monofloral and UMF tested:<br /><br />MGO 263+ (UMF 10+) : Your optimal companion for regular and natural strengthening, as well as supporting your well-being.<br /><br />MGO 400+ (UMF 13+) and MGO 515+ (UMF 15+) : With this honey, you have a natural supporter for plenty of situations.<br /><br />MGO 830+ (UMF 20+) and MGO 1122+ (UMF24+) : This honey is highly intensive and supports you with all the power of Manuka. <br /><br />The <b>production</b> of our Manuka Honey is based on a gentle process. The natural product is processed at temperatures similar to those found in the beehive, thus preserving important enzymes and flavours. Through our Scrape & Separate method, components of the beebread and pollen are preserved along with their nutrients. This gives the honey a crystalline structure.<br /><br /><b>The result:</b> pure raw Manuka Honey with plenty of nutrients and a delicious taste.<br /><br />The honey is then tested for Methylglyoxal (MGO) content and certified according to the <b>UMF standard</b>. Unique Manuka Factor (UMF) - This tests for a total of 9 ingredients to ensure potency and authenticity.<br /><br />With this process, we ensure the highest possible <b>quality and unique taste</b>. manuka manuka honey new zealand manuka honey manuka honey organic manuka honey medical grade
Value: 7.9
Unit: Ounce
",https://m.media-amazon.com/images/I/71ggYahnpsL.jpg,43.59,Steens Manuka Honey - MGO 515+ - Pure & Raw 100% Certified UMF 15+ Manuka Honey - Bottled and Sealed in New Zealand - 7.9 oz Jar,7.9,Ounce,$30-50,Steens Manuka,Other,5.517721518987342,False,,False,False,False,False,False,False,False,False,5.0,True,128.0,27.0,True,Mid-Range ($20-$50),True,1325,1500,RGB,1325,1500,0.8833333333333333,1987500,208.80357786163523,200.51181836477988,193.9757313207547,201.09704251572327,77.8078879421655
130793,"Item Name: Bfree Gluten Free Stone-Baked Pita Bread, 7.76 Oz. (Pack of 3)
Bullet Point 1: Stone-Baked Authenticity: Crafted using traditional stone-baking methods for a perfect texture and taste in every pita.
Bullet Point 2: Gluten-Free Delight: Ideal for those with gluten sensitivities or dietary restrictions without compromising on flavor.
Bullet Point 3: Soft and Foldable: Perfectly soft and pliable, making it easy to stuff, wrap, or dip with your favorite fillings and spreads.
Bullet Point 4: Health-Conscious Choice: Free from wheat, dairy, nuts, and soy, catering to a variety of dietary needs.
Bullet Point 5: Convenient and Versatile: A quick and easy option for sandwiches, wraps, or as a side with soups and salads.
Value: 23.28
Unit: Ounce
",https://m.media-amazon.com/images/I/713XKuZ4mgL.jpg,38.29,"Bfree Gluten Free Stone-Baked Pita Bread, 7.76 Oz. (Pack of 3)",23.28,Ounce,$30-50,Bfree Gluten,Other,1.6447594501718212,True,3.0,False,False,False,False,False,False,False,False,3.0,False,62.0,11.0,True,Mid-Range ($20-$50),True,1600,1600,RGB,1600,1600,1.0,2560000,221.968098828125,228.450267578125,197.782684375,216.06701692708333,64.33163278030024
235293,"Item Name: Amoretti - Teriyaki Extract Water Soluble 2 oz - Highly Concentrated & Perfect For Pastry, Savory, Brewing, and more, Preservative Free, Vegan, Kosher Pareve, Keto Friendly
Bullet Point 1: INCREDIBLE VERSATILITY: Our extracts are ideal for flavoring cakes, cookies, buttercreams, frostings, macarons, brewing, distilling and so much more.
Bullet Point 2: SPECIFICATIONS: Highly concentrated, no preservatives, no artificial colors, gluten-free, vegan Kosher Pareve, keto-friendly, bake-proof, and freeze-thaw stable.
Bullet Point 3: HIGHEST QUALITY: We use only the finest and freshest ingredients to deliver delicious natural flavors in each serving.
Bullet Point 4: Preservative-Free
Bullet Point 5: Bake-Proof & Freeze-Thaw Stable
Product Description: Exotic, Bold, SweetEnhance your gourmet creations with Amoretti's Teriyaki Water-Soluble Extract. A trusted choice among industry professionals, our extracts are naturally flavored, highly concentrated, and very versatile. Deliver the irresistible flavor of sweet and savory teriyaki straight into all your favorite culinary applications. Empower your imagination — with Amoretti!Product Details
Value: 2.0
Unit: Ounce
",https://m.media-amazon.com/images/I/51Ewsa-L6iL.jpg,32.84,"Amoretti - Teriyaki Extract Water Soluble 2 oz - Highly Concentrated & Perfect For Pastry, Savory, Brewing, and more, Preservative Free, Vegan, Kosher Pareve, Keto Friendly",2.0,Ounce,$30-50,Amoretti,Food & Beverage,16.42,False,,False,False,False,False,False,False,False,False,1.0,False,172.0,26.0,True,Mid-Range ($20-$50),True,1400,1400,RGB,1400,1400,1.0,1960000,236.9232673469388,233.39896173469387,233.21831479591836,234.51351462585035,53.736275786307516
271017,"Item Name: Royal 1000 Count Wood Coffee Beverage Stirrers, 5.5 Inch
Value: 1.0
Unit: Count
",https://m.media-amazon.com/images/I/617xygzuDmL.jpg,21.62,"Royal 1000 Count Wood Coffee Beverage Stirrers, 5.5 Inch",1.0,Count,$20-30,Royal 1000,Food & Beverage,21.62,False,,False,False,False,False,False,False,False,False,3.0,False,56.0,9.0,True,Mid-Range ($20-$50),True,1500,1500,RGB,1500,1500,1.0,2250000,253.83163333333334,251.38598622222221,247.9941071111111,251.07057555555556,16.36632805200277
91932,"Item Name: Family Size Marshalls Creek Spices Basil, 12 Ounces …
Bullet Point 1: Marshalls Creek Spices buys in small quantities and packs weekly providing the freshest spices possible. Fresher spices means more flavor and a longer shelf life.
Bullet Point 2: No Fillers - No MSG
Bullet Point 3: All Natural & Kosher
Bullet Point 4: Flat Rate Shipping Per Order. No Limit
Product Description: Ingredients; basil
Value: 12.0
Unit: Ounce
",https://m.media-amazon.com/images/I/41e1XkC+I6L.jpg,30.99,"Family Size Marshalls Creek Spices Basil, 12 Ounces …",12.0,Ounce,$30-50,Family Size,Other,2.5825,False,,False,False,False,False,True,False,False,False,1.0,False,53.0,9.0,True,Mid-Range ($20-$50),True,375,500,RGB,375,500,0.75,187500,219.64457066666668,215.33933333333334,201.11882666666668,212.03424355555555,74.2740553643585
171715,"Item Name: Five Star PBW Cleaner - 4lb
Value: 64.0
Unit: Fl Oz
",https://m.media-amazon.com/images/I/81N3nLAYv2S.jpg,38.8,Five Star PBW Cleaner - 4lb,64.0,Fl Oz,$30-50,Five Star,Other,0.60625,False,,False,False,False,False,False,False,False,False,1.0,False,27.0,6.0,True,Mid-Range ($20-$50),True,1920,2560,RGB,1920,2560,0.75,4915200,157.7129471842448,153.7397715250651,142.22863403320312,151.22711758083767,61.36844686253564
95138,"Item Name: Life Extension Decaffeinated Mega Green Tea Extract 98% Polyphenolds, Vegetarian Capsules, 100 Count
Bullet Point 1: Dietary Supplement
Bullet Point 2: Decaffeinated Green Tea used
Bullet Point 3: 98% Polyphenols
Value: 100.0
Unit: Count
",https://m.media-amazon.com/images/I/81Z14-qYbBL.jpg,22.5,"Life Extension Decaffeinated Mega Green Tea Extract 98% Polyphenolds, Vegetarian Capsules, 100 Count",100.0,Count,$20-30,Life Extension,Food & Beverage,0.225,False,,False,False,False,False,True,False,False,False,2.0,True,100.0,13.0,True,Mid-Range ($20-$50),True,1161,2315,RGB,1161,2315,0.501511879049676,2687715,164.80240613309076,166.76411003398798,157.57988439994568,163.04880018900815,68.01666985686764
250868,"Item Name: McCormick Perfect Pinch Steak Seasoning, 7 oz (Pack of 6)
Bullet Point 1: McCormick Perfect Pinch Steak Seasoning delivers steakhouse quality taste
Bullet Point 2: Bold blend of onion, garlic, black pepper, paprika and celery seed
Bullet Point 3: Great on steaks, burgers, roasts, chicken and roasted potatoes
Bullet Point 4: Gluten free; no MSG added
Bullet Point 5: Convenient bottle with a flip-top for easy dispensing
Value: 42.0
Unit: Ounce
",https://m.media-amazon.com/images/I/817WCUCkorL.jpg,23.29,"McCormick Perfect Pinch Steak Seasoning, 7 oz (Pack of 6)",42.0,Ounce,$20-30,McCormick Perfect,Food & Beverage,0.5545238095238095,True,6.0,False,False,False,False,False,False,False,False,2.0,False,57.0,10.0,True,Mid-Range ($20-$50),True,2560,2560,RGB,2560,2560,1.0,6553600,201.48017639160156,153.41927291870118,140.9867921447754,165.29541381835938,81.96386227663407
147279,"Item Name: Chestnut Green Tea (50 tea bags, ZIN: 535465) - 2 Pack
Bullet Point 1: Our Chestnut Green Tea is a scrumptuous flavored Green tea with Almonds, Cloves and Orange Peel that will refresh you with its terrific taste! You will enjoy the Chestnut aroma and flavor again and again! - Ingredients: Green tea, Almonds, Cloves, Orange Peel and Natural Chestnut Flavor.
Bullet Point 2: No fillers.
Bullet Point 3: Manufacturer: TerraVita
Bullet Point 4: Size: 50 tea bags
Bullet Point 5: Green Tea Bags - Packed in a convenient upright pouch!
Product Description: Our Chestnut Green Tea is a scrumptuous flavored Green tea with Almonds, Cloves and Orange Peel that will refresh you with its terrific taste! You will enjoy the Chestnut aroma and flavor again and again! - Ingredients: Green tea, Almonds, Cloves, Orange Peel and Natural Chestnut Flavor. - Hot tea brewing method: Bring freshly drawn cold water to a rolling boil. Place 1 teabag for each desired cup into the teapot. Pour the boiling water into the pot, cover and let steep for 2-4 minutes. Pour into your cup; add milk and natural sweeteners to taste. - Iced tea brewing method: (to make 1 liter/quart): Place 5 teabags into a teapot or heat resistant pitcher. Pour 1 1/4 cups of freshly boiled water over the teabags. Steep for 5 minutes. Quarter fill a serving pitcher with cold water. Pour the tea into the serving pitcher. Add ice and top-up with cold water. Garnish and sweeten to taste. - TerraVita is an exclusive line of premium-quality, natural source products that use only the finest, purest and most potent ingredients found around the world. TerraVita is hallmarked by the highest possible standards of purity, potency, stability and freshness. All of our products are prepared with the highest elements of quality control, from raw materials through the entire manufacturing process, up to and including the moment that the bottles or bags are sealed for freshness and shipped out to you. Our highest possible standards are certified by independent laboratories and backed by our personal guarantee. - TerraVita exists to meet and ensure your family's health and wellness without the harmful effects of chemicals and health products. We strive to make all of our products affordable and reliable and are constantly searching the market to maintain our affordability and to look for ne
Value: 100.0
Unit: Count
",https://m.media-amazon.com/images/I/81DgNn4p48L.jpg,38.92,"Chestnut Green Tea (50 tea bags, ZIN: 535465) - 2 Pack",100.0,Count,$30-50,Chestnut Green,Food & Beverage,0.3892,True,2.0,False,False,False,False,False,False,False,False,3.0,False,54.0,11.0,True,Mid-Range ($20-$50),True,1588,2560,RGB,1588,2560,0.6203125,4065280,191.065685020466,184.48818088790932,134.6114275031486,170.0550978038413,67.07665166294326
114277,"Item Name: Monster Energy Drink, Green, Original, 16 Ounce (Pack of 12)
Bullet Point 1: UNLEASH THE BEAST: Tear into a can of the meanest energy drink on the planet, Monster Energy. Athletes, musicians, anarchists, co-ed’s, road warriors, metal heads, geeks, hipsters, and bikers dig it- you will too
Bullet Point 2: SMOOTH & EASY FLAVOR: Monster packs a powerful punch, but has a smooth easy drinking flavor. What does it taste like. It tastes like Monster
Bullet Point 3: BIG BAD BUZZ: With 160mg of Caffeine in a “Monster” 16 ounce can, Monster Energy offers more for less when compared with other 8.3 ounce energy drink
Bullet Point 4: STOCK UP WITH A 12 PACK: For those looking for a powerful and edgy energy drink to stay in action, Monster Energy is Available in a convenient pack of 12
Bullet Point 5: Due to new FDA nutrition labeling requirements, product labels may vary from those pictured
Value: 192.0
Unit: Fl Oz
",https://m.media-amazon.com/images/I/813i3dsxk4L.jpg,21.99,"Monster Energy Drink, Green, Original, 16 Ounce (Pack of 12)",192.0,Fl Oz,$20-30,Monster Energy,Food & Beverage,0.1145312499999999,True,12.0,False,False,False,False,False,False,False,False,2.0,False,60.0,10.0,True,Mid-Range ($20-$50),True,2560,1866,RGB,2560,1866,1.3719185423365488,4776960,114.96355359894159,117.68924734559218,108.51661600683279,113.72313898378886,104.92169850688958
231147,"Item Name: The Spice Way Crushed Red Pepper Flakes - 8 oz - Hot Red chili Pepper Flakes - Premium Quality, All-Natural, and Preservative-Free, Perfect for Adding a Bold Kick to Your Favorite Dishes
Bullet Point 1: CRUSHED RED PEPPER: it has a slightly fruity, but sharp and pungent taste, perfect to be sprinkled on pizza, pasta, stews, curries, marinades, spice rubs, seafood, and more
Bullet Point 2: PURE - No preservatives, no additives, no MSG, non GMO, no fillers, kosher by OK.
Bullet Point 3: FLAVORS OF THE WORLD - Chili Flakes are commonly used in Italian, Mexican, Indian, Thai, and Southeast Asian cuisines
Bullet Point 4: FRESH – Made from premium red chili peppers & packed fresh in small batches in the US
Bullet Point 5: FARM TO TABLE - 30 years of experience in growing spices, herbs, and peppers, using traditional methods like hand-picking, sun-drying, and grounding at our facility
Product Description: CRUSHED RED PEPPER - perfect to add heat to any dish, including pizza, pasta and meat. PURE - No preservatives, no additives, no MSG, non GMO, no fillers, kosher by OK. PREMIUM - made from premium red peppers. FRESH - packed fresh in small batches in the US. FARM TO TABLE - 30 years of experience in growing spices, herbs and peppers, using traditional methods like hand-picking, sun-drying and grounding at our facility.
Value: 8.0
Unit: Ounce
",https://m.media-amazon.com/images/I/71jVqikK0VL.jpg,24.99,"The Spice Way Crushed Red Pepper Flakes - 8 oz - Hot Red chili Pepper Flakes - Premium Quality, All-Natural, and Preservative-Free, Perfect for Adding a Bold Kick to Your Favorite Dishes",8.0,Ounce,$20-30,The Spice,Health & Wellness,3.12375,False,,False,True,True,False,False,False,False,False,1.0,False,186.0,32.0,True,Mid-Range ($20-$50),True,2000,2000,RGB,2000,2000,1.0,4000000,217.56577475,211.33171225,205.61613675,211.50454125,62.22537595877088
207263,"Item Name: Pride Of India - PACK of 6 - Whole Black Chia Seeds Raw (Pesticide Free)- Omega-3 & Calcium Superfood, 2 Pound Jar
Bullet Point 1: 100% Natural Black Chia Seeds - Omega-3 (4.8g) & Calcium (18% d.v.) Rich Ancient Aztek Mayan Super Seeds
Bullet Point 2: Protein & Fiber Rich Supergrain - 12 grams Dietary Fiber & 7 grams Protein Per Ounce
Bullet Point 3: Excellent for heart health - Contains High Quality essential vitamins & minerals that promote general well being.
Bullet Point 4: 2 lbs Good to make - Supplement with Yogurt, Smoothies, Salads, Shakes, Rice, or Eggs
Bullet Point 5: GMO FREE, GLUTEN FREE, VEGAN, KOSHER, BPA FREE - Sold in Sealed Food grade gourmet Pet plastic jars
Product Description: Our chia seed is cultivated in the mountainous round regions of South America. 'Chia' stands for strength in the Mayan culture, and has been consumed as a superfood in ancient Aztec and Mayan civilizations by warriors. It has high amounts of Omega 3 fatty acids making it excellent for heart health. It also contains high quality essential proteins and numerous vitamins/minerals that promote general well being.
Value: 192.0
Unit: Ounce
",https://m.media-amazon.com/images/I/714bXxbSEnL.jpg,44.99,"Pride Of India - PACK of 6 - Whole Black Chia Seeds Raw (Pesticide Free)- Omega-3 & Calcium Superfood, 2 Pound Jar",192.0,Ounce,$30-50,Pride Of,Food & Beverage,0.2343229166666667,True,6.0,False,False,False,False,True,False,False,False,3.0,False,114.0,22.0,True,Mid-Range ($20-$50),True,1000,1000,RGB,1000,1000,1.0,1000000,187.37222,178.31053,169.3355,178.33941666666666,70.72149129974369
156081,"Item Name: LorAnn Amaretto SS Flavor, 4 ounce bottle
Bullet Point 1: If you love the flavor of almond, you must try our Amaretto flavor. Sweet, with a slight cherry taste and a hint of almond, it will add an extra layer of flavor to your breads, brownies, frostings, shortbread, pound cake, cookies, cakes, cocktails, and even fudge.
Bullet Point 2: If you love the flavor of almond, you must try our Amaretto flavor. Sweet, with a slight cherry taste and a hint of almond, it will add an extra layer of flavor to your breads, brownies, frostings, shortbread, pound cake, cookies, cakes, cocktails, and even fudge.
Bullet Point 3: A little goes a long way! LorAnn’s super strength flavors are three to four times the strength of typical baking extracts.
Bullet Point 4: Typical uses: hard candy, general candy making, cakes, cookies, frosting, ice cream and a wide variety of other baking and confectionery applications.
Bullet Point 5: Kosher - Gluten Free - Made in USA
Product Description: Quality - LorAnn a Family Tradition Since 1962
Value: 1.0
Unit: Fl Oz
",https://m.media-amazon.com/images/I/618kv8OiB0L.jpg,23.97,"LorAnn Amaretto SS Flavor, 4 ounce bottle",1.0,Fl Oz,$20-30,LorAnn Amaretto,Other,23.97,False,,False,False,False,False,False,False,False,False,1.0,False,41.0,7.0,True,Mid-Range ($20-$50),True,1500,1500,RGB,1500,1500,1.0,2250000,211.90116088888888,209.09950977777777,209.72430577777777,210.24165881481483,86.04111235042643
198339,"Item Name: Amy's Organic Vegetarian Baked Beans - Case Of 12 - 15 Oz. 15 OZ
Bullet Point 1: Walnut Acres Organic Baked Beans - Case of 12 - 15 oz
Bullet Point 2: No Refined Sugar
Bullet Point 3: No Artificial Ingredients
Bullet Point 4: Organic Original Baked Beans
Bullet Point 5: CANNED,FISH/BEANS/MISC.GOODS
Value: 180.0
Unit: Ounce
",https://m.media-amazon.com/images/I/81xl2cTk-9L.jpg,37.38,Amy's Organic Vegetarian Baked Beans - Case Of 12 - 15 Oz. 15 OZ,180.0,Ounce,$30-50,Amy's Organic,Health & Wellness,0.2076666666666667,False,,True,False,False,False,False,False,False,False,3.0,False,64.0,14.0,True,Mid-Range ($20-$50),True,1600,1600,RGB,1600,1600,1.0,2560000,194.456505078125,171.680011328125,153.193014453125,173.10984361979166,90.40149124403213
67825,"Item Name: Rib Rack BBQ Rub, Original, Sugar Free, 5 Oz (Pack of 6)
Bullet Point: Rib Rack BBQ Rub, Original, Sugar Free, 5 Oz (Pack of 6)
Value: 30.0
Unit: Ounce
",https://m.media-amazon.com/images/I/71a3NBwM4EL.jpg,31.02,"Rib Rack BBQ Rub, Original, Sugar Free, 5 Oz (Pack of 6)",30.0,Ounce,$30-50,Rib Rack,Other,1.034,True,6.0,False,False,False,False,False,False,False,False,2.0,False,56.0,12.0,True,Mid-Range ($20-$50),True,2500,2500,RGB,2500,2500,1.0,6250000,219.67796528,205.74579552,204.3094192,209.91106,78.15765708888073
247579,"Item Name: Lemonhead Sour Candy, Individually Wrapped, Bulk 4 Pounds
Bullet Point 1: LemonHeads are the original sour and sweet candies will give you make you pucker up for more.
Bullet Point 2: Individually wrapped candy perfect for your next themed ""yellow"" party.
Bullet Point 3: Lemonheads are a round, lemon-flavored candy consisting of a sweet coating, soft sour shell, and a hard candy core
Bullet Point 4: 4 Pounds wrapped bulk
Value: 64.0
Unit: Ounce
",https://m.media-amazon.com/images/I/71luklaUolL.jpg,21.99,"Lemonhead Sour Candy, Individually Wrapped, Bulk 4 Pounds",64.0,Ounce,$20-30,Lemonhead Sour,Food & Beverage,0.34359375,False,,False,False,False,False,True,False,False,False,1.0,False,57.0,8.0,True,Mid-Range ($20-$50),True,1000,1430,RGB,1000,1430,0.6993006993006993,1430000,181.37836713286714,189.02779930069931,180.83822307692307,183.74812983682983,64.18594869703846
233219,"Item Name: Rawmio Chocolate Truffle Cake - 28 oz. Raw, Organic,Vegan, Gluten-Free - 1 Pack
Bullet Point 1: Our vegan cake is made with only organic ingredients. It’s stone ground, raw, gluten-free, soy-free, flour-free, and dairy-free. Contains calcium, iron, and potassium.
Bullet Point 2: Suitable for both kids and adults, especially those who love rich dark chocolate.
Bullet Point 3: You don't need chocolate cake mix anymore! Try Rawmio's pre-made chocolate truffle cake and enjoy the perfect treat!
Bullet Point 4: Manufactured in a certified organic facility that follows raw and vegan practices, this product contains no aflatoxin peanuts, soy, gluten, and dairy.
Bullet Point 5: Shelf life is 12 months. Refrigeration is not required but can extend shelf life.
Product Description: Enjoy Rawmio organic chocolate truffle cake in optimal size. We carefully selected all the ingredients for this chocolate masterpiece: cocoa, coconut flakes, cashews, and low-glycemic coconut crystals. The result is an exquisite, flavor-rich dish that will impress even the most seasoned chocolate gourmet. All ingredients in our truffle cake are organic, vegan, raw, and do not contain gluten, making it an ideal choice for those who love healthy sweets. Perfect for taking out, as a sweet gift, or a treat for a beloved family member or a friend.
Value: 28.0
Unit: Ounce
",https://m.media-amazon.com/images/I/61OmaxlBaqL.jpg,35.855000000000004,"Rawmio Chocolate Truffle Cake - 28 oz. Raw, Organic,Vegan, Gluten-Free - 1 Pack",28.0,Ounce,$30-50,Rawmio Chocolate,Food & Beverage,1.2805357142857143,True,1.0,True,False,False,False,False,False,False,False,2.0,False,79.0,13.0,True,Mid-Range ($20-$50),True,1000,1000,RGB,1000,1000,1.0,1000000,219.875128,202.517163,195.537686,205.976659,65.84598841385646
3177,"Item Name: Bonsai Tea Co. Earl Grey Single Serve Tea Pods, Compatible with K Cup Brewers Including 2.0, Sweet and Floral Bergamot Flavor with Full-Bodied Black Tea, 40 Count Single Serving cups
Bullet Point 1: Expertly Flavored: Masterfully blended Earl Grey tea is a classic combination of the bright and floral citrus flavor of bergamot oil and a malty & full-bodied black tea. The taste is light and fresh.
Bullet Point 2: Bonsai Tea Co. Earl Grey
Bullet Point 3: Brew Anytime: Make this unsweetened and caffeinated tea for a morning alternative to coffee pods or as an afternoon pick-me-up. Indulge your senses with the bright and bold flavor of Earl Grey.
Bullet Point 4: Compatible with K Cup Brewers.
Bullet Point 5: We are not affliated or endorsed by Keurig Green Mountain
Value: 40.0
Unit: Count
",https://m.media-amazon.com/images/I/71sxpMJEelL.jpg,21.93,"Bonsai Tea Co. Earl Grey Single Serve Tea Pods, Compatible with K Cup Brewers Including 2.0, Sweet and Floral Bergamot Flavor with Full-Bodied Black Tea, 40 Count Single Serving cups",40.0,Count,$20-30,Bonsai Tea,Food & Beverage,0.54825,False,,False,False,False,False,False,False,False,False,3.0,False,182.0,30.0,True,Mid-Range ($20-$50),True,1538,1538,RGB,1538,1538,1.0,2365444,190.61016029126034,176.61081640486944,154.3829247278735,173.86796714133442,74.73439533009302
212651,"Item Name: Munchies Peanut Butter on Cheese Crackers, 1.42 Ounce (Pack of 96) Munchies, Cheese Peanut Butter Crackers, Munchies Crackers
Bullet Point 1: Peanut butter cheese crackers packs, crackers, munchies crackers - Pack of 96 1.42 ounce
Bullet Point 2: Packed in 8-count caddies, Baked not fried, Made with real peanut butter
Bullet Point 3: Munchies nacho cheese crackers, cheese peanut butter crackers packs
Bullet Point 4: Munchies nacho cheese crackers, cheese peanut butter crackers packs
Bullet Point 5: Filled sandwich crackers with cheese flavored crackers and peanut butter filling in a snack size sleeve
Product Description: Enjoy the delicious combination of Munchies Peanut Butter on Cheese Crackers, a perfect snack for any time of the day. This pack of 96 Munchies Crackers offers a satisfying blend of creamy peanut butter and crispy cheese crackers. Munchies Crackers: Ideal for snacking on the go, at work, or at home. Cheese Peanut Butter Crackers: A tasty fusion of cheese crackers with rich peanut butter. Convenient Packs: Each 1.42-ounce pack is perfect for lunches, road trips, and quick snacks. High-Quality Ingredients: Made with premium ingredients to ensure a delicious taste in every bite. Great Value: A bulk pack of 96 ensures you always have a tasty snack on hand. Whether you’re looking for Munchies, Cheese Peanut Butter Crackers, or simply the best Munchies Crackers, this pack has you covered. Enjoy the perfect balance of flavor and convenience with every bite.
Value: 1.38
Unit: Ounce
",https://m.media-amazon.com/images/I/81NMOFLIwPL.jpg,65.99,"Munchies Peanut Butter on Cheese Crackers, 1.42 Ounce (Pack of 96) Munchies, Cheese Peanut Butter Crackers, Munchies Crackers",1.38,Ounce,$50-100,Munchies Peanut,Other,47.81884057971015,True,96.0,False,False,False,False,False,False,False,False,3.0,False,125.0,18.0,True,Premium ($50-$100),True,2063,2200,RGB,2063,2200,0.9377272727272727,4538600,203.82658484995372,123.17737011413212,107.36892411756929,144.79095969388504,88.94221891808374
107496,"Item Name: Golden Flavor - Cajun Sesame Sticks - 12 oz bags (Cajun, 13 Pack)
Bullet Point 1: 12oz bags of Spicy Cajun Snack Stick
Bullet Point 2: Cajun Snack Sticks are great for entertaining guest
Bullet Point 3: Made with all natural and non-GMO ingredients
Bullet Point 4: Crush these sticks up to make a delicious breading
Bullet Point 5: Pairs great with dips
Product Description: If you like a little heat, try these cajun sticks. The heat builds a little with every bite. There is a hint of tomato flavor you will love. These 12oz bags are the perfect size to stash in your desk, in case you get the munchies, or to share with a friend or coworker. Made with non-GMO ingredients.
Value: 156.0
Unit: Ounce
",https://m.media-amazon.com/images/I/71YXDyTC7FL.jpg,69.17,"Golden Flavor - Cajun Sesame Sticks - 12 oz bags (Cajun, 13 Pack)",156.0,Ounce,$50-100,Golden Flavor,Other,0.4433974358974359,True,13.0,False,False,False,False,False,False,False,False,2.0,False,65.0,13.0,True,Premium ($50-$100),True,806,1212,RGB,806,1212,0.665016501650165,976872,199.9517173181338,188.19556809899353,108.84949717056072,165.665594195896,80.05896446154055
269949,"Item Name: Muffins Assortment Tin, Fresh and Delicious Cranberry, Corn, Blueberry and Banana Flavors, Ideal for Desserts, Breakfasts, Unique Idea for All Occasions – Holidays for Men and Women.
Bullet Point 1: MUFFIN LOVERS – THIS IS FOR YOU! Simply open your Dulcet box and allow yourself to be whisked away on a heavenly adventure: Package includes: Assorted mini muffins: 3 cranberry muffins, 3 corn muffins, 3 blueberry muffins and 3 banana nut muffins.
Bullet Point 2: LOVELY PRESENTATION: The muffins arrive neatly tucked into a silver box on elegant coordinating tissue paper, sealed with a maroon ribbon. Your recipients will be brimming as they untie the ribbon to discover those mouthwatering muffins greeting them.
Bullet Point 3: GUARANTEED FRESHNESS: The muffins are baked weekly in our bakery. They get baked the same week as delivery to ensure ultimate freshness. They are also individually wrapped by plastic to ensure freshness later on. We take every step to ensure the freshest and most scrumptious indulgences upon delivery.
Bullet Point 4: FOR ALL OCCASIONS: When words aren’t enough, this classic package will help you express yourself perfectly. Perfect for any meeting, get-together, breakfast treat, or dessert for a family dinner – Makes an ideal housewarming gift or thank you gift. With a package of such tasty and appealing muffins, you just can’t go wrong.
Bullet Point 5: SATISFACTION GUARANTEED: We are in love with our products, and whoever has tried them feels the same. If for any reason you aren’t completely satisfied with your purchase, we’ll be there for you. Buy us worry free!
Product Description: <p><b>DULET’S SPECIALTY:</b></p> <p>At Dulcet, we aim to please the refined pallet with freshly baked and scrumptious indulgences. Each box is thoughtfully and artfully created and consists of the finest offering suitable for all occasions.</p> <p><b>3 CRANBERRY MUFFINS:</b></p> <p>These cranberry muffins are moist, and chock-full of berries, they are light and tasty and so pretty! You can see those cranberries peeking out from under the muffins.</p> <p><b>3 CORN MUFFINS:</b></p> <p>These corn muffins are moist, and have a slight sweet taste that’s enhanced with whole kernel corn. So delicious!</p> <p><b>3 BLUEBERRY MUFFINS:</b></p> <p>Bursting with fresh blueberries with a tender, cakey crumb sugar crust, these are the best blueberry muffins you’ve ever had!</p> <p><b>3 BANANA NUT MUFFINS:</b></p> <p>Behold the perfect banana muffins. They’re fluffy and moist and make with fresh, ripe bananas. So good!</p> <p><b>THE GIFT EVERYONE WILL LOVE AND APPRECIATE:</b></p> <p>Looking for the perfect gift they’ll love? Looking to complement your breakfast, or dinner? Purchase Dulcet’s muffin gift basket today! Always fresh, always loving wrapped and guaranteed to bring a smile to everyone – always!</p>
Value: 12.0
Unit: Count
",https://m.media-amazon.com/images/I/61LGUYuDurL.jpg,59.99,"Muffins Assortment Tin, Fresh and Delicious Cranberry, Corn, Blueberry and Banana Flavors, Ideal for Desserts, Breakfasts, Unique Idea for All Occasions – Holidays for Men and Women.",12.0,Count,$50-100,Muffins Assortment,Other,4.9991666666666665,False,,False,False,False,False,False,False,True,False,0.0,False,182.0,27.0,True,Premium ($50-$100),True,1000,1000,RGB,1000,1000,1.0,1000000,190.0123,153.560991,121.515965,155.029752,74.7572368814674
118359,"Item Name: 108ct Unicorn Birthday Party Candy Miniatures (2 lbs - approx 108pcs) Candy Included - No Assembly Required
Bullet Point 1: Flavors: Milk Chocolate Bars, Krackle Bars, Mr. Goodbars, And Special Dark Chocolate Bars
Bullet Point 2: Approx. 54 Pieces Per Pound
Bullet Point 3: This Item Is Heat Sensitive And Will Ship With Cool Pack Packaging As Needed
Bullet Point 4: Made In The USA
Value: 108.0
Unit: Count
",https://m.media-amazon.com/images/I/61KYDSQZhxL.jpg,62.99,108ct Unicorn Birthday Party Candy Miniatures (2 lbs - approx 108pcs) Candy Included - No Assembly Required,108.0,Count,$50-100,108ct Unicorn,Food & Beverage,0.5832407407407407,False,,False,False,False,True,False,False,False,False,3.0,False,107.0,17.0,True,Premium ($50-$100),True,1000,1000,RGB,1000,1000,1.0,1000000,238.693029,236.63591,236.285241,237.20472666666666,38.37364728984318
127902,"Item Name: Pillsbury Yeast-Raised Tender Rise Donut Mix
Bullet Point 1: 50 lb donut mix
Bullet Point 2: Versatile
Bullet Point 3: Tolerant
Value: 1.0
Unit: count
",https://m.media-amazon.com/images/I/81wxTAtK5uL.jpg,86.31,Pillsbury Yeast-Raised Tender Rise Donut Mix,1.0,count,$50-100,Pillsbury Yeast,Other,86.31,False,,False,False,False,False,False,False,False,False,0.0,False,44.0,6.0,True,Premium ($50-$100),True,2560,2560,RGB,2560,2560,1.0,6553600,219.66506469726562,214.32458602905274,220.47718002319337,218.15561024983725,63.0324424652099
4176,"Item Name: Juice Monster Pacific Punch, Energy + Juice, Energy Drink, 16 Ounce (Pack of 24)
Bullet Point 1: UNLEASH THE SALTY BEAST Naturally we added our Monster Energy Blend to help put wind in your sails and keep you steady and on course no matter how rough the seas.
Bullet Point 2: ENERGY plus JUICE Hawaiian it’s not. Lighter, less sweet and more complex. A flavor as deep and wide as its name sake the great Pacific.
Bullet Point 3: STOCK UP WITH A 24 PACK Your adventure awaits. Pacific Punch Juice Monster is available in a convenient pack of 24.
Bullet Point 4: Due to new FDA nutrition labeling requirements, product labels may vary from those pictured.
Value: 587.52
Unit: Fl Oz
",https://m.media-amazon.com/images/I/71rrh2OvIxL.jpg,75.98,"Juice Monster Pacific Punch, Energy + Juice, Energy Drink, 16 Ounce (Pack of 24)",587.52,Fl Oz,$50-100,Juice Monster,Food & Beverage,0.12932325708061,True,24.0,False,False,False,False,False,False,False,False,2.0,False,80.0,14.0,True,Premium ($50-$100),True,1200,813,RGB,1200,813,1.4760147601476015,975600,197.41144116441166,134.59003792537925,114.38358753587536,148.79502220855542,88.57823058675032
130421,"Item Name: Food to Live Organic Sprouted Pumpkin Seeds, 12 Pounds Non-GMO, Raw Kernels, No Shell, Unsalted, No Oil, Vegan Kosher, Bulk. Keto Snack. High in Protein, Omega Fats. Topping for Salads, Oats, Yogurt
Bullet Point 1: ✔️ DIFFERENT USES: Organic Pumpkin Seeds can be eaten raw or roasted and added to salads or baked goods.
Bullet Point 2: ✔️ ORGANIC PRODUCT: Food To Live Organic Pumpkin Seeds are kosher, non-GMO and free of gluten and toxins.
Bullet Point 3: ✔️ PROTEIN-RICH PLANT FOOD: A cup of Organic Pumpkin Seeds has 33 g of protein.
Value: 192.0
Unit: Ounce
",https://m.media-amazon.com/images/I/81+1WtG0cHL.jpg,94.99,"Food to Live Organic Sprouted Pumpkin Seeds, 12 Pounds Non-GMO, Raw Kernels, No Shell, Unsalted, No Oil, Vegan Kosher, Bulk. Keto Snack. High in Protein, Omega Fats. Topping for Salads, Oats, Yogurt",192.0,Ounce,$50-100,Food to,Food & Beverage,0.4947395833333333,False,,True,False,False,False,True,False,False,False,1.0,False,198.0,32.0,True,Premium ($50-$100),True,1687,2341,RGB,1687,2341,0.720632208457924,3949267,175.0769375684146,183.5346744092005,154.43207866168584,171.01456354643364,69.97793196588088
29766,"Item Name: Manischewitz Unsalted Tam Tams Snack Cracker, 9.6 Ounce - 12 per case.
Value: 115.2
Unit: Fl Oz
",https://m.media-amazon.com/images/I/71ijHE1BWpL.jpg,71.76,"Manischewitz Unsalted Tam Tams Snack Cracker, 9.6 Ounce - 12 per case.",115.2,Fl Oz,$50-100,Manischewitz Unsalted,Food & Beverage,0.6229166666666667,False,,False,False,False,False,False,False,False,False,3.0,False,70.0,12.0,True,Premium ($50-$100),True,1600,1600,RGB,1600,1600,1.0,2560000,196.496842578125,213.684624609375,214.500263671875,208.22724361979166,68.02366340372521
287174,"Item Name: Java One Coffee Portion Packs, 1-1/2oz Packs, Hazelnut Creme (705024)
Bullet Point 1: JAVA Coffee Portion Packs
Bullet Point 2: Sold as 1 CT
Product Description: Coffee Portion Packs, 1-1/2oz Packs, Hazelnut Creme / The finest Arabica beans are roasted in a patented convection roaster for high-quality, smooth, rich taste. Pre-measured portion pack brews one 10-cup pot of coffee. Beverage Type: Coffee; Flavor: Hazelnut Créme; Packing Type: Packet; Capacity (Volume) : NA.
Value: 1.0
Unit: Count
",https://m.media-amazon.com/images/I/71Ra3AeLSLL.jpg,56.78,"Java One Coffee Portion Packs, 1-1/2oz Packs, Hazelnut Creme (705024)",1.0,Count,$50-100,Java One,Food & Beverage,56.78,False,,False,False,False,False,False,False,False,False,4.0,False,69.0,10.0,True,Premium ($50-$100),True,1500,1500,RGB,1500,1500,1.0,2250000,184.70528711111112,185.792676,185.1075057777778,185.20182296296295,87.21090168565485
271249,"Item Name: Sweetened Coconut Flakes Fancy Shred by Its Delish, 10 lbs
Bullet Point 1: ALL NATURAL Premium Gourmet Fancy Shredded Raw Sweetened Coconut Flakes
Bullet Point 2: VALUE SIZE Ten Pounds (160 Oz) Bulk bag Its Delish brand
Bullet Point 3: TASTE & HEALTH Fresh, tasty and healthy, rich source of minerals and vitamins
Bullet Point 4: YUMMY Awesome for toppings and adding excitement, flavor and crunch to your favorite dishes
Bullet Point 5: QUALITY Certified Kosher OU Packed in the USA Non-GMO Gluten Free Vegan Shipped to you fresh!
Product Description: <p></p><b>Sweetened Coconut Flakes by Its Delish, 10 lbs</b> <p></p> Delicious and fresh coconut flakes raw and sweetened for health and taste! What a delight! These coconut flakes are healthy with protein and fiber and serve as a great snack by itself or to add to trail mix. They make an awesome topping for yogurt, salads, ice cream, baked goods, cereal, pancakes, and smoothies, oatmeal, granola, trail mixes etc.<p></p><b>About It's Delish!</b> <p></p>It's Delish was established in 1992 and is located in North Hollywood, California. It's Delish is a food manufacturer and distributor who produces over 500 gourmet food products including licorice, sour belts, taffies, caramels, Jordan almonds, chocolates, nuts, fruits, trail mixes, spices, and the spice blends. It's Delish also produces organics and all natural products. We give you the opportunity to order from the factory direct!<p></p>It’s Delish! prides itself on the four pillars that are at the foundation of everything we do.<p></p>Innovation Quality Value Service
Value: 160.0
Unit: Ounce
",https://m.media-amazon.com/images/I/910GUc2Hd9L.jpg,71.99,"Sweetened Coconut Flakes Fancy Shred by Its Delish, 10 lbs",160.0,Ounce,$50-100,Sweetened Coconut,Other,0.4499375,False,,False,False,False,False,False,False,False,False,1.0,False,58.0,10.0,True,Premium ($50-$100),True,1604,2560,RGB,1604,2560,0.6265625,4106240,193.14316528015897,192.82018537640275,189.44103681226622,191.80146248960932,73.46947781607938
28510,"Item Name: Nature Valley Chewy Granola Bar, Chocolate Chunk, 0.89 Oz (Pack of 120)
Value: 106.8
Unit: Ounce
",https://m.media-amazon.com/images/I/81VDDI+as+L.jpg,81.005,"Nature Valley Chewy Granola Bar, Chocolate Chunk, 0.89 Oz (Pack of 120)",106.8,Ounce,$50-100,Nature Valley,Food & Beverage,0.7584737827715355,True,120.0,False,False,False,False,False,False,False,False,3.0,False,71.0,12.0,True,Premium ($50-$100),True,2560,969,RGB,2560,969,2.6418988648090815,2480640,174.32314765544376,137.44664925180598,105.05103844169247,138.9402784496474,94.77568789060774
152517,"Item Name: Organic Keemun Panda #1 Tea (Loose) (8 oz, ZIN: 510484)
Bullet Point 1: Organic Keemun Panda #1 Tea (Loose) (8 oz, ZIN: 510484)
Bullet Point 2: No fillers.
Bullet Point 3: Manufacturer: TerraVita
Bullet Point 4: Size: 8 oz
Bullet Point 5: Loose Leaf Herbal Tea - Packed in a convenient upright pouch!
Product Description: Organic Keemun Panda #1 Tea (Loose) (8 oz, ZIN: 510484)<BR><BR>Packaged in the United States in a cGMP certified facility (current Good Manufacturing Practice).<BR><BR>No fillers.<BR><BR>Manufacturer: TerraVita<BR><BR>Size: 8 oz<BR><BR>Loose Leaf Herbal Tea - Packed in a convenient upright pouch!<BR><BR>Ingredients: Black Tea (Organic)
Value: 8.0
Unit: Ounce
",https://m.media-amazon.com/images/I/71UDLSsFR9L.jpg,55.49,"Organic Keemun Panda #1 Tea (Loose) (8 oz, ZIN: 510484)",8.0,Ounce,$50-100,Organic Keemun,Food & Beverage,6.93625,False,,True,False,False,False,False,False,False,False,3.0,False,55.0,10.0,True,Premium ($50-$100),True,1293,1480,RGB,1293,1480,0.8736486486486487,1913640,187.67260770050794,184.69114776028928,183.43194958299367,185.26523501459695,70.94424848452869
7315,"Item Name: Vegan Bolognese Premium Italian Pasta Sauce by Botticelli, 24oz Jars (Pack of 6) - Product of Italy - Gluten-Free - No Added Sugar, Artificial Colors, Flavors, or Preservatives
Bullet Point 1: VEGAN-FRIENDLY BOLOGNESE SAUCE - This bolognese vegan pasta sauce contains NO MEAT but tastes like one! It's made with soy and authentic italian tomatoes.
Bullet Point 2: BOLOGNESE PASTA SAUCE FOR ALL - No need to make separate pasta or meals for vegan and non-vegan family and friends! This flavorful vegan bolognese sauce tastes close to the real sauce with meat without having any meat at all!
Bullet Point 3: TASTES GREAT FOR HOMEMADE DISHES - Prepared using Italian recipes, Botticelli's vegan sauce brings authentic Italian mouth-watering flavors to your favorite spaghetti bolognese, lasagna, soup, and your other comfort foods!
Bullet Point 4: MADE WITH FRESH INGREDIENTS - Aside from soy and italian tomatoes, Botticelli's bolognese pasta sauce is a delicious mix of fresh olive oil, sunflower oil, onions, carrots, celery, garlic basil and sea salt.
Bullet Point 5: WELL-PACKED & SEALED GLASS JARS - Each glass jar is carefully sealed and packaged to keep its freshness and not broken when delivered at your doorstep.
Product Description: Botticelli Bolognese delicious Pasta Sauce is an essential staple for kitchens. A large number of recipes can be perfectly crowned with a spoonful of this product. A mountain of spaghetti, the base of pasta or can be used to improve the taste of any stew. As always, the ideal is to prepare foods at home, but, on many occasions, we make our way through the easy way and buy sauces for taste. However, what makes Botticelli Bolognese delicious Pasta Sauce is its vitamin and mineral content. It is a source of vitamins A, and C. Botticelli Sauce comes from carotenoids that are responsible for the intense red color of tomatoes. Moreover, the riper and redder a tomato is, the more carotenoids it will contain. Therefore, the best can of tomato that we can find in the supermarket is the one that maintains, to a greater extent, the benefits of this fruit/vegetable. The best Botticelli Bolognese delicious Pasta Sauce, in the supermarket is the most purist. In this case, the Botticelli explains that the best label for one of this tomato sauces is one in which four ingredients are read: tomato, extra virgin olive oil, salt, and sugar. The latter is used to correct the acid taste of tomatoes, but it is a controversial ingredient.
Value: 144.0
Unit: Ounce
",https://m.media-amazon.com/images/I/91SWkTcihPL.jpg,51.03,"Vegan Bolognese Premium Italian Pasta Sauce by Botticelli, 24oz Jars (Pack of 6) - Product of Italy - Gluten-Free - No Added Sugar, Artificial Colors, Flavors, or Preservatives",144.0,Ounce,$50-100,Vegan Bolognese,Food & Beverage,0.354375,True,6.0,False,True,False,False,False,False,False,False,2.0,False,176.0,28.0,True,Premium ($50-$100),True,2560,2560,RGB,2560,2560,1.0,6553600,178.68203536987303,145.6388459777832,138.83939498901367,154.38675877888997,90.64773699942948
152139,"Item Name: Silver Balls Tea (Loose) (4 oz, ZIN: 510614)
Bullet Point 1: Silver Balls Tea (Loose) (4 oz, ZIN: 510614)
Bullet Point 2: No fillers.
Bullet Point 3: Manufacturer: TerraVita
Bullet Point 4: Size: 4 oz
Bullet Point 5: Loose Leaf Herbal Tea - Packed in a convenient upright pouch!
Product Description: Silver Balls Tea (Loose) (4 oz, ZIN: 510614)<BR><BR>Packaged in the United States in a GMP certified facility (Good Manufacturing Practice).<BR><BR>No fillers.<BR><BR>Manufacturer: TerraVita<BR><BR>Size: 4 oz<BR><BR>Loose Leaf Herbal Tea - Packed in a convenient upright pouch!<BR><BR>Ingredients: Green Tea
Value: 4.0
Unit: Ounce
",https://m.media-amazon.com/images/I/71NLte9q0DL.jpg,85.22,"Silver Balls Tea (Loose) (4 oz, ZIN: 510614)",4.0,Ounce,$50-100,Silver Balls,Food & Beverage,21.305,False,,False,False,False,False,False,False,False,False,2.0,False,44.0,8.0,True,Premium ($50-$100),True,1293,1480,RGB,1293,1480,0.8736486486486487,1913640,189.49714366338497,188.6521550552873,184.74794057398466,187.6324130975523,68.92432014931897
98084,"Item Name: KaBloom PRIME NEXT DAY DELIVERY-Red and Pink Roses 12 with Greens Bouquet .Gift for Birthday, Sympathy, Anniversary, Get Well, Thank You, Valentine, Mother’s Day Fresh Flowers
Value: nan
Unit: None
",https://m.media-amazon.com/images/I/71XhCGN5OgL.jpg,86.22,"KaBloom PRIME NEXT DAY DELIVERY-Red and Pink Roses 12 with Greens Bouquet .Gift for Birthday, Sympathy, Anniversary, Get Well, Thank You, Valentine, Mother’s Day Fresh Flowers",,,$50-100,KaBloom PRIME,Other,,False,,False,False,False,False,False,False,True,False,1.0,False,175.0,26.0,True,Premium ($50-$100),True,1920,1920,RGB,1920,1920,1.0,3686400,90.82886881510417,73.02177924262153,124.1676353624132,96.00609447337963,66.54131157231524
9761,"Item Name: Pam Canola Oil Baking Spray with Flour (Pack of 10)
Product Description: Pam Baking Spray combines the no-stick power of Pam with real flour for a baking spray that reaches every nook and cranny. No need to grease and flour your bakeware! Plus, spray Pam Baking Spray on your baking sheets, pans and cookware to make cleanup easier. Bake your favorite recipes without artificial preservatives, colors or flavors. Prepare delicious cakes, cupcakes, brownies, muffins and more. With this no-stick spray, your baked goods will look great when they're easily removed from the pan. Pam Baking Spray has 0 calories and no fat per serving. Contains one 5oz spray can.
Value: 10.0
Unit: Count
",https://m.media-amazon.com/images/I/414iM3z+xjL.jpg,64.49,Pam Canola Oil Baking Spray with Flour (Pack of 10),10.0,Count,$50-100,Pam Canola,Health & Wellness,6.449,True,10.0,False,False,False,False,False,False,False,False,1.0,False,51.0,10.0,True,Premium ($50-$100),True,500,500,RGB,500,500,1.0,250000,234.960776,226.84746,229.531916,230.44671733333334,57.7202594209702
871,"Item Name: Giusti Italian Balsamic Vinegar Gift Set – Gourmet Collection of 3 Aceto Balsamico di Modena-Based Condiments, Matured in Single Wood Barrels: Oak, Juniper, and Cherry - 3 x 1.69 fl oz (3 x 50 ml)
Bullet Point 1: 3 BALSAMIC VINEGAR-BASED CONDIMENTS - The Modena Gold Collection features 3 bottles matured through the Decanter and Refill system to create wonderfully rich bouquets.
Bullet Point 2: DISTINCTLY DIFFERENT- Matured in barrels of oak, juniper, and cherry wood for distinctive and unique characteristics of each balsamic vinegar-based condiment.
Bullet Point 3: PERFECT GIFT FROM ITALY - A true gourmet food in beautiful packaging makes it a perfect gift for foodies and all occasions and holidays. Pair these rich Balsamic-based condiments with tomato, basil, mozzarella, olives, olive oil, chocolate, prosciutto and other fine foods.
Bullet Point 4: NUMEROUS FOOD PAIRINGS - Thick and rich in flavor and characterized by intense aromas of wood, ripe fruit, spices and vanilla. Enjoy the perfect balance between sweet and sour. Ideal with salads, cheese, veggies, chicken, steak, fish and more.
Bullet Point 5: ITALIAN MADE - Premium Condiments based on Balsamic Vinegar of Modena and made in Modena, Italy, by Acetaia Giusti, the oldest producer of Balsamic Vinegar of Modena and a global reference for high-quality Balsamico.
Bullet Point 6: ABOUT GIUSTI - Giusti has been producing Balsamic Vinegar of Modena since 1605, passing down an old family recipe for 17 generations.
Bullet Point 7: PRODUCT OF ITALY - Made in Modena, Italy through a careful selection of quality ingredients. Refined in over four hundred years of history, Acetaia Giusti combines respect for tradition with a modern and sustainable production philosophy, which enhances the people and the territory in which it operates.
Bullet Point 8: MODENA, ITALY - Modena is a small town in the Emilia-Romagna region of northern Italy. Located between two rivers, it features a subtropical climate perfect for growing grapes used in high-quality balsamic vinegar and winemaking. This region is the epitome of gourmet Italian food and condiments.
Bullet Point 9: MAKES A GREAT GIFT - Pair with other products from our line to create a thoughtful gift for holidays, anniversaries, birthdays, employee appreciation, thank you, and hosts. We recommend our best-selling Balsamic Vinegar of Modena - 3 Gold Medals, our White Wine Vinegar Condiment, and our 25-year-old Traditional Balsamic Vinegar of Modena DOP which is always appreciated by foodies, chefs, and home cooks.
Bullet Point 10: VISIT THE GIUSTI STORE - View recipe suggestions and additional gourmet Italian products such as aged balsamic vinegar of Modena, aceto balsamico di modena IGP, balsamic reduction, flavored vinegar, extra virgin olive oil, white wine vinegar, organic vinegar, and gourmet foods made with balsamic vinegar.
Product Description: These balsamic vinegars are aged through the Decanter and Refill system. This occurs when the vinegar is moved through a number of casks made of different woods in order for each barrel to lend its aroma and flavor to the vinegar creating a rich bouquet. They are each aged further in single casks of oak, juniper, or cherry wood so that they will each develop their own unique characteristics. This collection features one bottle of balsamic vinegar aged in each cask type:Oak (Rovere): Rich, with strong notes of vanilla. Juniper (Ginepro): Distinctive, strong, and unique aromas. Cherry Wood (Ciliegio): Warm in color with sweetly spicy notes. Versatile Food Pairings. With three different balsamic vinegars included in this collection, you will always have the perfect one to complement any meal. Pair with fresh pasta, fresh fruit, soft cheese, desserts, or salads. The possibilities are endless as each vinegar features different flavors that are brought out by multiple types of meals. Creates a Thoughtful Gift. The Monolegni Collection of balsamic vinegars comes packaged and ready for gift giving. This set will make a thoughtful gift for chefs, cooks, and foodies alike. Present this collection as a housewarming gift to a friend or family member and it will be treasured. Created in Modena, Italy. Giuseppe Giusti was founded in 1605 and is the longest running and most prestigious balsamic vinegar producer in the world. Dedicated to constantly improving its attention to the environment, Giusti adopts the most modern and best practices in order to reduce the environmental impact for greater sustainable agriculture. All of Giuseppe Giusti's vinegars are IGP certified to ensure you that they are authentic.
Value: 1.0
Unit: Count
",https://m.media-amazon.com/images/I/81AlDzAw1qL.jpg,79.99,"Giusti Italian Balsamic Vinegar Gift Set – Gourmet Collection of 3 Aceto Balsamico di Modena-Based Condiments, Matured in Single Wood Barrels: Oak, Juniper, and Cherry - 3 x 1.69 fl oz (3 x 50 ml)",1.0,Count,$50-100,Giusti Italian,Other,79.99,False,,False,False,False,False,False,True,False,False,6.0,False,196.0,35.0,True,Premium ($50-$100),True,2560,2560,RGB,2560,2560,1.0,6553600,169.18763778686522,137.4319934082031,134.66664962768556,147.09542694091797,92.13110202239555
59390,"Item Name: Ready Hour, Black Bean Burger Mix, Real Non-Perishable Recipe, 25-Year Shelf Life, Emergency and Adventure Food Supply, Includes 10 Resealable Pouches, 60 Servings
Bullet Point 1: TASTES GREAT: Black bean burger mix with bold flavor so good even meat lovers swear by them! Stays fresh with our special quadruple-wrapped pouching system. Made for emergencies, but good enough for everyday use… even camping!
Bullet Point 2: BE PREPARED: The world is unpredictable. Be ready for anything with our durable and flood-safe black bean mix container which features an easily transportable handle. Requires no refrigeration.
Bullet Point 3: LASTS UP TO 25 YEARS: Includes 10 resealable pouches, up to 60 servings. Can be stored anywhere that offers a cool and dry environment.
Bullet Point 4: NATURAL AND HEALTHY: Made with naturally harvested ingredients like black beans, rice, and oats. Great for Vegan meals.
Bullet Point 5: MADE IN THE USA: We're proudly based in Salt Lake City, Utah
Product Description: 7,200 Total Calories – 300g Protein – No Refrigeration Required – Gluten Free – Zero Saturated Fat – Easy-to-Transport Bucket with Handle – 5.34 Pounds – Can be used in any recipe that calls for fresh ground meat! – *Store in a cool, dry location at temperatures between 55° and 75° Fahrenheit. With 10 resealable pouches, you can use only what you need and save the rest for later. Re-sealed pouches last up to a year; sealed pouches last up to 25 years. Shelf life can vary depending on storage conditions.
Value: 72.0
Unit: Ounce
",https://m.media-amazon.com/images/I/71UXEsyXEhL.jpg,59.95,"Ready Hour, Black Bean Burger Mix, Real Non-Perishable Recipe, 25-Year Shelf Life, Emergency and Adventure Food Supply, Includes 10 Resealable Pouches, 60 Servings",72.0,Ounce,$50-100,Ready Hour,Food & Beverage,0.8326388888888889,False,,False,False,False,False,False,False,False,False,3.0,False,163.0,23.0,True,Premium ($50-$100),True,2560,2560,RGB,2560,2560,1.0,6553600,206.02211837768556,202.00040573120117,196.66052658081054,201.56101689656575,91.08476065867833
125495,"Item Name: DampRid Lavender & Vanilla Hanging Moisture Absorber, 3 ct, 42 Ounce - 3 Boxes,, 3Count ()
Bullet Point: DampRid Lavender & Vanilla hanging moisture absorber, 3 ct, 42 oz - 3 boxes
Value: 126.0
Unit: Ounce
",https://m.media-amazon.com/images/I/71U4oSnVZKL.jpg,55.0,"DampRid Lavender & Vanilla Hanging Moisture Absorber, 3 ct, 42 Ounce - 3 Boxes,, 3Count ()",126.0,Ounce,$50-100,DampRid Lavender,Other,0.4365079365079365,False,,False,False,False,False,False,False,False,False,4.0,False,90.0,16.0,True,Premium ($50-$100),True,1000,1000,RGB,1000,1000,1.0,1000000,171.838922,193.520312,210.374387,191.911207,72.82535710499343
18048,"Item Name: Brandy Yerba Mate Tea (50 tea bags, ZIN: 547742) - 3 Pack
Bullet Point: Our Brandy Yerba Mate tea is a scrumptuous all-natural flavored Yerba Mate coffee substitute with Figs (Turkish, Dried) and Nutmeg that will refresh you with its terrific taste! You will enjoy the earthy and acidity-free Brandy aroma and flavor again and again! - Ingredients: Yerba Mate, Figs (Turkish, Dried), Nutmeg and Natural Brandy Flavor.
Product Description: Our Brandy Yerba Mate tea is a scrumptuous all-natural flavored Yerba Mate coffee substitute with Figs (Turkish, Dried) and Nutmeg that will refresh you with its terrific taste! You will enjoy the earthy and acidity-free Brandy aroma and flavor again and again! - Ingredients: Yerba Mate, Figs (Turkish, Dried), Nutmeg and Natural Brandy Flavor. - Hot tea brewing method: Bring freshly drawn cold water to a rolling boil. Place 1 teabag for each desired cup into the teapot. Pour the boiling water into the pot, cover and let steep for 2-4 minutes. Pour into your cup; add milk and natural sweeteners to taste. - Iced tea brewing method: (To make 1 liter/quart): Place 5 teabags into a teapot or heat resistant pitcher. Pour 1 1/4 cups of freshly boiled water over the teabags. Steep for 5 minutes. Quarter fill a serving pitcher with cold water. Pour the tea into the serving pitcher. Add ice and top up with cold water. Garnish and sweeten to taste. - TerraVita is an exclusive line of premium-quality, natural source products that use only the finest, purest and most potent ingredients found around the world. TerraVita is hallmarked by the highest possible standards of purity, potency, stability and freshness. All of our products are prepared with the highest elements of quality control, from raw materials through the entire manufacturing process, up to and including the moment that the bottles or bags are sealed for freshness and shipped out to you. Our highest possible standards are certified by independent laboratories and backed by our personal guarantee. - TerraVita exists to meet and ensure your family's health and wellness without the harmful effects of chemicals and health products. We strive to make all of our products affordable and reliable and are constantly searching th
Value: 150.0
Unit: Count
",https://m.media-amazon.com/images/I/81QLYbbmqhL.jpg,93.46,"Brandy Yerba Mate Tea (50 tea bags, ZIN: 547742) - 3 Pack",150.0,Count,$50-100,Brandy Yerba,Food & Beverage,0.6230666666666667,True,3.0,False,False,False,False,False,False,False,False,3.0,False,57.0,12.0,True,Premium ($50-$100),True,1588,2560,RGB,1588,2560,0.6203125,4065280,191.00885916837217,184.4332451885233,134.55682511413727,169.99964315701092,67.103946620761
125012,"Item Name: Amoretti - Key Lime Craft Puree® 9 lbs - Perfect for Brewing, Cocktails, and other Beverages, Made of Real Fruit, No Preservatives, Filtered, Super Concentrated, Fully Pasteurized, TTB Registered
Bullet Point 1: INCREDIBLE VERSATILITY: Infuse amazing flavor into your beer, cocktails, wines, and other beverages with our Craft Purées.
Bullet Point 2: SPECIFICATIONS: No preservatives, naturally flavored, super concentrated, pasteurized, filtered, TTB registered, shelf-stable, no agitating or mixing needed, and handcrafted in Southern California.
Bullet Point 3: HIGHEST QUALITY: We use only the finest and freshest ingredients to deliver delicious natural flavors in each serving.
Bullet Point 4: PUMP INCLUDED: Ensure your creations taste the same every time you make them. We include an accurate portion-controlling pump with each bottle.
Bullet Point 5: USE LEVEL: Add ?-1 pump per 12 fl. oz. or 1-3 fl. oz. by weight per gallon.
Value: 9.0
Unit: pound
",https://m.media-amazon.com/images/I/51uvpu3d6hL.jpg,143.38,"Amoretti - Key Lime Craft Puree® 9 lbs - Perfect for Brewing, Cocktails, and other Beverages, Made of Real Fruit, No Preservatives, Filtered, Super Concentrated, Fully Pasteurized, TTB Registered",9.0,pound,$100-200,Amoretti,Food & Beverage,15.931111111111113,False,,False,False,False,False,True,False,False,True,1.0,False,195.0,29.0,True,Luxury ($100+),True,1400,1400,RGB,1400,1400,1.0,1960000,250.82817295918366,248.09212040816325,237.79131887755102,245.570537414966,25.46540152468101
60221,"Item Name: Food to Live Organic Dragon Fruit Powder, 8 Pounds – Non-GMO, Powdered Red Pitaya, Vegan, Bulk. Contains Maltodextrin. Rich in Antioxidants, Fiber, Vitamin C. Perfect for Shakes, Smoothie Bowls
Bullet Point 1: ✔️ ORGANIC & NON-GMO: Food to Live Dragon Fruit Powder is Organic and Non-GMO. Moreover, it is also Raw and suitable for various diets including vegan.
Bullet Point 2: ✔️ MADE FROM RED-FLESH PITAYA: Unlike other brands that retrieve their powder from red-skin pitaya with white flesh inside, our Organic Pitaya Powder is made from red-flesh pitaya. It can boast both a sweeter and juicier taste and higher nutritional value.
Bullet Point 3: ✔️ HIGHLY NUTRITIOUS, GREAT SOURCE OF ANTIOXIDANTS: Our Organic Red Dragon Fruit Powder is rich in fiber, protein, and Vitamins C and B2. It is also a great source of Magnesium, Potassium, Iron, and antioxidants like flavonoids, phenolic acid, and betacyanin.
Bullet Point 4: ✔️ 100% NON-ARTIFICIAL FOOD COLORING AGENT: Red Pitaya Dragon Fruit Powder contains no artificial coloring or flavors. You can add it to your baking goods to grant them a magnificent pink color. Use it for coloring your frosting, batter, fillings, and even rice.
Bullet Point 5: ✔️ VERSATILE USES, FANTASTIC SMOOTHIE INGREDIENT: Sprinkle Organic Powdered Pitaya over your oatmeal, salads, desserts, puddings, yogurts, and ice cream. Moreover, you are welcome to mix 1-2 teaspoons into your shakes, smoothies, lattes, and juices. Mix with water and ice to create DIY Vitamin water in minutes.
Value: 128.0
Unit: Ounce
",https://m.media-amazon.com/images/I/81wod3f6x5L.jpg,198.16,"Food to Live Organic Dragon Fruit Powder, 8 Pounds – Non-GMO, Powdered Red Pitaya, Vegan, Bulk. Contains Maltodextrin. Rich in Antioxidants, Fiber, Vitamin C. Perfect for Shakes, Smoothie Bowls",128.0,Ounce,$100-200,Food to,Food & Beverage,1.548125,False,,True,False,False,False,True,False,False,False,1.0,False,193.0,29.0,True,Luxury ($100+),True,1687,2341,RGB,1687,2341,0.720632208457924,3949267,186.35462454171875,173.92505444681254,162.57570936581396,174.28512945144843,68.1839935057986
120638,"Item Name: SINZERO Sparkling Brut – Non-Alcoholic Sparkling Wine – Dealcoholized Champagne Alternative – Crisp & Refreshing – Vegan, Low Calories – 750ml (25.4 Fl Oz) – 6 Pack – Made with 100% Chardonnay Grapes
Bullet Point 1: Optimal solution: Enjoy a moment of deep relax in the comfort of your own home with the non-alcoholic sparkling brut! Made with delicious ingredients, this is a must-have for creating timeless moments with our friends.
Bullet Point 2: Unique blends: SINZERO non-alcoholic sparkling brut is the first sparkling made with 100% Chardonnay grapes produced in Chile. The 750 ml bottles contain a gold and bright non-alcoholic sparkling with balanced acidity
Bullet Point 3: Superb aroma: The vegan sparkling contains powerful ingredients such as banana, peaches, and lime. The sparkling wine has a balanced acidity that allows you to enjoy the crispy and light bubbles in the mouth.
Bullet Point 4: Easy to combine: Best served at 8°C, the brut sparkling can accompany salads, seafood, and Japanese food with success. Experience the fresh and unique taste of our SINZERO sparkling even if you are a driver, pregnant woman, or athlete.
Bullet Point 5: For a healthier life: Help your friends and family consume a healthier drink with just 1/3 of the calories typically found in each glass. This non-alcoholic sparkling is the perfect option for vegans or people who keep a string non alcoholic diet.
Value: 152.16
Unit: Fl Oz
",https://m.media-amazon.com/images/I/71NWasuVz3L.jpg,121.99,"SINZERO Sparkling Brut – Non-Alcoholic Sparkling Wine – Dealcoholized Champagne Alternative – Crisp & Refreshing – Vegan, Low Calories – 750ml (25.4 Fl Oz) – 6 Pack – Made with 100% Chardonnay Grapes",152.16,Fl Oz,$100-200,SINZERO Sparkling,Other,0.8017218717139852,True,6.0,False,False,False,False,False,False,True,False,5.0,True,199.0,33.0,True,Luxury ($100+),True,2000,2000,RGB,2000,2000,1.0,4000000,180.8532695,181.9295815,179.8684805,180.88377716666668,93.6545134252465
262211,"Item Name: Kikkoman Rice Vinegar, 1 Gallon -- 4 per case.
Product Description: Kikkoman Rice Vinegar, 1 Gallon -- 4 per case. Kikkoman Rice Vinegar is milder in flavor than other vinegars. There is also a hint of sweetness from the rice it is made from. Country of Origin: United States, Kosher
Value: 4.0
Unit: Count
",https://m.media-amazon.com/images/I/41ao6Do0BuL.jpg,100.205,"Kikkoman Rice Vinegar, 1 Gallon -- 4 per case.",4.0,Count,$100-200,Kikkoman Rice,Other,25.05125,False,,False,False,False,False,False,False,False,False,2.0,False,46.0,9.0,True,Luxury ($100+),True,500,500,RGB,500,500,1.0,250000,237.620536,230.355676,194.922576,220.96626266666667,56.049655501103125
174318,"Item Name: Food to Live - Raw Hazelnuts, 12 Pounds Filberts, Whole Nuts, No Shell, Unsalted, Kosher, Vegan, Bulk. Wholesome Snack. Rich in Vitamin E. Great for Baking, Trail Mixes, as a Topping.
Bullet Point 1: ✔️High-quality, naturally sourced hazelnuts carefully selected for a rich, authentic taste.
Bullet Point 2: ✔️Versatile ingredient suitable for sweet and savory dishes or as a satisfying snack.
Bullet Point 3: ✔️Raw hazelnuts with natural skins, perfect for roasting, baking, or making nut-based recipes.
Bullet Point 4: ✔️Packed to maintain freshness, ensuring optimal flavor and texture with proper storage.
Bullet Point 5: ✔️Processed in a facility that handles wheat; contains tree nuts.
Value: 192.0
Unit: Ounce
",https://m.media-amazon.com/images/I/91toC1motLL.jpg,142.62,"Food to Live - Raw Hazelnuts, 12 Pounds Filberts, Whole Nuts, No Shell, Unsalted, Kosher, Vegan, Bulk. Wholesome Snack. Rich in Vitamin E. Great for Baking, Trail Mixes, as a Topping.",192.0,Ounce,$100-200,Food to,Food & Beverage,0.7428125,False,,False,False,False,False,True,False,False,False,1.0,False,183.0,31.0,True,Luxury ($100+),True,1687,2341,RGB,1687,2341,0.720632208457924,3949267,178.1911455973982,179.20541102943915,155.12586209035751,170.84080623906496,70.33414831514193
157376,"Item Name: Otis Spunkmeyer Delicious Essentials Wild Blueberry Muffin, 4 Ounce -- 48 per case.
Bullet Point: Ships frozen, CANNOT be cancelled after being processed.
Product Description: Otis Spunkmeyer Delicious Essentials Wild Blueberry Muffin, 4 Ounce -- 48 per case. Let the power of Otis Spunkmeyers premium muffins wake up your sales! Our muffins are moist, crumbly and simply irresistible! Your customers know it and your profits will prove it. With Otis Spunkmeyers premium baked goods, youll increase dollar rings and sweeten your bottom line again and again. Otis new Delicious Essentials muffins are Reduced Fat and made with Whole Grain! Offer a healthy breakfast and snack option thats sure to give sales a healthy boost! Available in Blueberry, Banana, Chocolate Chocolate Chip and Apple Cinnamon. Available in 1.8 oz (1 bread requirement) Reduced Fat: No more than 30% of calories from fat and no more than 10% of calories from saturated fat. Zero Grams Trans Fat No more than 30% added sugar by weight Made with Whole Grain.Ingredients: Sugar, Enriched Bleached Flour (Bleached Flour, Malted Barley Flour, Niacin, Reduced Iron, Thiamin Mononitrate, Riboflavin, Folic Acid), Soybean Oil, Eggs, Blueberries, Water, Food Starch - Modified. Contains 2% or less of the following: Leavening (Sodium Aluminum Phosphate, Baking Soda, Monocalcium Phosphate), Wheat Gluten, Salt, Soy Flour, Whey, Potassium Sorbate as a preservative, Propylene Glycol Monostearate, Mono- and Diglycerides, Natural and Artificial Flavor, Sodium Stearoyl Lactylate, Xanthan Gum, Calcium Sulfate, Lecithin.
Value: 48.0
Unit: Count
",https://m.media-amazon.com/images/I/51XDx3ig2-L.jpg,145.72,"Otis Spunkmeyer Delicious Essentials Wild Blueberry Muffin, 4 Ounce -- 48 per case.",48.0,Count,$100-200,Otis Spunkmeyer,Health & Wellness,3.035833333333333,False,,False,False,False,False,False,False,False,False,2.0,False,83.0,13.0,True,Luxury ($100+),True,500,500,RGB,500,500,1.0,250000,198.930416,160.900168,141.423992,167.08485866666666,89.98150970990294
157435,"Item Name: Schwans Tonys Smart Pizza Whole Grain Cheese Pizza, 4.6 Ounce -- 96 per case.
Bullet Point: Ships frozen, CANNOT be cancelled after being processed.
Product Description: Schwans Tonys Smart Pizza Whole Grain Cheese Pizza, 4.6 Ounce -- 96 per case. Tonys 4x6 with whole grain goodness, part of the delicious SmartPizza(TM) line. Your kids will love the great taste and authentic appearance and youll fell great serving it. Whole Grain item 78673 includes 51% whole grains, over one CN bread serving from whole grains. We use white whole wheat flour for a texture and appearance similar to traditional white crust. CN approved 2 ounces of meat/meat alternative 4.6 Ounce
Value: 441.6
Unit: Ounce
",https://m.media-amazon.com/images/I/316yP-Fd3WL.jpg,134.66,"Schwans Tonys Smart Pizza Whole Grain Cheese Pizza, 4.6 Ounce -- 96 per case.",441.6,Ounce,$100-200,Schwans Tonys,Other,0.3049365942028985,False,,False,False,False,False,False,False,False,False,3.0,False,77.0,14.0,True,Luxury ($100+),True,220,220,RGB,220,220,1.0,48400,235.44793388429753,218.18935950413223,200.77462809917355,218.13730716253443,55.66052638726393
225576,"Item Name: Cameron's Coffee Roasted Ground Coffee Bags, 100% Colombian, 2.5-Ounce, (Pack of 42)
Bullet Point 1: RESPONSIBLY SOURCED: Cameron's is committed to 100% Responsibly Sourced Coffee from around the world
Bullet Point 2: ALWAYS SMOOTH, NEVER BITTER: (Pack of 42), 2.5 Ounce bags of Cameron's 100% Colombian. We craft Cameron's Coffee to be the smoothest, most flavorful coffee possible. Our coffee is sustainable, hand-crafted, and small-batch roasted.
Bullet Point 3: RICH AND FLAVORFUL: 100% Colombian beans roasted to perfection. With balanced flavor and a creamy finish, this is everything good coffee should be.
Bullet Point 4: POSITIVELY FOCUSED: From the farmers we choose to work with, to the actions we take to reduce waste (like reducing water consumption in the roasting process). Cameron’s Coffee is committed to doing the right thing. We're here to Make Every Day Brighter
Bullet Point 5: CAMERON'S PUTS QUALITY FIRST: We choose only specialty grade Arabica, Top 10% of beans in the world, giving you a craveable cup of coffee that's never over-roasted
Value: 105.0
Unit: Ounce
",https://m.media-amazon.com/images/I/61YhdTbjzxL.jpg,154.91,"Cameron's Coffee Roasted Ground Coffee Bags, 100% Colombian, 2.5-Ounce, (Pack of 42)",105.0,Ounce,$100-200,Cameron's Coffee,Food & Beverage,1.4753333333333334,True,42.0,False,False,False,False,False,False,False,False,4.0,True,84.0,12.0,True,Luxury ($100+),True,1442,1987,RGB,1442,1987,0.7257171615500755,2865254,211.83151650778603,233.9844237195027,237.12842107540902,227.6481204342326,59.434522307195515
195443,"Item Name: Orange Blossom Tea (Loose) (8 oz, ZIN: 513614) - 3 Pack
Bullet Point 1: Orange Blossom Tea (Loose) (8 oz, ZIN: 513614)
Bullet Point 2: No fillers.
Bullet Point 3: Manufacturer: TerraVita
Bullet Point 4: Size: 8 oz
Bullet Point 5: Loose Leaf Herbal Tea - Packed in a convenient upright pouch!
Product Description: Orange Blossom Tea (Loose) (8 oz, ZIN: 513614)<BR><BR>Packaged in the United States in a GMP certified facility (Good Manufacturing Practice).<BR><BR>No fillers.<BR><BR>Manufacturer: TerraVita<BR><BR>Size: 8 oz<BR><BR>Loose Leaf Herbal Tea - Packed in a convenient upright pouch!<BR><BR>Ingredients: Orange Blossom
Value: 24.0
Unit: Ounce
",https://m.media-amazon.com/images/I/81l92O4gbmL.jpg,150.11,"Orange Blossom Tea (Loose) (8 oz, ZIN: 513614) - 3 Pack",24.0,Ounce,$100-200,Orange Blossom,Food & Beverage,6.254583333333334,True,3.0,False,False,False,False,False,False,False,False,3.0,False,55.0,11.0,True,Luxury ($100+),True,1588,2560,RGB,1588,2560,0.6203125,4065280,191.0404491203558,184.4662015900504,134.61452888853904,170.0403931996484,67.20793603599836
296940,"Item Name: Island Oasis Banana Fruit Puree Beverage Mix, 33.9 Fluid Ounce (Pack of 12)
Bullet Point 1: Our banana mix is crafted with real, creamy bananas and pure cane sugar for impeccable taste in all of your favorite beverages.
Bullet Point 2: Island Oasis Banana Fruit Puree is shelf stable, making it easy to store and pour smoothies, cocktails and more.
Bullet Point 3: Shake, blend or mix it – however you want to pour pure paradise, our banana drink mix lets you do just that! From frozen drinks to smoothies and aguas frescas, you can easily craft a variety of beverages across your menu.
Bullet Point 4: Made with real ingredients for drink you can feel good about. As part of the Forest Stewardship Council, we're committed to responsibly sourced packaging. By choosing products with the FSC label, you're helping to take care of the world's forests.
Bullet Point 5: Since 1984, we’ve helped craft world famous frozen drinks with the freshest fruits and premium ingredients so you can enjoy true refreshment in its purest form. Sip into Pure Paradise!
Value: 406.8
Unit: Fl Oz
",https://m.media-amazon.com/images/I/61fbU4Mym8L.jpg,159.98,"Island Oasis Banana Fruit Puree Beverage Mix, 33.9 Fluid Ounce (Pack of 12)",406.8,Fl Oz,$100-200,Island Oasis,Food & Beverage,0.3932645034414945,True,12.0,False,False,False,False,False,False,False,False,3.0,False,75.0,13.0,True,Luxury ($100+),True,1000,1000,RGB,1000,1000,1.0,1000000,240.114596,228.153692,195.201174,221.15648733333333,58.98214520554368
