sample_id,price
218346,25.99
276594,2.69
38444,7.99
42714,3.695
235298,30.37
194521,6.67
279521,23.935
107728,3.4000000000000004
293839,6.6
215546,4.835000000000001
71080,73.77
184186,4.67
143293,17.99
192740,39.95
97138,4.59
61218,1.435
241488,9.79
279386,5.99
115897,3.7
273140,7.99
38571,9.27
109113,12.99
107145,19.545
22179,14.99
1629,30.98
64476,25.49
195506,95.36
249883,24.99
250774,29.98
98530,25.94
157875,18.49
198758,6.96
177396,28.99
110026,15.49
161242,132.69
191246,48.19
155351,3.95
235836,6.88
125583,5.47
103804,48.0
8990,2.38
11442,2.79
281266,1.99
252898,19.205
53277,39.99
163985,4.58
117240,12.18
224130,2.75
246240,27.71
73398,14.49
126885,1.44
24758,36.75
62007,6.53
72700,25.95
27786,8.68
141274,15.239999999999998
195710,93.79
298741,5.18
247460,50.61
222747,20.24
12141,18.68
208381,14.9
157015,150.11
213570,27.49
150055,14.99
14461,4.9
10826,11.45
159962,5.29
63726,13.9
215909,4.96
159028,69.22
144009,81.92
272760,8.64
133368,9.39
154885,43.83
212095,21.09
209505,80.49
139360,3.06
221899,15.99
13282,9.03
187207,38.98
12917,5.99
174845,13.02
216647,20.99
287416,6.0200000000000005
162355,6.69
189151,18.99
268301,14.27
295227,19.89
179334,28.99
112760,21.95
17777,49.99
221085,4.79
230924,5.99
159199,5.79
64418,9.99
280459,20.840000000000003
63179,10.49
278828,5.1850000000000005
186306,12.69
187080,2.685
288848,25.11
70535,12.99
148029,29.45
287331,8.94
110125,17.98
156566,31.47
87549,6.67
23460,3.14
181218,58.99
52847,9.99
222853,88.99
52337,29.99
267070,22.99
28508,4.81
287638,1.755
77989,4.19
159621,29.22
140960,11.5
23934,28.99
55089,27.99
208742,17.39
21197,3.0
221336,9.99
203384,5.49
288292,26.0
241221,29.07
264445,0.98
252479,5.88
254270,34.99
73148,8.48
200785,35.99
161390,9.99
117557,7.88
203584,129.98
182481,10.935
273657,24.5
233735,53.99
124799,7.51
256047,4.64
68695,5.29
157864,6.5
245755,27.43
67225,15.9
22793,36.385000000000005
127638,38.715
104343,8.190000000000001
281874,10.0
117352,15.84
9579,21.99
224855,12.99
81087,8.49
229966,56.49
259868,49.52
140203,20.99
229854,19.95
288568,19.46
175679,15.85
269888,8.99
14671,42.15
177499,27.94
243112,23.3
8467,52.99
57164,7.645
273951,12.78
238556,37.69
220804,1.49
175488,35.245000000000005
282847,12.6
2977,51.485
167595,101.99
269018,8.26
186333,10.39
187321,7.855
71837,15.99
200587,19.01
29875,8.085
293873,19.97
125055,5.4
167435,33.82
55731,10.99
125469,2.39
6465,8.48
257016,5.88
131989,11.14
28627,2.49
145390,13.52
204659,12.185
199689,36.49
297714,18.99
188026,12.48
154796,31.91
60961,1.315
235599,7.99
170620,5.45
24783,5.67
52170,105.0
277172,1.34
202740,79.99
57691,2.575
2481,50.13
230050,40.445
193553,8.88
51332,13.99
90720,27.94
158769,40.55
117595,27.0
286245,61.4
9869,73.4
17403,2.98
295292,2.99
225529,13.035
252589,25.95
47452,3.68
37681,11.135
64710,42.39
258846,7.85
33109,13.99
115062,19.87
195341,44.48
250385,22.99
292128,9.805
191743,6.42
62828,55.69
228729,5.0
135726,119.99
31904,19.09
210442,5.89
30856,7.16
297780,28.99
288885,7.95
186511,15.19
210662,6.985
53732,26.88
174111,1.99
23073,6.48
178597,47.98
91247,18.62
217679,13.49
270347,6.9
162737,6.99
114052,9.24
111823,7.49
284401,5.99
226129,20.99
105352,35.99
228316,31.97
241008,7.95
139826,15.99
106925,17.99
223375,37.99
277117,2.79
61710,3.49
92649,1.99
155813,1.79
92330,52.935
59661,23.95
184995,4.325
4443,19.99
62210,6.49
98220,11.99
116175,6.99
70812,6.69
159769,12.99
139707,13.99
248726,12.78
115692,14.36
10930,32.95
68957,2.68
125412,2.72
102344,56.91
241843,4.06
154950,12.39
20397,7.99
139673,11.99
86041,9.55
233384,5.27
187679,5.13
223840,8.0
148046,9.97
191683,4.95
234039,27.93
166802,35.12
248467,15.99
203031,9.99
71099,11.94
112010,23.96
200653,57.98
42524,20.99
33663,9.94
125289,38.93
172748,4.98
12684,17.99
59286,12.99
282053,19.0
182720,20.995
90935,6.89
181578,8.11
73880,95.84
53854,23.745
268484,19.99
231506,1.59
265495,17.99
63186,12.83
17108,25.16
15042,28.48
295248,25.535
27343,2.56
65426,15.39
229560,25.6
41454,18.5
250867,5.98
170313,5.655
104212,34.99
36334,14.12
8368,13.99
226925,22.0
42008,7.895
131247,27.86
240821,28.06
278969,28.78
70789,84.9
290020,12.88
17511,16.95
286315,6.95
158705,6.99
266354,5.29
18208,50.19
148291,67.78
170578,9.235
110902,4.635
121640,11.99
276758,4.39
261978,1.29
9050,10.99
66377,24.91
6579,49.95
281903,4.255
7577,18.99
127988,82.92
235988,19.955
251210,9.19
120221,6.99
276362,1.48
68987,3.385
89400,5.89
225742,13.965
18417,32.3
144559,11.25
166148,149.94
92997,13.35
276088,6.01
255705,28.16
72295,55.0
89414,4.49
100285,17.99
271701,22.99
98256,3.56
41087,27.17
233949,40.89
8400,62.68
104796,23.4
290369,2.27
240150,2.79
38424,59.49
10355,1.0
68256,37.985
55593,4.99
78611,3.045
224150,2.48
230149,13.17
206488,15.98
128698,20.49
135471,12.74
248636,28.98
27571,20.895
197350,7.1
171074,78.89
141113,34.99
286653,6.07
60944,3.33
97094,29.99
233214,19.99
110616,89.99
53924,18.99
18393,64.13
242218,24.99
288648,9.875
201281,13.99
99084,14.78
238929,6.390000000000001
270350,15.99
81417,2.07
142071,9.06
269903,11.55
218292,25.99
208951,0.64
11934,7.99
215205,33.98
228405,79.92500000000001
167840,3.17
257955,2.59
240896,47.36
100538,13.99
30451,3.58
64103,9.995
101521,14.99
248978,10.99
54244,12.88
209408,20.99
96377,4.105
20514,79.95
168824,9.99
142054,50.1
75704,94.99
229091,3.79
76182,8.67
192163,13.51
246354,14.95
116174,5.49
266445,36.59
124484,4.695
97200,91.1
280317,10.965
239435,3.26
63105,46.99
25860,4.395
57288,35.99
157769,24.49
134421,40.28
212642,29.59
200756,18.99
219826,5.99
76824,4.51
215593,18.99
282511,2.29
59146,2.49
175981,6.755
192479,14.99
29759,25.41
56288,55.95
238440,59.99
106924,2.62
240668,1.4300000000000002
124301,8.99
129929,1.48
7878,36.99
7959,37.5
50339,45.0
106351,29.49
16728,9.49
145705,27.4
294323,29.27
204437,30.075000000000003
200663,12.99
214084,21.99
11820,39.9
180066,5.99
137309,6.195
287217,313.91
19795,23.36
83551,1.48
181061,6.79
19275,18.445
135963,2.33
70046,10.0
141646,11.98
119314,42.99
282002,3.18
143474,49.99
286513,11.985
175617,1.265
14521,7.61
121605,23.4
134982,46.63
94823,45.0
152969,9.29
91033,3.09
298485,12.09
154059,55.19
85610,6.635
24565,61.36
81444,11.725
174125,8.21
156120,13.77
219610,4.12
36872,19.18
272067,13.0
271742,5.94
191831,17.35
143569,141.62
240709,16.95
90028,1.63
234874,19.32
114812,38.9
31791,43.79
193551,34.03
216245,4.915
253315,6.49
89352,4.565
96375,5.98
112176,12.99
101162,48.95
149535,72.8
230209,33.91
203713,24.91
97172,2.78
188910,12.74
166996,67.1
243339,24.99
115654,175.98
77990,61.17
87432,17.99
204546,10.85
171460,4.69
113601,27.95
43325,30.09
110591,43.99
156727,31.29
16600,2.99
286312,21.88
280211,17.15
102842,3.54
129003,22.9
95362,40.71
24352,36.3
242787,14.39
236466,1.98
169336,18.75
245163,15.64
152377,28.07
57882,41.99
282340,73.485
99091,2.74
291761,147.89
253802,19.98
271910,5.54
183836,9.49
100805,4.49
861,19.99
18337,23.36
85780,4.0
165495,5.99
56236,14.99
241670,9.94
294138,30.44
95603,72.6
131338,10.68
123922,12.7
188849,4.86
65846,12.89
111155,22.275
254602,89.99
227887,12.0
156788,1.68
25902,8.49
96860,19.82
10085,8.84
96739,37.99
293496,2.34
153185,15.51
141944,6.99
285165,6.555
28085,16.73
97902,17.99
146685,20.68
32086,20.99
284207,6.985
197131,7.83
279033,19.37
99652,12.87
45964,4.050000000000001
120337,13.62
44714,3.12
149516,23.25
147364,51.54
161062,70.5
207314,13.99
158071,9.89
104938,2.48
286099,9.055
292034,20.025
24581,3.49
138823,3.39
248938,16.5
92576,60.59
87176,4.48
37202,4.38
274932,15.49
256877,35.845
210155,17.68
283289,18.75
255003,15.99
174476,41.29
73017,15.0
111493,14.49
122401,25.95
20884,46.93
109230,30.0
148963,18.99
228768,4.97
2113,81.92
79945,10.165
94038,11.37
123606,17.99
34344,11.48
240983,30.43
269298,3.975
200226,7.7
61793,7.77
227564,9.49
7422,4.49
265566,21.99
257286,21.24
218254,17.99
227583,6.49
153519,1.465
62530,27.48
232946,63.99
51984,25.95
200666,26.99
131938,34.99
267652,3.115
166585,12.48
25336,9.4
254465,5.225
253669,2.99
180639,5.99
65448,6.99
24730,11.98
272377,3.54
87086,5.29
143800,46.8
256813,12.53
181600,45.38
195429,421.72
148609,33.84
1105,25.67
261462,4.99
256464,2.78
62443,10.95
172868,3.83
227141,9.49
166579,12.48
50624,28.75
96179,34.76
140058,8.99
233736,11.5
208902,6.99
277003,13.47
70994,7.79
233683,10.2
266833,18.99
102767,11.685
29590,7.28
270130,5.545
31808,6.69
134888,14.52
47058,3.29
221276,14.99
19801,64.31
32426,3.73
38529,11.31
159026,17.2
22984,2.28
94423,3.49
191168,4.575
170065,7.41
274871,9.17
46217,7.73
155715,8.15
243125,41.39
15934,6.91
121293,11.74
167273,3.58
271191,22.99
93682,9.5
231004,19.96
129421,7.79
54522,7.97
44780,54.95
33537,6.18
47516,23.75
99671,122.0
166068,2.98
169222,1.7
225362,4.24
120126,23.99
135608,6.79
118173,23.45
216892,14.99
3954,37.99
120000,20.8
213485,8.99
98645,11.99
215772,11.99
248582,18.99
11498,25.99
23552,99.77
33405,7.785
261332,13.435
127778,72.6
241344,14.59
72334,3.19
159816,10.58
108757,20.99
241176,23.95
245555,17.99
266916,5.87
134752,13.345
62237,60.105
167593,12.95
114372,7.390000000000001
9807,23.63
197712,6.81
69432,3.98
178891,16.68
292143,7.46
75908,29.28
15163,24.99
131687,7.43
57668,6.99
174065,117.81
246247,7.98
208127,11.99
242901,18.0
91298,21.285
17638,15.525
187640,11.99
133707,127.14
177496,8.89
157076,65.99
194995,23.64
247134,6.34
57828,31.99
59832,12.99
18364,37.63
235761,55.39
175537,32.99
237218,17.95
46821,8.49
257077,8.79
296450,12.58
194984,11.36
102720,19.99
35870,4.12
203885,18.975
258822,11.435
253972,39.015
51607,11.165
12456,3.98
163593,47.24
154233,30.71
130806,4.735
238952,32.95
209771,1.49
26653,16.59
164848,10.0
62420,2.36
251812,1.28
232333,4.93
241954,81.18
65565,71.67
90277,10.82
88582,12.99
242749,5.985
267081,32.99
113641,64.745
284411,6.12
276802,10.59
229339,63.175
50019,12.48
121486,10.77
150580,20.99
113981,5.24
89534,19.98
3054,53.09
187234,50.87
293905,6.135
65381,22.68
225638,8.24
207208,47.99
175058,13.49
89911,12.06
129617,14.99
260884,31.8
267374,39.99
194076,3.47
13566,32.99
216603,34.765
268344,2.4450000000000003
177990,9.98
123165,37.96
134661,19.68
152652,5.54
161166,84.35
68349,43.99
287098,9.865
90064,14.99
65965,42.47
36550,167.99
65883,20.49
52300,15.489999999999998
230515,2.99
96679,24.99
266912,29.99
138093,46.99
180205,2.39
86822,46.09
189104,2.49
247360,25.98
201925,17.98
243918,68.99
219298,34.48
49381,27.99
256058,36.99
252102,11.94
161608,119.41
109831,46.99
240300,34.99
125471,18.98
187096,8.65
28616,8.29
1323,9.635
131759,14.96
74268,18.19
78357,55.28
76817,11.335
215395,19.59
250219,4.23
216704,8.63
90202,2.18
101952,4.62
144980,86.43
191828,11.99
13771,17.99
217771,4.79
159588,17.9
80023,3.87
161740,184.29
122334,98.54
38050,3.215
116632,14.99
288327,2.6
272887,4.92
237732,3.5650000000000004
41634,5.355
28488,6.99
271850,5.0
197944,35.99
101653,32.95
130977,1.19
161413,9.98
30664,39.99
143036,54.03
189051,5.49
184063,11.9
124450,29.65
38943,4.48
209872,28.3
280952,11.74
87091,7.99
180983,17.9
79137,1.5
97245,143.38
67138,9.81
121183,15.28
2270,126.3
191949,3.93
268209,16.884999999999998
80350,3.34
94390,5.09
34948,14.99
34631,19.99
226823,14.19
207868,18.99
14687,17.84
159123,6.99
61139,12.0
81943,20.33
197555,18.96
243469,18.535
175304,2.88
5474,1.49
271472,1.49
3972,76.44
41485,1.89
61492,3.69
81896,34.69
240829,10.45
178265,3.99
46838,22.95
281832,13.495
46547,10.95
119186,10.97
46309,3.99
140917,83.99
129786,139.99
141128,17.38
104469,8.31
35387,2.84
68117,8.29
170575,8.29
219258,14.0
207647,11.99
295273,5.89
268144,8.99
252850,31.5
140020,24.99
138171,7.53
49668,23.99
48359,2.795
164505,16.355
77065,19.52
108535,28.95
249999,5.24
208852,10.5
209054,18.79
189329,19.815
62390,140.36
218652,4.28
9090,10.99
180027,21.985
293502,4.49
283582,2.49
87294,5.04
62574,24.99
279289,5.82
116512,8.635
133645,18.99
200279,14.38
206667,13.99
27136,17.37
12354,27.44
63187,12.835
49298,2.62
175044,1.985
113586,10.99
57273,5.0
22018,14.89
182218,26.05
283034,10.49
210365,19.98
174801,66.26
145516,59.48
140128,5.49
151568,12.0
90026,6.71
46178,14.99
55882,90.96
38086,5.99
6323,8.13
54718,15.74
212270,9.85
256723,1.82
45184,46.99
295123,4.16
61884,13.81
171250,19.99
36500,2.18
272643,2.405
175284,19.99
7777,13.99
258369,15.24
7431,20.25
71906,11.245
162706,41.01
245008,56.98
278801,1.44
285520,1.99
171269,7.23
161806,9.09
80095,5.7
159158,1.99
7690,14.41
248983,25.8
47832,9.489999999999998
119083,43.99
179204,0.99
47592,9.91
296639,11.63
295084,9.89
35664,8.99
46626,14.22
141796,31.99
60742,29.99
252707,19.99
285212,9.5
254438,3.39
263014,17.71
161378,5.99
70025,10.165
243748,15.555
218032,11.79
170789,13.51
230586,12.16
127591,2.99
122749,32.515
284701,4.99
278009,4.59
285360,3.64
259721,44.99
174960,27.49
268497,11.99
106230,9.39
293726,22.26
206472,56.99
27996,8.280000000000001
288712,9.055
296940,159.98
152219,17.98
269087,8.280000000000001
262874,6.79
28949,144.25
105045,4.9
188412,5.095
23843,13.99
26217,3.135
170775,19.99
97931,8.5
208955,11.6
65483,34.99
234308,39.01
276709,2.92
231164,10.45
28565,17.88
170444,9.99
2709,53.01
127539,12.145
1717,97.46
11975,10.96
298462,49.98
71398,34.99
1446,88.39
30303,5.235
190738,1.78
100393,14.99
104044,12.97
223030,21.5
267977,8.99
206035,5.6
159342,3.49
204202,1.39
42931,34.13
18163,2.66
41696,9.49
214442,8.96
172623,12.75
116763,9.99
118461,41.74
267540,3.39
102875,45.95
178739,12.48
90549,2.165
18031,28.27
132149,5.29
181976,21.72
6298,29.99
193221,55.99
88714,5.235
72716,12.49
93381,2.03
38204,6.7
197821,36.17
264939,2.9800000000000004
197571,8.5
98794,4.99
127842,55.43
287541,1.67
159264,8.68
28113,9.79
7268,173.23000000000002
119965,5.85
49537,21.69
198561,49.99
232293,15.99
54393,22.99
133362,45.0
247620,4.98
237596,32.99
5670,17.99
244205,3.0
74867,11.99
268746,7.244999999999999
18500,15.0
15837,1.98
277840,18.215
152428,18.23
244161,35.99
15504,24.99
283969,27.05
147567,8.99
4449,42.58
111051,72.56
100873,3.59
284658,4.76
282788,1.315
209675,319.98
146729,18.55
50185,10.92
168622,24.535
37587,94.09
72380,1.56
223558,17.99
107533,12.98
159352,2.33
134044,34.0
177756,18.99
231304,14.9
109069,15.47
195108,11.52
248343,26.96
280778,4.4350000000000005
205884,6.97
54231,26.34
270623,4.9350000000000005
273308,4.359999999999999
29572,1.97
65451,7.55
70340,44.95
23291,25.99
15190,30.04
232152,35.87
130649,6.1
137641,8.66
19392,19.6
12630,31.81
123562,12.99
250398,21.66
240392,31.49
30685,42.99
130516,16.75
44625,19.89
192861,8.99
148177,5.49
256025,25.98
168109,5.99
144265,27.61
258244,28.585
108689,1.735
71109,4.890000000000001
202149,19.1
202181,11.97
115486,5.79
278738,2.84
198307,64.99
127920,130.29
106620,23.33
275717,4.99
53103,18.24
271709,8.295
223203,3.03
226327,39.4
74262,46.69
160598,9.345
32650,10.99
280716,18.56
166822,9.99
262007,4.14
114573,14.53
269221,6.755
52895,4.635
73043,18.14
167581,14.75
279256,4.07
138798,12.95
217769,5.74
5496,28.33
92471,22.98
117647,15.0
153392,18.28
97928,1.335
197029,17.99
238871,10.0
35644,8.0
121711,39.99
150866,4.98
35482,24.475
31384,36.46
295331,4.08
264513,5.29
55302,8.39
153654,6.79
270557,23.255000000000003
273688,7.49
105207,15.99
158599,18.99
194438,12.28
20358,52.41
259239,15.2
35578,5.59
14824,1.3
201846,4.68
295904,6.49
27583,33.26
236638,4.945
118604,9.99
92281,17.689999999999998
78135,16.15
20132,72.93
71563,4.085
260646,19.39
234299,11.49
234399,3.19
217486,10.99
96098,11.99
180704,2.97
158928,93.91
273898,0.74
223101,93.68
282240,7.99
27168,1.69
217791,47.99
217567,55.99
62444,18.26
243086,16.63
133030,47.99
83722,19.49
273934,3.46
160881,35.53
209039,18.33
109794,13.74
84091,63.99
232659,62.8
159721,3.49
249865,10.96
19569,37.63
211531,29.99
141829,39.99
158946,22.99
184204,1.5
153639,7.55
166418,5.98
147503,4.24
2152,50.76
25574,14.56
51019,2.19
189716,63.26
76888,1.48
128166,27.99
67694,59.99
35245,19.4
65404,54.79
51927,35.95
151710,4.19
253162,35.97
163585,10.55
103451,7.69
148206,19.49
165830,56.0
147362,51.77
49181,9.99
107211,5.59
229984,18.0
264654,69.99
276217,3.49
37943,61.42
268793,22.545
2815,6.14
264117,10.99
214700,14.99
284694,4.61
79465,17.99
120854,6.99
196496,31.55
161363,5.99
48007,4.79
56939,9.99
183344,9.36
189737,6.99
113580,11.83
96172,20.3
212186,43.47
91552,23.13
117780,82.85
120193,13.5
141863,42.98
170826,37.99
289419,23.435
38152,5.59
10305,141.41
259988,1.76
273112,8.33
169280,18.19
142808,27.4
283233,19.97
176069,3.49
203934,35.24
163745,10.25
113254,9.99
154107,6.85
237353,6.49
289142,12.38
293297,9.5
43725,18.74
154145,3.255
115730,16.99
111564,7.99
115980,4.79
197565,11.49
254294,7.39
173443,49.99
57185,45.95
66684,81.63
97578,5.69
194391,67.37
201072,2.29
240418,16.99
101658,3.025
36287,5.12
89468,5.99
73178,15.99
231578,60.05
254791,6.49
59569,300.0
286430,35.405
72184,28.95
208382,9.37
213327,14.99
174172,86.9
147080,9.49
285850,27.365
220648,13.0
113361,45.0
118544,47.29
171750,28.52
231895,7.99
73735,65.99
49414,13.24
136198,7.735
135022,34.99
256360,10.29
233928,27.1
205158,37.99
12728,2.88
122797,82.99
7668,27.04
59698,29.99
70745,9.98
281071,11.96
163984,28.02
941,66.23
278994,28.73
205897,14.99
258251,7.390000000000001
240638,4.44
60181,16.88
100004,19.74
82407,3.07
119210,32.0
208114,12.99
78355,44.83
272346,34.99
76753,22.29
272813,5.19
262818,8.99
122442,19.99
126280,16.64
64543,26.07
230074,5.695
284148,6.51
198126,26.99
220871,12.29
254621,7.48
38901,6.9
261114,8.88
197308,8.12
75943,11.99
103222,32.435
188700,7.645
34386,3.99
244712,26.95
137985,14.95
71558,19.99
293261,24.69
70955,12.76
135930,3.99
46081,1.69
208782,39.99
5667,20.78
42796,6.99
127422,36.22
66641,8.33
23228,16.99
15481,12.99
110928,41.61
105476,6.065
278716,6.99
141725,11.98
40704,27.68
222995,89.97
180785,65.0
198626,9.99
259824,6.51
125263,15.6
138329,14.99
271833,19.99
228382,41.99
228249,112.17
106957,13.99
49963,101.47
82711,9.745
229141,10.55
229557,20.55
201223,34.99
141276,19.72
12824,122.86
155369,0.985
249288,19.99
280271,80.995
113083,21.25
258519,84.99
263939,11.19
225199,5.305
85391,6.140000000000001
216680,36.8
167793,5.27
62863,17.59
195327,38.61
124757,34.93
244206,37.98
49959,4.46
159041,24.0
235567,43.400000000000006
218182,43.99
157621,62.19500000000001
234495,4.075
136577,14.89
260586,12.29
150132,3.77
275215,4.8
277816,2.97
94263,17.54
49880,6.75
101871,48.88
213613,34.99
29395,13.54
88927,3.5
200125,6.79
189049,79.99
106551,12.86
70604,50.79
219411,60.86
126946,15.16
155956,12.99
113079,19.94
152803,2.99
210458,7.98
33535,4.72
183733,97.51
164953,14.99
42216,6.25
259079,7.689999999999999
206058,4.905
30025,71.24
135168,45.5
161138,13.46
61180,7.98
49243,42.88
80504,5.15
205328,19.49
116956,29.92
274212,4.105
168971,9.99
141430,12.92
57184,126.92
221932,6.52
51920,29.57
67891,16.6
263703,14.5
174887,11.24
34039,16.84
56374,19.99
221954,19.41
136336,18.99
284782,8.95
278868,24.49
109896,6.9
279254,34.99
990,1.57
126815,126.99
60950,1.99
76295,21.84
71744,31.03
125134,2.99
34085,13.99
110614,14.99
14147,4.89
64907,5.99
180382,15.99
216559,6.14
49445,8.3
248994,10.39
119361,32.905
35009,4.49
246857,49.98
51390,18.99
120849,23.06
62147,9.99
162820,6.155
98852,17.79
264370,64.88
231980,4.97
278356,5.99
253298,32.99
86334,10.8
63463,95.99
191220,27.35
13324,9.94
194937,13.97
1883,45.27
283424,6.1
298471,30.99
192606,12.22
216553,50.0
8871,18.99
54496,15.99
178079,40.29
96018,14.49
31565,61.51
253792,22.96
76356,5.55
273316,17.63
125032,14.96
99775,23.55
58454,27.49
101654,1.99
229388,188.0
177582,1.72
154197,11.645
205236,31.385
86696,2.68
51978,12.99
13951,17.99
204345,9.98
194334,4.890000000000001
200131,13.99
272427,10.03
238382,19.95
285180,7.46
226965,38.99
41890,44.595
49237,33.82
134356,8.93
56313,6.99
125676,23.99
29575,8.995
241269,25.99
60478,11.82
199412,7.06
42847,39.98
226329,44.0
66168,9.71
188893,3.99
42318,147.99
242142,17.31
231875,36.99
111911,6.99
8077,13.98
91089,32.055
61170,6.86
276052,6.2
203495,50.58500000000001
145538,18.13
104006,99.99
43865,8.945
56192,12.9
296364,18.46
81738,5.01
70381,16.49
180233,4.345000000000001
199928,8.495000000000001
260572,7.89
96071,10.99
266382,12.96
91920,30.93
225215,3.27
10477,14.99
177916,27.95
226203,19.99
180451,22.99
75197,8.004999999999999
154073,2.77
52657,22.2
113016,42.19
44324,33.59
51637,2.48
266527,116.87
281924,5.69
241770,9.99
208625,7.96
284135,1.41
94192,10.99
278451,5.5
271210,7.98
275977,5.59
56576,21.5
52459,60.33
10060,3.29
165204,8.38
80084,4.49
283235,19.235
244705,14.7
239205,26.95
182799,25.42
240019,9.99
271829,61.075
43370,70.0
155837,29.5
75693,25.24
179961,8.99
173181,4.79
24297,11.99
62522,19.99
53435,28.48
213592,15.49
212741,14.99
128197,107.6
37906,36.85
33520,4.12
242510,13.96
130916,9.99
234368,23.72
27875,14.05
194122,39.5
206883,4.79
15579,14.955000000000002
178783,10.39
105643,43.99
21807,8.7
117297,5.28
23488,11.94
230778,2.99
29147,27.99
22946,24.49
7284,36.49
260188,35.99
223857,9.99
293586,78.52000000000001
220794,27.88
66086,7.92
99618,112.63
87916,2.96
50486,20.1
248448,23.38
213882,16.99
154434,17.93
16163,39.5
224766,38.52
185196,5.46
56363,17.99
126024,25.99
192464,81.92
289555,3.73
290307,13.97
217386,19.34
159641,12.985
49238,8.6
17809,23.735
274081,30.57
161126,81.88
176617,32.98
279243,13.83
136462,42.28
172551,10.5
6937,49.92
296510,8.53
233083,16.0
287263,2.09
226637,18.99
287966,34.955
231527,97.97
267442,5.74
261238,64.455
171741,19.68
56578,20.4
15749,8.49
161553,149.82
81005,12.95
196369,40.43
258043,13.99
80883,9.98
288139,40.66
192523,21.49
207521,3.49
2403,50.76
112481,10.0
193090,21.0
180111,6.08
294624,5.26
266181,5.99
286301,25.33
137890,21.16
29133,3.265
181117,4.34
263043,152.25
14740,21.25
37768,7.395
23459,91.2
58521,15.44
234398,11.735
185120,34.99
230641,59.99
98596,7.99
54874,41.165
46467,28.505000000000003
208747,13.84
102988,7.49
71006,2.39
19933,37.63
261838,18.99
211779,27.43
1708,86.02
13897,8.46
250125,11.63
294672,3.39
15450,14.99
9194,9.5
294198,82.84
174743,8.9
113401,34.43
12068,12.88
77459,2.98
93222,23.51
279506,2.1
99040,18.99
29991,84.035
220733,14.99
32786,41.49
171653,10.59
146036,50.76
77857,82.65
191648,38.99
51847,10.44
108769,88.99
31124,3.24
7242,8.99
193762,20.85
272464,38.155
246662,37.98
144091,16.77
130953,31.99
285759,12.99
66163,13.5
7064,16.99
243100,3.89
231210,4.58
131371,11.99
288708,7.99
112811,26.82
148781,8.985
118380,15.99
171187,10.95
265999,24.59
277396,15.37
289433,28.595
22484,12.91
274193,48.0
103147,25.99
226476,23.21
127239,8.8
28131,1.735
76383,3.425
132397,21.97
39641,1.79
16561,27.49
197840,28.41
106223,2.74
292323,51.175
166838,8.870000000000001
93349,18.78
189561,3.22
113952,13.99
72876,15.99
270580,4.890000000000001
255453,5.835
206878,16.99
29849,14.49
204109,13.509999999999998
221020,20.0
10319,17.99
88404,3.99
208273,5.57
112866,14.99
215536,3.99
161804,104.72
221944,37.785
104118,25.155
5922,15.71
113753,32.185
293452,1.0
27078,3.79
26934,13.03
254861,9.42
191517,2.54
83824,6.1
12502,35.475
115264,7.34
206464,19.99
65210,14.94
178912,32.68
140659,11.11
184707,11.99
109552,20.95
252993,1.79
86264,10.95
95083,35.32
153747,9.44
290946,45.24
283657,1.48
109256,25.64
179910,9.715
199373,3.99
252228,21.99
80850,13.84
271164,1.49
126959,98.09
267135,9.46
41363,72.03999999999999
275946,2.265
51462,14.99
110023,43.21
243378,8.254999999999999
89009,9.79
81829,12.75
161647,47.22
260535,4.18
203378,9.19
204153,77.99
59516,49.95
60571,3.47
106025,45.0
19257,3.59
83376,54.69
61398,9.99
100501,30.84
107485,2.0
137783,2.64
226557,46.99
76903,6.47
173849,81.49
130905,4.96
240000,42.99
155069,14.47
34065,42.275000000000006
174551,7.99
233584,4.75
164193,13.115
250665,11.49
152916,1.825
281821,50.1
152286,46.51
33932,31.99
213937,2.13
40280,9.965
210055,18.98
108194,3.58
134344,4.22
285216,1.99
77816,10.09
192669,35.065
249835,3.94
170438,3.99
57093,35.0
296501,6.97
187854,14.49
202005,12.99
258998,31.99
75011,5.69
127221,28.69
247000,21.85
298572,10.0
10972,5.075
240923,295.0
266487,6.49
237592,8.45
87096,5.42
43966,12.49
259821,1.235
28881,28.51
108936,8.95
192289,108.51
297624,16.435
133406,53.97
216149,9.99
53847,12.99
287805,13.99
80694,5.99
148220,1.94
283423,3.895
215515,5.42
279508,5.56
225569,30.11
138129,25.99
198602,16.99
235126,55.03
196223,39.27
30234,11.2
96978,15.59
178051,15.0
31729,1.5
297640,29.95
199296,17.02
208363,29.99
162745,6.59
239323,22.99
190313,44.95
127084,15.97
140072,3.19
144374,50.1
167833,4.88
215310,5.29
172749,3.48
97492,23.99
120539,29.99
74380,12.89
80039,11.58
192202,5.99
20035,19.99
104666,11.99
67350,43.0
17908,44.99
194421,5.245
248626,36.99
201656,23.58
247798,68.355
183001,36.4
17626,18.5
157216,86.13
174576,32.34
165751,26.48
147729,30.98
263599,8.99
280841,10.5
214598,29.99
38885,98.49
111266,2.09
185488,24.99
226111,4.74
34617,7.66
235602,7.99
290590,18.04
98625,14.12
44666,9.99
101767,17.99
243663,30.0
2980,2.99
164681,9.295
294490,10.97
108965,39.99
130325,7.99
280718,79.99
184627,6.86
142879,17.97
114157,29.99
8754,8.0
141738,10.13
230764,32.38
84218,45.49
107990,24.99
144791,7.0
198374,23.535
254964,9.99
255177,92.63
93387,6.285
42045,10.09
279364,0.91
104785,16.99
235265,53.16
44930,13.14
10116,10.68
212626,1.19
30730,10.99
107149,37.96
184221,3.99
241240,13.99
63877,10.0
184358,8.754999999999999
275845,4.640000000000001
204262,15.8
282449,2.4850000000000003
292311,5.485
280029,4.25
239034,11.99
152672,19.98
131834,9.74
133543,5.74
14227,8.495000000000001
210583,4.49
162631,8.34
70475,18.99
39419,15.98
3860,25.19
283213,30.495
284196,7.2
1768,83.74
225809,10.49
279448,7.25
87982,10.48
1710,35.47
42555,24.91
159319,19.49
239887,7.59
21883,4.635
293988,5.74
157997,7.84
278319,31.62
208587,48.69
158345,11.86
131009,6.97
38766,8.145
235901,27.55
93584,5.19
281596,16.39
81745,6.15
104054,9.94
147959,39.71
244286,17.64
184097,1.79
201270,12.32
12253,8.95
3564,184.87
261400,65.95
173570,24.92
109818,15.77
81034,29.95
249611,1.08
155850,12.28
189290,92.13
75852,11.9
248280,11.84
296820,20.99
217867,9.49
98751,5.99
57864,11.48
244082,9.99
268492,6.99
528,22.625
229093,4.0
143129,24.0
16599,6.58
171511,3.29
193291,15.52
290087,39.99
256130,18.99
189304,14.0
36966,39.28
276995,5.79
165535,15.99
27610,4.54
34427,5.99
70894,8.785
162000,24.96
86458,3.29
45958,22.99
285666,25.27
141240,5.74
276622,17.595
118077,12.12
121052,169.99
145519,57.63
246238,34.18
97197,140.46
119892,2.98
209322,2.98
99264,11.79
183998,12.37
77399,13.32
277512,16.95
212167,18.42
238283,16.49
14796,46.26
26210,31.21
200492,6.98
214297,8.864999999999998
231854,5.279999999999999
164126,39.98
15159,32.99
83072,44.99
241649,9.94
11293,24.84
41962,4.84
174315,12.11
34090,16.19
25696,2.27
101151,4.88
101537,27.99
213872,25.485
173001,17.4
127857,29.99
212382,7.015000000000001
268802,4.99
213965,6.5
134807,15.37
10123,5.640000000000001
298762,12.24
240898,6.21
1842,39.71
147118,64.99
273689,21.36
42965,1.92
234541,16.99
11630,5.49
172071,13.225
216152,3.78
199853,4.745
44321,2.49
162959,3.1900000000000004
252701,26.755000000000003
126974,20.99
96171,12.99
232823,27.73
47199,10.485
23195,2.96
229033,6.619999999999999
272721,13.09
191284,1.75
167944,46.735
203301,3.89
13889,0.99
281382,0.92
166525,16.95
236144,16.95
251000,30.22
202498,10.99
27240,7.09
79739,6.74
115896,8.29
275732,8.85
50645,7.99
281432,3.12
248263,12.78
158709,6.2
190192,7.69
108334,2.12
104619,34.945
30609,6.114999999999999
119556,5.83
270751,26.49
104075,6.78
59719,108.13
140261,25.98
155200,9.89
71926,11.5
98920,34.49
39784,1.86
99478,54.69
158968,20.73
28692,2.99
28779,10.49
24989,20.97
251729,60.18
59879,8.99
281029,5.93
209465,16.99
262837,17.99
296761,5.48
76217,14.88
72874,16.55
24792,9.58
266269,13.92
199589,47.49
5518,86.91
256818,64.56
18048,93.46
122700,5.405
283760,35.67
185712,20.13
135245,4.08
226309,24.99
281989,6.955
155535,9.99
123857,26.98
232681,110.49
45612,1.125
137186,55.88
146717,50.13
275111,10.27
34878,5.43
37583,10.695
211729,54.35
103495,12.645
45877,9.735
223479,10.15
132536,10.205
117864,0.99
184318,5.970000000000001
259404,1.0
30280,10.99
110791,14.69
293993,13.8
168771,18.67
131393,24.84
157846,1.66
92655,8.29
145641,30.98
112697,20.49
163767,7.745
152319,46.9
284368,7.425000000000001
248194,45.99
145009,57.63
36563,27.245
88831,6.615
130401,5.77
139250,9.49
274136,4.79
3185,21.84
114933,7.11
19554,64.31
39506,3.5
93256,7.0
66290,2.19
263232,17.99
210586,6.99
209930,7.99
136610,3.89
158350,13.63
132540,5.42
234963,14.99
118945,28.55
298042,27.995
273336,14.75
233957,29.99
225079,1.775
242006,5.99
183016,79.98
150885,18.95
183730,1.72
214596,29.99
284468,4.25
190071,6.165
253483,2.49
220103,24.68
244786,3.49
188451,19.99
24043,45.0
14550,22.57
219792,11.99
66734,24.55
127695,12.97
181557,8.075
124582,25.99
285886,4.79
62898,19.24
121559,22.5
137185,5.2
46723,21.88
188491,127.08
123937,15.0
263190,21.33
75942,8.5
172665,1.91
131336,49.99
271721,5.49
213727,6.96
297327,4.9
218770,3.555
124401,19.99
241287,12.99
231607,21.42
28344,1.24
212129,2.64
196722,28.0
280812,9.62
75557,6.79
185909,9.98
1230,23.13
289320,19.59
266001,16.98
64184,8.6
114951,2.73
151350,66.23
64881,22.495
1451,72.8
960,6.215
96391,16.08
212173,48.13
39643,6.77
267211,83.12
70099,12.805
247890,9.98
82101,5.66
291558,9.99
152048,17.39
256076,26.685
205559,16.05
246879,2.4400000000000004
24467,21.57
203651,79.98
34201,0.87
258638,6.99
118869,10.49
73047,2.49
105047,41.495
204422,34.97
231633,62.99
53645,28.99
279626,9.99
280608,5.24
54676,13.5
53914,32.99
220377,5.56
71027,12.99
162960,2.595
195731,105.18
86441,2.39
183244,3.99
63695,1.34
24839,12.93
154979,9.79
194420,14.99
190629,6.425000000000001
298130,1.88
142809,56.37
189649,6.52
295651,35.99
83558,4.9
8020,114.92
111647,4.14
11077,15.99
70917,54.99
79665,5.62
268152,4.79
198577,2.99
138133,16.99
257620,29.95
100778,28.72
126176,15.52
76680,4.59
221229,4.97
27103,47.91
22711,18.99
278359,9.37
294283,2.19
218475,15.18
18918,0.82
16499,19.95
25243,2.4850000000000003
86883,25.5
211303,68.99
272829,16.99
224241,5.42
222328,24.04
160629,36.735
235116,133.91
246307,4.95
257211,34.01
31442,6.275
251569,25.035
259062,19.365
95103,35.35
126785,6.99
37362,54.68
89426,9.24
253462,19.47
284015,32.215
242594,2.9400000000000004
277556,6.76
109426,48.99
100711,25.98
85767,61.73
133944,16.205000000000002
256849,26.385
197363,20.8
15781,9.43
1879,81.92
236000,39.95
269950,35.0
40625,4.75
111731,2.99
58915,9.99
205586,14.99
105956,4.49
37723,8.69
121782,103.98
48189,9.0
135978,32.29
138515,89.99
83285,1.89
115755,12.99
88354,15.07
248483,9.59
190785,21.97
276494,6.98
183356,14.989999999999998
99778,14.75
295937,28.91
153670,6.59
250861,8.335
91828,8.864999999999998
45147,13.35
94851,23.665000000000003
172020,5.03
210505,1.345
292784,36.85
184818,20.74
299278,2.78
135625,16.49
105203,5.49
128286,1.87
72569,16.255000000000003
57415,7.99
118079,90.6
55454,8.99
68490,12.99
93025,16.77
176364,17.39
22809,8.99
164369,61.42
200465,10.8
80531,16.98
260105,25.49
69813,39.485
80218,25.94
244394,10.0
239951,8.06
85248,17.97
72865,8.74
247722,1.78
170838,8.99
276392,2.99
41383,2.48
79936,12.14
8392,24.975
99369,64.1
58144,12.09
157115,88.93
283292,10.685
193687,17.72
169816,49.88
20340,33.5
282590,4.025
198290,97.99
108082,23.49
211913,19.9
29006,9.62
168952,12.99
213067,23.4
281879,2.64
131964,166.99
107097,6.67
61579,4.69
219234,16.14
246963,6.98
276658,2.69
214605,6.39
280227,37.94
201566,70.345
257290,29.99
173748,22.49
181460,22.74
28133,3.97
195799,54.96
131450,5.96
240493,17.0
76661,7.140000000000001
95471,5.74
289035,31.55
151189,15.005
103032,41.95
219274,5.29
217682,15.99
252402,52.92
236116,8.99
288821,21.995
24965,42.0
210418,25.37
28971,9.5
293381,85.79
282918,4.29
67862,17.49
138900,50.0
135033,3.99
214384,97.56
265377,21.99
210013,74.99
252836,114.6
171772,32.99
146644,18.55
69868,14.66
274419,3.79
161288,176.7
77894,9.085
69878,46.99
183141,7.42
226550,21.275
70758,2.19
5277,30.83
169333,6.25
143955,39.71
201525,17.31
51396,29.68
293123,61.425
9419,2.98
258608,7.41
265967,17.98
61191,15.99
191807,4.99
109536,32.75
145339,23.97
43414,36.95
284119,99.97
252573,8.15
16516,11.99
200558,14.99
268871,11.485
189030,72.99
183533,2.0700000000000003
192855,18.09
116762,13.85
116489,4.29
24812,10.99
48570,106.77
198463,34.95
212935,13.99
298837,29.67
261198,13.085
291495,0.38
147602,10.99
98683,27.99
254534,8.49
104879,5.49
252426,1.125
122333,59.72
7715,49.21
218665,12.99
100920,109.98
66037,9.0
9102,7.785
5491,18.385
48667,12.52
43458,5.85
228689,4.49
30901,36.04
232623,12.58
178366,8.965
235130,37.55
276869,7.279999999999999
274612,6.49
270438,24.99
278048,36.02
170225,13.94
110522,3.99
244625,4.99
256,2.15
280404,5.29
240345,2.38
190642,7.09
213785,20.68
34305,19.495
235408,42.24
228128,27.99
127480,24.955
1678,18.13
194707,13.99
254110,4.98
200954,62.99
26320,3.99
200610,15.02
103438,39.07
132793,3.49
94446,17.99
120061,32.95
204938,19.99
195721,95.01
272987,3.495
101026,12.489999999999998
175461,4.5
17749,1.25
74245,30.0
255442,5.35
224280,8.04
299230,17.5
187606,21.09
50783,18.69
159509,5.24
68144,3.99
116663,10.0
186735,7.29
279217,18.23
213862,12.99
155694,6.234999999999999
151758,4.68
12515,28.74
106136,22.49
21075,16.82
249959,21.18
217175,7.61
84368,2.27
285370,8.585
307,12.29
143546,50.1
259959,4.225
118712,16.95
5625,34.81
228935,7.12
162132,7.64
41650,8.28
200736,23.95
249572,6.18
205125,7.99
295721,9.88
295777,14.739999999999998
244553,34.99
202285,17.99
12615,32.38
70527,16.95
12,6.99
146079,56.37
211092,14.49
222423,79.78
206861,13.645
280876,7.34
292451,10.49
90881,13.95
248217,12.78
232260,9.65
260994,4.79
216902,8.74
259986,29.18
134119,91.09
177995,24.99
173661,60.38
18227,23.36
187161,3.68
290599,11.99
250170,7.49
226585,7.109999999999999
77276,12.44
291841,27.585
157266,172.945
272931,25.99
205661,18.45
83692,6.754999999999999
138793,2.28
216738,8.28
203250,17.9
93811,20.59
26463,5.22
281270,3.99
46483,8.02
58000,14.99
5096,126.3
113382,26.99
204413,14.99
31590,4.18
87314,11.735
187106,137.74
45271,1.65
170263,7.95
277683,39.74
81160,3.14
254284,7.49
74754,3.19
170200,19.82
92629,7.865
105434,3.28
114002,3.49
235058,80.99
28518,9.7
117923,5.3
49211,15.2
254764,5.49
52814,24.99
211998,6.96
66990,4.54
253181,8.05
264924,23.5
18389,7.755
75094,13.4
165660,1.13
272383,5.39
92095,16.89
201280,16.79
49143,25.745
279444,13.47
36075,7.99
159457,10.49
236210,9.99
257581,69.99
103167,28.96
189959,7.99
295452,3.98
236910,13.42
42055,5.025
92544,7.48
59771,32.07
61314,22.99
67941,31.61
277378,3.0
50868,22.49
297713,12.99
168686,2.72
41339,5.29
227138,29.99
283419,11.97
8441,11.49
231933,5.99
202537,34.64
94889,10.99
30833,8.59
244022,37.24
59623,4.39
125987,22.77
193018,5.36
59728,42.5
68931,36.99
154072,2.77
165060,1.525
206100,19.99
228989,86.12
237447,5.73
69807,3.29
191323,16.06
136032,1.58
247726,16.79
160348,12.69
290241,17.99
143053,19.99
289500,46.94
3199,3.49
70797,20.275
231531,69.355
107384,14.95
77004,6.475
47032,21.47
238234,40.87
37565,7.99
235532,21.630000000000003
248305,15.0
143253,6.74
73450,1.5
266490,9.85
148668,29.95
99904,5.99
125386,12.99
12445,3.055
61463,12.99
251379,2.24
255327,44.95
217098,3.82
86325,1.48
71873,31.0
214216,6.96
129469,4.9350000000000005
94748,7.14
281166,44.99
19300,50.19
43152,7.245
261658,7.795
22811,13.79
286158,49.79
58728,10.93
80245,45.23
17227,22.99
9989,2.905
272573,12.989999999999998
88766,6.59
161116,73.6
21888,51.75
1113,14.93
155858,5.699999999999999
214743,7.449999999999999
89829,72.14
292703,1.26
217762,12.88
285276,2.41
214451,17.49
213422,14.99
68229,15.83
89115,1.79
53119,23.81
151195,51.95
31180,6.24
132680,11.885
213309,4.49
277649,5.79
127893,5.18
189393,8.49
91671,23.99
33836,4.99
178319,27.5
199744,8.0
135553,39.99
169776,27.475
261701,18.99
135185,7.689999999999999
224193,1.99
96704,6.45
248587,6.69
216069,61.12
280405,6.74
72339,14.99
31963,9.99
88247,8.815
113194,225.95
106952,6.39
297503,13.99
205638,3.98
263434,1.99
48849,6.565
292136,29.54
295134,1.525
268913,8.295
146301,3.99
32485,1.99
225264,68.8
45135,3.25
275902,6.45
90795,15.49
242584,9.07
265321,11.095
12072,0.99
10824,11.49
258325,5.99
299056,6.95
160859,6.67
85690,4.29
229969,55.0
181999,3.48
170314,52.57
69315,38.41
255151,12.99
195665,48.62
165671,10.52
108849,13.79
282149,4.49
142651,141.62
253076,8.16
127773,74.9
151144,14.29
40381,1.99
150801,4.95
88644,9.95
35991,10.59
167836,1.67
117496,25.91
1322,27.87
193362,19.03
163506,7.99
239335,25.88
103262,2.085
67294,9.45
5147,35.63
69790,102.99
13361,36.99
263682,11.595
116281,10.23
169634,6.49
122932,8.99
171251,10.56
160117,22.46
184434,6.95
61569,128.13
22234,1.96
162472,2.99
145185,80.86
86347,5.23
222931,6.68
142577,50.58
153771,19.99
206469,19.99
17242,8.495000000000001
125125,7.814999999999999
289042,14.6
108963,43.975
17170,13.99
237520,29.96
132354,16.48
54196,9.24
87736,43.56
43874,11.0
57409,17.99
48000,8.18
235273,38.33
149536,34.5
228976,5.545
103663,2.4850000000000003
102139,8.14
272239,9.285
87115,2.85
52422,9.49
165478,3.29
196301,92.18
44172,16.49
86714,5.035
284754,19.99
204007,8.754999999999999
153846,33.93
49955,26.69
257004,5.49
159723,8.39
28053,23.21
62640,8.0
270238,2.98
231263,54.49
33967,6.43
158474,6.37
200726,4.49
116777,4.91
277167,1.705
125427,6.265000000000001
144312,68.14
185456,35.99
283998,27.775
206357,4.09
252683,15.745
267962,4.965
213255,39.99
296241,4.99
191259,32.0
7578,12.1
157844,1.37
177635,3.99
120866,78.79
201104,66.99
151701,6.055
8065,8.5
8719,3.735
154880,4.0
127357,12.99
248510,48.99
142291,13.46
105110,52.0
113029,14.99
164959,11.89
163768,14.99
8620,29.99
98902,7.41
49378,11.0
161536,99.19
108191,20.99
198061,3.49
151091,5.24
171618,8.12
186237,12.92
271782,7.68
59968,4.79
35955,1.02
39438,5.52
173349,12.335
67980,19.87
106347,45.5
61922,8.99
197536,9.99
157895,6.755
262183,25.255000000000003
222054,19.88
41285,1.64
126727,28.99
117071,7.66
189436,2.87
191986,13.95
53840,14.29
137091,3.73
158884,10.5
992,46.94
207066,20.99
113762,8.51
239729,22.99
247010,33.45
263777,8.2
72839,35.06
196871,22.965
31959,10.985
228795,10.49
75189,8.03
294465,6.555
5844,4.36
23393,32.0
277436,8.17
228068,82.26
92501,8.79
285278,9.09
120231,23.15
227251,8.8
271863,41.285
229177,30.35
180929,28.49
229941,22.99
136202,10.93
295437,1.54
142147,45.27
2302,46.64
81020,9.86
278787,12.47
255724,3.58
118862,11.74
111309,45.73
280058,3.92
8042,15.99
255316,16.51
122325,20.99
147176,23.99
88971,18.915
98410,3.34
230373,154.99
121374,6.0
3990,21.98
154696,24.93
246125,11.5
200493,54.99
221124,2.48
215529,5.46
294013,14.745
55762,196.99
15512,43.11
163169,25.715
195260,98.15
81409,4.0
97097,48.97
297244,14.47
59262,32.54
68724,29.855
200622,100.78
135631,14.95
274275,6.79
163883,3.59
233873,16.08
118359,62.99
193246,11.53
266069,23.92
165597,13.99
116950,39.99
209150,4.395
123308,7.13
112452,33.42
25324,11.99
67377,14.99
148240,26.0
15112,33.99
191662,22.99
12880,22.72
267118,15.02
290773,45.815
207603,15.0
189302,122.85
192626,8.405000000000001
151045,4.19
223371,11.98
250101,6.9
36325,4.49
120165,3.395
184549,9.97
141506,4.29
187068,11.98
129392,2.59
241648,9.94
248317,9.49
211236,28.99
173552,17.235
25971,13.13
245367,9.99
252828,16.035
229049,18.645
147410,35.47
249521,5.46
71155,17.99
160451,12.489999999999998
37303,8.47
44769,3.99
11360,37.47
153692,23.88
105526,12.99
272343,9.56
155354,44.25
159276,5.12
118612,35.0
9377,6.24
82700,5.69
111726,27.5
293397,6.99
136536,6.970000000000001
129865,102.6
287122,7.0
102223,10.98
9835,45.21
18822,64.31
249114,31.995
260551,22.0
266113,3.785
283141,15.76
261868,6.49
235604,29.25
170900,15.0
37866,4.5
89061,4.99
125623,12.99
237174,17.97
119553,4.63
142014,128.44
128093,52.95
56043,25.95
137929,5.82
76081,10.48
126134,34.84
206239,17.99
15635,7.5
4775,18.14
262852,12.42
133456,40.94
184735,21.99
238530,22.78
151307,32.5
129637,325.98
170040,26.32
278567,14.98
124685,11.95
85907,69.43
121776,219.98
31161,2.36
139968,3.39
94544,21.99
273599,7.939999999999999
248808,35.885000000000005
47006,109.32
76613,12.07
238610,1.19
140876,4.92
104767,33.98
212169,7.66
162866,38.725
219867,1.27
138510,17.244999999999997
276931,17.02
93127,4.29
148152,3.49
4012,8.01
104232,10.99
279908,3.48
65347,34.635
282113,16.99
28702,34.77
37234,11.61
132806,3.29
33453,22.47
37427,9.17
261814,9.95
212320,38.985
79373,14.99
259390,3.99
59933,24.91
168083,3.19
32410,3.38
128687,17.28
14575,18.74
251041,21.99
153018,3.69
219374,8.99
21036,65.18
244672,48.95
201629,86.38
247035,41.99
11140,25.6
66578,20.99
102894,7.96
20458,11.98
193797,2.31
261889,9.31
14240,21.345
38590,21.56
183513,18.99
198095,139.95
262486,4.99
298819,4.99
61514,30.65
115484,2.99
199323,11.99
38015,6.455
249776,12.0
281597,43.98
3456,6.48
137699,33.99
31324,5.99
259617,14.95
197721,35.99
119806,9.74
212089,19.99
254874,9.35
241187,10.17
271757,3.79
135217,10.99
182396,7.49
156720,38.55
169244,51.3
172274,4.805
298013,1.99
282571,3.98
171715,38.8
31022,10.49
83175,14.94
253322,13.0
222642,9.99
10424,5.99
177892,18.54
23164,3.29
152854,15.88
189140,12.99
173711,13.2
95291,3.88
134131,6.1
108937,44.15
242080,11.99
174314,32.34
284253,59.99
24005,1.25
55254,14.46
209936,31.99
268673,33.91
292739,7.74
64479,27.99
177329,1.93
137932,25.245
122195,7.23
179880,28.99
54136,15.96
102441,11.99
182466,148.18
140673,36.99
95828,24.965
200443,15.965
154538,12.99
128076,80.67
280069,14.44
204214,15.16
276335,6.99
150137,8.86
83762,19.99
150251,1.985
103569,15.99
70890,37.24
173710,12.0
44633,3.69
119592,34.86
148280,42.74
102287,34.3
267890,3.98
234426,2.28
261418,32.99
188321,4.79
147056,51.77
178882,8.47
257073,34.99
31550,40.805
150592,16.15
200024,16.98
158005,16.93
218267,7.1850000000000005
47509,36.62
125478,7.97
170934,39.99
68454,31.02
241885,14.8
227591,7.99
130200,64.79
140630,25.27
72348,35.98
133059,4.99
235941,13.97
283487,2.97
164266,4.68
114060,18.62
157383,96.99
143623,81.92
215970,81.95
77447,5.62
89141,15.54
109499,47.63
141209,79.99
256467,7.1
297642,7.99
194582,8.99
104153,6.99
75079,72.47
25288,13.79
125741,5.49
247938,8.0
40618,6.77
58494,7.49
221200,54.24
66293,38.0
47185,16.91
18229,19.6
212869,9.93
113924,11.79
153754,17.96
1260,3.99
271918,14.114999999999998
52019,3.62
194117,37.59
19366,26.14
188407,23.49
210219,11.79
77291,4.99
266516,97.57
68963,30.58
252961,41.57
177856,29.99
24705,6.91
66112,83.88
207180,50.99
251600,4.93
196623,118.13
1014,16.99
147088,15.29
111871,31.685
140951,19.99
90192,9.6
271968,3.74
9281,12.99
228828,13.739999999999998
97657,14.99
64409,14.47
287728,11.48
54202,19.55
164984,20.95
174705,10.96
130055,8.985
185422,18.95
93253,5.74
155598,3.49
21222,13.265
29639,90.7
67658,9.99
144451,4.62
297134,39.99
81033,9.49
61115,5.390000000000001
211473,20.89
244358,21.99
228765,15.97
118205,21.86
115203,36.46
25174,7.99
214351,8.48
208815,14.99
129985,20.355
105562,28.99
204965,25.31
123457,9.99
230602,13.22
97622,8.78
66271,14.99
151308,34.99
4410,57.7
288469,15.79
117944,14.99
115297,28.0
133610,6.24
150040,4.49
143580,80.86
197091,18.99
130734,18.99
122903,15.95
100486,29.95
149005,21.27
53173,1.395
104287,19.05
192369,23.23
240738,23.7
222160,29.36
42384,14.295
195040,29.99
69655,16.74
175990,46.83
19081,30.94
191434,20.99
101332,11.69
227253,64.98
68688,19.99
75491,2.93
11518,86.62
97998,24.79
97437,9.775
50572,39.99
44226,13.74
160965,130.3
216483,30.32
239633,15.845
121698,25.99
215646,4.79
249206,2.48
247611,37.98
82690,1.99
233593,17.99
85955,1.48
111762,17.99
39416,5.29
56370,1.99
103133,10.19
58555,70.66
54687,2.99
266816,5.48
71487,16.98
126282,2.245
271241,14.99
56812,8.98
106112,12.995
96182,1.94
217977,63.76
269285,13.945
85219,6.77
213771,32.98
39830,7.97
217559,3.99
236203,1.41
205181,31.05
242092,9.785
46921,15.47
201951,0.72
295216,24.72
156059,57.835
209509,5.96
99476,21.99
95601,122.93
143433,34.99
203319,29.99
167779,18.99
242202,11.9
210825,9.49
162641,4.19
14326,36.0
20455,37.43
189617,8.94
102890,26.97
483,13.95
297400,4.69
235802,13.24
53667,26.95
100137,3.98
39108,7.79
269779,6.4
70780,37.25
134505,14.97
58674,16.0
223796,29.99
187993,8.58
283094,18.17
77502,9.49
11954,3.775
80012,1.72
205301,32.99
260744,10.99
265708,6.5
65514,62.84
187170,190.08
217178,4.49
10227,15.99
136875,15.99
178804,112.44
280491,4.24
116030,5.99
94755,1.845
33281,5.01
25119,10.99
16710,22.095
5836,15.54
95314,14.99
33991,17.755
276793,8.53
187807,19.95
221680,19.97
89917,15.99
121031,11.98
128820,2.34
189336,6.34
133038,14.665
252968,15.99
134544,39.99
201649,12.61
31845,12.585
240698,1.2
173017,3.99
136899,31.16
141239,2.49
220551,24.8
80892,5.99
121,29.99
1361,27.61
59300,16.99
14628,29.95
256387,19.99
234090,4.69
156439,8.53
123744,11.655
192110,123.98
73102,9.99
173543,7.54
157739,3.28
119218,4.17
268598,21.15
229780,26.99
214201,10.265
189510,54.255
101301,235.78
80527,91.23
103791,29.18
66655,4.98
217535,39.99
166382,2.39
67140,9.99
207212,79.99
103670,16.99
190278,19.47
11257,1.89
51780,14.99
78726,3.085
226241,6.25
104229,42.49
15967,13.95
270721,4.54
163953,1.6800000000000002
41855,13.05
108848,61.99
142002,20.68
209027,17.31
120442,21.985
24571,27.28
176117,84.15
98031,5.11
201518,8.19
117568,35.49
209453,5.97
250022,70.45
247996,29.95
289840,12.41
70720,37.5
230474,28.31
129754,34.99
259430,7.495
134859,0.99
88031,28.67
225522,24.99
87394,8.91
182675,20.99
290674,2.19
240794,72.99
248075,2.96
149258,7.074999999999999
33137,16.494999999999997
109678,28.99
146653,30.83
272411,7.095
218844,34.46
241677,9.94
281236,6.21
273096,11.84
188517,13.59
161003,2.08
278082,34.71
234658,35.35
160924,106.195
227092,6.99
99323,3.59
92832,2.79
286979,5.96
74654,15.145
273594,5.79
222919,2.99
102582,22.99
135364,6.24
199604,62.98
258977,14.24
233043,34.99
262107,25.1
267641,7.48
294437,15.3
284296,5.49
80896,12.87
231233,18.99
120728,34.49
134112,7.195
166346,15.98
218083,2.26
26682,1.86
122740,30.24
107611,8.88
124008,12.09
191723,1.12
182508,10.99
199135,14.245
199436,9.72
170959,12.739999999999998
173379,13.31
250922,84.49
157506,106.76
140244,22.99
269485,40.16
238930,49.06
127199,9.99
280724,16.965
3072,5.775
74581,76.53
168585,5.140000000000001
173773,15.96
242699,1.485
219186,20.89
59221,36.35
141772,32.99
285045,1.54
164550,4.97
243011,39.99
213145,18.98
100947,14.96
246654,3.78
298807,41.06
55407,1.15
291985,2.99
44266,3.94
171767,5.215
286112,7.9
156123,6.56
128355,20.45
95120,9.44
38066,6.19
4452,23.39
136026,16.4
224168,12.95
159991,11.97
13988,12.49
204217,4.19
71478,17.99
282848,4.19
63905,5.96
228184,36.58
211524,131.99
120316,13.08
149964,34.81
28393,5.49
125962,23.24
152035,18.23
21109,33.5
122017,18.95
244683,38.99
241803,14.95
204911,8.99
39297,4.39
255293,4.285
131934,54.35
272073,14.99
85859,12.79
286968,11.24
292767,4.24
182195,11.49
49133,4.79
192916,47.99
216000,12.99
135423,40.39
31380,26.83
152144,16.43
46067,15.89
127951,95.99
100563,47.4
159798,24.475
173085,14.99
74021,19.99
233412,19.245
295501,7.41
283607,2.68
37231,115.195
261784,49.89
107981,3.38
279929,48.0
288687,2.12
43529,22.26
278366,2.49
230280,27.94
150077,8.71
158188,13.73
165537,16.0
280285,8.99
115656,58.98
254869,4.29
273706,15.245
241120,56.41
132193,12.94
212843,11.0
94765,47.33
249831,7.03
79289,16.99
36663,12.485
20311,52.41
290682,10.495
80478,2.12
175889,7.9
110171,81.94
114825,1.36
262102,7.99
145695,16.77
22800,39.99
272310,104.83
21427,7.24
85511,77.58
275224,10.91
195162,94.76
12513,11.49
124392,2.38
96631,1.98
75680,39.78
237044,1.89
225351,9.239999999999998
221426,15.99
271528,1.69
78602,6.99
222297,14.99
280220,54.620000000000005
1659,42.11
286865,38.99
145757,20.08
25031,15.49
161698,114.97
111176,38.89
278647,33.45
203778,11.98
297558,8.97
138405,54.7
104455,5.97
110445,28.39
18349,31.17
224392,8.8
150226,8.135
73347,5.85
123324,17.99
25982,9.45
170496,7.16
136849,6.995
79549,4.24
289849,9.495
67397,12.5
138128,24.99
199122,22.99
197956,36.385000000000005
138747,22.98
225914,13.99
182016,7.89
175622,1.84
199956,20.99
100354,2.79
92734,54.95
87194,5.735
105457,5.39
119781,20.0
45333,39.76
192605,19.84
244037,4.79
64836,9.99
178660,5.61
116324,35.99
204611,17.95
243097,33.05
259186,2.99
211097,19.99
66799,4.11
64008,67.98
155575,8.99
80915,14.93
216516,6.79
225621,15.59
218133,4.96
187963,9.96
31936,23.51
25445,13.9
235157,41.33
13821,29.99
280834,12.89
181542,7.97
206335,11.95
55763,536.41
101642,6.66
5307,81.28
244686,33.95
56055,3.28
216878,1.88
276440,10.34
292604,1.995
127620,9.425
135227,5.44
123436,16.725
124368,30.94
123192,20.99
282534,8.24
7138,27.99
172124,1.59
190404,3.89
13478,6.19
34745,6.49
170907,6.5
57267,24.82
36952,8.469999999999999
36015,20.845
177400,30.99
86363,30.495
32418,10.0
225579,55.99
155255,12.96
96227,23.755
237530,2.49
290975,6.585000000000001
13416,5.69
143825,27.4
44351,2.14
188156,5.69
112737,23.97
235741,7.99
9760,37.04
172773,3.41
112181,13.95
211510,46.58
231759,22.33
45594,10.175
64209,13.99
34938,45.75
134771,49.99
38982,4.71
137195,19.64
229688,22.99
9484,15.99
32321,8.19
238127,5.49
260343,7.3
185478,24.4
23230,24.0
35527,37.25
52196,31.81
80862,4.49
193004,9.59
139910,8.95
100457,11.9
85813,2.19
111985,31.28
211739,55.99
278087,8.5
206305,59.44
116937,11.765
43297,16.07
77000,40.47
51388,2.745
10964,15.97
33291,6.53
214924,17.98
271613,26.39
122157,38.49
76461,10.13
10415,0.68
14566,11.73
115116,13.99
155729,12.99
110566,8.98
284059,64.74
38670,12.49
233492,23.82
171621,7.78
154144,28.06
281619,3.98
136603,7.42
232254,14.995
220816,12.99
255303,4.015000000000001
21970,16.695
236262,20.45
121459,8.69
10882,2.19
166819,91.98
56538,9.98
43149,16.95
152178,20.88
284537,6.74
290048,14.34
287011,18.99
281636,7.97
211506,17.99
245308,10.0
21138,36.06
286780,3.47
1534,56.56
38048,6.175000000000001
181267,25.0
66853,84.16
186798,9.99
30983,14.58
196459,36.72
163664,7.97
266786,4.15
260009,2.32
195814,40.52
88056,37.99
188548,17.55
128948,25.33
43008,11.1
14613,9.99
132052,34.85
272645,2.99
152132,29.03
2532,24.42
280679,3.665
13865,87.09
224550,15.0
270034,3.46
78153,7.97
69216,4.48
228778,25.99
78217,14.26
96461,14.54
4735,3.66
130052,16.675
142418,27.61
189701,6.695
11381,59.38
121876,26.06
142686,56.56
279031,12.95
14706,13.25
48267,14.46
156631,1.38
268031,19.99
61956,43.99
289474,8.495000000000001
106367,44.91
181850,10.95
49929,6.99
114907,31.49
116157,15.99
46507,4.98
134851,41.5
128378,23.22
294374,29.99
258351,124.31
155405,12.87
272958,1.99
207416,11.85
193390,11.99
260996,69.3
226963,12.98
177028,25.18
140999,32.785000000000004
47160,18.75
196639,47.89
160670,4.0
4241,18.44
34881,1.53
44820,22.005000000000003
208643,69.95
34987,19.98
113189,47.275000000000006
285813,79.99
68054,18.65
118225,125.86
122566,44.99
240055,29.97
85229,19.99
130761,54.01
41337,4.154999999999999
202078,16.245
1164,23.34
290726,2.99
94163,28.99
265799,52.99
279471,42.08
88980,10.0
246634,21.99
57605,13.99
157717,19.99
67536,13.75
66801,4.09
105379,5.27
144737,4.99
215334,9.91
157413,92.99
149869,46.64
256708,4.8
151372,24.85
296378,4.39
205427,18.99
168479,10.245
168745,2.49
158233,8.67
157295,103.025
225601,12.05
184565,82.8
79761,9.355
121902,5.985
53793,29.97
298112,3.645
177977,17.99
115764,13.99
164022,8.99
153169,20.13
168008,57.775000000000006
204610,2.33
295430,7.99
203325,8.29
170080,1.99
56414,24.99
82020,12.86
116986,23.9
186058,100.95
103758,16.59
232326,49.99
228299,34.95
49422,16.939999999999998
238621,38.0
288647,6.75
50909,6.085
262429,2.99
34731,2.495
187251,7.065
25416,5.2
216875,14.3
138011,40.28
95739,5.97
226013,5.99
5990,6.995
261316,60.42
83339,5.130000000000001
256339,49.01
283023,4.48
174654,21.44
154358,8.98
293818,2.505
33613,20.99
59479,17.0
98463,5.49
191376,10.49
151520,6.130000000000001
193870,21.51
238468,7.99
30456,1.44
263114,4.005
169411,4.19
166115,3.89
275256,7.105
116974,19.845
229619,10.49
232581,21.09
225504,3.98
31056,4.065
71904,30.195
6744,52.495
146957,16.77
99387,21.99
182831,11.83
113802,21.87
158339,15.5
257453,23.97
123088,24.99
113498,3.37
275831,3.365
286900,27.115
226479,37.98
213575,29.99
250554,26.88
274564,14.24
18388,10.29
140436,4.69
174061,10.09
227381,17.38
277691,1.29
208927,13.81
25432,4.99
44427,4.48
142381,46.89
22609,44.93
290548,26.99
168914,9.62
241330,24.235
139259,10.44
180541,15.24
259191,24.99
200356,35.99
294756,8.25
67257,13.9
118083,12.12
283996,16.615
13291,8.55
261297,78.99
296055,6.24
258091,17.99
268756,29.95
274706,51.74
263118,160.88
142139,38.92
189088,35.12
138821,14.99
218933,57.69
81261,47.065
259548,5.49
9239,5.99
216866,123.71
232748,36.455
8530,27.22
250383,11.204999999999998
105701,28.19
298026,1.99
116056,9.99
136815,12.195
123940,7.5
109075,21.97
164906,9.995
156584,65.12
205773,32.99
294986,8.49
110190,118.7
105719,2.9400000000000004
120200,8.355
201705,18.93
85341,17.77
248617,8.01
299407,40.105
298852,31.840000000000003
144641,24.495
149017,8.07
31607,14.99
169659,2.98
14360,10.99
78903,14.99
41908,21.88
289906,38.48
223703,10.99
180420,2.19
299229,2.485
205670,17.95
96144,1.98
47289,7.55
54323,4.99
160901,22.71
23643,16.395
42749,7.985
213921,10.98
165061,2.53
86060,9.595
3479,114.21
225657,8.99
283085,27.68
115025,3.39
191574,4.98
187850,4.65
179368,29.99
175739,7.95
18907,30.14
73643,16.34
22496,16.994999999999997
40684,8.21
174689,2.36
249420,10.99
4830,15.99
115254,29.44
164878,24.99
211460,64.99
283010,4.29
223342,4.140000000000001
235478,44.17
247269,143.38
105545,9.49
169514,5.09
22046,30.99
228240,2.59
186180,3.78
57212,36.49
236977,9.99
68942,18.5
150620,2.2
121890,8.245000000000001
127891,55.83
104728,9.06
114966,4.375
213204,19.99
74838,12.99
208237,5.46
159468,8.99
93600,11.79
41499,4.49
283479,6.035
22927,15.95
157040,150.52
107612,31.745
253249,5.140000000000001
20764,46.93
239338,7.0
229001,2.14
163690,38.8
22634,11.4
274776,1.115
95631,13.65
290448,8.78
285032,6.985
82347,49.99
15802,5.99
50442,14.99
274240,3.49
281026,1.36
114223,14.58
185105,18.99
169822,72.56
152050,27.68
77893,59.37
32079,6.74
44058,31.99
123911,55.95
33601,9.5
179213,5.485
65575,44.99
128453,16.99
79602,13.07
16890,34.525
194765,1.72
135615,20.72
289708,20.95
149294,2.69
53587,18.99
10583,17.99
20172,54.69
87082,7.79
287595,6.3
79080,10.02
150683,15.39
162478,11.0
243785,22.99
34505,15.84
203635,27.99
187489,21.85
86910,11.44
212334,13.235
53674,2.83
240683,1.97
92296,22.04
282956,17.49
98094,10.49
179633,15.0
270096,4.985
22049,10.95
242870,5.72
135829,9.41
212689,6.140000000000001
278393,9.75
152265,50.91
290989,10.93
141094,12.93
183650,5.140000000000001
151805,1.82
76809,16.97
230046,36.715
46090,48.24
274194,1.98
9887,21.99
158697,4.99
39370,49.49
153015,3.08
55956,29.99
249891,21.49
274044,9.84
57395,50.47
48374,9.99
121828,17.49
13037,11.92
49873,1.79
155875,8.97
26901,3.59
280016,77.32
219475,10.99
143641,81.28
261590,3.79
251834,21.2
23826,21.99
109574,11.9
101098,15.485
30848,29.99
214972,6.890000000000001
238063,15.98
242710,12.49
174376,4.07
259490,4.99
22568,28.71
205945,6.74
259692,19.99
146346,11.98
16970,71.99
255195,95.23
14300,2.44
33168,44.0
110126,22.4
202993,8.96
41148,8.11
192437,15.08
191010,7.56
51648,6.99
115220,39.99
70012,11.87
25392,14.19
156475,3.49
96049,6.95
69414,14.99
134656,4.49
385,17.95
252560,16.44
188031,10.69
232969,69.99
60754,7.99
94457,4.89
78268,14.99
163728,14.83
157610,60.05
168999,8.17
124064,14.49
178668,10.85
170689,36.0
49177,12.59
19326,19.6
114739,27.74
290138,13.66
8498,19.79
17186,4.98
30877,32.99
141310,6.87
29060,89.23
197461,74.99
224954,12.96
256904,16.935
226672,55.02
261588,3.79
57700,19.68
215989,3.97
47996,37.49
292753,11.04
121464,17.85
272236,13.46
296149,17.025
148932,16.0
68560,26.95
172291,13.08
51882,66.8
62984,12.5
38501,2.25
145351,2.97
297113,8.98
246147,6.98
155253,91.95
179684,14.01
285039,5.235
18106,72.93
45460,10.75
206557,11.99
183609,48.59
23669,26.88
106045,10.18
291622,6.65
26052,37.49
236817,33.5
9741,9.94
127308,9.99
120363,6.635
83357,15.49
187852,1.56
270382,14.92
212953,18.36
29736,6.24
259044,20.0
205078,29.98
28055,5.2
196042,89.26
206013,11.99
230301,11.99
178689,4.15
246342,4.39
157880,83.91
199379,11.49
67479,38.22
262285,4.61
81585,2.48
111794,22.99
188225,12.405
95008,9.29
292556,4.99
256730,21.97
193595,30.0
179750,68.06
219265,15.76
238085,60.86
232717,30.98
189929,162.67
188580,14.555
55837,9.97
236193,42.495
110907,5.97
165828,83.23
201934,4.99
281212,9.98
254796,5.93
25400,11.1
159397,19.99
77002,9.99
164566,2.94
129268,14.0
72450,30.47
227937,9.99
119352,38.0
134242,19.995
114498,77.01
258581,25.99
34103,29.43
213459,49.98
284969,3.59
204331,16.99
101949,14.245
59600,18.995
136629,5.99
186268,1.29
39349,10.845
181569,7.21
226077,2.28
152714,2.99
15842,28.99
165025,16.99
240613,30.47
147104,10.99
109991,4.24
269896,42.54
172209,10.95
149426,25.34
150246,12.99
214621,3.92
248959,16.17
204078,14.99
11439,10.95
64106,15.0
149610,86.43
37116,5.37
176728,14.99
146765,15.32
242506,6.04
153386,8.3
38030,12.5
37791,50.56
45854,1.75
79236,12.565
202796,8.39
281799,4.34
245357,29.99
80008,26.03
185302,49.95
93986,11.49
238308,9.91
63339,8.89
228847,29.95
251471,6.59
113433,16.22
17883,20.98
194256,12.49
183152,29.99
118878,12.95
230559,12.245
185040,12.49
162537,16.79
27917,2.5
288318,23.815
52249,53.86
16732,7.68
280439,54.7
16993,6.98
57719,16.8
208291,52.77
145355,30.715000000000003
169762,33.38
99961,5.715
261627,10.8
249755,32.15
158672,37.98
68522,11.99
72236,22.99
104676,18.13
286796,9.99
282155,6.48
265694,5.23
271370,11.5
18671,2.02
200409,4.72
214082,12.99
70896,8.99
277658,34.74
111380,39.7
81639,6.79
47454,2.96
76330,12.48
16605,5.665
199344,4.99
39600,4.24
145826,24.82
47772,7.98
59357,2.99
133471,76.22
253237,6.99
53357,16.99
252792,25.815
107568,11.92
34439,8.49
24304,3.13
101714,24.235
150261,1.59
204571,104.995
50595,12.85
169956,17.43
297171,11.88
10874,30.9
267126,14.8
105253,10.97
2822,2.285
68662,56.43
114566,9.99
72912,2.39
279648,11.79
256122,38.91
134813,82.49
139445,2.82
82915,1.46
135165,22.98
255845,2.85
51619,34.99
79766,7.03
160570,4.890000000000001
112731,3.99
57310,24.99
32285,15.485
121504,2.29
207432,24.99
103942,9.74
118322,11.66
218232,28.92
63978,3.345
212696,3.59
176445,2.22
77375,15.335
9035,8.99
193085,3.285
157970,78.55
192691,9.99
34402,1.94
156519,8.94
100372,4.99
69667,44.99
247377,15.225
163367,6.59
142658,72.8
121595,39.9
295813,24.46
42310,11.965
114283,39.99
210852,2.97
32346,22.41
108908,26.48
230902,7.16
197967,43.92
112587,10.54
88287,3.245
23368,19.95
291807,103.24
202402,34.69
213192,4.34
240962,44.0
37989,43.13
140735,1.48
195127,31.98
272819,27.89
132589,12.88
200942,18.99
290799,11.42
168341,8.78
230142,25.25
146016,20.27
215204,13.7
56171,7.835000000000001
265417,4.555
244725,2.6100000000000003
253232,13.99
113539,17.99
5300,50.76
69695,21.345
272512,21.99
201477,38.49
96343,11.29
267325,56.035
179753,58.99
213316,28.0
287974,67.38
39407,43.11
11167,1.8
356,17.99
165878,1.58
904,5.640000000000001
116664,11.89
196182,302.63
105614,9.99
66044,18.99
113244,16.89
194729,2.74
38537,122.23
128353,4.99
55336,8.29
152006,34.66
128805,27.24
30327,29.99
138289,13.51
197237,19.89
39908,18.99
260396,13.89
124023,31.99
151494,7.135
222092,21.8
59670,6.140000000000001
225419,20.31
110135,46.47
64972,17.99
58301,43.99
57702,20.76
265701,7.335
93814,10.24
46797,6.79
23273,7.79
211574,14.86
94128,83.49
70965,43.17
149847,15.32
186569,13.99
56276,64.99
97858,14.98
275526,20.8
107082,1.89
131453,28.99
69660,28.06
167447,7.205
133716,13.88
14144,18.16
57015,49.99
119177,17.975
254036,21.99
207011,7.89
12640,12.99
215272,33.98
75439,4.13
44643,10.0
156983,127.79
180248,3.79
206673,7.4
231432,59.99
149055,20.27
272301,9.63
115456,29.88
81352,18.305
177885,20.885
201327,9.97
245091,38.935
190150,22.1
243045,43.73
241957,20.71
81031,4.0600000000000005
263557,17.985
183562,23.075
147196,28.99
70171,23.195
238614,12.0
55288,2.48
221810,11.34
50884,14.99
104903,5.49
213011,32.995
287168,17.05
10436,1.93
91308,23.175
46415,267.99
75776,39.99
282856,2.19
222268,14.785
81985,5.34
227449,37.52
41443,13.99
258141,1.82
112213,1.935
167356,6.99
205678,5.84
40499,3.59
193108,25.42
127618,13.465
9692,35.99
46540,9.46
190123,2.59
23325,4.49
259228,10.25
290578,5.265000000000001
95794,2.1
721,10.99
70957,17.99
246039,49.99
175515,1.0
34852,4.655
190451,3.4850000000000003
100583,12.185
257394,21.63
4046,117.49
35532,35.34
255771,3.13
194379,8.0
297320,9.74
185780,44.99
39616,2.87
49441,16.5
243209,36.26
29642,2.29
98589,5.285
147685,16.77
202442,9.99
58752,9.0
15777,8.69
292516,11.5
57440,79.99
79498,23.46
227609,79.8
155246,3.64
69428,5.24
77630,16.580000000000002
160009,11.98
25915,3.49
73881,50.255
26118,20.99
192822,12.97
163675,1.82
221365,36.8
2708,24.42
79248,2.99
219521,6.529999999999999
242185,17.34
83658,6.73
105990,18.99
269217,7.49
61879,42.61
265060,8.99
219000,29.99
278894,3.74
66738,21.74
37327,14.99
80137,1.19
44096,4.83
90462,5.19
120268,45.41
15245,63.83
67954,6.27
26247,2.94
86005,29.41
13304,9.49
178323,3.97
207045,4.13
222613,15.86
272980,31.71
167032,108.56
57569,69.99
7350,16.69
86214,14.845
59393,7.845000000000001
27933,5.29
133380,11.31
165845,38.63
102983,9.99
284533,3.39
269618,26.95
64657,3.49
248404,23.99
280185,15.2
105001,13.8
244535,75.0
67864,6.205
290552,11.44
96963,9.99
279675,45.47
136689,1.885
229485,34.99
92796,43.86
233193,118.44
179572,2.645
295370,48.98
32916,55.0
294595,5.99
202016,15.5
181816,7.31
242181,65.0
224684,16.645
191052,16.98
131463,62.02
264929,10.97
111123,13.8
54037,4.48
123224,4.29
7094,27.89
189451,40.97
214027,13.99
13826,5.69
153526,3.79
76392,42.9
43257,12.385000000000002
126767,1.59
178754,51.49
16195,16.0
208943,20.94
234109,6.3
41396,10.19
154310,19.535
87067,24.92
231596,2.835
195375,70.56
113225,16.99
74368,12.78
217107,5.6
135421,15.59
12995,46.44
74182,7.23
111451,10.0
106956,12.99
23535,33.89
182531,5.38
17684,79.95
36831,12.245
59014,19.36
40599,17.03
166461,1.48
112137,25.96
263541,23.99
174704,11.52
31621,6.73
261935,110.0
130181,99.99
228848,29.99
55802,27.99
267278,6.99
42263,6.49
201831,42.9
16556,64.03999999999999
161392,7.11
221023,43.11
6893,15.98
222804,7.91
66444,29.99
176610,23.99
136946,28.45
238157,50.185
246478,11.88
137722,1.98
61589,151.76
242468,22.99
98168,2.37
257292,14.99
34399,5.615
254298,8.915
31319,13.98
165018,42.8
263953,5.99
159486,68.59
217842,8.4
291131,4.39
118579,57.24
197103,37.99
77513,7.79
235363,30.37
255890,6.5
110447,14.97
252248,21.72
80171,20.19
138689,37.0
26331,17.895
210085,23.995
7112,12.99
229698,14.99
71915,68.99
163296,11.515
265747,8.99
52547,158.16
230020,20.69
185551,12.0
215177,7.18
147861,55.93
4752,2.15
33857,1.54
246399,6.57
192745,13.69
48450,32.81
230541,35.98
80255,36.33
279204,15.989999999999998
270338,20.49
52000,7.395
44880,113.99
247805,30.18
58841,2.055
185706,1.89
218367,39.99
207233,2.28
247896,37.98
111378,46.99
294263,9.77
3142,22.99
44341,10.15
255915,14.43
235297,46.32
18818,54.27
39813,23.98
48690,4.69
119796,18.0
265728,2.59
242300,12.79
99129,11.89
146766,76.44
130706,6.88
48324,10.19
45535,14.6
232710,62.84
232331,3.375
182711,7.895
242252,14.87
140904,22.98
256540,3.42
33287,42.89
152929,16.78
168004,69.68
215571,4.98
275829,3.49
121928,28.99
222341,12.57
47273,1.96
10338,17.99
198982,5.68
72376,28.29
251591,6.995
147216,46.99
250901,25.0
39836,1.865
50307,11.08
198671,11.99
287744,13.925
145282,50.76
17469,17.99
168763,5.875
144187,3.69
201865,3.08
116945,54.99
261662,4.24
169889,16.98
68067,15.99
14180,21.65
232657,40.91
169538,31.4
198983,69.955
210933,6.135
264359,9.18
27924,1.84
149370,5.23
70860,5.03
283518,4.69
271116,12.14
284422,7.9
219328,50.99
206189,18.98
157996,17.91
247713,12.95
268335,3.76
145438,31.5
51489,13.41
136748,5.97
170902,8.49
275988,14.99
54212,12.98
219611,4.12
47335,48.97
161509,138.28
256175,11.47
273817,22.825000000000003
30154,3.69
113615,8.74
157289,63.01
93233,1.84
108186,38.99
256790,1.49
171779,1.78
8852,13.99
272735,24.72
149828,39.71
208035,19.99
123520,19.475
191520,9.99
38372,4.77
151536,23.45
247625,11.99
132348,49.99
140528,12.415
18543,6.24
105936,8.485
118197,6.975
104321,17.715
17700,12.905
220145,4.49
3279,4.095000000000001
73037,33.58
126250,15.59
82510,6.59
96379,13.170000000000002
148354,11.94
86570,23.995
273856,1.88
13861,2.095
60876,2.24
198064,5.09
28451,4.87
184670,7.74
160820,9.21
195517,46.25
250133,12.64
65332,23.32
94895,6.825
205080,33.0
173481,13.88
176109,17.27
187102,4.49
228980,13.3
241953,81.18
71051,199.0
94956,8.5
211100,26.99
43243,38.99
132450,26.55
254133,27.235
25358,6.640000000000001
33981,25.08
38823,19.48
148837,15.99
234352,26.99
93090,4.69
198148,11.95
6425,42.59
252599,15.99
10869,14.39
96331,27.03
75097,16.99
177738,50.99
275543,4.67
264940,3.79
274752,7.55
131258,171.99
251561,9.94
128537,130.05
65228,59.99
76426,6.17
43053,12.46
167456,6.48
210024,54.98
32901,58.505
43515,6.59
267879,2.33
38842,2.29
115078,14.99
28327,17.835
107655,41.99
253537,24.85
163291,9.485
238002,44.99
115232,41.29
179183,5.69
144649,5.1850000000000005
128793,17.79
231392,3.39
60802,30.065
117100,38.99
275352,13.99
81006,43.88
82133,4.824999999999999
127184,5.98
29835,15.685
168611,3.625
40371,2.79
116566,22.99
37518,4.79
104782,4.61
211009,3.12
3416,12.99
29693,56.64
35410,4.79
216435,20.79
184458,16.99
299290,5.99
15086,39.95
186111,6.640000000000001
125827,23.49
233727,47.49
98917,66.86
14571,30.99
217749,6.99
277859,3.23
171703,12.44
102189,79.99
134593,12.95
63812,21.24
240545,11.35
20921,64.31
282963,11.89
96614,1.92
133287,3.17
225611,40.58
100792,51.89
94725,24.9
36700,14.95
122247,22.28
133812,11.975
255514,13.01
173223,7.13
64171,29.99
34367,14.99
140084,25.99
55174,13.32
185495,5.49
188100,21.16
170540,75.76
259464,16.73
211824,3.83
12571,8.99
173361,2.24
270333,13.91
270890,17.875
179346,5.79
187009,15.99
284744,8.54
211905,3.83
267608,12.99
209455,44.99
219851,42.99
26958,12.49
31574,9.88
173479,1.99
176875,39.94
60213,9.315
69646,53.16
78180,6.39
206771,7.8
187931,7.62
98482,17.195
131188,5.88
290680,18.79
155401,17.44
289507,10.44
61784,1.18
153990,10.0
142046,57.63
153610,22.0
147153,4.79
230208,16.47
33365,55.82
290131,5.475
116433,8.49
136912,5.85
18119,64.31
92102,49.99
263900,12.5
65572,27.13
267047,20.99
229418,17.94
179112,19.99
250838,7.39
96277,3.76
251830,2.475
163206,49.99
263525,3.96
14822,106.885
104397,2.99
163819,3.49
40741,2.63
29636,6.99
181725,3.2150000000000003
281964,10.24
119565,5.99
149937,44.47
149952,81.92
220247,4.535
241588,7.99
95812,26.805
161551,42.64
205373,42.99
34941,18.34
247929,89.99
103353,1.94
36834,9.035
201037,7.24
142098,46.04
35068,3.19
197278,7.27
195380,91.31
30950,5.69
142221,76.44
154376,17.095
75289,19.52
56047,26.95
218996,14.45
246466,5.82
258567,11.9
34958,8.98
221866,3.045
241010,7.95
222314,6.47
225459,14.99
13649,59.99
124519,66.385
81430,3.535
31752,16.68
122901,10.05
60162,17.99
187673,33.97
216701,4.86
158969,10.33
201212,19.95
204962,8.97
27066,16.68
108660,26.22
246296,28.98
241167,12.99
116943,4.49
180459,7.029999999999999
65022,15.98
106357,12.99
182596,8.99
81450,69.88
2271,51.54
107115,29.99
235611,25.99
66724,62.84
62646,15.99
159792,9.99
189643,8.16
203847,6.095000000000001
286572,36.13
110595,46.99
220208,9.99
226334,28.99
63167,7.89
62839,8.16
96995,13.51
32806,2.0
124776,9.99
238044,31.8
177243,12.99
274710,8.99
167719,55.0
271379,13.5
105206,9.99
122209,19.74
131105,23.31
250933,34.985
145305,21.99
118570,58.67
76404,13.98
110619,134.99
280573,27.96
133520,40.0
184507,38.53
41588,2.175
13173,1.4
36420,3.115
47760,15.39
86552,20.95
82857,2.96
137903,211.72
50195,29.99
98607,3.97
148557,4.39
61621,25.99
116835,35.99
251890,3.64
222996,5.845
298192,19.87
87307,27.99
48091,6.130000000000001
252416,38.89
146338,27.99
262214,24.88
223729,1.29
254067,75.63
271219,9.18
231599,39.99
281676,8.41
157458,150.89
78622,33.46
242973,13.99
68673,4.29
206616,5.99
194403,9.0
288443,4.79
188935,6.61
160861,10.06
287133,4.72
236349,8.49
1184,62.99
118450,10.67
160658,5.37
213076,10.99
76486,1.93
64914,40.99
283872,11.74
158012,19.99
153941,38.97
286716,9.2
146499,27.61
171316,11.69
41558,59.88
171843,57.98
191522,2.69
121027,9.89
279543,24.065
10304,6.0
252254,25.955
5321,24.42
243898,74.51
43849,24.875
65112,32.99
179923,12.0
211116,4.19
135172,5.58
51646,12.0
97264,6.98
273449,12.99
68123,42.99
233266,21.58
252167,24.49
130887,32.795
16591,3.99
271325,6.98
271931,5.96
214347,6.98
103029,20.855
284777,5.99
160683,71.145
193414,18.26
172089,7.32
58391,44.99
124161,124.99
199485,33.0
291023,60.49
293167,71.525
203204,14.99
150048,3.515
273585,14.77
87915,39.16
99179,1.84
151501,13.515
218567,87.66
279990,40.95
212350,56.99
264316,2.855
54726,11.79
95361,33.86
156230,9.47
282673,107.99
60864,3.5
244984,1.32
250360,78.49
108107,16.2
10593,17.99
31122,20.99
254139,7.99
35197,2.58
156066,1.98
117932,108.5
77867,54.96
93930,1.98
112320,10.255
153940,59.96
282156,1.52
113810,12.95
104571,7.99
43715,15.44
54280,30.49
208995,79.95
39240,97.0
28096,1.39
232739,13.47
31670,3.99
98905,5.99
2148,50.58
12145,21.92
234736,13.99
223875,7.890000000000001
185854,15.49
273179,13.21
73918,7.635
199668,5.99
259833,6.035
218670,14.99
41502,3.04
156198,8.495000000000001
200945,9.99
251783,7.715
263194,16.99
177584,52.47
200612,8.14
130776,3.79
90724,18.72
264003,21.175
3529,82.815
219340,3.19
256616,27.48
240170,51.99
283900,9.57
161331,112.42
174438,11.99
220608,42.56
250232,17.9
129280,7.62
64894,14.989999999999998
243468,19.99
298344,1.59
202660,13.68
88932,2.99
295750,32.93
77717,11.97
50805,5.99
78176,1.49
91394,7.99
217819,1.68
262138,34.77
142851,50.58
83502,13.85
9288,39.99
223145,13.49
172003,4.485
251930,15.99
84809,12.99
42561,25.99
10813,41.505
238785,12.95
154451,19.99
93035,32.99
142441,29.13
169263,14.19
82026,9.49
189797,15.9
144,21.595
218852,27.59
222016,9.44
197754,94.46
46664,15.99
79887,170.31
215065,10.99
60382,17.99
26912,6.4
286296,30.02
81146,5.324999999999999
33776,3.31
279329,28.52
172341,2.97
77394,2.8
42500,9.92
281988,9.02
155258,23.98
136324,4.515000000000001
43173,1.41
269459,36.25
185724,7.455
224530,49.95
111775,37.98
79181,20.5
56568,10.59
132569,8.834999999999999
105735,2.69
80482,40.465
170694,9.98
45035,49.99
242097,31.99
293538,8.055
291271,5.79
66563,12.99
198991,39.36
51733,3.29
5534,50.1
256204,26.72
292325,30.99
252651,18.5
23627,29.99
159800,12.87
252484,13.955
226850,18.74
240851,2.38
205402,83.19
273506,19.99
214890,24.98
51125,13.75
54849,9.99
226506,79.99
113059,9.99
283906,30.255000000000003
210507,14.99
60243,8.99
55684,71.99
5573,14.39
56340,29.96
110242,92.94
297357,4.945
247316,5.91
104556,8.99
88743,23.99
43727,17.735
202195,18.01
4927,1.89
262218,87.17
92230,10.385
6093,26.93
113569,1.52
163137,14.69
287151,4.635
35824,2.59
244415,9.49
52475,70.99
29631,38.02
65989,39.33
99555,15.79
288570,21.15
199658,9.59
216910,45.58
40445,7.79
253337,6.465
269967,14.98
45361,4.29
259459,5.44
278519,10.225
261872,17.99
98574,2.345
92869,35.99
216333,2.58
56077,22.655
260261,14.5
201870,35.99
205281,3.99
164888,7.99
208798,67.07
47622,13.97
229241,25.64
124204,127.47
116554,79.98
98191,12.49
277162,1.59
87217,3.34
113288,13.08
242610,14.0
112521,92.43
104042,47.98
63124,34.95
233640,6.95
203722,11.95
141978,86.02
269449,17.215
65138,6.220000000000001
139474,34.99
131643,2.6900000000000004
55906,29.99
70069,28.99
118456,23.365
68197,4.46
171284,22.145
46681,55.69
172757,3.99
271381,9.49
223196,2.78
161759,5.79
7502,33.095
238154,16.53
67753,55.07
119,36.945
26012,35.97
141729,11.98
33827,13.68
171880,11.88
117288,6.99
46216,14.99
280056,12.155
187985,3.67
84466,4.37
145340,38.47
173040,6.29
295822,11.99
2044,20.08
22361,74.99
129080,16.85
231861,9.45
129165,10.83
199720,2.96
43693,6.99
32028,21.42
147041,53.01
99646,71.99
203152,21.66
122389,25.85
141585,5.39
196655,56.25
215554,4.69
181559,6.609999999999999
213801,18.24
137329,3.99
84345,159.95
233046,7.74
293699,13.45
21379,6.49
14649,24.88
204346,10.98
138916,5.8
253204,6.7
273398,19.99
291236,6.49
190663,33.0
26522,4.24
195022,12.98
20441,32.5
36672,12.36
14943,13.94
137054,18.99
58608,39.99
5432,20.08
235800,39.95
4078,141.62
67547,22.94
289423,33.895
233698,197.49
110890,17.0
267298,7.64
230221,59.99
205014,7.97
232510,63.29
218338,23.99
64216,38.0
272753,12.98
63878,2.5
32586,4.79
246550,59.9
165991,8.99
53714,7.105
268471,3.57
79353,3.775
24146,30.52
205309,103.5
41517,7.99
264365,5.49
296412,7.25
164180,14.42
158543,14.99
115351,24.99
24186,14.99
61944,32.94
224123,35.99
61682,5.640000000000001
162041,36.9
258150,4.2
226591,3.815
79463,5.654999999999999
192779,22.49
145443,39.99
174505,25.18
56137,17.99
20325,32.3
230981,28.98
285498,17.4
74758,18.77
79293,20.99
79890,6.49
133081,41.99
142997,46.04
279104,16.7
59399,6.1
296449,9.95
263257,4.92
66077,3.75
117809,2.88
264861,30.9
135684,23.76
145911,24.29
13690,40.865
161176,32.35
154951,6.49
28112,14.17
36897,15.0
220480,1.67
221509,38.38
177744,7.99
105820,57.06
61151,3.99
294092,1.63
253142,8.42
68648,43.355
244732,1.29
225072,9.51
260451,40.99
119737,2.69
202766,3.0
251733,95.66
260434,4.59
209564,17.615
81924,6.885
124485,5.22
237547,16.61
88539,29.395000000000003
222442,36.99
32027,11.99
57032,21.99
36120,5.765000000000001
58248,117.5
194983,9.07
261410,7.745
175850,14.5
263940,10.59
195983,41.12
265003,26.99
49816,11.489999999999998
145316,9.99
131741,3.97
294084,25.57
11162,8.59
258032,21.99
61738,55.94
199181,1.34
951,5.140000000000001
50211,54.99
56745,8.99
290267,14.99
43455,16.105
164966,2.99
195668,105.37
138000,29.99
308,12.29
118435,11.49
59697,6.43
195190,99.5
256137,27.99
131498,14.9
210456,94.99
211347,14.965
17473,20.865
208302,5.9
276448,2.99
129221,17.48
5178,3.28
29176,20.07
33020,4.44
153031,6.38
121758,24.99
58436,7.46
220759,10.885
204312,4.9
45532,6.39
94879,7.32
29491,10.095
185559,12.33
186486,28.89
106145,16.99
125026,141.685
133859,17.99
134699,17.9
130680,54.99
155744,13.97
239636,1.88
24695,26.675
87766,2.935
161948,34.98
188293,17.99
240448,18.39
100438,15.49
88096,9.99
225431,2.535
49444,2.64
33727,3.69
187458,32.31
9980,4.79
87443,10.045
184757,4.19
23941,44.11
199815,29.56
229644,8.02
140365,9.85
291397,14.989999999999998
141202,4.54
3557,79.62
95610,2.23
251342,9.33
158319,10.0
25481,81.18
68758,35.99
165581,12.59
232010,31.81
26146,9.99
217774,254.99
132036,27.99
194887,6.89
170430,14.195
38683,5.535
271990,1.5
183587,11.49
153208,40.42
176810,298.16
293126,2.12
11037,13.34
232157,11.99
97639,1.49
32896,60.89
258088,32.93
192531,2.98
110650,41.79
165447,9.82
290244,17.67
278388,8.24
218048,6.98
20910,50.19
226025,17.99
275165,33.79
82979,19.5
230699,8.39
142035,51.77
99739,6.245
106650,1.3199999999999998
221397,42.99
247739,11.33
171101,8.74
58058,66.99
28084,7.28
100242,14.99
168499,6.99
188169,32.83
50490,13.47
240824,86.99
238296,1.585
5811,31.99
125087,13.62
200406,7.54
186542,5.234999999999999
193711,5.29
48772,9.99
122411,25.95
58345,4.99
273889,4.92
267776,10.19
217390,9.99
6101,34.99
61114,25.99
81644,5.635
157542,107.84
194709,7.49
173934,68.35
277888,6.49
202130,13.95
274844,10.47
43861,4.99
198841,56.26
99557,38.54
294317,24.98
81023,10.0
293789,24.88
52437,5.455
256834,21.49
297591,11.0
96389,15.49
23298,11.1
273283,11.29
216624,49.6
198414,34.82
88144,4.640000000000001
15184,18.99
2190,81.28
75556,25.985
13752,33.845
44148,3.79
158176,16.82
133408,122.95
258318,23.99
226437,6.99
99033,33.99
240379,34.99
250102,80.47999999999999
214632,27.95
163390,96.95
90835,1.99
168480,17.85
214100,9.99
284982,6.08
85320,11.489999999999998
238109,66.38
60667,14.97
95881,7.59
21439,2.74
55311,8.99
227172,8.99
75125,14.06
32528,1.0
117185,35.97
162692,6.5
190951,72.58
148324,51.54
6075,29.99
287845,6.34
99932,16.99
9467,6.38
243348,22.99
85491,160.55
277412,5.24
93828,3.69
297951,1.74
281046,7.99
48978,13.475
21307,8.8
34219,14.695
213348,14.99
166357,3.065
113161,22.99
279967,36.79
110349,9.95
290615,11.96
62844,36.09
128055,29.99
23856,7.64
139629,59.99
293330,14.085
182238,40.47
216148,2.49
138590,16.47
264100,19.565
11,14.74
97062,14.57
144274,29.41
262240,99.68
166830,39.275
258612,9.995
284175,8.515
17245,10.74
67816,43.5
186113,8.27
53359,26.99
76413,5.62
241581,19.95
122881,21.95
245213,69.0
134309,19.97
211581,29.99
44042,20.12
34736,24.13
200470,51.28
234468,3.92
109693,15.49
107436,63.79
189998,10.49
883,17.96
176962,37.77
66791,10.24
119747,19.97
195719,58.25
160645,18.26
21255,119.94
64984,24.99
289208,24.29
49776,44.88
256657,19.825
286958,14.305
174977,24.985
115186,13.98
184501,25.94
213461,59.98
236937,4.99
288414,12.94
163007,2.0
197946,19.99
61426,16.99
134931,2.28
33901,5.4
168823,8.935
278270,10.29
157240,164.05
283144,28.61
17278,44.36
211800,1.99
125423,7.25
161974,53.82
47668,29.99
12711,39.5
197626,12.48
29355,23.99
35095,4.2
160352,19.0
215042,35.95
215712,25.29
216573,39.99
45125,8.59
81192,4.5
159937,14.95
18997,65.18
208174,2.68
92898,12.54
188973,93.255
205138,69.99
202594,31.84
67074,4.885
43118,44.49
139912,2.115
10940,27.52
212293,24.82
94360,3.49
284905,10.235
265617,0.98
22922,65.99
109622,26.59
250852,26.72
12282,10.49
58439,49.97
238762,4.89
73924,66.92
189639,9.22
144107,86.43
82985,8.600000000000001
141354,30.265
180931,16.99
51076,30.75
174162,65.27
25292,15.364999999999998
96072,13.99
143693,141.62
288020,8.780000000000001
149025,9.7
235638,13.99
236265,7.99
176036,1.44
122353,25.23
177210,6.97
259591,13.97
47136,5.5
87113,3.09
236573,27.5
169681,4.17
250786,26.755000000000003
239482,19.785
194167,7.98
245307,2.09
220872,7.29
141550,16.87
169718,2.47
279249,17.4
26885,5.24
41845,11.45
133279,4.08
217436,17.99
38305,8.2
141098,40.06
205455,10.0
32506,5.55
43736,22.04
119302,18.95
59255,18.95
48188,24.99
25097,12.74
50315,21.5
48169,4.79
274681,9.37
191777,8.49
273135,12.76
206585,6.945
282558,24.64
173330,4.59
57875,33.99
82401,13.99
167566,14.76
270848,29.99
39375,9.23
209386,38.95
40301,2.48
164822,11.99
176616,48.465
77109,2.59
215677,2.38
227582,19.17
4568,1.48
45490,13.46
53143,3.635
242447,12.99
190160,17.98
26169,21.17
123845,18.99
186654,5.99
64578,11.5
197770,84.74
63435,28.95
153536,25.9
38450,133.81
190399,15.71
101137,7.83
295995,3.99
187857,19.76
154373,24.99
208687,10.235
265355,18.99
151683,9.99
7470,19.99
186188,11.27
222133,36.76
267819,6.99
177077,49.53
116311,29.89
75940,42.54
126655,20.99
282259,4.0
56541,1.985
262606,9.99
164039,18.8
157575,114.91
148409,53.26
209942,11.98
294590,9.88
223833,12.99
265935,3.82
292868,17.99
214406,24.99
270097,12.99
98870,8.04
36046,6.46
233240,8.69
48504,9.99
292742,47.99
116022,99.98
79239,25.97
89672,6.79
272258,4.42
1281,77.49
164387,8.969999999999999
137241,9.1
145079,38.92
78897,25.02
125227,10.63
157886,43.38
13392,27.09
165530,18.69
230958,76.99
105553,18.22
126068,12.41
45347,7.49
138243,2.49
11886,8.2
123228,5.74
88931,3.64
15560,15.95
164601,9.99
176485,29.99
32854,3.56
74092,59.99
282978,4.135
92305,13.65
299244,32.595
129258,17.99
297539,8.99
41669,5.19
221765,4.49
21928,7.99
272517,22.03
53243,40.65
258570,10.36
212283,19.495
90186,9.99
208085,27.5
138789,2.98
274192,1.0
91682,52.49
137105,6.98
59984,5.255
73722,10.67
103769,58.99
246493,12.28
17207,8.16
279881,36.66
102368,34.95
190911,3.69
102514,1.56
18086,44.85
11029,9.99
161996,16.0
266958,17.99
186591,1.0
20503,14.99
42090,7.155
228812,49.99
146868,12.6
246250,22.45
267511,4.48
170665,23.49
159669,10.0
112551,35.99
63819,10.0
5292,56.37
57010,64.99
123004,12.72
222659,8.37
127044,3.29
36159,21.26
237863,31.05
50347,14.12
20619,5.99
77655,7.689999999999999
125878,53.99
39922,26.450000000000003
288836,4.09
52966,31.05
295152,2.99
175919,26.99
270592,6.73
201199,24.12
58085,19.99
176722,52.03
101341,26.95
234812,5.14
119054,36.99
235996,9.01
77549,3.39
47357,5.095000000000001
60140,24.99
166094,4.79
286048,3.175
212168,12.99
111880,9.99
83998,18.22
134440,7.885
188336,14.99
150974,61.97
227777,8.225000000000001
17957,19.99
90119,3.56
230774,19.0
79065,11.99
144465,5.654999999999999
219989,3.76
162300,8.629999999999999
30495,2.24
238484,5.58
293820,47.99
100893,25.98
162534,18.49
19692,3.88
138809,23.555
122236,33.99
32373,7.98
127170,54.995
290990,55.97
46717,3.87
292776,21.09
44533,15.49
86457,2.59
136254,7.32
29163,4.640000000000001
94565,8.49
71953,43.3
225255,3.34
217696,1.68
295835,30.19
163191,5.775
4547,32.2
26100,8.99
220585,29.2
293316,5.53
167358,2.99
106058,16.74
190014,18.19
10063,2.86
148578,24.42
117449,18.735
75119,2.29
280112,19.185
265225,25.47
275391,110.99
256244,4.95
184212,5.25
269019,13.985
210746,40.48
188495,4.99
191545,39.555
271656,15.5
162783,5.49
88970,15.39
270147,27.99
268555,3.09
428,5.99
295709,3.925
271958,10.95
241796,14.95
217370,22.95
269587,48.51
64149,19.99
196842,9.02
175230,7.11
234354,3.89
20650,54.69
166175,116.62
181479,19.99
278503,12.325
296654,14.3
172985,1.73
235100,40.85
134533,3.94
107069,27.48
102372,40.8
195704,52.0
206990,6.99
107406,28.97
111979,29.685
271135,3.69
53442,18.99
86790,12.775
181311,42.99
223541,32.6
177774,27.92
49794,2.0
85649,11.89
123418,9.99
260326,2.88
207310,4.19
95445,14.95
11791,11.19
91926,32.99
197831,25.73
259745,5.22
121575,106.98
202552,26.95
11616,129.09
223509,1.0
243729,22.99
3788,2.92
271636,14.99
298878,20.79
202246,13.95
171307,5.74
129111,39.99
274997,5.69
236996,5.82
9592,2.25
95755,17.99
44624,13.49
53991,11.24
276723,0.88
284266,1.855
107870,24.99
616,14.475
34145,6.68
42542,19.99
216617,49.9
265926,3.77
85109,12.69
220844,12.88
233557,17.185
196547,31.42
148895,45.27
69845,3.94
212839,24.99
238887,3.0
35521,33.835
53710,8.935
285347,13.83
25818,25.79
96678,33.5
72868,25.72
159862,8.615
92395,104.445
275159,24.96
243714,118.62
101192,27.99
80230,4.78
29479,18.0
135034,9.99
146049,16.77
17560,14.99
40995,13.615
97636,22.95
115705,9.99
34838,29.99
43531,3.9
266279,15.989999999999998
237047,34.3
235034,39.365
243422,2.39
140144,14.78
84785,6.24
187781,10.58
87797,9.46
87966,1.135
157397,94.32
247361,10.255
50343,3.085
14913,4.59
252821,8.99
148755,76.44
15649,11.99
198935,51.98
45661,11.97
252860,3.38
92599,4.39
134190,8.49
276086,10.0
219633,34.99
283301,8.89
250282,22.78
4739,8.0
255627,44.825
244862,17.99
228853,29.99
167282,11.89
112850,22.34
147807,55.93
126600,5.095
287764,14.99
254506,8.855
121093,25.49
206860,11.99
113616,9.495
82537,2.96
24629,14.89
106009,23.99
176303,2.98
38854,6.720000000000001
177466,20.19
146080,45.27
148433,39.71
9325,23.75
7513,19.99
194003,11.925
168198,35.12
272589,19.18
252105,4.49
115882,56.0
226741,17.39
111018,2.08
51888,8.99
36077,0.59
252008,3.73
39400,3.07
91322,26.99
90233,2.8
73350,11.98
109173,18.49
210091,5.46
217021,20.55
153730,2.34
17608,12.98
269324,17.98
295265,26.125
62682,13.85
255620,50.22
258113,63.99
5074,67.78
281295,9.99
34331,40.975
223953,9.0
207773,21.04
28980,10.605
36919,3.24
133561,1.47
48282,8.595
139636,28.04
34705,8.99
190274,49.99
56351,29.475
24258,60.61
26942,3.19
270887,19.99
286184,4.39
7726,28.105
116866,4.085
1687,86.02
258924,35.5
209117,14.95
102641,10.985
54296,75.8
185461,9.17
35170,1.48
268703,6.7
267370,11.96
199513,15.95
215407,6.475
251369,57.78
246931,14.98
234845,5.34
107688,10.0
158126,5.655
8114,19.01
140621,21.0
120147,18.5
260057,10.99
192134,5.11
290678,19.99
74939,59.99
197244,27.0
74946,21.99
53689,54.99
259865,76.23
221379,8.465
230929,5.99
15147,34.99
61819,35.99
191325,34.99
178572,4.825
55979,9.99
230746,21.99
243008,6.83
268749,59.99
30092,4.69
271700,23.99
157741,8.99
119689,8.99
5540,39.71
81137,60.135
220397,25.64
153304,4.49
32449,44.61
3774,206.49
207578,11.92
215971,4.82
94789,5.99
206350,5.29
123403,13.97
36572,3.99
270247,11.73
164481,13.99
262111,23.82
167384,47.98
279884,94.98
264201,3.375
113619,7.45
181148,7.99
36732,29.85
232401,47.99
64783,3.89
224152,2.3200000000000003
128924,7.95
214617,4.48
256120,44.78
91433,3.745
294877,23.98
133721,34.88
198974,35.49
6698,35.97
225678,54.85
67622,12.99
173237,6.890000000000001
145393,44.95
266598,4.715
92886,27.99
253658,8.19
257552,28.5
294612,2.885
290666,41.7
199493,22.99
12634,18.99
92343,101.98
217031,8.74
217491,32.35
36789,6.79
19990,64.31
84521,13.835
71204,35.49
186310,14.95
228794,35.88
5464,20.78
264473,23.79
274287,3.825
150255,1.53
79757,7.58
48649,9.11
173279,18.99
1632,45.27
53593,51.99
104502,12.29
102860,11.69
200446,14.99
195228,94.76
104159,4.49
209875,19.8
15188,8.29
162855,7.49
222684,6.99
17082,15.38
218245,9.99
212539,11.765
239546,36.99
189982,4.975
131951,5.29
100056,8.595
99808,4.59
262158,3.5
287819,21.9
172629,61.99
126509,22.99
139960,10.0
29383,9.495
101864,13.29
164849,13.28
173006,3.89
191471,3.19
52431,16.94
102839,18.79
235760,35.99
154354,15.29
231081,64.49
182092,11.275
185443,155.98
52513,7.43
37922,14.23
89322,1.5
20722,23.36
100851,7.79
170756,18.0
89029,2.07
13563,17.99
284076,39.4
5234,14.0
22037,7.95
189087,6.38
5953,74.95
21806,48.99
163715,64.99
146893,38.92
235629,13.99
185883,19.97
105865,10.99
228332,3.88
66731,12.5
24169,20.41
195992,41.92
280830,35.25
19949,64.31
62528,121.45
37531,7.04
119049,69.06
138033,68.415
221979,25.38
54682,14.865
58300,65.97
67006,73.77
163972,11.95
19373,64.31
35160,21.28
772,11.48
1480,10.87
231466,13.99
1110,39.99
206374,4.29
73857,27.195
225025,7.715
184243,10.98
179896,42.09
287384,4.19
222505,74.45
137617,37.92
176805,7.49
178546,14.99
143445,16.99
68587,47.3
19490,50.19
281603,11.95
39021,17.345
270635,17.99
126338,9.84
267742,29.99
248025,5.58
77103,11.98
73943,1.48
37053,5.455
83387,2.99
12118,14.445
7210,94.15
151874,9.87
66080,37.0
187761,3.13
43577,10.99
46616,52.1
27098,16.79
13871,62.14
135979,13.77
132987,36.94
28317,6.74
170856,1.38
211497,11.8
119836,4.63
215225,18.98
252122,31.88
191173,21.82
99797,2.8150000000000004
177177,24.95
255330,36.33
169696,1.98
76847,1.94
56169,14.99
103041,14.75
181832,5.39
66909,65.06
41997,10.965
163411,2.705
122819,10.99
63555,26.98
99109,39.99
106896,45.28
136684,15.46
24612,15.98
141024,15.3
189695,20.49
105703,22.99
227081,15.44
276696,2.49
206582,9.75
167650,4.98
28097,6.49
147758,59.48
295169,5.89
230388,3.83
267168,35.485
245716,10.995
131297,9.97
200808,21.98
182715,1.33
176861,7.99
233468,24.71
117588,13.49
166905,14.34
6738,8.99
45554,8.99
84090,30.62
290312,2.34
227289,39.16
145330,42.95
175487,33.86
174014,6.59
216911,50.94
196627,122.69
285034,1.79
232575,44.98
67877,13.055
150542,1.79
50476,20.575
43615,29.99
155883,10.105
147427,39.71
196168,39.36
76062,13.17
261302,43.99
178777,9.995
246631,24.99
286905,20.36
160317,1.39
271553,2.59
2534,35.47
122944,14.94
29724,10.0
196487,75.21
183330,22.6
87369,8.24
25206,17.5
225110,23.99
285918,6.41
31316,11.195
247429,39.5
214886,52.98
83611,18.99
170476,6.77
118220,127.54
85088,22.84
108800,16.99
27199,17.0
193960,4.46
213733,7.84
69171,24.975
217181,3.19
227454,120.57
174670,5.32
187481,3.4400000000000004
275640,14.57
204221,19.28
151709,3.52
280359,10.99
258986,4.24
79166,41.925
143656,38.92
274351,7.71
263166,4.0
161254,10.73
228606,2.48
270352,9.38
276613,10.0
29451,8.95
104695,67.7
98264,14.18
199072,9.49
147222,141.62
286698,21.99
222588,9.98
80654,1.5
262559,115.875
35657,5.24
29668,71.03999999999999
189426,19.95
134341,5.35
34374,2.36
251165,8.99
248262,11.85
115721,15.99
118753,20.99
31807,9.25
281626,4.25
215997,10.97
250010,15.99
35990,8.99
70003,4.98
86814,4.24
57100,34.99
129276,4.49
231808,14.7
14137,30.33
72464,22.62
36328,28.0
169679,30.55
74985,7.29
214441,29.99
24806,5.75
231245,7.97
176146,100.83
67007,59.99
173072,47.21
653,16.99
286549,5.51
294277,3.49
202296,9.99
122301,16.97
25173,14.99
136370,25.99
115852,18.46
69816,6.99
121877,28.74
280434,7.685
155756,1.48
211545,4.99
291365,3.785
6684,4.98
5713,13.99
274914,4.5
19746,33.5
86768,71.23
13123,19.93
710,15.435
107316,9.28
94929,3.39
235166,30.37
257108,9.4
132194,5.49
16914,15.4
286791,81.27
252511,13.18
186555,8.005
57258,38.98
135384,17.8
244727,2.93
124414,3.33
115768,31.05
255278,37.39
112348,49.99
74099,19.99
24495,24.95
58100,7.19
280261,5.21
187303,8.69
201955,5.99
233550,29.99
71575,12.67
145895,35.63
249670,14.9
31905,8.99
235755,4.0
183633,1.69
70636,9.14
111592,79.95
72685,38.0
184983,8.985
69435,42.27
117795,9.12
287154,10.99
117581,25.99
134973,6.695
294515,8.68
30363,89.99
85514,151.04
212600,17.86
195933,77.49
49471,31.275
3992,17.99
298882,58.27
1069,2.155
63252,12.83
140708,22.97
266887,14.55
263793,3.02
263841,4.46
42825,6.49
138726,19.99
174487,18.99
156690,109.96
149019,4.98
267157,9.49
21636,33.99
287136,15.535
136840,7.99
42058,9.21
241383,34.99
55761,12.97
90241,9.95
29061,7.19
124167,8.48
129325,32.99
285103,10.99
37963,3.04
203216,16.32
76397,27.99
62824,9.99
45039,12.19
268014,44.99
51555,57.99
138751,21.99
219049,42.995000000000005
126621,10.49
212965,4.235
274759,5.11
280762,14.1
289362,6.24
64917,16.49
165373,25.32
123387,17.99
254406,11.82
220774,35.94
67673,12.739999999999998
157766,19.99
35138,6.98
272183,22.98
143991,24.29
36997,2.19
119048,8.17
232845,9.99
228679,4.69
32236,11.31
163546,64.08
186231,8.18
13600,26.29
243374,18.95
27942,10.99
40471,4.39
97353,2.19
202460,33.76
188152,14.115
140564,2.72
282914,0.885
179548,28.99
233732,29.42
81953,10.5
266452,39.24
238397,10.69
34741,7.99
239387,25.99
178979,17.99
263228,10.99
202198,13.95
200810,16.79
187487,4.99
222985,58.24
162163,1.7799999999999998
147601,11.95
79315,12.075
149800,13.99
230257,6.28
194519,5.46
78075,3.19
13143,25.95
149043,26.09
149903,103.63
151444,11.88
197833,59.99
108804,145.49
48678,2.0
39116,80.16499999999999
117041,26.99
200937,10.99
21995,17.95
20468,18.06
73036,19.865
242679,1.89
271575,21.99
247195,32.46
231716,48.99
210217,1.29
117849,9.99
148175,3.085
188675,57.51
201028,17.68
166349,6.33
216549,10.435
71455,21.99
254909,6.49
222298,21.01
54479,2.14
258314,2.59
181786,6.24
94298,1.44
144442,11.64
208100,9.99
283850,36.74
222082,55.08
280663,10.99
28966,17.22
281239,6.49
194487,1.67
73701,8.69
195773,59.07
199433,2.28
61306,17.99
229015,49.06
251221,55.04
111,11.695
149490,4.19
252332,16.59
19077,17.47
84991,3.79
128691,5.02
97027,47.99
110565,16.97
255824,61.95
238816,11.95
148931,45.99
165681,10.0
41436,94.98
258586,8.99
159360,3.16
196766,3.43
214123,180.86
202976,22.95
231674,125.99
271634,25.82
16572,10.98
105081,25.95
8149,9.39
153867,38.24
227923,47.69
193370,19.03
217856,29.99
212461,4.16
147344,86.43
66331,29.99
177116,8.49
163260,2.505
225796,5.99
52712,19.99
92383,79.12
81524,9.98
283078,89.99
287174,56.78
188586,16.99
189028,24.99
222714,24.66
253599,1.735
277157,2.73
165118,8.99
184463,13.92
55266,49.99
190355,14.375
169823,11.68
292574,0.99
152296,26.71
111700,6.640000000000001
226355,4.34
22918,47.36
243020,24.99
70212,10.47
156578,98.99
233645,20.95
83427,3.48
96435,11.505
8792,24.99
85590,4.74
249458,6.66
57358,21.99
59932,11.69
119537,19.11
230899,5.09
188922,24.2
253766,63.03
69693,6.09
260698,30.99
287591,1.755
12125,22.0
132468,13.245
70307,13.96
56378,4.98
112072,32.19
229380,35.8
298407,22.9
57907,59.99
193247,16.74
47256,43.52
283072,31.96
242944,45.99
120330,11.49
205000,19.49
135563,60.26
258148,5.3100000000000005
81857,2.29
3222,5.82
215532,6.7
276924,8.98
73893,96.99
24418,32.49
192426,12.41
42730,14.99
179038,213.5
138539,69.92
98004,12.95
141657,17.0
184178,7.65
128588,149.09
195408,34.53
106417,5.74
272318,7.79
19239,23.33
80183,7.78
26466,22.880000000000003
67464,20.49
93282,25.58
203148,37.98
17307,20.95
240114,42.99
66633,9.49
54770,26.95
206850,13.49
136833,26.99
180826,8.99
3886,81.28
248854,2.51
265578,26.34
797,23.36
222196,13.74
261628,14.0
238237,29.995
187521,7.265000000000001
232392,42.88
34606,8.88
199446,6.29
129761,39.84
22926,5.69
208837,94.4
243740,49.99
167626,21.51
289249,19.74
95559,9.15
169853,120.97
188301,6.74
224921,10.98
253984,3.99
249188,13.95
210191,39.57
264386,79.99
296722,9.34
43705,29.95
258354,98.75
71094,24.99
153376,25.9
50376,9.99
67485,22.99
139350,37.0
54303,14.18
257456,20.505000000000003
239897,9.99
229630,13.34
171606,74.69
297943,5.98
193753,52.34
185636,161.38
295859,18.95
173756,59.49
13491,9.455
57972,39.95
56517,9.99
226470,11.0
106092,62.99
215632,8.7
126315,3.99
64382,14.51
266708,11.86
69532,32.88
25109,7.95
98368,18.99
112433,8.95
110730,12.985
246469,10.48
9639,4.99
225159,10.0
242204,40.56
49815,9.055
159566,10.29
30482,5.49
172422,16.99
147673,83.74
260938,23.82
79053,13.34
41673,1.97
33930,37.95
192915,71.96
6343,8.99
116457,53.49
222372,37.735
7448,132.17
32025,24.82
206333,19.99
191104,9.99
287924,3.28
136792,6.449999999999999
247437,29.95
48630,11.245
234087,29.63
55624,15.39
240702,36.99
3080,2.98
67807,8.99
61630,18.0
102618,12.48
33825,11.99
119982,21.74
193188,25.67
239448,4.32
283420,11.56
241100,160.0
133062,16.99
168754,4.69
78028,46.26
208980,8.76
26276,16.2
246283,11.39
154209,28.43
264894,74.98
243204,31.33
221079,7.99
161882,98.24
38115,10.3
91221,4.09
162024,2.84
204779,12.99
287888,18.96
164297,2.0
218246,21.96
123450,13.99
33254,18.68
23931,49.99
271124,5.625
255554,14.69
111282,3.99
296794,35.09
68700,19.99
45019,11.09
9787,13.59
191568,6.24
19961,93.46
31355,5.49
211737,5.295
41213,5.99
77649,24.82
202851,12.59
163413,2.74
290116,2.92
95703,12.99
121908,27.99
288441,2.99
18731,50.19
143584,26.09
237687,75.0
201078,16.99
140283,35.0
194135,54.99
74518,15.95
223809,4.49
174418,2.14
100878,14.865
240755,2.265
61937,22.485
155282,31.985
108168,3.99
249132,93.54
87788,1.47
2981,21.55
35422,17.49
272321,9.49
187566,13.56
3699,85.94
31195,6.85
219695,9.45
256755,24.49
55052,23.99
143106,16.5
281020,24.99
45566,25.2
99635,19.99
266827,10.0
187180,66.35499999999999
224415,5.98
253937,33.255
226640,3.99
6348,9.985
207569,62.63
289846,13.165
222221,17.99
3254,4.49
8561,14.27
38470,6.11
248549,14.245
18265,58.81
221145,44.52
193986,13.22
258307,6.49
287984,88.83
115138,27.5
247381,34.99
97938,2.29
106765,8.22
34712,0.55
128229,8.61
65013,8.34
125713,8.84
107751,8.9
263826,9.85
21980,35.97
34538,3.92
245019,37.9
119530,1.0
177854,28.99
241172,12.99
63761,8.78
243299,35.49
220072,38.99
29404,1.7
262186,19.42
206540,18.77
88597,24.99
173862,20.49
285479,2.88
261843,13.99
253460,21.05
210449,1.79
82963,7.31
11394,72.35
92028,26.36
235701,29.95
114132,4.485
176854,8.655
28157,3.99
264294,2.99
77625,43.35
167005,3.44
162450,19.03
260715,6.59
266196,19.51
160915,19.9
247617,19.35
1976,27.61
123677,17.9
59071,74.375
179487,25.98
52368,28.365
192360,19.99
258984,5.99
118552,27.18
2839,3.14
215670,9.99
13963,13.64
146764,56.37
109185,31.405
211569,20.99
125573,5.52
97787,27.7
97436,5.705
84136,4.18
165858,4.46
108348,38.12
207758,22.99
66183,21.97
286937,34.96
104926,38.55
50824,31.130000000000003
122557,8.99
44240,23.97
86054,13.9
195916,41.92
51493,5.79
42445,75.5
1690,52.61
30442,3.11
66517,6.49
55176,31.245
96431,2.49
289199,29.24
690,48.23
217564,96.115
283432,3.42
171496,2.86
245666,20.0
107686,3.74
211101,7.235
174443,12.14
287032,3.14
175338,22.26
179796,67.36
290850,10.85
135778,3.855
280249,1.56
142964,55.93
51903,14.32
267562,12.49
235540,2.07
119397,14.8
119706,6.99
41199,44.3
147018,68.14
19145,43.5
64130,39.99
186125,11.99
66435,33.24
29733,3.69
199515,20.3
68778,66.99
81235,95.05
12346,31.49
252647,164.0
165668,4.385
283880,17.315
284144,6.325
263474,28.5
162950,3.97
82972,13.49
71005,1.28
10576,14.69
207860,11.99
147166,18.13
17797,11.98
4361,2.0
185066,18.99
184418,10.8
5633,57.7
153258,29.53
149914,17.2
97401,17.330000000000002
173705,3.48
127299,73.92
292043,8.16
21301,24.49
228195,12.95
82808,13.92
172416,30.71
204533,83.88
101607,28.99
239451,5.57
25582,19.94
122457,2.46
75150,8.395
180741,13.41
35479,25.25
98379,4.005
40112,7.1
226617,29.99
275175,126.51
1487,35.63
114051,9.99
274341,12.165
233654,5.99
108896,14.99
132058,17.49
191582,2.77
131636,14.5
181221,73.98
163651,35.99
94246,29.2
125269,14.785
235995,108.62
68938,9.49
149603,38.54
101802,17.99
127869,115.36
232511,35.5
123241,68.13
40073,3.98
113490,58.41
196505,54.36
173519,21.99
55699,48.95
166608,23.75
191932,1.36
59625,11.99
136520,13.11
178721,25.99
206684,2.0
173597,6.33
95098,11.99
245478,82.66
159810,25.0
125820,23.0
42015,6.404999999999999
136702,16.88
81300,2.41
269723,45.99
3584,25.99
72867,6.98
180698,20.18
216057,0.96
252407,22.25
1807,83.74
14791,29.99
107685,23.99
18694,35.39
210911,10.88
244040,4.79
23418,81.35
253429,16.69
241019,16.99
162860,4.79
240424,6.99
246772,9.95
96775,10.91
3408,5.62
1368,59.48
119793,7.26
112234,13.99
96668,66.26
150937,4.69
127338,2.49
89696,3.63
7584,17.84
210832,22.95
219754,12.99
245903,38.99
173945,4.79
243870,74.51
267388,22.72
247869,10.99
197945,5.62
42326,5.49
50863,27.99
149067,7.59
153633,76.3
69581,12.34
276526,9.08
282962,13.81
268949,1.48
178749,153.22
181698,2.28
39725,42.49
136353,5.75
145760,50.76
36562,27.99
209240,5.29
276934,5.99
247018,8.99
297816,399.99
14317,6.99
177183,11.44
76645,41.495
18234,64.31
121808,111.98
71492,25.4
246704,86.99
147106,4.07
162871,38.49
222691,6.6
167784,7.98
143108,4.0
261160,27.95
161872,92.34
59209,9.96
289914,14.99
158819,5.07
161165,99.68
210640,13.99
52615,38.94
29360,25.97
66009,18.95
158490,4.99
165760,6.99
103926,21.99
142052,86.02
131501,1.96
27019,42.625
252588,25.95
199380,11.25
267365,18.02
272483,47.25
129864,66.0
98451,5.24
35923,5.305
46495,19.69
262881,170.69
227464,40.24
219130,14.86
13096,5.59
19767,26.14
172231,7.29
18591,3.99
236706,23.62
128035,136.69
173922,7.99
97371,22.48
269809,6.49
92610,13.935
278817,4.69
169844,54.85
144440,11.99
56146,32.99
103124,38.99
185763,24.99
269149,24.0
284959,17.5
232955,18.56
121180,16.99
132524,11.285
267558,1.11
214580,3.89
263628,51.98
102001,8.99
233723,23.99
191919,41.75
164690,6.055
278037,6.640000000000001
7786,30.5
247915,20.4
155454,1.63
180880,84.62
84497,16.95
23677,10.765
97952,5.74
245261,14.99
131950,7.93
271872,3.79
183991,12.49
135053,2.035
204871,5.640000000000001
138906,16.47
143602,20.08
92258,30.1
54217,0.98
155750,11.0
126467,17.99
166904,4.64
73447,55.36
298736,60.0
85893,2.895
180061,11.99
50149,9.89
171819,50.33
29780,36.29
280975,14.21
230307,20.415
135328,14.97
144606,6.1850000000000005
251590,19.99
74453,6.49
45137,6.635
259319,7.03
6054,74.98
70426,143.7
106162,150.7
181063,6.255
287552,5.99
135229,11.99
67230,19.99
268905,12.99
61981,12.28
38967,3.825
282898,0.785
197441,31.64
105079,3.99
145647,50.76
281581,4.235
22843,3.19
258526,2.28
257414,4.205
34619,16.79
166243,212.15
116290,14.95
293244,47.150000000000006
36581,4.09
25249,22.49
275529,15.32
206716,15.46
108003,5.63
81939,5.79
69276,52.49
196576,124.52
36786,6.745
2580,128.44
163218,16.38
160078,15.55
274182,12.63
292538,29.24
206147,1.45
86885,27.7
124812,2.18
140860,4.43
62217,31.99
79732,1.99
234107,6.94
26129,5.29
64880,8.83
231090,4.59
157073,90.29
253963,7.25
296924,1.79
299255,45.99
88039,1.5
151302,23.03
88580,26.27
269977,24.74
243353,39.95
104921,13.83
159460,3.62
3175,1.98
79875,14.35
133759,24.16
80939,9.695
120818,12.97
118477,4.995
237306,24.7
88686,96.595
194538,12.1
286321,18.8
87246,0.52
146810,117.49
9259,18.5
87467,5.24
285936,7.49
180951,47.9
12951,37.83
244046,4.44
120407,3.74
182677,2.12
281409,7.495
70347,33.96
294753,2.04
8341,20.99
173216,71.36
217468,2.12
247768,71.35
47745,3.99
30610,0.86
267848,8.74
126969,94.91
81414,2.045
102301,48.89
35551,28.41
199313,22.99
224914,10.98
262189,4.885
3071,2.96
246188,2.98
130303,18.68
69686,21.88
290788,43.445
135682,35.09
43242,62.99
146483,50.13
284834,4.385
107284,17.99
249253,16.95
77752,16.59
38029,25.29
20673,46.93
297474,17.91
99305,12.99
153996,6.99
203890,18.23
193560,47.5
76634,30.21
241279,8.99
103909,3.98
27516,11.39
239892,16.99
214368,21.78
111636,29.0
39602,89.99
216664,16.87
9249,12.99
170909,15.125
166076,9.03
50729,28.19
162469,13.99
131080,13.11
222663,12.99
105868,39.49
3102,3.94
68787,19.0
143861,16.77
197518,24.0
71631,25.43
224178,12.94
61522,27.95
107372,8.9
118815,16.95
262421,2.25
183977,5.38
254582,14.99
34996,3.88
31925,10.99
211561,12.99
253986,21.66
237392,42.49
72193,9.98
8212,18.98
115516,17.99
24799,5.99
233520,21.575000000000003
145111,34.81
297350,5.96
88975,6.415
230758,16.99
267490,5.99
221108,8.99
262086,5.59
181332,3.49
157863,3.49
232132,5.94
279296,104.99
198529,17.99
165592,7.685
212989,18.99
200588,22.9
69469,10.99
45564,16.25
235027,25.95
64837,23.6
280749,65.77
136490,6.085000000000001
147690,76.44
125576,49.95
103673,2.5700000000000003
120829,58.85
68206,11.49
172411,2.905
297025,3.97
150973,28.425
202415,4.0
6189,3.985
224533,11.95
160892,99.99
217676,9.99
52359,19.94
145916,32.2
250907,68.49
62220,9.23
178762,56.99
48986,3.42
50895,7.45
10293,1.1949999999999998
280090,9.84
277082,2.99
67844,11.94
166158,157.055
5255,20.99
128401,29.98
50330,8.040000000000001
134501,26.99
279141,23.81
130723,51.18
52353,31.99
87963,1.08
186568,9.21
159537,13.0
279552,21.435
270801,11.32
292914,11.48
257533,12.0
247552,10.095
258680,21.99
179198,9.045
285429,8.99
7217,22.98
91048,21.97
108132,38.99
203839,39.89
77628,1.2
134514,10.989999999999998
73593,8.29
200870,10.975
119110,24.99
24524,32.38
195924,45.75
104574,6.49
268072,15.99
145694,46.8
144940,86.91
172698,45.98
233801,17.94
208398,65.99
136373,4.92
230320,48.95
149513,38.43
16,19.37
175879,7.99
198042,17.31
230647,4.98
39782,6.43
6728,50.99
94286,2.49
186893,3.98
166233,85.89
282006,27.99
271478,15.295000000000002
79811,53.86
157943,125.14
226033,39.95
80708,8.49
231663,37.49
35730,12.49
288388,25.86
277866,1.94
179647,15.99
288090,2.68
85111,6.59
274186,13.645
179543,17.96
281240,3.44
103281,26.48
23673,11.935
107538,22.48
18582,3.745
168633,6.28
176276,36.82
171258,13.99
177478,5.99
208763,73.91
99575,38.99
76068,14.29
287197,15.69
276661,1.48
218616,2.99
78248,21.035
110220,16.86
170612,15.025
17871,20.98
34628,54.875
268670,23.52
157693,130.65
269224,13.49
126428,19.96
116651,4.49
30594,8.99
20802,64.31
66882,6.795
128894,35.33
94491,8.99
112610,34.99
160690,12.03
238082,1.42
205523,9.95
75821,16.384999999999998
7869,7.98
216280,24.99
278035,34.84
14254,14.99
258605,44.49
30686,17.05
276035,2.23
184350,8.84
160306,20.78
51828,2.08
239680,9.23
270282,60.49
53307,16.48
61221,12.99
8533,15.28
225834,4.390000000000001
285249,5.48
143588,29.13
91738,39.29
279669,0.98
238675,6.695
29674,9.98
49901,8.61
49461,5.365
129787,35.8
233977,39.95
277238,6.99
113147,17.99
180174,2.49
161708,81.52
187886,4.99
16012,10.19
95004,26.95
70244,16.99
62762,16.1
242606,5.19
295184,17.74
35488,45.99
9079,2.46
172871,2.98
199549,14.055
277293,7.29
232122,1.76
195702,89.4
245519,5.48
239417,27.99
115712,27.99
186395,39.49
232533,23.0
72967,12.0
192355,18.59
38442,12.5
95717,2.5
227404,8.24
210777,26.98
278705,37.99
106755,5.94
47580,11.95
261358,3.22
199660,4.79
133470,51.26
223175,13.95
79473,3.73
291817,46.49
159916,6.025
200299,105.28
102251,18.99
241890,8.01
238739,6.99
256116,89.56
99010,4.41
267415,40.94
192726,6.04
68202,3.39
215965,34.99
204875,6.0
111500,11.49
91137,30.28
58278,14.82
138990,46.74
92104,3.13
42676,30.35
294327,1.48
295796,14.99
107861,5.78
241956,38.27
123495,9.99
242338,20.94
251615,52.26
147465,10.985
131711,14.99
145269,34.5
211273,8.19
40437,11.83
55446,26.09
271811,54.54
16807,12.98
271781,4.69
3708,19.99
229861,5.99
43569,39.95
13505,130.94
117152,8.89
256367,2.1
251346,8.185
264759,17.99
237073,16.49
293021,51.21
161827,96.69
196728,19.99
186263,8.835
269581,27.71
85584,10.05
225901,43.95
297294,44.79
238649,54.8
108493,44.99
93512,4.45
177632,14.95
110536,59.99
180781,3.3
124393,30.0
261226,7.33
267714,23.99
193801,22.99
113160,10.89
211109,27.95
126247,5.595
144132,26.99
9577,28.99
143298,10.29
277189,5.79
118648,13.49
20281,54.69
69753,49.99
227389,16.49
131309,20.23
144024,141.62
195986,65.54
18341,23.36
276446,4.17
197163,6.59
275578,16.6
32299,1.32
6400,10.56
98578,38.5
222628,61.24
76635,14.53
108686,42.44
160889,14.94
250654,12.94
99758,28.46
143348,22.74
147797,27.61
161163,122.22
164786,7.99
5993,5.39
56982,3.29
87211,2.82
11723,2.39
97637,4.18
70861,0.96
163813,11.235
137923,21.99
128527,5.875
277058,3.49
151598,6.49
25560,26.94
120838,12.535
197336,11.99
198816,4.39
260214,40.0
465,18.98
58822,7.74
60823,8.440000000000001
274822,2.88
35781,1.19
149520,57.63
282483,6.49
202912,7.015000000000001
118274,27.8
82096,11.02
133173,19.99
37706,3.79
106494,14.99
55683,15.49
243980,6.49
294998,3.49
228727,9.99
204064,32.055
234210,8.49
133811,13.95
105090,17.95
265929,18.99
42506,61.465
184527,32.96
78088,1.42
105744,2.79
117223,54.95
13424,13.99
149022,19.995
205140,24.82
79964,2.81
266386,20.955
14285,17.674999999999997
77962,64.985
95811,19.99
45436,3.99
91662,6.5
188249,6.47
285938,5.98
249932,5.16
299037,17.29
133988,15.85
275424,37.63
272561,74.83
218141,6.630000000000001
120594,48.0
29096,11.3
91158,40.31
5940,12.24
225552,31.41
187717,5.87
28581,27.06
18588,7.69
63386,7.98
66117,52.52
14553,11.5
23496,16.04
135815,14.99
19881,72.93
262472,16.0
262202,84.35
43700,50.7
173964,3.68
72718,15.99
2269,52.61
215260,12.98
268446,10.75
92789,25.505000000000003
196601,40.08
225734,83.96
268034,19.99
66453,48.99
9076,19.95
108130,19.3
290652,5.955
196656,89.3
71177,5.46
44977,33.99
44047,16.245
238856,13.94
35047,4.59
170523,14.49
231548,54.95
168621,1.39
125176,27.99
276947,30.975
238267,13.99
134596,21.5
277627,4.48
126760,1.375
3091,7.025
57597,82.47
295752,6.67
197043,6.99
197178,16.99
74846,15.0
270613,29.99
245985,52.99
138167,19.97
50358,1.935
66805,41.99
208265,9.99
50438,14.99
147833,35.63
73220,27.99
128760,67.355
266595,26.48
34117,26.99
266170,34.94
200382,4.98
157395,96.49
31693,1.78
13379,18.98
167470,4.29
62769,5.17
23553,1.97
297908,7.68
59904,3.78
119270,24.99
220956,9.97
11063,58.79
270644,8.55
155932,8.93
208892,69.74
252045,18.42
199989,143.38
109526,11.97
123638,17.99
69940,192.44
245122,6.29
21991,14.57
105069,5.99
244572,19.49
270218,7.29
266510,120.42
3946,22.6
224656,17.99
92478,16.99
224603,14.99
155316,25.47
151763,2.14
178614,11.0
162066,4.74
288493,3.7
147773,51.54
86180,20.71
2381,26.09
138693,21.93
284326,6.215
102660,9.99
186948,10.235
59761,28.41
4520,26.76
260080,10.095
31906,7.42
258628,21.95
17475,12.31
14135,62.99
191374,44.99
190869,30.27
274209,3.92
80681,20.39
14096,2.59
31759,29.98
251409,18.55
37838,5.85
27381,8.045
285399,10.25
257308,10.61
220419,31.05
288626,32.99
166939,4.29
228106,30.97
11515,8.185
25013,10.6
138835,12.55
149745,27.61
73783,1.99
138904,117.73
209952,43.485
287996,8.95
158420,11.89
177843,28.97
36810,17.67
188110,14.99
184430,12.99
293950,19.95
23707,18.1
72880,2.535
3803,29.36
289578,17.99
207982,204.49
291186,4.29
277089,46.585
105213,23.99
101492,3.76
23234,21.5
2010,18.47
134155,19.8
16922,13.99
42989,8.99
291398,32.99
195192,86.47
236976,4.49
384,26.96
2444,50.1
244527,8.98
230576,9.44
175949,14.24
28114,2.26
101851,19.99
238996,39.95
32745,6.385000000000001
227865,14.99
64297,52.99
13359,24.41
12825,117.79
98105,12.49
58386,3.14
145383,17.97
21790,329.99
253761,94.38
68805,4.99
260366,19.83
200238,38.98
194581,4.59
13722,2.99
125482,12.94
86494,19.69
178033,37.99
244639,5.985
242448,10.49
188664,8.29
86159,22.78
290930,62.49
218705,12.99
33024,14.235
272567,39.19499999999999
34336,10.99
198672,11.99
154646,22.34
149893,15.4
22405,8.97
64287,19.79
48568,26.96
205625,9.29
106400,19.97
201523,10.75
233950,40.89
291208,5.49
287048,3.21
33552,22.99
225388,27.59
201630,9.99
115701,31.0
103764,9.48
180232,4.32
284375,4.95
183387,42.47
267834,76.99
110582,46.47
6711,31.24
42485,5.16
284173,10.78
210157,9.99
112773,34.99
267623,9.99
34255,21.85
266353,8.05
54654,39.64
103571,15.43
223912,8.69
45511,18.98
158333,5.455
8093,91.32
131958,16.13
153182,7.98
21801,9.99
190817,5.23
248982,23.89
295781,8.99
6981,31.74
118191,21.69
157203,123.07
185997,18.29
39843,1.435
105133,19.45
245174,17.0
180707,14.79
93639,13.66
75041,2.33
245798,51.95
72021,13.79
137174,9.99
168784,59.99
109414,12.15
133966,5.48
15109,10.95
255119,6.59
12853,15.49
220243,17.485
281377,3.37
191301,69.99
94075,11.48
120386,1.145
297795,18.99
241641,31.13
48894,19.22
26803,6.08
261228,142.41
134660,21.415
184545,11.99
98953,4.890000000000001
54067,14.99
15078,5.18
53843,12.58
120251,12.99
58178,24.99
294085,24.26
47906,3.54
222624,20.76
96823,1.79
161008,38.235
91046,5.0
92785,9.49
248443,34.95
248980,35.91
134292,29.99
167574,43.99
187371,2.18
1704,20.68
290824,56.85
295698,19.8
62472,34.99
100949,14.96
187085,15.49
79394,70.64
171810,17.49
138022,23.79
206276,7.265000000000001
78583,3.98
76833,16.45
222829,14.25
18638,44.95
253804,30.17
189246,13.4
178837,12.94
133123,54.99
224482,5.640000000000001
172328,13.87
136424,3.59
46303,2.995
155967,7.29
68367,49.99
130326,14.95
89795,3.99
232772,30.705
118184,4.27
269360,4.995
247562,2.99
292465,23.99
80055,129.95
247249,22.0
178041,6.98
197041,21.49
64066,13.64
46072,4.975
278460,7.99
138708,49.25
151541,24.99
70271,6.39
216340,1.38
149563,7.95
36521,3.3
99346,22.99
220249,4.99
29964,23.99
260967,19.075
296200,11.6
95684,5.64
129239,5.25
64322,1.25
156223,2.99
165971,108.74
277875,1.63
114551,22.99
459,25.245
246893,59.99
8775,25.49
72835,35.12
277286,8.99
295415,5.98
227241,1.67
172609,2.0
229793,1.79
137345,5.66
42710,29.98
211386,92.99
15070,19.99
109650,2.99
97731,14.99
72318,43.95
254862,9.33
83057,8.49
133334,19.99
212641,18.99
28814,44.88
85016,23.630000000000003
134546,12.51
74523,9.915
134463,18.89
231693,37.285
80720,25.99
75474,23.97
24086,8.69
69386,1.935
99053,12.95
22170,13.25
153852,10.99
128562,120.83
12498,7.36
161007,62.21
177013,6.18
254591,1.0
227991,45.28
21672,9.21
241578,6.99
282662,65.64500000000001
241466,8.085
160828,15.9
125402,8.715
238833,29.98
182942,8.25
70032,5.86
207294,2.59
50682,11.78
18381,1.44
251149,1.59
290981,5.365
264613,18.98
51909,8.36
298167,5.075
57531,14.99
103811,1.48
109750,1.99
13313,9.99
208223,3.735
162592,6.49
31549,21.4
174790,16.95
217672,19.49
264614,2.85
271157,56.99
213917,13.14
280315,3.99
288541,8.99
215197,48.48
214429,16.99
110355,24.88
289879,13.77
267521,13.92
128233,14.99
91407,37.97
136345,4.48
24818,10.01
227137,12.99
271107,10.05
3868,86.91
203108,8.97
72510,23.21
239894,8.73
86114,7.335000000000001
259796,7.95
215517,34.44
36396,6.99
167308,13.419999999999998
256090,22.24
17654,10.99
23151,27.28
2432,53.01
166815,49.99
123135,16.99
27266,3.79
173555,4.69
151829,16.740000000000002
205284,28.645000000000003
266394,5.99
20085,36.06
209067,3.98
149322,86.02
247776,31.99
124250,20.24
115500,19.22
152655,4.89
237682,11.67
233361,8.905000000000001
163453,3.96
144135,9.99
8384,55.99
95032,20.77
132539,20.99
78657,9.54
131749,20.35
272169,70.99
72234,15.99
60678,14.5
291034,55.95
297005,11.4
237666,14.0
25404,12.99
216373,15.94
254641,11.99
210105,19.99
217671,2.9400000000000004
210784,148.98
5641,46.89
298519,11.19
50434,6.98
101315,4.89
131839,12.695
135154,2.99
188566,6.98
24095,20.23
242310,24.99
58101,12.9
216807,11.98
21989,31.0
52451,59.11
142293,55.93
242367,11.18
139000,1.7950000000000002
32048,49.245000000000005
68467,8.99
11502,18.975
166417,1.64
178844,7.99
56990,10.5
291543,25.475
195397,113.59
86931,7.3
117973,15.79
285013,3.99
282373,45.49
192538,11.41
240831,59.99
116836,35.99
191871,8.9
67595,9.86
187602,1.98
44193,12.45
132476,9.99
34784,2.68
52209,37.95
213031,13.76
166774,28.0
215289,23.28
159921,16.38
43738,1.995
105020,10.0
31112,14.41
296167,6.465
235398,50.63
102289,41.15
66079,18.83
163288,10.345
213040,17.49
204123,1.5
19604,13.99
292758,44.73
129082,62.99
260165,75.31
264864,2.475
183665,16.71
15795,3.55
145787,59.48
189756,25.56
94942,16.11
65849,23.99
274587,6.04
189126,17.99
164825,6.58
142873,97.46
28044,52.9
154600,57.96
216614,23.99
209676,65.99
131649,28.245
20702,64.31
136110,14.95
69470,33.99
40042,10.99
224254,10.05
129,7.985
210016,16.98
225602,3.73
170454,53.495000000000005
86021,10.6
34652,13.79
232309,20.98
165069,17.045
47583,108.95
243074,8.92
253127,3.99
271212,7.140000000000001
122598,38.93
7632,7.08
38523,71.72999999999999
207874,27.99
90875,4.42
290136,8.1
288079,36.015
283606,1.98
148789,46.95
208158,18.37
259372,12.32
72741,33.99
82427,3.23
212813,38.745000000000005
138185,24.95
257704,12.5
165170,13.86
290900,32.86
44831,1.55
71515,7.789999999999999
3350,11.45
167630,11.49
214828,25.9
196405,83.01
15816,5.99
20992,54.27
99781,5.49
163847,6.59
65425,17.99
223963,16.35
82642,5.21
159832,10.66
42538,13.97
59456,57.99
154080,4.09
228522,12.52
245085,18.99
241173,12.99
9137,32.9
241202,5.69
291463,0.5
103319,12.99
103501,1.72
132995,13.99
251879,14.96
233826,40.69
52840,3.42
99069,5.79
290144,16.99
242274,3.49
260726,10.21
5439,81.28
153437,5.17
183123,8.14
257722,39.93
96710,16.744999999999997
275154,12.99
123584,14.99
291407,18.99
124832,84.99
287997,2.99
3862,7.98
70702,27.81
20608,12.72
16529,5.665
203167,32.04
120626,118.94
224100,4.48
96038,11.455
25415,5.99
145202,29.36
207201,75.99
90855,6.19
287869,27.84
78145,15.99
106971,62.84
124445,15.0
44538,2.72
60709,87.65
147212,48.48
245679,16.99
118587,19.95
8727,9.99
249466,3.09
143863,15.32
29798,11.0
261099,8.95
201053,26.99
20849,65.18
59098,12.99
56533,9.99
198523,5.99
286096,7.39
28287,2.575
239929,13.82
230430,6.99
43301,1.98
83694,2.9800000000000004
112336,8.99
50172,95.49
172654,23.98
104234,2.49
30360,5.58
285038,4.7
55175,10.14
132119,2.38
202494,10.99
25449,17.44
168804,10.95
129393,26.99
31989,7.99
140286,19.98
178261,16.96
249115,23.46
297383,16.95
267875,4.515000000000001
11777,32.99
281890,1.74
53379,196.99
129192,28.5
77705,166.21
245589,16.0
7544,34.25
114226,2.615
210164,18.49
216543,19.99
56371,111.49
241291,3.97
297991,18.39
56009,10.24
18971,53.99
96086,6.15
266784,16.88
240408,10.55
182778,9.845
173246,23.99
126254,10.6
50957,390.98
8810,6.245
280867,14.15
194083,24.99
276320,8.245000000000001
120693,121.63
4745,105.99
90659,19.99
273355,3.89
233939,25.99
248527,6.29
93094,10.51
66521,22.49
253911,35.89
54185,5.0
228499,28.2
144466,7.28
73484,7.98
103122,25.265
287069,5.99
89586,62.49
112459,4.455
51601,3.96
74756,2.84
298554,2.48
114237,89.18
263622,14.855
229034,3.49
263642,4.5
286514,0.415
224849,81.95
110419,3.685
241684,14.99
42549,9.555
24720,9.49
93134,62.28
45020,2.2350000000000003
111948,18.97
25237,9.92
112795,4.78
247714,1.78
282763,2.18
145973,46.89
100192,7.79
155291,16.43
233531,9.295
248837,10.995
255306,7.635
231550,124.99
286109,9.285
48524,2.19
66959,9.94
124493,54.07
161909,150.19
143769,76.44
146876,53.01
50952,32.76
2402,128.44
138739,2.18
249311,3.99
83154,26.58
152012,29.12
244516,4.235
90076,15.85
181783,4.99
272461,14.98
56816,22.5
291314,6.965
135031,5.47
70005,28.98
70654,15.085
84441,37.66
279532,5.54
92833,13.39
207378,9.605
282973,5.99
74115,21.01
30181,6.99
150989,48.99
125352,2.4
41712,21.5
186899,8.3
215351,7.99
22088,15.735
273623,1.48
227812,19.99
159857,19.98
208585,41.935
227261,35.0
211884,69.76
277080,2.79
232193,14.88
96302,8.99
297995,10.99
295886,5.82
142036,24.29
78390,31.77
182547,19.2
50598,37.85
291324,14.29
42074,10.715
277680,36.885000000000005
80827,3.34
150439,7.49
196084,57.29
234437,7.62
137671,18.99
59954,9.755
296553,12.58
128302,127.99
106806,34.99
151299,72.99
286019,31.32
116394,28.12
216592,12.5
58159,76.94
31974,16.99
34679,3.49
19715,1.44
10097,6.79
216180,7.48
180299,1.69
86007,2.34
145623,57.63
89513,14.95
133453,2.67
140731,11.95
54666,41.400000000000006
66498,13.27
292558,178.58
75077,34.99
245503,24.99
61461,34.99
203952,20.69
36495,14.95
232318,6.53
94076,11.48
229107,42.96
114256,31.71
143556,46.8
2162,39.71
220229,66.95
203467,10.99
297000,20.99
142554,53.01
136915,13.805
123096,40.44
276000,7.855
222653,9.75
147458,7.49
45977,25.14
262747,9.21
129369,36.81
41876,6.49
159453,5.48
232809,58.645
247252,35.71
200145,3.3400000000000003
263017,19.99
45165,16.99
28229,82.82
261221,2.79
252722,19.99
181835,13.95
225629,5.49
115631,2.76
124054,7.99
178211,11.29
286434,20.85
216844,19.185
221117,19.715
109705,10.99
102718,9.32
213060,32.99
23863,7.335
235471,30.37
207457,19.99
154714,13.49
290344,17.705
152261,36.91
292404,48.68
62580,9.98
223204,7.8
60334,3.24
65775,17.09
28130,1.59
29112,25.99
206419,8.57
280506,38.435
207242,3.59
175181,25.49
284729,14.99
20302,28.27
202545,34.64
105230,129.98
167790,3.51
186470,4.305
299214,7.99
33337,5.79
80601,23.24
40699,2.19
242990,28.99
225102,1.28
87422,44.79
84691,7.59
26869,17.37
230637,5.66
226180,59.99
36794,20.23
281188,14.72
178380,28.99
115948,9.99
88876,6.99
222826,5.56
201250,27.99
268206,14.97
171453,9.99
99834,6.140000000000001
122356,23.475
27678,11.945
255843,6.74
286249,68.77
243851,4.49
35826,10.33
17310,41.97
241886,3.99
6014,13.95
74551,11.95
271798,6.98
128408,3.8
129179,8.8
3464,7.95
192942,2.89
120532,15.61
231686,5.99
232322,19.25
245052,2.49
75305,5.49
268755,10.99
80676,39.34
141487,35.43
112269,27.99
243919,16.99
285390,8.39
216898,31.95
7752,14.9
178383,7.125
234825,6.890000000000001
218345,23.99
5498,23.48
50162,8.95
272202,95.0
184450,6.585
151859,8.89
176330,20.3
178279,11.525
94162,32.46
39805,14.665
223736,24.88
298072,17.945
93071,3.98
206995,6.585
174826,20.825000000000003
36706,7.63
205314,17.29
127021,14.97
224089,4.34
115634,3.27
101174,14.99
256767,24.4
191177,60.06
220144,16.99
199680,3.76
271201,18.78
222131,49.16
96255,8.99
36987,5.92
82827,15.22
78559,51.03
239932,4.335
69576,12.489999999999998
123084,13.39
186999,34.14
281550,32.975
82831,21.94
61694,13.56
273511,22.24
57957,6.55
17036,11.99
169481,10.96
37332,7.12
112092,24.6
100973,15.63
136744,4.93
165272,3.865
106038,34.99
98244,21.43
147706,27.4
131813,8.99
156244,6.99
258221,8.96
153642,7.74
30322,13.985
258177,43.22
196030,40.08
289999,3.29
232995,33.2
273931,12.99
286853,2.88
122144,25.0
246866,10.36
261471,29.99
165348,7.725
195746,50.58
81496,41.85
239808,7.465
238623,37.5
238854,3.64
257495,6.805
285692,3.98
234796,69.99
77675,13.79
83093,4.89
43538,14.97
291403,15.9
98366,24.485
42817,32.74
188134,8.29
17113,17.99
227070,16.99
248848,10.92
297270,8.93
289155,19.59
174989,39.99
249807,7.33
137689,19.99
297983,0.44
290572,51.49
96732,25.16
180887,7.3
169165,41.31
145308,11.99
48596,4.395
63938,14.99
288784,95.91
264962,14.14
187720,10.48
205277,20.745
292457,7.99
66982,2.205
37305,5.535
16765,7.68
37961,4.79
5816,31.99
213432,42.98
216363,17.94
113462,7.29
196786,6.39
144751,8.28
232795,22.99
232641,4.44
133751,34.925
171239,29.99
215274,84.98
265838,10.485
118232,2.4
23974,4.29
12087,11.98
159755,25.49
298664,1.98
278959,12.29
109909,7.99
201724,14.989999999999998
34498,27.88
27593,25.925
34243,15.99
215717,9.74
283048,28.36
63750,18.34
62554,29.99
267392,2.4400000000000004
262736,6.99
27193,22.99
79523,7.154999999999999
242607,9.99
166716,13.595
150656,3.74
217884,4.29
89659,15.88
45307,13.74
113728,22.99
82815,18.665
41249,33.99
205267,2.39
91779,4.12
16607,42.95
85791,26.995
239542,7.439999999999999
158789,2.935
56189,27.99
225842,213.38
6927,27.6
71935,8.12
123061,134.59
224927,25.36
232376,51.33
63547,14.99
155310,32.46
60040,3.09
102147,14.99
289744,6.29
178961,7.11
282748,20.0
86709,45.97
86799,32.72
141031,12.49
12663,10.585
170850,12.44
124422,13.48
270823,14.99
162306,23.8
293127,22.05
293409,7.95
100102,35.114999999999995
287797,13.99
58025,13.99
243026,4.28
133190,14.99
143985,38.045
128110,4.335
108569,6.895
223961,41.205
256610,12.32
69289,8.99
18621,19.54
98726,7.29
175827,55.13
267574,31.99
235577,12.99
263683,15.9
64732,13.99
179100,2.23
207929,8.49
94649,1.63
86732,6.88
99206,70.51
287936,47.745000000000005
281583,7.49
271284,1.99
298500,12.59
8322,29.99
276242,2.33
254103,18.99
257652,8.2
92484,9.155
70810,14.99
237519,11.11
108623,2.88
25890,5.74
189315,190.55
194011,15.9
51589,17.04
177181,45.47
247479,23.99
239938,3.02
135668,9.99
242626,5.085
258373,17.95
249419,9.43
94332,2.49
40988,3.4800000000000004
261743,8.95
290809,6.28
209632,66.24
244272,9.99
150941,5.0
69085,14.69
229791,5.74
36998,2.49
102830,34.8
267801,53.24
65284,15.9
8838,8.06
236218,20.49
245848,37.74
293980,13.99
126830,25.99
36694,13.5
12773,34.14
93632,6.720000000000001
2992,22.94
191106,2.77
114260,10.12
166092,10.99
227715,21.0
209716,6.89
280986,7.29
68494,8.29
221678,19.95
185627,9.73
216297,15.0
153700,3.91
140095,2.12
290328,9.79
63343,11.9
274781,1.39
79302,18.99
53493,13.95
16995,91.16
120095,8.5
61408,16.5
251794,14.09
72211,14.74
261131,299.95
159266,3.59
223645,69.99
231413,21.99
144783,8.78
160505,1.79
233417,10.04
155397,22.145
118882,24.94
38518,5.69
145610,45.27
253104,2.04
214585,42.99
40551,3.4
183607,12.135
889,46.99
174428,11.99
122804,2.79
148817,83.74
231453,19.36
137878,44.42
147386,97.46
130821,52.92
67947,18.99
279117,5.29
222358,15.99
1516,35.63
178885,1.36
9490,26.99
75782,26.92
118822,13.99
50244,12.97
277937,1.99
39031,10.52
109647,5.33
47686,7.795
201976,28.48
58707,8.27
172045,7.99
102370,38.44
254342,72.05
79869,33.24
117212,10.7
145092,35.47
155293,23.46
274517,8.74
284630,2.95
42854,19.695
244656,44.31
31735,17.99
23400,4.29
48214,7.97
203088,13.79
188909,9.965
126649,4.91
232137,32.89
44355,9.16
170226,13.22
24683,25.64
267663,2.56
295697,24.14
57581,14.99
171947,4.39
224197,9.5
128659,7.05
164121,39.99
23082,18.39
158354,7.19
263285,20.15
51101,55.88
190666,5.32
256245,14.5
234569,12.47
40840,2.0700000000000003
166893,98.99
71772,36.1
82864,1.28
155129,17.74
184794,7.94
295759,7.16
74024,27.11
29790,3.11
108402,10.27
20986,54.69
122821,14.89
32736,2.79
121970,44.11
74260,9.99
11648,4.24
51397,29.69
219951,29.95
6459,8.48
12439,9.95
246290,11.1
221923,5.54
60274,10.95
78811,6.15
252724,19.99
67911,42.99
145249,97.46
255664,47.96
299343,68.39
212161,10.25
48422,2.79
73302,31.99
144816,9.195
94070,11.48
39494,4.52
173202,7.99
241884,29.96
182141,29.76
60873,6.64
28644,7.38
25016,9.375
290433,25.97
120153,32.99
166395,9.24
106088,39.47
235375,32.85
211489,7.745
46011,3.405
17512,93.98
223581,26.65
77582,38.81
264339,19.9
216825,87.65
218331,39.99
165412,2.19
260508,20.94
69115,50.875
180107,25.53
13974,6.735
86089,3.46
29516,2.04
28703,35.28
67502,32.14
136034,41.99
116610,37.99
160600,1.48
26434,1.1800000000000002
36296,5.32
156265,3.59
143009,16.54
79013,24.14
208522,87.98
293900,11.4
73804,37.14
72200,14.97
236375,62.36
294796,32.4
80447,7.965
274740,3.39
67385,5.39
14935,3.49
134394,2.19
203143,13.99
211968,19.99
76158,7.93
243835,17.99
97575,13.99
124756,6.99
94871,7.97
8023,153.33
206609,32.3
250187,28.99
203285,19.99
249647,38.89
5669,20.78
207618,64.99
138521,28.605
62738,21.825
162946,9.32
271631,18.135
175047,7.13
107706,5.48
27886,71.2
288602,29.99
60958,1.29
253857,44.165
240195,38.49
50115,27.51
288779,11.99
57896,9.98
100107,5.26
104690,12.95
200376,2.735
63802,45.5
103808,12.45
89005,6.975
5533,35.63
233253,20.99
175192,65.99
95877,11.285
215828,2.99
159035,19.46
111180,4.24
67995,1.19
111158,35.02
114596,10.01
102628,9.99
268544,14.63
52928,7.289999999999999
66357,25.0
223975,14.99
40202,2.14
232761,4.859999999999999
296358,5.79
128433,10.99
2552,59.48
140592,10.49
218997,14.45
4795,81.76
254866,10.98
189314,94.09
113885,33.46
195302,46.07
234436,1.63
97449,6.535
49123,5.99
99439,19.99
27496,25.99
256063,15.19
201874,36.16
241363,34.99
74347,19.99
278905,6.99
123905,19.99
136129,7.45
106570,24.98
216013,5.73
12367,4.505
249094,8.77
174404,4.49
283522,6.85
273815,25.99
242540,25.99
278463,11.99
8765,46.07
68183,34.95
188411,229.21
7718,11.97
192734,34.9
64126,6.0
115585,18.99
58984,1.65
102836,8.27
276820,21.98
23441,10.795
222568,8.98
260596,33.23
294017,19.99
56133,13.64
91932,30.99
36386,3.92
294055,9.59
499,29.455
63725,28.99
168408,6.99
109902,37.0
148248,7.99
185048,87.44999999999999
228190,47.48
244711,29.86
144180,5.19
88733,2.345
24882,11.98
15899,4.99
255406,8.17
146171,2.99
193292,15.71
66061,72.99
172283,64.95
65481,22.99
267856,17.99
25093,4.62
96977,13.5
254449,18.02
256811,3.24
124208,9.99
156948,180.94
285173,5.140000000000001
237460,66.99
284710,8.08
4380,7.93
102136,13.435
158408,10.29
277063,2.59
5698,56.09
134416,30.49
121454,3.99
20930,64.31
9246,1.5
191816,1.69
249291,10.98
75030,19.98
269724,3.135
233847,7.025
116686,6.705
237002,10.85
70617,29.0
259318,12.99
193621,164.63
155300,32.46
175517,43.22
121738,19.99
186608,11.97
279642,8.88
161422,6.0
71560,2.99
290487,19.95
192838,16.99
2284,57.63
161488,90.6
157089,151.28
127947,19.51
217127,27.58
77998,89.64
269828,11.99
203702,49.98
148093,12.99
85922,11.29
170051,9.24
253254,20.715
194430,72.03
245078,16.99
276499,14.345
28331,13.44
133022,3.86
1483,35.63
174444,24.99
120770,153.4
165263,1.99
136981,7.235
162364,15.93
161768,16.39
104449,87.66
141681,14.98
212392,32.99
148121,6.79
210595,14.95
210257,3.085
83827,3.37
288962,5.39
124181,15.99
47134,12.99
240525,39.99
17499,3.48
267650,3.29
249161,9.92
73045,17.99
73859,13.865
154613,22.0
254832,1.49
81888,6.609999999999999
220537,13.985
76556,11.21
147094,2.79
91980,10.42
145966,38.92
181734,1.99
230171,29.9
279560,18.07
11247,6.97
236173,35.79
135330,4.640000000000001
199159,45.99
85418,4.48
147666,97.46
169191,5.49
133953,22.47
219602,1.38
187902,6.9
7600,31.72
54822,5.39
233662,2.04
260292,18.0
178867,8.98
149839,30.98
132866,11.05
229486,30.52
70712,21.38
122317,34.265
110514,43.99
289045,8.95
131563,21.05
97641,8.99
15858,63.95
202188,24.99
269655,49.66
45919,13.12
257514,7.48
85300,5.105
166832,4.97
215079,43.99
296013,17.78
215178,29.99
185646,10.5
51858,28.99
252670,27.69
41417,3.29
276344,1.82
255042,12.99
75139,14.46
146033,83.74
244164,8.245000000000001
76655,6.2250000000000005
103291,9.98
273749,13.29
222102,12.99
198050,27.95
108140,5.87
233759,27.99
159061,8.95
119988,5.29
205593,16.99
252770,8.08
56992,27.68
268646,2.18
5838,2.98
222759,33.6
19104,15.97
214162,11.12
106518,27.23
72603,14.19
282496,1.0
219036,38.5
144941,53.01
157544,162.96
125697,122.99
237319,12.78
179355,28.99
245740,22.97
66744,18.98
95782,18.79
191092,10.0
117093,2.28
114216,22.59
84172,48.275000000000006
244980,56.0
8456,19.79
252935,8.645
106349,8.99
75853,6.975
40645,6.99
48023,33.14
236716,27.96
116838,4.99
221305,94.0
263117,5.98
272711,10.52
294478,12.99
230184,2.49
185796,5.99
95409,4.805
281273,27.58
195464,65.91
138603,14.99
238859,9.99
180030,8.99
98195,19.97
147202,97.46
281681,11.135
166007,38.44
216763,9.99
217538,19.69
176876,17.365000000000002
188199,3.685000000000001
202232,20.01
298813,6.5
66487,31.99
250685,22.36
184115,37.45
80887,21.88
186334,12.99
261967,5.04
255790,26.49
269923,10.0
253676,21.22
18886,33.5
162265,1.255
243482,3.14
174437,10.465
145638,81.92
96318,42.26
13716,3.72
202472,9.99
32113,22.99
12435,15.16
157655,86.9
185717,18.9
163164,6.49
210929,12.97
35192,6.09
24555,13.99
271696,14.83
81887,31.555
57068,1.99
241754,16.13
193979,1.18
91764,14.835
85388,7.79
225711,34.99
157893,3.255
220676,22.99
108591,3.5
290215,30.91
103236,2.19
145470,57.63
141903,3.48
3539,125.01
119563,14.47
69139,27.99
67418,69.99
210471,34.99
13831,19.99
158833,7.37
43356,9.235
141838,21.97
204785,12.99
229248,39.99
10418,5.99
46323,14.72
14186,29.99
257170,8.49
248603,11.57
88023,32.95
292144,7.34
46296,16.99
61393,6.87
264606,14.96
92712,23.99
201640,33.99
21915,140.0
137214,49.99
99102,9.99
102526,13.5
239253,10.64
170873,6.2
272024,6.34
171070,36.98
268187,6.055
151183,5.29
259363,7.99
243596,1.49
202269,12.99
196709,27.04
130619,10.34
112516,14.99
99519,22.99
176023,14.5
47109,41.7
151500,3.48
227630,15.44
70885,26.99
136415,28.94
33604,2.88
205212,23.99
214312,5.74
184112,2.225
59093,9.97
59267,9.22
293804,8.54
279189,13.94
110267,11.48
157576,174.31
15982,6.71
253370,1.32
206443,52.98
26372,54.89
40889,13.79
149027,13.85
2755,35.63
7438,24.99
130650,42.99
253689,5.375
228658,30.37
254313,13.395
254971,9.57
14341,22.01
225030,10.98
250247,17.66
146543,42.11
271,11.56
275823,5.33
292921,1.63
211642,17.99
38418,53.065
188573,9.625
152410,22.45
79074,6.33
32368,5.140000000000001
243780,29.495
226465,14.99
257682,21.02
84261,4.99
246298,24.96
64011,10.98
280230,40.34
366,17.96
291116,9.58
219107,49.99
257735,43.99
268196,19.99
240701,33.56
14555,39.62
244157,42.49
275047,26.535
176523,48.82
200881,2.29
36114,28.47
110466,38.99
278623,2.19
46763,5.99
225216,3.29
219074,9.99
272441,15.0
247169,23.99
252115,22.51
31146,4.99
88457,3.58
297241,85.46
205025,59.99
139056,67.43
47244,2.17
147485,11.35
77569,22.005
32991,1.89
276579,9.99
48118,3.89
264126,50.97
279645,3.55
144939,27.61
198791,2.74
263378,5.385
58904,17.94
98224,6.01
124872,91.38
75986,18.99
152502,27.61
74537,10.95
200952,52.99
181279,23.99
227232,43.99
39890,11.99
231388,0.99
82841,5.59
56599,40.89
9607,39.44
168907,11.745
130253,74.99
96761,7.49
89641,20.99
210811,11.99
66623,24.92
5845,28.84
114697,14.99
51363,18.99
202137,13.965
239791,12.99
252632,136.15
27336,4.49
202738,19.99
230170,19.3
5263,46.64
226525,5.88
198419,36.91
177645,21.97
166572,12.48
169023,7.99
278372,26.74
175951,14.99
6177,14.53
63729,14.99
111093,1.505
39054,7.48
292437,40.99
200734,8.49
39936,29.75
92638,4.05
280870,4.89
215088,29.99
246334,2.46
227460,40.24
275678,12.94
24907,40.99
169506,21.69
132365,26.0
160213,5.74
292011,11.76
171756,8.445
115071,14.99
160457,15.95
279685,15.99
30288,92.34
246237,30.87
206798,59.97
226642,8.9
114431,5.41
273247,4.92
25867,6.74
52640,37.94
60497,32.99
115728,42.55
239,11.7
182792,5.24
66176,26.9
27717,9.09
62668,9.99
258710,15.045000000000002
94731,22.95
10963,35.97
27823,8.99
293723,11.45
93799,6.06
101519,84.5
122371,12.48
141338,24.605
172168,49.99
162327,8.48
255005,14.69
207922,9.49
8259,13.83
137436,3.69
94536,1.235
287349,4.63
79214,17.189999999999998
41980,14.69
212015,52.89
152100,21.81
120269,24.785
70127,18.18
152002,25.22
282997,14.99
128904,29.99
36117,4.225
87430,1.82
45207,9.99
252107,21.99
169877,14.76
156020,17.17
264149,25.28
236504,24.59
289671,38.24
216723,1.99
102822,2.01
63977,8.0
96965,16.99
200762,27.775
240033,5.23
154218,2.91
240806,109.99
17849,56.98
125778,16.47
134702,9.8
117153,27.59
202996,8.29
298922,23.895000000000003
32009,19.435
105941,9.2
229696,7.99
163770,5.48
176206,14.99
244024,19.99
289325,8.36
297417,7.689999999999999
119542,145.16
105877,17.98
194389,11.79
243376,59.12
162328,5.99
119098,7.49
93141,27.54
159114,10.0
83732,5.33
130,7.99
22518,16.99
88724,2.38
139351,37.49
262274,15.97
175662,26.04
173374,1.29
27951,3.75
151,8.6
227009,18.99
156508,8.385
35566,10.59
251819,28.28
198312,4.48
205585,11.99
178209,41.99
297344,30.41
134208,4.0
176270,10.99
126274,24.04
113325,11.97
143287,28.99
11743,39.9
41759,20.59
211632,61.99
78255,20.84
155587,3.4400000000000004
99813,6.59
167684,22.84
53575,141.25
201217,19.65
148495,3.99
254258,10.49
184037,8.2
215956,35.99
242942,20.99
12680,16.43
55726,19.99
192252,9.75
245359,49.99
141923,40.0
230794,5.54
175817,98.97
24505,15.99
246416,22.99
245320,13.64
240725,12.99
272123,21.95
146305,14.415
124226,6.28
286200,58.63
155446,1.63
75526,1.59
26288,8.99
102378,23.33
55953,19.99
295529,12.395
122370,9.99
65872,9.99
279388,44.34
253066,2.54
21569,5.390000000000001
214979,28.99
27600,1.19
260789,42.9
194238,7.99
59845,15.98
296757,4.99
263481,5.6
251644,9.97
197836,71.62
216759,10.24
60256,4.54
131126,15.99
131847,14.95
5617,126.3
30362,20.16
277462,13.1
30438,16.5
145553,97.46
208380,68.88
77133,4.49
154123,4.87
198977,9.33
80552,5.59
4396,22.95
275232,16.365000000000002
91985,31.49
12035,5.1
272989,15.46
136061,7.8
63751,43.44
165460,1.855
52730,11.6
56823,31.5
185788,16.71
95058,1.94
240797,16.13
698,30.97
119578,47.81
262885,28.74
132864,8.875
208846,17.82
95565,4.8
78158,15.81
71049,14.99
884,17.95
50610,18.95
149879,13.24
286487,5.36
14582,5.99
178669,18.99
242143,17.76
136952,16.95
244784,3.49
117088,57.675
190233,13.37
215797,2.92
227956,119.99
204744,14.99
269422,20.99
39449,25.11
262743,30.015
177591,13.93
253782,43.34
276777,2.0
266518,154.19
7411,2.6
242781,4.88
213743,7.49
30476,27.63
234917,6.58
249052,11.99
164534,2.59
234256,10.99
92394,96.4
236358,34.745
209779,52.47
185470,5.99
169682,9.7
143739,86.91
204360,26.49
240919,320.0
225283,23.41
173528,18.95
71131,17.99
985,29.88
59290,11.6
290823,3.26
130979,26.75
291927,35.95
127394,1.77
28310,44.95
10641,203.59
211400,66.49
107574,1.98
285438,2.17
188662,4.48
204467,27.85
220506,34.684999999999995
114059,8.8
269358,2.4850000000000003
209064,18.97
62152,10.99
51088,18.73
106308,2.89
248152,19.99
117676,12.89
3690,10.49
269430,37.99
156522,30.17
89660,25.99
156860,119.41
249757,19.0
1549,45.27
69664,4.41
30326,33.33
267972,38.0
60701,6.85
168072,4.69
71553,101.49
80661,15.92
231112,5.39
230789,11.02
200071,3.97
195576,40.08
160442,53.57
112425,19.97
33304,11.605
285386,3.72
246427,10.72
262957,23.97
125524,28.365
273996,2.08
296988,69.99
81276,6.705
7557,19.99
74311,59.99
8390,14.99
66469,13.99
217661,9.99
109788,15.5
209449,7.435
26601,132.09
142800,24.29
85552,2.79
127554,7.75
256800,1.64
7824,29.99
252540,10.91
240237,10.99
196290,35.0
164414,3.49
167309,9.94
138784,30.63
165848,7.69
235552,5.949999999999999
53295,9.89
143630,39.71
130824,5.18
53105,14.98
247053,4.095
151523,21.485
243119,29.0
236243,27.705
72980,24.99
213318,48.95
83105,14.99
221407,3.19
38330,6.73
98758,80.75
76472,62.99
123235,20.33
1891,26.09
10503,20.945
68215,17.99
198302,75.99
118943,12.99
271870,4.99
253265,10.095
239548,10.0
209588,9.99
25140,4.75
113888,22.630000000000003
40811,1.68
298607,10.97
257386,6.7
284934,4.19
6151,5.99
266450,5.49
114671,50.06
247870,14.99
249505,7.39
164007,10.01
149343,81.92
42683,12.52
222640,69.99
150075,61.99
123376,4.91
221773,11.21
110420,20.48
182006,22.99
128987,6.99
228531,15.99
154942,5.69
250623,81.45
76255,6.88
99358,18.99
92306,4.005
159597,24.99
166915,28.2
229857,22.99
211399,49.09
13167,22.28
47428,38.9
266085,2.36
150919,10.69
195825,53.36
149042,2.97
217176,15.99
76109,2.99
44659,15.91
293965,21.2
160270,2.41
262816,38.1
140314,1.875
85379,10.43
156694,210.49
101795,22.39
289945,18.0
289782,25.705
249500,5.02
15728,21.49
146882,30.83
28845,2.27
140622,6.99
127464,20.06
242665,3.99
241824,47.99
213122,19.99
43949,10.99
35105,43.99
30760,29.25
204607,17.95
277636,4.09
116149,12.99
59653,54.98
110188,128.2
37048,3.295
114645,24.95
275689,5.22
98796,27.78
49538,13.99
233663,47.32
97770,15.99
233111,57.18
238797,45.49
198313,2.185
24537,8.49
19438,93.46
117542,14.99
152992,93.49
111084,1.96
217753,35.0
285548,1.69
239685,1.79
184315,33.32
73923,25.32
254207,5.99
170290,4.17
245626,24.93
102783,4.09
13137,9.79
140266,1.28
255313,15.29
172881,3.19
162197,3.17
208350,52.99
194719,10.335
87213,2.88
195295,157.13
146888,76.44
157139,91.83
259621,30.89
175871,5.99
119993,4.485
132952,32.0
297441,134.49
21001,16.82
64312,8.0
19911,50.19
123948,39.84
167242,15.615
101893,75.99
41082,5.24
16785,3.04
273921,6.66
271230,6.29
16608,29.99
1574,97.46
220562,1.44
293427,32.12
185299,1.0
272444,12.99
75444,75.19
97388,17.99
49309,26.61
233562,6.59
283529,2.54
263593,23.49
178592,7.99
215511,23.09
110177,28.38
266587,2.68
212709,7.77
128092,29.95
216997,38.96
253896,31.5
86560,3.51
266329,16.99
134303,3.28
71084,52.195
180731,3.59
195515,58.7
16676,11.78
142946,45.27
292903,3.39
191407,8.77
292162,39.99
123073,79.69
168827,9.27
169888,8.39
53207,11.99
274524,10.555
105826,6.99
274777,1.765
107173,62.95
54965,11.99
79191,32.084999999999994
156286,1.99
13375,3.19
44959,47.495000000000005
257588,29.06
152660,9.79
58723,37.77
280515,19.26
233878,2.64
287515,12.99
201197,25.59
99253,6.12
263493,3.78
31038,26.0
93888,29.95
217914,14.45
208718,13.99
280809,10.25
188144,93.17
268392,38.99
180835,12.99
61027,21.49
38324,4.69
80895,91.98
16201,0.98
143772,38.54
254421,10.605
79836,11.13
80933,7.49
65704,59.99
291125,6.49
129018,104.99
141340,4.79
155118,16.81
290623,6.47
37757,9.93
277679,17.785
47828,15.28
111471,34.2
24634,289.99
13311,12.99
199927,4.98
200487,26.29
186747,4.0
114631,19.99
155952,116.97
298079,51.82
152799,6.390000000000001
125436,53.64
296668,10.99
121560,65.98
185884,3.99
80369,9.72
247852,26.625
63896,14.97
11811,18.17
116695,92.64
99986,2.0
92149,18.28
10105,16.494999999999997
20444,12.97
288637,27.74
32434,66.14
191748,36.89
277591,20.99
143067,19.99
230297,14.95
233039,8.99
166134,6.49
73598,19.9
47080,7.345
172197,125.99
73729,9.44
270476,6.55
161976,0.8300000000000001
114992,2.69
14602,41.99
77738,4.48
39262,4.985
117540,5.94
238901,18.995
294041,10.25
269907,11.245
277882,2.49
53481,30.0
274867,9.28
293668,2.99
237494,13.99
194598,7.49
93202,14.99
202410,5.79
246583,7.99
68062,26.95
139620,49.9
44260,21.73
292141,7.96
153896,24.99
52898,1.79
258648,8.95
170411,6.75
58671,18.49
215355,24.99
208602,46.510000000000005
266164,49.99
141951,5.815
252182,5.78
240486,19.79
264197,49.99
285794,6.49
169787,20.97
287007,7.095000000000001
145220,128.44
283585,0.735
128420,12.11
71467,12.465
98936,35.71
186189,6.155
106954,33.99
93981,2.48
195900,179.98
87905,1.99
281127,4.51
33160,26.95
272224,15.965
125888,7.97
225780,7.585
4810,12.97
1979,86.91
177771,12.49
138332,14.99
271706,2.98
26304,2.48
152838,2.49
176470,30.49
30747,4.04
167306,12.8
57884,35.99
63070,79.46
74291,5.79
238940,25.8
135291,7.59
132892,13.52
52308,15.489999999999998
233297,13.69
79806,23.59
120997,13.72
224548,4.99
284557,9.865
3775,18.99
217956,13.99
187182,26.99
82894,5.74
59147,3.59
146328,12.98
287073,7.095
34193,18.63
65269,15.9
104759,4.47
104581,15.489999999999998
265909,17.99
230418,31.55
171923,7.29
100524,7.49
148978,28.08
102738,31.8
295054,6.46
14609,24.99
124917,6.99
105095,4.19
37753,4.98
32538,39.54
109585,4.99
271540,17.47
23492,68.6
168450,34.98
221625,22.55
230283,14.64
37308,18.99
112247,6.21
178904,13.47
205730,20.4
39096,14.81
174957,21.89
139672,27.37
177947,6.69
285124,18.74
193385,44.99
165738,17.98
174044,40.89
35895,12.49
55994,11.89
275766,5.63
97405,4.89
243406,18.33
87363,4.99
258918,6.995
19993,64.31
108281,33.5
250399,16.915
30679,3.04
100520,11.19
151573,5.0
60322,1.44
43014,5.735
285219,8.335
113690,3.68
188949,52.07
19175,36.06
180140,26.99
186466,7.52
26492,3.68
178710,14.5
79978,42.33
224153,7.97
185673,53.99
57328,9.99
203461,10.99
194369,18.99
288242,19.88
284566,4.98
282369,25.0
73145,64.99
250648,13.99
62135,13.12
202487,14.57
173250,28.64
148882,97.46
163488,8.89
47198,12.3
12552,8.95
101806,10.51
284888,5.59
123487,6.99
270783,24.99
199220,19.9
272428,10.94
259964,62.3
66915,67.49
155403,22.605
239286,44.46
268462,5.175000000000001
146135,88.39
230347,4.605
282870,2.89
264777,4.125
232714,14.99
202616,14.98
227420,21.58
64410,11.99
288288,13.39
39707,13.75
39976,10.39
20825,18.78
140680,3.39
280838,8.99
130614,41.99
22773,12.96
74750,5.87
130947,33.95
246206,15.95
234735,20.15
266683,29.99
63949,11.5
76009,1.365
276752,3.34
129099,4.98
59586,7.99
218308,9.79
264219,9.47
238412,17.99
226708,61.99
193881,8.2
51874,15.99
54364,37.99
198046,46.99
50166,20.99
292617,2.24
75815,44.46
201100,3.98
74387,26.95
202680,4.575
103727,19.99
183983,17.99
225676,19.355
280997,6.42
43895,19.37
86753,42.395
82077,24.995
139615,15.99
102790,15.47
55331,16.48
198253,79.95
100555,22.0
199935,9.31
90023,93.81
119846,8.99
156499,42.2
278913,29.27
109731,10.5
273519,21.99
296816,10.585
186165,2.54
1007,66.31
246099,1.24
162456,24.74
42930,8.44
283535,1.99
170580,8.12
156398,10.0
267147,3.13
214788,19.9
193519,2.89
225946,17.31
285227,4.19
43919,8.99
157522,167.15
23301,25.845
223881,11.99
54739,5.79
146897,97.46
259131,5.54
108932,24.99
129030,6.98
24676,12.09
264527,2.96
129687,23.87
246967,2.17
120438,27.47
177637,12.62
275135,9.15
239803,2.93
166462,75.75
106027,16.785
294828,2.48
36511,2.52
138269,9.29
268521,10.09
199258,27.49
101970,39.94
296003,2.825
4207,24.14
215829,55.6
199234,32.99
21290,28.99
112307,34.95
129974,10.39
183639,11.84
193029,21.545
192197,8.99
60967,5.5
277601,14.99
227549,39.99
92505,8.58
117591,12.445
152636,79.07
1557,55.93
103087,14.86
67040,11.24
133930,46.06
131530,35.0
13483,4.59
65717,6.99
256248,6.545
55575,26.99
291458,20.99
219350,5.97
109497,36.43
99786,10.89
291511,8.5
259314,7.04
94894,21.99
98851,5.96
213359,21.12
264097,6.3
132035,37.92
156418,12.8
279649,25.26
205148,49.99
7833,20.99
147814,80.86
22379,29.95
21726,2.56
111978,29.95
55941,5.19
149883,30.83
155512,42.99
285712,4.675
57519,14.99
177557,2.14
130618,12.0
47970,36.805
210490,28.34
104947,10.45
203855,2.5
152961,6.19
31557,53.64
30926,8.9
250677,11.89
231590,8.99
199053,20.99
106775,56.39
55860,50.67
220270,18.08
228410,106.0
262441,87.58
104500,5.425
244851,10.99
254669,9.05
152022,36.44
130586,7.485
41200,23.385
94519,53.99
160996,66.89
58662,15.89
196898,14.99
33389,10.015
19897,93.46
122123,6.98
130727,24.99
181402,62.94
283697,0.78
138466,10.99
113878,34.0
239717,9.26
243193,12.99
181773,22.99
115121,19.49
191688,49.99
255469,10.0
81618,5.095
164438,6.99
95708,4.29
6655,4.99
190591,9.0
61963,6.99
1938,18.47
191077,36.0
196396,37.07
175737,7.95
296395,19.64
251603,7.49
46915,10.99
74690,3.79
51490,23.67
209895,27.94
198544,24.99
297012,25.97
56943,8.235
202841,11.49
119634,16.3
102584,6.385
223716,3.22
66016,19.95
108094,12.18
274127,2.79
262999,10.485
139437,1.99
82760,3.57
94742,19.59
56922,1.25
181716,62.32
10836,5.665
119604,9.99
134516,10.04
298661,1.5
67761,46.99
119708,5.79
221685,12.95
65868,14.18
21423,12.0
276659,3.1900000000000004
197778,4.99
29745,9.99
288920,3.61
161436,6.0600000000000005
297990,2.035
290143,51.07
272562,3.59
108694,7.7
143227,9.99
161458,81.29
117500,6.37
227809,12.19
291874,99.99
95492,3.99
154003,3.29
234787,69.99
323,8.34
42726,66.25
258417,10.58
289595,13.25
114984,5.78
49933,4.52
196054,83.6
212070,13.99
68066,24.95
192846,25.18
174936,13.545
264984,10.2
146433,28.99
152840,3.68
14421,8.98
15978,19.95
190449,1.22
288693,4.635
268163,20.49
238586,11.11
285749,14.16
122392,18.77
11599,4.85
223294,3.47
268174,3.69
213903,19.99
36729,1.99
248633,5.99
236718,42.3
282573,16.99
63600,12.105
109531,39.95
151242,13.99
49189,8.4
287900,12.99
128980,37.39
223422,449.0
138104,24.99
77683,1.8
112864,16.99
216964,12.19
156848,111.53
43275,54.88
121536,24.99
58011,9.45
91827,7.59
124349,7.98
57842,55.0
205086,22.95
34562,13.1
66916,16.0
282855,8.95
13846,6.52
139919,6.545
50177,19.77
162444,27.16
268300,32.98
102212,59.99
175696,27.08
215162,2.79
288309,9.99
171958,7.99
144016,86.43
63223,12.84
131214,13.0
242526,23.29
141001,44.97
47025,95.0
4328,27.99
95029,12.94
253374,24.99
247585,35.71
117444,13.19
146158,97.46
101070,109.98
228820,24.99
201079,10.99
7520,23.95
12280,33.62
284227,49.98
65709,59.99
226773,3.4450000000000003
291514,19.56
60113,10.0
115555,12.95
284102,1.845
55778,31.75
286914,28.195
277127,2.5
119244,11.14
83819,17.99
79853,20.66
28384,6.69
196959,5.5
275958,9.99
256976,16.99
75211,0.6000000000000001
58363,10.72
262918,5.22
29175,15.875
256993,13.94
11514,51.42
263078,125.96
35602,13.79
121330,30.62
125709,54.95
63064,17.59
41471,3.985
218695,14.79
55728,7.25
298925,20.99
204240,20.0
121836,48.0
50443,31.0
36669,4.29
291930,15.99
211848,94.99
61247,6.98
86997,0.36
169639,1.595
263303,31.935
111358,21.06
171264,1.39
17966,65.18
106880,24.99
162622,2.14
27651,4.49
226132,30.82
185411,1.73
60383,7.51
142164,27.61
250660,8.985
117319,12.99
212587,10.88
31091,25.15
6376,42.95
37854,12.91
153374,50.59
141873,8.49
274912,3.55
99315,35.72
27707,11.02
39556,77.99
28392,4.99
96371,15.99
14534,15.7
117375,13.5
54812,15.15
109721,58.43
45129,7.99
159930,2.98
158503,11.99
175343,6.49
78951,31.93
239137,2.12
262207,115.13
280500,13.735
267781,8.1
13463,14.99
114212,19.99
203444,21.99
273742,26.71
166825,61.955
288343,6.75
79209,3.625
162141,6.99
223490,6.68
46930,22.95
54938,13.96
34289,5.47
35456,27.25
279368,4.055
214004,40.825
149566,20.445
32075,5.985
144213,26.39
27536,3.3400000000000003
272455,14.0
282277,2.265
122223,34.95
213251,16.98
39933,15.99
189408,22.785
391,42.99
226260,12.99
130849,86.94
28620,50.45
73624,17.28
118890,12.99
170315,9.37
152980,9.945
147566,3.985
131018,19.49
81365,1.975
255186,4.69
212407,47.99
49932,29.49
62614,8.49
253284,12.99
170329,45.0
37262,52.99
240723,14.99
47190,13.15
162918,17.99
189374,10.0
237872,62.85
38071,4.99
143222,24.98
10303,3.785
77169,6.665
436,19.1
22242,14.99
105493,42.99
26424,6.41
117407,46.85
270761,8.99
31243,7.97
125190,16.22
155231,14.99
243177,33.99
119983,4.93
31509,15.44
162516,9.99
12887,1.415
231174,3.99
152680,5.29
60474,58.31
202795,43.495000000000005
22833,16.94
86043,17.69
67803,5.99
30370,1.585
128704,18.99
114606,55.99
39083,3.99
193546,19.99
280378,5.39
239748,25.95
288899,6.64
290985,82.175
55832,15.955000000000002
145125,128.44
13938,2.74
74576,83.94
163693,31.575
292609,7.789999999999999
67316,28.34
211948,118.73
53823,15.65
45448,6.79
251975,1.99
165807,24.64
78866,3.98
209903,22.99
132479,8.27
28315,9.98
157294,81.08
168233,73.49
269180,68.99
37009,6.96
195943,72.25
11585,20.69
263627,20.315
194130,7.36
137582,38.5
233661,4.035
58864,107.28
64484,27.99
222432,337.67
144978,56.01
11346,28.36
32772,70.62
95026,40.05
154780,34.35
273848,37.35
278931,10.68
219759,55.99
25929,6.99
235435,51.17
87825,8.95
6435,8.29
188029,1.55
218394,39.99
112730,5.58
126255,20.725
205447,4.745
290969,12.49
94673,9.87
231778,36.94
9771,5.54
19367,72.93
119465,26.08
129321,15.739999999999998
68047,40.74
216387,11.99
281269,7.39
102442,19.855
252219,24.1
221233,94.0
214399,22.99
216354,42.07
48918,17.61
66958,54.95
183156,4.98
189042,24.95
28340,22.49
247687,58.99
23996,4.325
242780,4.88
84947,24.5
209653,22.99
217485,11.49
204897,27.88
109959,8.95
246758,7.99
44768,3.5
33497,4.74
70410,17.99
80628,487.015
159628,14.69
140536,4.96
246155,7.7
179196,3.515
187690,4.74
290026,3.24
249122,25.95
122347,49.31
61853,27.7
27415,8.0
203389,4.93
130519,5.89
214060,54.99
233438,8.79
164416,20.72
297479,9.07
1945,27.4
94734,14.99
96410,9.99
8985,76.45500000000001
198218,5.29
9875,29.28
224980,4.08
114328,23.0
57815,2.98
154150,13.99
171023,28.93
58716,28.99
27494,4.79
13588,10.19
226793,10.99
175947,14.99
232934,10.99
27929,28.08
191018,11.45
48034,6.195
103437,3.935
178100,11.595
64331,16.08
271282,27.925
97457,3.27
45905,3.515
277774,23.99
116353,19.93
184611,22.935
105281,8.75
179672,15.17
84340,4.33
212944,33.5
243237,12.98
282710,3.99
163888,40.24
194896,2.59
79614,6.755
138021,6.78
118927,6.44
84562,18.27
159231,2.99
133000,13.99
276123,9.79
293084,18.51
187039,2.0
253512,9.245
257461,3.63
110066,6.18
199185,42.99
201169,29.98
292433,32.0
38499,6.99
253260,6.49
222142,5.86
165077,15.63
28958,3.24
289054,3.605
43741,3.745
147813,53.01
187282,9.44
221138,11.81
92705,1.995
179998,2.995
145905,35.63
20489,1.19
161530,46.52
279114,22.36
28140,3.69
144020,29.41
113993,1.885
122602,18.74
296595,8.53
223526,68.02
212445,27.84
261379,29.87
235460,18.25
108104,7.485
2733,20.78
91187,9.99
96013,13.89
105314,169.98
189253,4.12
207493,33.95
146987,86.91
233048,27.99
85516,241.09
152659,10.99
290430,24.49
272504,7.29
234300,12.99
254958,56.54
40886,26.66
122038,2.9
35440,12.645
194712,5.0
98192,12.79
41275,9.0
103993,22.99
123624,45.73
216773,15.99
227154,17.94
68769,2.97
243638,83.95
92744,47.51
48830,22.495
68394,14.989999999999998
97502,13.989999999999998
245245,4.98
57049,22.99
100535,9.45
52883,74.99
178781,46.87
102557,48.0
88029,5.49
272147,6.875
31399,21.99
77635,7.92
102162,29.48
194045,3.52
189825,16.0
220812,17.08
101579,6.1
137589,10.48
45312,13.45
295088,4.99
52639,14.99
116374,5.99
268479,34.89
127919,29.99
221304,14.235
170930,4.28
1397,126.3
153994,3.99
45607,2.64
143176,35.28
88033,2.98
247624,21.7
108311,11.275
170533,10.18
132845,21.67
116896,19.99
258419,9.36
48955,7.08
97659,10.19
148671,25.8
32960,35.0
260264,11.0
177544,29.96
223826,10.99
153915,8.83
185577,8.29
189868,6.715
167082,6.1
68545,16.99
171242,7.63
61269,10.49
205252,55.49
190006,61.34
212768,3.29
67972,31.95
90704,18.99
48651,4.29
177769,18.99
165143,6.99
243678,47.0
214140,38.02
233558,10.704999999999998
74647,17.99
49140,14.73
195193,34.06
166622,10.46
294144,33.26
237634,2.49
63588,19.98
14516,98.69
209473,38.78
38410,31.18
147063,46.64
136438,2.18
202495,15.489999999999998
99643,12.99
260801,6.525
69410,13.99
65009,54.95
116082,26.99
228507,70.275
135372,71.6
116997,9.99
252520,58.99
57019,54.99
262403,9.095
289798,15.5
117160,16.5
238579,10.0
82406,2.99
5217,12.99
118013,8.99
258919,1.735
297018,9.45
191624,19.98
267396,4.18
213832,39.98
195600,54.64
187260,16.99
257872,15.48
145872,18.49
77128,6.8100000000000005
262464,32.99
2833,3.79
285608,24.78
131413,12.975
205206,15.5
77519,3.98
94470,6.585
146085,29.36
280680,10.95
3355,15.99
109766,30.28
176258,12.07
84897,4.2
20322,65.18
273031,14.99
36524,25.95
95441,21.94
73648,39.99
16668,159.97
141990,39.71
7620,4.484999999999999
1876,81.28
298323,1.08
49175,12.89
275664,23.18
30116,5.495
277579,94.99
98678,159.91
28823,2.435
103898,17.4
52878,109.695
199986,143.38
262956,11.49
77580,20.47
171491,9.57
286763,47.85
144837,24.73
111554,5.99
108664,21.99
151331,441.98
96372,17.94
49197,9.99
251691,21.39
74284,25.99
84627,2.72
47862,9.99
17658,19.99
245101,35.23
70568,25.99
139169,47.64
96007,11.14
132484,37.99
36435,12.98
188913,22.3
157583,204.67
53672,5.085
4239,2.51
22270,24.95
184774,9.79
110934,5.99
229231,8.99
64612,74.99
236334,39.99
68658,5.68
184483,71.95
218688,32.0
176712,34.99
114248,14.58
46363,10.99
294267,17.35
9081,45.0
280281,2.18
114204,11.03
258880,5.390000000000001
142088,29.36
270307,19.24
122846,4.41
275025,5.0
97088,138.485
14666,17.5
100972,207.98
23638,6.585
251737,81.985
2879,31.51
269173,29.49
66122,36.95
186903,98.87
57064,62.49
28346,15.555
254892,35.46
236563,21.435
31962,11.98
119908,18.89
247334,46.84
33251,4.449999999999999
253172,7.24
138683,12.49
267988,36.0
274338,37.07
174573,8.35
257122,12.5
267400,3.77
20280,19.6
133393,9.99
267985,44.13
134570,13.24
149052,27.61
219220,1.2
110271,34.63
34040,7.905
189661,26.99
111589,11.99
238485,5.58
188355,11.98
177690,12.94
124067,9.99
240927,29.95
79418,1.93
22351,27.99
173015,3.89
40374,27.14
34872,9.99
153162,3.48
288240,45.28
111943,44.99
149670,20.68
161988,65.93
263162,26.45
281663,14.02
246000,18.99
49207,6.99
277358,11.0
15158,4.1
241541,36.98
98480,28.95
108327,25.99
22148,64.99
53680,21.22
124012,21.4
75862,12.63
236544,14.9
189418,68.875
216790,2.69
100529,9.99
228331,3.79
283971,27.605
50148,8.95
244006,14.39
173106,44.42
186412,5.475
91337,17.965
243501,25.32
154456,21.99
81592,2.5650000000000004
126967,22.49
16162,9.68
41183,2.39
2562,18.55
85517,259.81
160827,31.630000000000003
268354,4.29
279925,4.49
151000,5.99
113730,19.9
197519,6.98
291084,10.0
169995,6.17
34377,2.9400000000000004
228586,9.99
296092,22.115
91939,26.99
271541,8.98
134588,2.5
217798,19.99
81822,4.79
264585,13.82
210174,20.1
188614,25.875
2986,15.27
187950,13.005
219974,9.67
52939,37.85
45705,2.59
65159,9.99
108935,16.95
265812,14.2
123310,33.0
250563,29.27
116527,3.49
106569,20.59
135715,18.69
84120,3.925
290810,71.49
206617,34.99
267449,3.17
205933,4.475
79323,7.0
290561,11.265
288566,19.99
154989,15.5
218776,50.35
120583,28.99
238150,19.99
187042,66.61
41196,6.945
33869,7.615
96005,12.34
181981,2.965
286292,23.955
35208,3.94
124946,24.98
226862,4.19
150581,5.98
286960,17.92
114967,10.5
62128,28.49
175179,4.12
289127,17.31
247222,35.71
159976,11.98
281167,26.23
149857,67.78
2111,20.27
93378,17.99
154629,19.99
211104,4.015000000000001
58875,32.72
40659,1.89
174182,20.855
143850,117.49
22066,3.49
285022,2.49
271596,156.5
33457,42.08
283386,5.24
267772,33.99
285130,4.325
194219,19.99
179612,14.99
269985,8.99
278392,45.78
27190,60.39
60905,162.69
23145,39.89
65313,8.99
16380,30.99
153675,28.95
33027,5.99
91430,15.81
46937,43.81
219997,45.21
168703,9.62
170834,2.99
131939,18.99
110003,1.975
186803,16.48
163623,2.595
249859,22.83
170857,7.55
104204,13.96
228922,21.595
181742,8.04
109866,11.52
173662,9.59
66370,15.49
183318,188.64
265478,4.48
82992,13.78
230668,11.19
162467,13.99
203205,31.99
208912,74.53
287292,12.63
37978,5.99
249781,24.99
117187,21.99
230667,6.885
82493,63.95
80034,1.38
184785,11.98
218395,39.99
294583,11.24
34293,34.72
94140,4.87
210661,6.930000000000001
126471,23.95
198670,9.15
73685,3.72
9608,24.99
25941,3.79
272514,9.49
212427,3.5
293548,20.77
230296,29.95
219667,26.5
100126,20.0
59518,16.99
171204,18.95
291305,4.59
103003,30.44
80186,32.49
27188,27.92
31352,13.489999999999998
228278,14.01
134909,1280.0
33990,12.97
18959,15.34
39559,122.23
35325,0.98
250868,23.29
132023,15.47
218840,34.99
275460,19.68
52246,34.88
290817,7.05
259071,3.99
1134,13.99
108193,19.45
34431,9.19
134483,8.265
236522,2.06
233623,27.49
182112,18.5
82378,6.88
263612,10.69
168285,11.575
278596,3.88
272487,14.75
85200,38.98
251130,12.99
155766,13.99
225325,5.99
177402,11.96
11014,16.27
102215,11.98
201738,5.94
244420,26.99
149185,46.8
166167,13.77
60027,8.99
207127,8.29
148218,3.99
128486,1.98
98281,9.46
252486,7.69
285344,2.24
225014,10.48
37509,10.64
239676,3.515
179366,30.49
64226,16.235
170489,10.99
108149,44.99
131322,11.99
22877,17.95
298134,1.935
122158,18.39
196934,8.97
40874,18.66
63439,19.99
64281,15.735
259382,22.78
19955,33.5
269370,84.69
242711,34.95
39,7.99
215112,12.34
46398,48.69
241404,14.99
110350,6.44
16166,24.49
133681,8.5
271222,2.79
121783,117.98
69750,33.0
46359,2.19
44094,8.96
58953,10.465
252068,5.835
28952,1.47
157370,145.37
271606,17.49
132340,16.95
62483,1.66
199270,1.99
265218,7.99
291175,9.29
208858,16.99
52704,45.99
82204,4.94
196102,74.25
80006,2.91
255123,5.96
181133,15.71
142403,117.49
3656,46.83
215041,32.0
250347,15.34
279332,20.18
20246,93.46
75621,5.79
86647,17.06
38573,8.29
120472,7.23
147966,57.7
138003,61.96
109261,18.99
175558,3.09
194600,7.47
157959,73.4
41320,3.98
18624,85.0
130957,17.97
60847,5.27
70609,32.98
189041,24.95
229684,7.99
193195,64.98
126133,26.85
81781,16.95
226721,17.95
283955,76.94
294673,37.005
190769,9.74
115195,27.99
296800,8.864999999999998
157946,125.61
155624,16.34
34231,7.99
196101,83.6
239470,14.5
216414,88.99
247343,19.99
75767,45.995000000000005
287686,8.01
221980,8.89
232794,24.68
73885,48.64
180724,3.19
4447,15.36
202229,13.95
102319,51.98
49031,3.39
101635,28.99
82489,50.96
113999,18.25
169747,5.19
201781,16.42
81030,28.45
46,10.99
261539,3.98
57628,27.94
173009,4.19
111035,12.94
244458,36.99
279910,2.935
180745,29.0
215000,42.99
189162,29.99
164698,41.1
11200,22.81
198786,20.465
106306,18.29
53474,26.99
117478,2.97
278128,22.74
231812,1.265
107667,12.95
23995,22.0
111846,5.76
121379,10.0
48594,5.025
64399,32.6
124174,3.89
36667,8.75
170861,25.45
147375,18.55
297364,2.24
215660,25.35
115495,5.1850000000000005
196699,23.99
105801,14.99
133545,18.95
205110,15.95
597,12.99
188329,23.9
52875,17.99
266830,19.99
246015,52.99
262494,8.78
179271,8.97
71104,24.99
220718,22.99
64826,2.14
31337,2.93
273744,2.97
106295,23.99
85168,2.49
223517,9.36
85777,32.99
125320,13.5
211040,18.99
268648,25.87
8018,14.25
119583,11.88
253243,5.74
36525,12.239999999999998
18649,4.59
106811,22.95
55712,10.97
44143,6.28
157273,121.49
274480,1.5
263241,13.5
172764,7.6
284366,7.43
59334,23.95
240576,18.99
125653,19.99
209161,18.99
278860,54.34
180953,9.89
11608,7.71
89996,9.53
211457,19.95
298295,1.475
125729,30.76
66890,8.99
118750,6.99
148167,5.640000000000001
289138,22.72
197252,12.0
13130,38.93
35508,27.645
61304,36.94
109399,14.99
84098,1.72
22430,12.99
255174,38.5
142916,97.46
186012,6.85
159078,16.39
170467,33.9
238101,1.39
7818,33.92
205821,1.0
152668,10.23
76389,1.69
124176,3.99
205639,12.99
289091,39.99
166088,84.13
237318,27.75
13959,46.06
182662,4.15
210324,28.48
297379,18.98
296295,9.985
153252,9.59
264625,10.88
255013,64.98
216457,25.58
196873,23.115
94392,4.14
270744,3.735
36701,16.95
193251,15.48
153534,25.835
129752,7.49
272058,28.95
29181,37.125
33346,3.89
213688,61.0
237809,31.83
207502,109.98
105112,2.59
290391,4.49
91516,81.91
293588,78.61
163470,6.08
66399,50.58
262967,25.94
5970,33.99
182951,1.63
251101,3.59
132211,65.92
297097,5.55
239294,36.95
140062,3.29
236223,26.98
1351,88.39
18570,9.995
4790,8.39
177927,9.085
165112,4.16
83586,11.99
125290,27.49
149113,50.76
252774,46.74
38522,29.055
86451,3.99
34555,47.41
275552,3.415
75518,1.5
124684,6.49
44447,4.49
276891,8.785
195553,59.61
151700,52.81
214618,7.140000000000001
262694,779.25
188946,59.065
287417,5.895
53832,9.99
27976,19.99
141057,33.47
76507,66.99
19526,32.3
87522,4.215
148460,21.46
44818,12.99
64830,52.22
38993,5.82
79801,7.81
244753,40.47
61634,6.44
279338,22.79
87627,8.025
292395,17.73
284014,57.2
33821,12.99
14059,2.99
106031,12.42
149846,42.74
114858,8.844999999999999
165135,12.06
180461,17.965
293222,30.88
219661,6.48
188135,10.29
112968,16.99
277872,5.51
165956,43.43
56295,14.99
112318,8.99
92485,3.79
239814,9.63
144219,15.47
80534,4.38
113337,63.69
228119,23.74
39424,39.51
196445,61.35
246826,2.98
149668,23.99
57290,36.58
177226,49.95
252913,10.79
44388,21.25
27533,11.745
110821,1.19
79358,4.97
227654,11.69
228323,20.6
286932,13.72
266566,8.22
105105,5.99
232222,18.25
137491,7.17
67688,13.84
150991,32.315
249278,25.705
19542,64.31
144810,26.44
193789,11.15
261608,49.43
31454,9.255
46093,14.99
163125,8.36
245830,8.17
91071,38.08
228622,38.45
257395,8.49
146182,8.48
249532,10.2
171435,9.74
285304,15.48
54760,4.79
185231,28.99
47040,48.45
235461,69.99
78730,5.455
85124,35.99
78561,3.49
169145,4.24
98873,25.49
22348,17.49
65895,14.49
75078,5.640000000000001
194126,2.19
174626,2.39
192300,12.72
94210,23.66
75854,20.525
86619,33.99
285442,4.29
258135,23.99
90802,25.99
32672,36.945
165553,15.61
249088,23.99
68954,44.99
95370,4.19
93163,4.735
16281,52.69
103354,6.99
127711,28.98
144397,56.71
239310,14.99
169305,10.48
33682,49.95
82486,19.99
102231,14.57
115293,28.0
139945,6.07
198872,16.39
181066,2.535
202071,11.99
142142,20.68
93675,9.5
279628,55.99
269982,219.75
278111,19.245
119207,43.99
108008,1.28
246113,10.0
104735,37.91
291707,10.845
74998,25.49
9084,19.99
120141,7.24
154715,20.39
189884,223.31
165719,26.48
205112,4.84
98865,6.77
31804,34.97
239750,21.33
274532,30.83
39493,6.890000000000001
38924,50.51
82444,10.84
118247,20.22
171855,14.58
119561,24.86
141717,19.75
197301,9.99
116040,12.99
169047,1.48
5756,3.48
235873,8.5
284657,3.26
248183,88.03
192034,28.445
291281,20.275
121510,4.29
162191,3.52
105453,8.195
98161,10.57
194458,26.99
197980,19.125
122653,19.49
281330,28.15
120826,30.49
239480,4.54
136908,3.99
33556,17.79
209694,7.24
47137,7.69
61591,49.99
24155,12.99
168788,23.24
16186,4.39
14604,1.28
278877,7.890000000000001
265793,22.99
80955,34.99
28990,9.99
283223,33.5
60540,8.99
247931,28.99
118483,12.88
149305,86.02
207367,11.99
254484,9.14
286002,37.17
88923,48.22
243542,26.98
196220,37.92
38101,5.4
70986,30.94
37785,9.06
196499,45.98
197723,115.12
213779,10.12
276597,11.05
57094,41.57
41589,3.755
292392,26.465
50656,13.99
155660,9.99
11286,30.31
243621,19.99
103594,35.295
31383,13.335
43020,14.99
271719,9.239999999999998
226682,13.29
80776,68.99
120806,1.88
255987,21.39
69969,26.255000000000003
239230,10.704999999999998
161069,7.19
89923,6.8950000000000005
188730,10.0
72336,11.905
199922,8.745000000000001
33141,2.89
218429,13.99
162237,1.42
202139,22.75
28457,1.99
179175,16.96
56981,24.49
154033,8.99
150548,6.48
261605,36.12
77316,28.005
295799,6.115
161460,81.77
197895,57.98
248612,16.04
202331,17.09
127885,5.555
61343,32.99
66430,8.99
55530,34.95
44450,44.99
278403,4.535
280183,6.73
110004,8.47
50134,16.88
171802,21.95
161870,3.39
168165,13.82
43005,39.95
167668,44.6
113184,21.695
151200,10.995
71671,27.77
82716,21.475
219599,2.78
281353,2.76
11792,6.19
151861,13.135
173503,3.38
240215,8.95
78631,6.23
236880,10.83
201420,179.98
128780,6.29
58482,17.6
48107,12.99
122574,28.99
148742,46.04
101329,21.380000000000003
114760,24.99
288981,15.99
134337,5.58
33303,15.59
249817,7.97
65352,32.99
138255,2.0
62280,8.175
297341,46.12
10416,3.28
156026,35.16
66622,17.99
59270,46.3
58895,39.99
101265,119.48
116884,47.67
99804,2.29
197688,5.665
81157,13.99
192000,13.49
8914,0.7
59680,22.41
240620,12.99
9581,5.49
69364,31.95
130802,11.99
4295,141.62
127934,84.65
107356,44.99
46491,21.5
168641,12.29
242733,20.32
174868,4.835
146696,56.37
33185,5.68
213503,36.99
233050,36.99
163912,13.065
286049,88.23
211701,29.48
193028,13.49
12601,25.14
276292,3.79
167440,8.99
98777,13.99
222956,47.97
95625,4.48
190963,9.07
230496,7.42
181639,3.04
71954,8.99
274898,25.89
112182,11.54
265964,360.76
254332,2.57
237059,19.98
48614,72.41
82311,10.34
129638,12.0
237098,29.99
72187,9.98
197832,12.69
226248,17.95
129598,42.93
234549,11.99
77280,11.93
276843,28.59
197307,4.98
250373,12.29
287299,16.99
96529,14.489999999999998
127751,39.99
114420,31.99
12747,2.335
122187,13.2
163660,21.52
166001,28.97
236990,8.89
114681,29.16
192166,17.18
32796,3.99
220834,3.89
276849,28.525
114746,21.48
290797,55.49
9851,12.88
227321,19.42
177665,118.23
168837,4.135
70526,11.94
53540,10.97
228913,5.234999999999999
231565,4.555
268737,4.67
53898,24.14
41010,76.04
70562,5.39
256218,19.98
101588,93.83
185020,8.9
210960,65.97
175054,29.89
188835,24.53
3812,81.28
248868,9.97
65336,25.06
268441,14.11
130856,18.99
134663,19.99
46284,19.48
224291,2.5
197161,4.99
193891,23.74
251898,2.54
50435,12.87
246994,44.83
30948,5.68
184737,16.0
155732,0.99
223692,2.79
118930,33.415
248458,14.43
58017,6.97
239449,4.84
59381,19.95
90129,7.0
189384,51.715
19873,37.63
112006,30.86
102844,47.99
229359,12.98
147663,128.44
226631,10.99
249050,8.99
64592,11.99
267450,9.49
31331,6.91
158369,65.265
100848,4.94
155330,22.95
161437,4.15
114642,40.0
149573,6.75
211602,35.99
145216,18.47
18052,93.46
169643,3.99
244997,25.245
172059,24.58
116305,29.89
66845,12.3
249571,46.830000000000005
43796,11.99
240605,25.99
83614,1.5
253764,3.84
62880,8.05
230416,17.49
256754,7.279999999999999
148967,53.51
99153,23.805
171467,4.29
231729,169.08
271818,47.93
187508,6.965
279719,21.855
141021,6.48
92727,6.99
210534,3.89
68113,19.89
234828,12.489999999999998
206476,2.69
244962,26.99
67242,28.99
266829,10.0
179226,6.99
79055,1.69
34589,6.89
22689,15.605
103735,17.25
36211,34.89
189143,5.485
130691,66.99
83875,7.43
23001,12.8
8363,36.49
236471,7.99
68854,50.99
199531,11.98
207653,29.99
237597,11.99
264807,81.59
45355,12.99
284609,3.89
120435,2.19
239396,5.79
296388,43.81
243326,7.640000000000001
284130,65.0
170413,1.89
249275,10.99
132833,6.63
78697,104.99
41724,6.49
65993,19.95
289254,8.29
224910,5.69
53874,8.69
195994,67.99
158555,18.99
65311,6.49
201401,47.98
21507,5.859999999999999
233002,26.95
273049,1.79
226735,28.95
41868,10.59
218040,6.235
52078,32.99
184152,7.99
72210,8.99
246688,7.92
47165,10.99
10526,9.99
98994,19.88
123126,48.34
88712,4.99
131559,26.99
97158,4.99
226051,5.640000000000001
39205,5.865
187719,14.49
64819,42.73
276848,22.26
187250,3.955
94262,18.99
244416,39.99
95025,5.825
151660,6.055
38143,7.09
118859,55.29
62581,19.98
147208,29.41
96758,5.99
256050,4.13
195598,69.37
276443,2.18
243338,14.49
197187,1.99
226804,8.95
241628,2.37
214667,4.13
10510,34.9
272639,13.45
4247,16.99
87398,45.63
30941,59.86
55533,14.99
235913,33.49
62481,66.47
115179,151.66
186934,13.99
225168,59.95
263853,3.04
284428,2.89
195634,40.65
240265,9.49
96352,10.73
208335,13.235
212311,19.99
213489,14.95
291638,8.99
179064,4.985
167565,17.39
289146,7.779999999999999
133633,48.5
66701,77.11
95978,7.88
121511,2.49
135764,24.37
261847,74.22
294758,7.235
296648,17.29
23511,3.99
219968,13.99
214526,7.95
230281,27.99
30402,15.54
292173,6.79
288381,35.88
251931,10.49
142158,46.8
64871,22.1
120208,33.95
170661,18.99
273164,10.99
117735,99.99
85494,89.74
200338,47.99
126664,23.99
209480,29.99
147855,16.77
179400,12.99
261214,12.96
122296,13.71
43012,7.925000000000001
68791,16.99
4598,1.0
41495,10.04
231298,14.99
225841,29.65
237907,8.79
200623,12.95
22492,11.64
250020,19.99
293731,23.99
54612,14.29
143146,21.98
269611,2.59
72992,53.99
151254,11.99
59910,4.735
242897,13.59
167651,4.98
16854,56.325
165095,69.95
274808,1.55
237665,122.98
140747,11.42
139396,58.99
271463,7.59
129629,9.45
182223,9.63
242745,1.64
235794,15.54
138232,4.99
78256,2.99
181511,5.04
127877,144.18
162229,8.57
238331,2.48
203213,26.99
236612,15.75
23630,6.98
222242,24.29
251357,41.72
80004,22.4
33378,1.67
186220,2.79
288076,10.44
298150,38.98
28502,2.59
146754,15.32
129632,29.99
240358,25.99
73570,14.18
22100,24.0
148106,25.29
247515,16.49
150300,1.74
63808,24.99
170042,40.88
177524,3.39
137272,53.875
76459,3.39
111085,1.37
226204,42.7
10425,15.81
42572,4.785
148349,56.01
43774,1.92
156135,3.52
34614,4.99
126679,59.99
112093,48.99
79960,3.75
60175,13.99
205374,23.99
152238,32.21
244182,9.345
256140,13.98
101110,1.88
51222,20.565
131908,7.96
72373,21.95
17982,44.85
72114,18.715
91505,14.5
14118,1.89
120105,7.45
256199,5.79
138631,14.955
45294,18.97
228035,1.25
135342,4.49
81423,2.12
16934,38.2
18965,1.29
70267,8.79
58806,31.21
101013,9.99
118875,4.93
229996,51.99
14392,37.19
125894,17.99
191192,4.79
73077,15.89
247512,91.38
262660,9.95
96836,9.59
99241,13.105
30777,18.99
59701,14.99
53081,6.99
220783,14.89
37827,20.93
9100,1.98
149066,15.52
232045,6.59
297715,16.99
220601,7.99
280544,30.64
76393,29.99
168637,9.38
126620,18.765
164590,3.09
53738,232.1
155953,19.95
206661,62.93
69258,20.485
132562,26.12
279169,67.98
232120,6.71
96416,25.005
124797,5.109999999999999
59159,9.26
197352,14.16
178536,5.66
283397,6.975
217880,5.28
185824,74.41
11696,99.275
289953,14.49
218013,11.99
236602,14.99
119570,32.55
272070,19.99
215458,9.99
253830,1.49
242598,23.99
14693,14.88
95467,7.744999999999999
91774,9.7
235384,45.58
176818,129.43
185644,2.97
92159,11.985
231287,22.200000000000003
83553,6.0
285901,29.28
205322,19.49
75509,4.9
55466,11.865
179298,2.345
250055,11.91
1866,27.4
20049,64.31
44475,8.89
259118,18.99
273180,38.68
51819,42.0
268076,45.28
273041,9.8
275951,12.495
296338,5.99
8395,2.92
171492,3.375
208684,14.99
46446,12.99
13426,30.99
211014,78.87
198843,2.34
212400,0.72
84723,6.73
165213,30.82
31246,8.64
94973,17.99
137131,62.98
189922,5.355
164161,3.385
289854,11.37
77149,17.86
256398,35.445
261083,14.3
279578,38.575
183147,16.99
142688,35.47
188118,4.74
107637,2.29
253784,35.99
197382,36.47
167201,10.185
57558,44.99
111013,24.97
259441,29.34
257028,26.69
6289,20.99
73046,2.39
31844,15.4
147612,2.49
240733,11.59
141087,3.19
50866,22.49
201064,13.99
295657,12.4
250379,5.105
54705,104.99
174137,33.24
143182,26.98
261377,7.99
24659,49.99
183184,9.95
278218,6.19
51505,28.41
49120,23.265
49833,6.52
31318,8.940000000000001
125151,6.99
291112,9.65
223476,10.96
249658,14.3
128572,219.57
133187,29.335
78194,52.34
36301,26.51
131713,7.99
199582,19.99
284864,9.44
40705,5.08
217701,19.99
273119,25.08
90965,1.0
51635,4.43
134625,37.36
290932,29.99
133680,9.18
102772,1.755
76842,1.96
178171,31.34
288538,8.45
17554,4.04
81133,6.395
244706,1.68
245434,6.484999999999999
74154,10.0
152579,17.95
194213,28.94
17696,34.99
208463,6.99
246861,13.99
122239,10.91
186348,2.935
260222,11.5
224138,2.38
254077,24.03
44716,2.05
284737,3.69
156509,2.79
129673,11.07
140009,9.64
229150,16.915
165502,23.225
28038,19.085
105931,13.665
63631,29.99
231083,13.99
136585,1.38
277443,5.79
241283,8.99
237691,169.675
204521,7.41
204329,16.99
119235,26.79
211571,58.72
149220,2.995
218055,10.515
152332,15.25
177127,4.12
271973,19.99
126191,4.32
208307,18.95
61025,3.84
281945,5.41
249304,14.99
166498,24.66
233738,87.79
46034,5.74
150523,6.59
271730,4.69
148958,86.91
243472,12.92
205764,12.77
149591,24.29
262604,12.835
71329,9.99
197706,36.53
84584,4.92
255041,5.39
245297,61.99
295014,8.16
224202,3.0
4125,4.645
195415,107.94
221635,29.99
256749,44.84
259453,4.89
123808,8.99
51535,18.89
185496,42.65
267846,8.5
138733,19.145
267710,6.235
102671,3.19
219113,23.405
15688,2.585
156717,5.46
65306,20.39
206809,74.98
109815,43.08
39350,7.8
204545,4.97
83777,24.94
60767,6.99
229876,10.55
146677,56.37
241789,19.99
229242,32.245
105922,8.77
14821,6.21
226951,26.95
33863,4.37
109849,16.99
56453,7.49
217786,10.4
135344,7.97
242269,60.95
148546,10.005
154280,2.49
174650,9.23
260,26.94
176302,7.19
286170,65.97
257040,36.11
138423,54.7
187557,26.95
60834,4.99
229938,1.26
291059,16.1
153473,1.245
41629,21.630000000000003
245312,19.69
58685,16.0
39252,2.69
235360,30.37
175280,18.49
82756,50.0
98950,2.34
282184,3.49
293884,107.84
118242,9.99
236646,2.44
120726,25.75
14531,19.39
88787,13.205
262662,25.88
6996,9.05
134970,12.575
81162,29.91
248061,16.0
262859,17.15
53016,32.49
276556,5.4
284416,16.68
152193,32.7
119763,2.38
17012,17.785
274053,1.34
95639,7.890000000000001
293260,1.42
191792,1.33
271859,8.21
67737,6.99
46952,0.97
179574,4.48
119426,14.74
34003,21.5
95562,53.74
142176,27.61
204405,32.0
222321,34.49
266495,35.81
66034,62.84
3999,12.645
88809,17.43
198145,28.05
16298,18.92
199996,15.0
246442,5.09
131967,13.69
132613,14.99
113629,3.98
97050,17.38
139189,1.68
144736,5.59
45886,1.79
121817,41.83
114612,6.99
146613,46.64
272141,13.77
246212,4.745
217566,38.69
171595,2.29
220775,44.99
220320,18.99
12652,9.455
10628,11.48
106456,24.49
38483,41.11
60685,12.99
218160,16.99
83635,5.140000000000001
24533,29.41
6184,1.07
100395,21.99
41771,9.74
26145,5.15
142249,68.14
202127,14.95
70877,12.36
219,2.48
147047,34.81
290129,11.72
113979,12.99
163494,4.945
163557,30.2
106286,17.0
217494,10.99
96477,8.434999999999999
267252,27.485
285379,3.59
31641,3.34
238527,3.97
156216,14.99
172751,3.63
189331,3.86
77287,2.59
210407,94.99
264760,16.99
178740,25.0
238032,28.31
254836,18.85
125920,25.99
137242,34.99
225527,6.285
265771,6.485
52729,21.99
164625,14.58
177510,39.99
283181,20.305
229826,20.49
224843,8.705
75182,7.07
100448,9.48
60794,5.59
267723,1.795
224368,3.14
148337,12.01
280041,61.37
58661,18.99
260750,9.03
238252,39.02
260559,15.75
154445,26.99
234582,21.97
209848,18.99
222942,13.99
237548,26.99
235474,32.84
164029,8.99
297670,2.9850000000000003
167096,3.29
268409,64.97
111957,57.99
118628,34.99
89099,1.37
232399,49.45
36746,21.95
290968,21.175
121069,20.22
85946,81.99
204566,2.88
66851,19.99
1818,42.74
113399,55.99
57425,22.95
122339,10.59
16006,24.99
73393,15.99
199716,4.39
228557,10.54
13620,20.14
121285,6.59
54358,79.99
256132,14.75
67919,4.92
13372,4.585
230286,19.99
152814,22.19
102045,7.995
212352,34.07
253193,7.635
22040,5.99
253783,9.22
264533,13.48
14520,15.49
73814,9.56
71869,27.47
296066,13.1
28320,21.99
228810,19.17
154573,14.99
48356,2.58
50929,6.99
47375,25.465
10665,15.6
69323,13.215
96152,8.91
173667,4.31
75521,1.44
250900,1.0
107849,14.95
245894,6.49
280449,12.78
177215,10.985
257405,28.25
127069,28.12
218077,5.635
173905,45.2
223772,5.275
84640,26.935
172919,3.97
294108,44.28
71246,6.48
230619,2.59
247604,8.99
2375,39.71
27201,17.99
284223,6.2
117013,19.99
173353,0.74
164647,11.3
176243,39.29
177293,69.33
293689,46.77
263198,17.99
132763,22.9
144534,4.49
160475,1.48
240160,11.82
22740,6.48
234464,26.66
66762,54.87
16357,39.605
271271,21.99
8397,7.45
88506,1.415
166084,1.37
81945,44.535
25676,21.22
199557,18.92
20955,36.06
247310,29.99
148514,86.02
33893,24.96
147361,24.42
228756,5.31
184688,9.0
276695,2.84
367,17.96
168389,9.98
140442,2.99
137372,21.49
152747,13.89
139225,3.99
289729,9.14
212475,12.99
271205,24.665
239665,7.49
59385,11.95
61143,2.69
254660,13.47
281914,7.94
224480,5.109999999999999
37593,4.48
212083,13.85
18877,33.5
276416,3.19
210827,24.99
187293,6.93
198,3.79
64670,12.335
107005,4.29
7202,44.34
125246,6.09
180458,6.805
190026,739.99
171035,14.99
289022,5.9350000000000005
287889,14.335
233034,6.77
134261,19.69
26661,14.98
169829,24.99
220344,3.49
134647,43.37
138430,25.55
286285,41.65
39618,20.52
204066,37.67
216984,42.47
30626,2.59
86773,8.235
244382,6.99
268557,31.9
76282,34.58
70221,12.5
194631,2.89
296430,10.49
114386,10.99
127512,16.4
52373,19.99
25700,19.99
3782,28.99
16113,15.99
69670,9.99
69038,34.95
8626,12.99
19078,17.95
43256,138.58
240611,12.99
133903,35.965
224641,71.555
270712,5.54
212765,175.99
39889,6.24
109171,39.44
188366,27.3
129051,83.95
209864,19.99
135402,2.39
51504,19.27
108244,3.89
155279,38.71
214665,21.23
144647,6.69
200754,17.73
249728,19.94
90908,7.995
117320,9.99
240858,16.3
30057,11.39
244847,7.67
271582,51.99
56013,4.415
277662,5.07
151010,9.0
51837,3.44
180621,6.5
289916,44.25
107366,19.99
94636,6.24
19524,64.31
111778,14.9
145075,42.11
286368,1.49
94336,13.76
117474,5.69
200427,19.99
252291,12.69
86131,8.59
24181,6.140000000000001
255045,83.73
167591,25.245
30001,9.29
165724,26.48
193842,12.99
181741,41.995
209547,15.69
173267,11.875
263161,120.74
121858,18.99
38809,17.085
125822,12.4
280628,9.79
200681,10.99
225594,10.13
261042,25.11
136771,9.99
22120,1.49
211106,6.12
34613,8.469999999999999
291232,6.445
43894,1.29
102320,49.53
175359,16.99
19837,8.205
110470,9.99
205479,5.03
204077,14.94
299164,9.33
209570,69.99
116998,46.745000000000005
104314,2.48
16217,3.34
14529,5.07
56489,45.3
43632,23.49
64497,49.99
71731,17.28
68498,16.99
26051,21.97
278448,14.9
289952,12.35
192982,3.555
204555,9.95
10692,7.99
260153,11.23
163286,17.23
224463,15.99
297569,9.5
193935,35.74
136137,8.38
93419,9.6
50915,6.29
195857,66.09
215323,18.97
162757,50.11
165822,68.0
170776,49.99
196619,52.92
208916,22.95
280370,3.89
40049,12.99
4985,28.99
3793,154.33
185474,8.975000000000001
251911,3.49
204735,22.48
256571,6.72
159225,17.884999999999998
184822,24.47
284526,12.99
8339,23.45
4332,9.075
273102,6.24
147413,18.55
291048,14.99
174034,39.95
62057,10.99
132088,78.18
272286,36.99
165747,26.48
137164,15.99
25543,11.67
240574,24.99
60973,62.9
182743,5.85
46384,21.99
32899,62.035
131499,41.0
78431,5.655
268363,37.8
276984,21.98
176595,0.88
149547,38.92
181970,17.47
41338,4.31
991,3.89
204544,4.97
138472,19.95
66747,45.98
98007,7.575
267270,11.99
163592,10.3
66827,10.99
256027,4.19
216941,22.6
229585,9.99
114696,12.99
81172,86.78
247613,14.98
224645,33.18
69651,6.49
82568,11.99
19940,19.6
248516,30.945
167391,19.99
126341,9.73
120701,50.16
201592,61.4
208969,24.95
147376,35.47
237440,23.99
294540,5.41
256658,4.69
148598,76.44
99907,35.88
78200,19.79
10656,7.11
65523,15.95
119033,14.99
6372,7.98
247872,2.59
78280,21.77
161985,120.88
147132,42.09
286864,13.89
49682,6.79
112632,17.02
10738,11.45
160857,5.49
280580,28.655
241142,6.25
196446,54.65
143904,42.74
274754,2.19
276167,1.26
193871,7.87
128591,202.78
257921,2.38
249165,9.76
286952,10.5
174230,21.635
106467,15.89
170368,5.49
185742,16.99
137493,20.915
179622,15.95
34199,5.24
111401,7.99
296365,4.49
22050,10.93
272738,4.49
36961,118.69
250919,5.49
104059,3.99
82290,5.26
203286,18.99
175565,28.67
234993,84.95
127533,21.65
292605,5.0200000000000005
103286,16.33
48846,13.085
28119,8.935
149734,77.04
39000,15.6
167739,17.49
79865,6.09
19686,3.99
195462,57.47
108665,49.57
75536,1.84
198928,5.35
81531,11.53
215851,9.44
35978,4.39
71475,53.235
65652,34.99
69799,6.99
36965,28.25
277289,19.99
124651,46.0
295635,10.72
272708,77.09
276219,173.095
79363,21.435
252802,30.21
106465,43.16
155723,3.49
208919,163.99
65189,32.99
271092,10.25
151720,4.63
6256,28.675
118255,12.98
268778,25.95
206495,19.99
196377,48.56
62665,49.99
84138,8.49
121075,71.2
124577,22.99
291621,4.93
29750,6.75
279794,27.46
73628,23.99
50903,10.5
279278,24.99
220182,1.99
66142,24.99
223478,47.0
24861,11.98
152396,29.97
242943,31.99
40351,9.455
285864,22.965
208346,50.92
85385,4.025
65956,27.45
271394,12.085
104424,23.51
40120,1.96
190257,18.99
224069,3.92
69966,31.99
230832,2.19
200969,4.89
17431,10.96
99065,13.99
95248,7.79
68893,51.99
115962,9.79
295829,72.49
108170,11.32
290081,16.89
176400,6.99
59996,7.97
281618,3.495
60689,34.95
81882,60.99
159392,21.99
181011,13.535
150879,13.73
22760,23.5
36750,26.44
285609,7.79
210272,11.99
106504,16.99
131121,16.89
64006,11.98
73710,1.83
49063,3.99
217490,32.35
50218,19.69
103454,14.98
96697,46.84
55476,16.95
291311,14.99
198068,3.48
95069,15.92
137064,53.25
124464,0.98
28193,76.44
24096,6.59
20718,64.31
143052,18.98
96615,1.99
204338,16.99
280129,7.285
260046,47.55
79107,3.22
87874,53.09
282874,3.99
116761,10.99
86461,1.99
93447,10.84
242751,5.98
91445,13.18
199134,5.0
113241,37.49
102450,7.99
41316,4.825
261666,16.49
258156,8.99
148611,24.42
232308,4.69
183349,9.505
73063,2.49
235626,22.78
216801,39.99
54441,11.99
181003,12.93
77651,7.49
283594,4.49
283259,11.99
223771,15.425
118099,139.96
196143,119.04
56345,58.99
195170,77.49
87039,3.12
210066,16.98
188770,5.855
261108,5.745
143560,39.71
153894,1.16
229265,5.6
61491,12.965
153529,3.38
119748,9.99
271657,16.49
80232,49.99
3116,22.99
167544,34.39
9208,18.99
267343,7.7
233519,15.0
97595,7.47
145116,50.58
200151,128.49
75585,4.29
66988,12.49
5022,46.75
80539,4.99
13235,29.98
184590,16.97
9459,3.28
125608,7.09
152624,13.175
171949,13.43
157246,101.08
149,7.24
231744,5.99
139385,3.345
251213,3.39
278142,1.165
223728,6.87
34324,105.87
31931,4.72
142871,29.41
22017,49.99
38240,6.04
230717,42.790000000000006
29043,4.0600000000000005
99455,12.5
117962,29.87
289573,8.19
207338,10.115
233184,118.44
224557,12.06
199844,1.34
212277,15.74
193140,39.99
269350,5.11
90955,3.0
230121,1.705
266442,6.26
75914,6.3
261886,16.95
166868,1.67
279487,9.99
216696,6.6850000000000005
105083,25.95
292865,1.75
59756,89.99
170067,9.985
77477,7.99
77111,10.57
206714,13.24
96062,7.885
58044,31.17
218341,31.99
95147,11.695
297727,8.99
147306,20.27
104999,21.2
94883,110.0
261282,21.74
41810,44.375
169094,2.38
35069,3.18
32724,3.97
31471,14.535
194720,9.27
107635,29.0
124263,6.095
228256,6.635
165588,2.975
150430,44.98
88680,2.84
935,20.88
32977,33.54
19559,72.93
168610,3.97
242063,38.27
273339,25.49
218608,37.6
28844,52.395
205980,5.49
93101,7.939999999999999
9585,11.75
75160,11.99
86504,28.78
68270,120.99
218963,29.99
121258,7.145
100665,7.31
243841,48.49
154744,18.435
187359,1.59
137889,11.98
226490,19.83
8269,3.68
293069,9.5
92287,26.99
66708,12.29
65894,24.99
128683,1.455
158603,16.09
153918,3.92
9393,11.99
250238,11.49
124284,13.98
227774,13.98
204462,4.79
19527,33.5
83296,4.26
238899,12.98
2955,6.99
102835,139.0
62490,27.51
255603,0.64
172944,6.49
43276,29.99
13447,28.48
254731,15.62
6362,18.29
228548,36.58
216360,9.49
255121,4.74
210676,3.05
247762,35.74
287058,3.86
225291,45.47
245049,24.99
89197,6.92
275684,69.0
82017,11.05
157556,226.725
267783,4.135
115216,9.21
216471,9.99
55816,30.99
100562,32.41
275944,9.51
276591,11.85
101011,9.34
191934,4.635
180712,6.720000000000001
55831,9.95
57835,29.95
232733,16.95
191137,23.99
27334,5.99
152371,28.23
128520,14.95
170094,6.125
133775,28.18
205652,14.99
6409,6.84
102046,10.44
49221,2.69
41817,11.995
37326,14.99
135089,7.05
299004,11.28
109719,11.61
9553,8.4
140139,19.985
287030,9.48
51152,234.99
171818,18.19
145055,72.8
263346,58.99
229752,9.99
142597,97.46
152391,27.25
250075,5.7
111419,6.49
284443,7.140000000000001
163752,11.99
256868,8.98
193495,155.98
141344,195.0
89047,8.62
8443,16.5
225101,1.79
115709,13.99
229706,129.99
6048,11.44
154477,43.03
104009,4.24
84865,9.575
107448,2.69
285871,7.34
89517,7.085
91963,28.93
269718,13.32
67128,19.95
45870,3.43
150178,15.09
296042,14.19
152417,18.64
270725,21.99
215842,24.99
263911,8.805
46019,2.99
19467,26.14
281281,24.945
206818,74.98
129164,15.0
194964,13.99
169521,2.51
272133,2.59
114505,9.49
236787,46.015
81032,4.04
297656,26.49
230879,64.22
71254,14.99
68005,185.79
52866,9.99
285742,11.95
189585,46.9
253152,4.795
2570,50.58
204985,31.97
143312,49.8
149614,45.99
55536,18.95
10444,12.95
263602,36.76
110087,2.29
26174,5.24
198065,19.6
59759,77.405
30170,4.49
130039,40.74
77595,25.9
195249,55.71
53294,7.74
266321,36.0
134256,16.95
252126,20.83
286817,98.99
271682,8.86
2207,34.5
171062,16.54
272966,1.415
216693,6.735
63112,6.68
224568,59.99
107995,34.81
264265,18.22
250352,25.99
230542,24.28
122694,19.79
143703,24.42
295332,48.6
172004,67.32
143900,30.01
30675,4.99
38064,5.99
268627,5.96
107287,14.95
72989,35.98
174680,3.375
94842,2.8550000000000004
211439,48.37
68158,114.0
31635,15.18
28289,24.46
142801,18.47
91981,10.11
46317,67.99
13148,31.49
133924,21.485
233879,13.97
141349,9.99
134580,21.99
154627,10.29
122348,30.07
32327,34.15
224633,18.37
92707,8.93
198591,3.99
160408,12.55
122256,151.88
165789,28.335
109534,26.34
169622,8.99
6422,9.355
44986,10.29
55537,75.475
114152,13.45
212756,3.84
5193,97.555
111806,1.935
75393,3.5
122704,26.75
261564,23.99
69917,4.885
227226,18.94
276413,12.5
149230,5.33
33671,10.935
141265,28.01
161874,118.41
264114,149.99
243947,10.09
15121,14.99
249568,8.78
40146,11.87
298357,4.69
208883,12.99
239359,33.33
44066,9.29
126694,34.8
181169,38.32
110291,38.99
25768,24.99
255671,2.59
187568,25.065
9080,49.99
287438,3.79
238076,25.39
6799,15.0
30885,7.79
171590,5.97
219807,54.65
251795,24.28
152650,6.99
209950,19.88
29450,10.03
190970,7.56
29318,1.98
269252,41.0
136023,3.29
136938,26.11
2212,50.58
80060,5.9350000000000005
52771,71.99
175754,81.99
125779,11.99
57346,10.74
118556,23.07
202905,12.99
59897,17.99
206517,52.98
94039,24.98
187058,9.96
287167,14.415
127279,30.96
246508,17.155
203548,12.99
220853,18.9
23691,9.99
66703,37.805
4557,128.44
53302,9.99
151461,4.145
234575,19.97
926,5.29
277111,2.33
259661,2.97
15841,5.735
247970,27.98
173429,75.51
279401,10.63
247978,69.98
280847,10.0
242913,4.99
95367,46.09
81513,4.12
91870,29.96
273888,12.87
12899,22.99
284359,8.45
226763,12.95
29900,2.69
275670,3.17
95056,1.555
854,9.1
104962,7.95
45324,5.785
62334,45.67
59204,32.97
134714,41.87
74859,20.25
116791,5.99
192953,19.99
10654,11.5
121551,8.5
94788,11.54
273741,26.71
259529,8.69
25753,6.5
92824,24.515
121452,9.98
7419,10.95
225665,20.49
208751,13.99
37490,14.52
55355,14.95
289040,21.36
122820,19.95
15119,39.99
121408,5.6850000000000005
59292,5.09
63461,24.4
95760,4.890000000000001
2037,141.62
4058,26.99
94966,4.99
117143,10.72
54151,23.96
181165,36.72
72141,38.71
198131,43.0
195919,86.57
285798,26.11
239155,13.99
207699,3.19
270479,38.98
18042,52.41
184067,3.79
292160,22.79
152234,27.61
156955,179.73
140001,21.39
116899,22.745
6914,28.69
63307,10.98
28458,1.99
190500,44.99
245182,19.99
66011,19.95
282911,2.035
40858,15.63
5466,17.835
138404,54.7
272423,19.99
40455,49.32
162320,13.0
237081,6.99
186320,5.550000000000001
168293,4.78
83590,18.99
48739,5.74
152707,21.555
269487,56.83
234282,7.99
280879,11.39
54259,13.15
236108,15.97
285637,2.08
192244,24.99
157979,12.15
101944,7.44
171045,15.885000000000002
46382,16.29
163958,4.6
134763,15.39
13336,9.99
140093,4.48
42494,2.99
231014,17.555
9108,29.99
76692,3.99
95922,1.985
115089,10.99
68315,19.25
197890,51.99
105088,25.95
77324,3.99
288828,30.29
250298,32.98
34081,5.24
21828,19.11
288697,7.55
232371,48.06
45364,8.55
104046,14.18
11861,3.285
130133,12.02
100032,1.29
10235,15.99
280102,13.06
269247,2.49
292634,14.99
157113,178.82
259505,78.93
207608,11.98
6017,22.61
112532,52.85
224754,9.99
280080,15.28
133753,19.99
130160,24.0
119291,40.99
108105,10.49
41610,16.99
104583,6.98
241313,30.97
111325,4.99
133419,80.33
166249,191.18
247599,32.95
19037,21.05
60311,3.715
125475,29.98
31249,11.99
33010,7.28
32385,7.98
250431,6.94
95294,2.48
192245,13.69
37453,1.48
259433,34.99
73792,3.795
282699,4.89
115560,17.99
165019,19.95
168712,40.2
78681,10.99
2163,46.64
123410,59.99
102443,13.99
276268,40.59
228951,7.95
3661,12.095
65304,15.9
129641,13.73
35697,22.32
22578,10.29
115169,10.0
143027,29.95
181113,4.96
289896,14.475
252133,7.79
55199,79.58
173002,28.7
7751,7.24
47491,38.0
175423,9.19
173913,9.89
246186,22.99
93823,2.745
230506,49.99
73115,9.475
180277,4.95
261622,37.84
130082,39.775000000000006
61077,14.49
281185,9.89
267997,34.99
101333,239.38
264479,7.245
165145,7.99
134575,32.4
16414,1.83
16634,10.69
12829,16.755000000000003
214670,10.44
76374,105.0
68112,8.49
278774,7.0
252205,2.52
260809,4.055
270496,3.59
298452,18.965
48259,13.829999999999998
244139,14.95
35613,46.05
140006,2.59
13482,8.14
215194,14.3
92206,3.745
146038,126.3
2727,15.59
159400,11.49
19753,19.6
30909,2.48
264398,44.99
200364,5.09
196426,130.86
105883,20.575
41959,4.365
44979,13.99
294562,7.0600000000000005
42003,14.495
68544,21.99
88436,123.29
101936,10.49
142552,18.13
214612,5.38
168108,10.35
290253,13.79
34916,3.99
57468,19.99
69839,34.99
62799,18.0
296098,5.43
145825,20.675
172493,32.96
249630,43.3
30719,14.99
230514,7.99
204273,10.48
212063,0.13
278869,17.92
80113,11.895
297662,2.34
174912,3.48
1721,51.77
187961,9.96
280649,9.99
39973,10.585
281885,1.49
31944,22.99
123783,24.745
119263,22.36
54657,2.5
244926,24.99
25275,47.85
267027,56.47
143384,12.1
108209,29.8
199983,16.99
165440,9.0
287337,4.99
84046,6.12
162453,21.47
277981,9.39
96685,3.47
245202,16.99
125131,19.69
170668,5.89
42025,10.03
82955,15.29
196162,44.2
226152,39.99
86246,16.85
230570,4.49
204439,39.14
240915,29.95
247672,7.92
261584,6.640000000000001
45528,14.69
296685,9.505
23200,4.29
184803,1.99
271497,15.835
262653,17.99
152028,19.21
53511,33.99
272788,6.565
275358,10.49
10879,14.97
41785,2.495
289025,17.49
25246,18.99
11315,12.15
2179,67.78
216634,64.99
221314,30.99
84197,5.79
36532,3.985
109932,9.99
262009,36.19
97290,4.99
193352,12.82
84211,64.98
24591,24.99
192696,14.34
79304,38.395
230266,3.64
138658,16.15
72377,21.99
232458,10.97
136593,3.97
112056,32.34
178384,27.06
258250,32.98
265011,36.58
74378,10.0
66960,9.35
240458,41.49
112219,5.815
90921,3.0
62080,5.38
214622,10.98
102457,21.95
20251,26.14
152474,32.16
137774,6.95
227019,3.48
161614,6.69
285096,11.45
9680,16.45
291404,23.33
231702,6.45
188565,9.0
257436,12.99
270826,61.99
15134,101.93
202917,32.36
191952,10.0
283542,1.98
297807,2.19
297628,16.85
275351,8.64
38027,9.37
174726,19.05
234977,26.99
87748,2.33
153849,2.415
8959,135.68
89285,3.99
165418,2.375
94720,26.99
99326,19.77
269240,19.71
81860,7.9
238639,415.21
130442,34.595
233501,14.99
296630,24.655
52918,20.49
232999,20.95
289402,5.125
102774,24.99
54629,74.95
64330,17.99
230081,57.92
15110,12.95
16299,14.95
150499,39.99
184120,7.99
147062,20.08
172465,5.7
62204,13.15
37090,44.99
58206,5.47
250975,25.65
192314,53.99
20753,54.27
197074,7.96
37285,17.58
159099,1.89
172911,18.0
169110,10.635
165174,46.99
88182,9.99
119857,5.75
121689,20.985
290661,13.79
287094,39.49
223504,5.48
25833,23.99
90465,3.785
131728,6.31
66849,35.99
20498,20.87
53321,19.95
67268,19.99
157430,98.55
6915,11.99
223028,6.99
290408,15.785
227345,7.14
162904,12.27
280610,5.12
287110,25.79
293219,7.99
155353,14.99
205024,4.955
276412,3.24
241597,6.79
28528,13.96
133390,164.99
128133,5.99
28826,68.99
141451,20.99
160242,36.625
223839,10.79
2889,51.33
222138,25.54
255647,3.64
170206,8.95
19514,64.31
232620,12.99
212227,81.76
221294,29.97
248642,32.98
105752,3.19
147980,51.54
276397,5.99
255555,18.79
224526,24.84
295102,22.095
128815,38.49
10997,25.16
24681,57.01
287748,185.11
258098,17.49
66971,36.0
294994,1.94
115452,10.32
137976,14.95
142759,34.5
32907,53.44
211355,12.5
151799,58.05
22898,3.62
164080,32.22
7204,38.38
220525,9.99
104933,8.99
40950,14.71
196409,78.77
156885,134.71
207393,11.99
166123,6.49
268708,25.95
20621,14.99
233690,15.28
239517,33.98
164541,4.84
91879,17.98
222169,31.99
172524,2.12
105700,9.99
212807,72.99
242196,24.905
169448,5.34
226141,5.28
239553,40.0
281074,6.86
110088,18.82
74292,22.74
168773,1.89
137274,2.98
112614,25.88
31684,47.44
267935,5.99
144807,18.615
288155,9.95
188323,21.78
23463,43.475
58373,12.99
217383,5.79
241340,10.0
10287,26.49
161041,93.86
211362,14.99
234159,2.49
136773,6.27
101749,26.44
280116,7.29
59976,13.81
199798,3.69
119512,16.44
206227,20.5
271843,12.99
262733,25.79
252153,1.79
196522,49.21
128832,39.9
71755,30.38
213347,14.99
199814,3.745
20651,19.6
33402,8.06
109757,11.41
279076,22.37
150451,5.59
100517,13.66
248335,45.24
247639,79.99
84250,3.99
176269,9.92
34706,8.705
205865,5.59
203142,1.29
169107,12.565
13043,16.99
274531,9.99
297125,18.24
96830,11.44
43716,15.49
109522,46.91
174986,10.0
232365,55.945
293518,5.58
274804,1.99
266471,31.26
131719,7.48
52241,24.99
266165,40.99
278694,39.32
20911,37.63
124806,5.99
130898,53.99
228414,27.44
256548,17.99
163919,5.69
104312,8.99
148587,26.29
161566,104.41
116257,15.44
67974,13.74
141605,8.89
127274,2.6
27146,39.35
42214,115.49
203951,16.43
13468,10.5
229628,23.77
21272,20.45
148898,50.1
61777,15.0
232584,10.44
43666,30.98
78560,2.3
171505,43.0
294912,2.49
255695,6.855
232925,2.49
222637,27.31
11006,23.99
82628,6.69
214047,197.99
171788,10.36
207268,49.99
253519,8.04
6695,1.99
118036,2.98
105156,22.95
54051,12.95
56136,10.35
167386,5.3100000000000005
289333,4.64
241491,6.12
144943,18.55
173070,22.705
242015,15.99
297196,2.4400000000000004
261926,8.99
114228,12.45
101538,52.99
212999,8.95
285242,36.26
2603,67.78
49035,11.78
52523,10.0
181447,6.49
40137,9.0
569,15.24
74897,17.99
36784,42.0
28030,8.24
261613,19.99
128361,7.65
208797,16.99
255460,8.690000000000001
208069,8.21
163173,26.72
291884,14.99
252861,4.49
118937,23.99
52145,46.9
94779,4.03
108570,2.69
68325,2.74
224611,34.99
82352,4.49
172707,9.99
97935,17.99
259257,28.99
40203,2.05
23136,7.17
40304,9.99
11814,4.74
141512,30.98
259420,0.985
158773,2.975
128855,19.95
255575,28.24
264011,62.010000000000005
233578,29.99
274885,106.48
38762,10.99
269135,5.275
179841,63.78
118895,8.82
16121,42.74
108110,6.99
144555,1.59
71338,13.0
104055,29.91
226253,17.95
260047,24.19
39872,7.02
292015,5.85
214813,5.95
245544,5.89
235052,9.94
170550,4.99
109106,31.380000000000003
233699,3.89
239574,17.99
180276,32.99
59548,9.2
257754,3.055
292099,11.98
170936,70.13999999999999
58051,17.31
91846,174.065
250190,31.44
120520,5.0
136992,8.76
275726,8.5
113312,10.99
259029,20.98
18801,33.5
218830,3.88
87329,29.28
159586,3.055
276324,13.86
114537,5.49
204206,4.29
57481,9.99
62053,21.52
291678,14.965
3616,7.19
266543,116.05
48265,52.49
15283,14.675
130759,6.99
50953,63.96
182843,9.95
90961,19.26
29225,3.48
108098,120.0
34182,4.99
237553,147.01
293010,6.255
257649,24.99
7861,24.99
121388,6.49
77217,27.3
265742,6.01
294625,74.98
195381,28.85
141832,27.95
18280,72.93
55794,5.87
144069,57.7
123998,12.12
262448,2.535
151643,14.41
61912,39.98
109563,2.145
171898,15.080000000000002
290419,3.94
221551,2.78
185107,5.405
163863,25.86
128638,137.72
299263,1.12
23146,35.435
174815,10.95
133873,13.03
137826,5.99
94647,2.37
15452,25.99
188390,19.99
119189,24.99
145527,59.2
207392,32.54
30148,50.99
143347,20.55
141648,12.99
41258,25.99
4374,25.35
110014,2.035
26498,3.79
168009,9.76
177341,14.49
117006,9.99
273300,7.0
135248,6.67
58970,4.795
88895,3.405
61135,41.99
27671,2.64
26096,29.68
269377,9.99
298737,9.99
202822,46.91
24089,18.99
100288,6.665
225658,54.98
31149,7.84
280504,56.01
274603,14.1
58903,23.005000000000003
247130,12.99
67721,53.99
214563,11.49
206048,4.99
199021,7.21
31179,2.49
67063,24.700000000000003
250897,11.99
96578,9.88
146747,72.8
128038,29.99
145830,80.2
63098,26.99
104184,56.17
196912,14.49
205208,19.99
106180,24.99
124140,13.85
219456,39.99
59275,7.12
54763,4.19
45237,51.47
96301,19.99
221540,34.82
42834,8.98
93331,8.005
77742,3.54
175184,19.0
194548,29.48
50227,20.99
149835,72.8
290299,5.19
276284,3.99
41432,7.3
135412,4.99
88987,20.39
191519,7.87
57819,21.0
38163,6.105
143444,21.355
142328,39.71
58078,20.17
223351,16.72
213420,24.88
170117,4.99
249594,7.545
278824,6.79
113503,27.17
143173,5.27
144377,42.11
50325,7.16
120485,13.95
231554,49.99
144717,4.19
47663,10.14
130336,6.99
39642,6.99
75697,138.59
282404,4.39
147369,27.4
171443,27.19
59349,6.0
157159,88.985
112216,49.84
263711,6.44
19964,26.14
133628,25.99
240692,88.49
219391,16.99
282506,2.59
60050,25.4
28857,31.345
45043,3.69
174666,10.485
40804,15.88
75755,40.47
68623,5.49
26752,5.39
234755,13.99
270112,9.675
193213,24.99
72943,24.95
183355,9.44
245366,6.49
273073,93.24
109476,16.96
43786,31.85
5153,83.74
214550,1.98
149313,3.39
295384,19.99
166796,18.0
252188,20.635
232900,26.69
294249,3.6
60557,4.95
281013,19.09
192883,7.99
80463,1.49
59437,27.99
256921,7.965
56817,7.05
244083,29.945
39359,12.395
229357,16.25
229225,6.99
100941,38.99
89106,0.99
183773,7.07
224755,59.79
279556,49.55
83071,10.02
59648,30.31
64255,172.0
166422,23.8
16797,2.845
235738,21.45
58750,18.99
184840,19.61
26724,5.99
132399,14.58
164497,15.0
254685,10.39
162430,9.49
181295,25.99
113975,49.99
127810,22.99
74467,5.055
168562,7.93
186945,4.575
89774,1.34
206371,31.99
54590,21.93
236182,81.98
141784,7.314999999999999
132073,36.435
133769,12.735
19550,64.31
13243,15.9
74928,13.935
111484,16.65
40053,8.99
25688,9.99
20746,72.93
38053,5.8100000000000005
52048,38.99
101591,3.79
127290,21.09
52800,11.91
156876,147.32
193683,40.0
186630,32.74
22629,15.99
200602,19.01
259699,7.61
171270,3.855
198517,26.89
109262,21.95
12692,5.99
236540,24.99
216017,33.6
266692,15.0
230665,8.99
63082,7.76
219226,2.48
104580,14.965
152673,2.33
36329,9.98
75220,2.18
114219,11.965
176997,9.505
162242,7.99
275573,30.955
87478,16.89
250019,17.45
4873,6.5
20973,50.19
122269,68.79
229226,17.99
105791,34.02
86303,48.05
493,7.49
153796,24.47
186818,4.99
16636,4.970000000000001
98571,3.48
154550,3.98
180198,9.0
247022,8.99
31889,6.96
154201,9.95
179624,13.89
128172,34.99
292873,14.195
103,20.24
158098,125.34
216051,32.95
72536,13.245
282400,57.67
35421,37.8
23102,4.69
232945,69.99
154051,4.46
54141,12.88
135355,15.77
64391,6.005
56984,10.985
166152,98.48
220340,9.85
233219,35.855000000000004
288597,8.72
14631,9.98
67550,7.705
37935,4.145
173968,30.1
220584,19.48
145607,49.325
19809,16.82
87241,23.92
24477,9.75
11151,5.75
115165,29.24
94027,13.97
170238,5.99
43941,12.99
188363,303.56
60439,48.99
117645,25.99
263774,15.24
295272,7.53
260842,50.99
78918,2.85
83181,15.49
278584,2.98
202077,14.99
261562,57.63
264172,16.98
263061,170.22
240679,43.06
197155,1.08
119175,26.98
8596,21.99
55494,11.58
287208,6.09
28065,19.95
117530,8.25
137122,71.04
171010,1.87
39094,70.88
119213,32.0
293912,1.96
280251,11.52
274118,17.485
239405,49.99
17443,4.98
133377,13.48
209998,66.16
101782,23.09
46430,7.95
109209,84.95
77719,4.97
155128,35.0
44160,5.14
82384,61.21
209351,34.97
272617,9.495
244267,18.28
188473,19.23
288559,22.95
279442,13.295
274145,49.99
170261,9.9
245733,72.89
251456,39.05
261621,43.99
71464,21.95
68353,10.99
199349,27.045
229217,10.0
140096,2.99
222813,81.49
288512,13.98
158109,16.195
988,5.29
292912,1.23
243387,9.59
269924,21.66
280807,10.12
180511,31.11
129232,44.99
234298,12.99
59588,20.87
160432,1.34
95612,1.74
214758,8.48
70476,11.49
68646,43.93
296706,10.015
122518,32.99
140573,3.2
27800,3.68
207253,47.99
59957,26.49
24795,24.99
155440,4.48
109680,51.99
1994,24.42
250796,12.96
188713,38.99
260695,6.76
224750,8.49
176654,5.13
203942,16.43
187935,4.99
289905,10.35
69913,45.975
52144,4.97
38511,2.905
216212,6.325
129577,59.99
149901,3.99
237755,39.54
128468,95.88
215986,7.86
250945,22.08
276084,3.99
184495,17.07
25718,6.58
129783,94.89
254088,33.74
17375,9.925
246269,29.99
189861,14.445
296804,34.99
200682,35.86
156067,10.83
12016,9.99
47420,2.52
74908,18.99
6090,29.99
234003,71.5
51381,26.48
137710,3.8
86955,7.459999999999999
174665,2.24
199331,12.575
209684,24.9
206702,12.0
48234,14.99
271692,1.89
92430,5.37
142649,51.77
293285,5.29
184863,12.49
204857,59.99
258697,21.95
8233,5.890000000000001
255594,30.99
201633,9.99
41439,2.6100000000000003
249624,5.445
87733,39.99
103677,17.29
84338,5.16
98319,4.09
283081,20.12
235539,18.99
141176,6.81
163842,5.29
108365,23.99
73677,18.63
205271,17.99
177008,74.95
49864,26.88
181683,37.615
970,43.835
111852,10.785
231074,15.8
254857,9.73
28010,4.890000000000001
273647,21.23
239570,12.92
241692,18.95
21519,9.89
252751,8.99
5248,30.520000000000003
126710,14.5
5758,3.29
285114,6.41
215210,11.98
18329,19.12
40891,9.88
54903,25.125
206566,11.49
274809,1.19
264732,14.29
150758,17.689999999999998
162605,4.55
31279,16.37
52548,12.99
153790,2.99
9410,2.7350000000000003
214623,6.74
200494,121.48
145275,57.63
116793,12.265
25440,27.59
24712,24.99
5500,7.08
142423,97.46
5095,42.74
142542,141.62
116204,31.97
46535,6.69
120651,12.9
26698,9.86
18609,2.79
96080,12.89
145363,9.23
155060,10.49
111995,8.38
1305,7.95
233541,60.48
29811,12.89
239262,3.98
275034,20.85
12664,17.48
199358,9.21
256603,9.495
118143,98.33
242508,12.69
251730,91.32
250413,12.9
85254,16.745
170800,3.49
214254,26.98
68982,13.59
98363,11.99
254183,5.91
197526,30.15
48403,14.64
69278,7.14
25717,79.495
41895,37.98
79018,8.48
64886,9.99
230626,3.99
23797,4.49
182379,13.63
94466,25.99
184543,11.49
34570,25.0
106392,35.730000000000004
227515,19.42
279299,34.34
140535,4.74
182673,2.25
152323,29.97
247339,52.41
115669,5.96
135498,56.5
196996,35.4
80754,12.99
67164,7.99
154545,3.99
227312,98.87
223983,28.3
242035,38.27
248041,72.98
169579,5.4
158609,9.15
249525,3.45
275418,43.81
131944,18.19
187062,3.69
182870,3.855
110608,43.995000000000005
237604,10.76
240663,12.99
167771,25.055
270117,13.96
150722,10.0
120192,25.99
288896,22.82
229471,14.53
49800,4.99
105966,12.99
159922,14.855
258139,44.99
281851,4.49
200351,8.5
230771,32.97
96815,13.95
233237,39.99
25017,116.605
81607,9.44
264008,28.48
298803,43.49
218871,29.99
184558,38.8
131339,22.995
82921,6.14
207810,36.41
44493,22.99
69643,6.235
140038,9.99
25716,14.98
139966,3.4400000000000004
206963,32.76
244941,11.315
37233,1.69
111413,61.99
286336,9.62
136274,5.88
6213,64.43
102649,9.03
195486,47.25
191759,13.169999999999998
167962,7.24
141663,14.97
263317,7.99
231346,149.99
183114,28.5
89955,10.71
155742,9.315
222367,12.88
82254,4.255
286021,13.21
161541,84.345
166400,3.99
172273,3.48
165599,7.615
234200,9.18
71689,59.95
36038,12.95
206421,29.0
266312,7.99
141460,16.69
90430,33.86
98562,11.0
10523,7.92
238953,32.95
169494,0.99
211443,12.77
169374,15.0
36314,2.58
94736,21.11
29855,28.78
167552,15.98
223999,12.99
67341,9.93
232096,13.76
1009,21.05
117029,30.69
262944,3.255
153949,4.66
158327,19.99
11635,1.68
250841,57.69
508,24.5
157409,2.68
70844,4.65
98483,10.91
240722,21.495
229152,19.99
225695,16.5
262198,136.09
296959,41.68
115122,9.34
38489,34.27
250659,9.59
102069,39.36
161786,165.01
168843,2.7300000000000004
298949,1.74
282810,9.94
234058,12.45
292448,3.39
152082,45.04
33739,15.91
51830,1.69
131284,12.99
71765,10.67
269665,15.32
98616,14.38
133199,15.94
219533,6.99
159917,6.24
32282,3.74
78702,14.99
200055,10.76
50129,25.95
18247,44.85
181957,41.99
216302,7.93
44217,26.19
397,11.39
46706,10.0
213460,19.44
158931,14.7
111542,13.24
237690,44.995000000000005
58495,8.69
214246,16.99
160030,18.24
78210,19.06
46365,10.99
291947,3.74
263261,3.87
29038,7.19
70771,24.14
295963,9.07
18722,37.63
187454,4.390000000000001
163263,44.99
147189,21.99
169626,1.64
174205,26.48
61230,24.23
242874,20.98
36755,3.99
25882,4.19
20017,19.6
256437,9.945
21648,12.99
99075,3.49
76266,8.25
110671,10.99
274096,6.41
230058,15.28
213860,23.55
242756,18.99
97700,18.99
186432,16.0
39180,18.64
201308,9.67
233087,41.39
238226,11.98
71879,4.97
176294,6.47
124671,9.99
9083,44.99
100867,31.99
41826,30.19
92336,148.85
171704,2.59
62381,4.99
220738,133.5
1037,14.99
52956,36.45
84889,17.49
205082,38.99
155941,6.49
73951,51.49
91835,9.86
145228,17.97
215392,19.97
225430,11.49
22714,11.29
91213,13.99
288158,6.985
139768,8.36
128033,14.29
148315,51.54
6233,49.17
51737,6.99
56519,9.99
48872,8.37
63773,12.99
104468,20.365
197774,57.21
278285,3.99
121114,24.99
24165,3.58
126840,29.95
113879,22.7
139165,4.29
294770,4.79
85618,5.83
257827,2.9400000000000004
290807,4.39
226926,4.48
88012,20.085
188098,10.41
6360,37.99
262611,50.195
90071,15.99
47443,2.14
211719,90.99
6933,50.0
182151,39.22
158336,2.905
223878,9.9
26295,5.99
228351,19.99
120488,26.99
152902,15.63
35506,33.41
12563,36.49
246835,26.26
110251,16.045
22364,5.0
148393,86.91
241501,14.95
110354,13.66
101935,17.15
118487,5.89
47082,13.99
97652,9.99
186430,14.99
31182,18.56
15972,6.19
22162,21.99
83581,10.15
183559,10.99
236523,75.99
49025,14.64
213014,29.97
123650,35.95
217224,25.99
235025,9.49
58994,5.98
189704,27.5
118975,19.99
250124,13.31
70354,6.19
54602,27.14
109307,12.035
2835,6.88
205627,21.16
46215,10.95
252882,23.34
240938,320.0
185913,2.18
273424,8.35
79178,13.99
17271,2.99
281420,13.16
109334,5.23
83217,8.5
58592,59.95
175244,11.99
159466,8.99
21079,64.31
274978,16.68
175677,23.75
137048,16.99
52193,39.95
37538,7.8
8196,56.51
249314,4.49
249984,35.65
244174,7.985
140589,138.59
136049,7.27
287144,13.89
218643,3.79
230690,14.99
207852,19.99
186515,21.47
101490,4.39
98745,5.31
58412,9.3
25138,16.42
220902,4.69
223553,12.99
238469,22.99
299248,1.38
28158,9.46
184903,25.49
61692,29.94
191468,8.06
298288,1.29
182973,8.64
191079,10.515
210800,9.95
123204,13.99
66980,69.99
59491,3.37
270378,16.57
150183,17.1
279069,2.79
12925,12.69
137909,5.58
166756,11.99
32534,4.98
132307,42.99
96824,5.0
48800,4.485
82061,2.68
128114,4.59
72030,152.83
1900,88.39
62309,17.98
130785,12.0
7343,6.1
1486,35.47
124407,19.99
260332,4.56
141232,9.73
98429,6.49
110055,19.98
266168,41.22
241760,11.99
63274,11.98
294764,3.3150000000000004
32838,13.36
85096,6.99
159657,6.49
151584,8.93
298227,2.54
149306,83.74
234888,12.49
289615,9.83
8190,51.08
212358,43.67
14161,41.99
116460,44.24
159926,15.46
141272,8.62
210596,16.13
222894,1.59
58190,4.325
181237,26.99
264870,15.36
183867,6.44
272586,4.62
98116,9.695
225243,9.86
164794,11.98
159626,7.99
75653,12.66
24773,7.59
36879,35.98
99094,5.89
84765,14.89
165270,1.49
7296,22.99
23410,16.99
245812,12.99
102623,12.84
36531,68.27
145225,56.01
268594,5.71
136359,26.93
245976,35.62
176641,33.6
41700,4.69
188557,6.25
208790,32.49
116272,29.95
280884,8.32
183992,36.99
154167,24.99
75548,12.99
111842,9.99
296135,14.195
149270,50.58
250513,2.77
33128,14.09
293254,9.99
243408,7.295
5611,30.01
49124,5.49
287451,4.79
116202,2.74
260903,33.63
236958,12.98
252067,10.95
134797,10.57
85727,6.84
34433,14.99
120338,20.99
274941,9.945
257411,25.99
110305,7.99
61623,12.99
65499,6.64
223952,2.18
90078,12.5
37759,5.75
123181,22.5
247332,14.99
120039,13.94
184872,12.19
67521,13.83
146577,16.77
233323,6.220000000000001
78953,12.9
94939,23.59
67651,93.875
285160,16.395
259861,43.76
235400,30.37
68177,21.99
195401,50.76
253216,12.21
290437,8.515
137744,2.49
159056,14.97
231849,18.28
37359,11.95
13396,14.99
169074,13.52
113425,27.82
121792,17.78
79412,7.19
29687,10.12
282073,16.99
31927,7.99
182191,2.98
37055,71.99
175408,18.99
244961,50.0
210101,29.99
148494,58.64
22481,21.92
139984,3.64
172739,5.56
2898,3.89
235756,12.28
298626,24.38
102608,13.98
30806,2.33
177941,9.29
155119,10.66
150669,27.0
46569,12.49
132511,11.09
66103,17.625
122008,22.99
157548,127.88
44090,12.395
126722,18.98
103385,10.79
42071,6.06
207876,14.99
265411,3.51
111866,11.8
117362,44.0
110495,3.59
162239,9.38
35942,3.43
193119,2.515
38844,4.01
102969,0.5
15983,3.64
161856,7.640000000000001
288196,68.39
173631,37.49
216209,6.665
14381,7.99
156385,79.51
140463,5.68
283051,23.94
184741,1.99
48153,4.87
121651,9.99
27024,64.75
59995,3.72
11362,13.99
2092,38.92
79537,4.98
161366,3.88
77325,56.99
39002,3.39
246258,13.99
11597,45.99
277442,13.935
197254,25.355
106916,3.3
229974,59.99
134604,38.99
24239,55.0
13647,14.37
140774,24.495
115011,10.99
63597,14.94
156518,4.745
291399,9.99
269323,16.99
226296,92.72
299113,7.04
76171,18.01
228423,12.88
123597,13.99
276807,17.99
45239,19.9
233632,4.49
226440,14.5
290103,6.4
10923,5.395
146578,56.01
154377,35.39
286092,8.58
230911,6.395
107905,1.34
171737,10.98
107365,20.99
12817,7.695
174178,34.99
11187,18.0
228923,16.225
40294,7.854999999999999
29953,6.69
213698,28.415
135800,35.61
4048,24.29
74657,18.99
58394,28.845
53988,33.09
202035,12.99
100184,2.48
253946,12.99
163050,27.7
181467,10.99
24269,12.88
109646,11.99
176953,7.99
73146,11.29
88424,139.35
289557,4.890000000000001
220211,4.24
150511,7.98
52575,17.99
58110,14.04
107259,8.95
161574,153.05
16314,2.69
188846,19.95
123639,7.0
106645,13.99
207404,25.99
122031,20.99
68162,9.99
85911,7.23
172295,42.99
244071,8.98
197453,10.79
206678,1.5
45864,22.24
230923,34.99
22092,14.99
102737,4.54
78162,10.99
60870,8.545
176672,210.0
275303,4.18
220570,1.08
75384,4.24
268103,13.315
53296,16.655
14460,8.97
3731,12.99
138888,2.135
162998,1.48
12531,9.42
67527,19.99
247476,23.49
282717,3.99
267353,6.640000000000001
282622,10.51
207421,31.99
270068,5.095000000000001
275567,14.26
272838,2.285
10262,24.22
230383,16.91
159589,23.735
115596,6.99
183316,38.1
232570,22.75
81693,5.99
216672,48.99
140712,11.06
61078,52.99
261546,42.54
234902,1.37
119782,132.95
81329,1.89
98409,1.89
43480,12.76
288225,59.66
86354,5.91
147900,83.74
236079,5.91
45848,3.5
23724,8.59
29160,32.23
162004,29.99
137573,44.98
174641,21.78
245694,17.814999999999998
15873,27.49
113133,12.99
197269,9.37
237292,19.98
117048,25.15
156162,1.79
106886,27.99
55960,29.99
57460,31.48
2558,56.37
233093,7.355
162694,1.5
8282,75.75
9286,3.54
153720,6.4
94668,4.99
102316,34.75
156554,5.3
140967,12.84
55459,105.65
280262,10.14
210058,65.95
58834,4.89
70690,24.14
54834,13.47
88894,33.32
70402,8.49
117881,33.83
1116,412.61
127119,6.49
281393,3.39
38426,3.335
243703,14.99
14343,34.405
283941,14.62
213612,37.79
245583,24.99
200334,26.39
113997,5.97
223579,16.99
28019,72.465
61883,12.56
280303,35.0
223834,12.99
166957,1.4449999999999998
223394,9.795
241836,13.19
83711,4.99
103492,16.7
279946,4.975
6973,45.0
209823,23.97
147495,7.79
943,20.98
114085,5.22
52932,2.32
12463,9.99
103455,28.49
50633,5.69
129476,99.98
82259,10.29
118306,5.8
117912,9.575
280622,59.74
158906,6.635
146465,51.54
192471,36.75
290271,32.22
248572,9.99
43171,1.23
167757,5.79
249876,16.95
225063,10.98
163519,10.445
6,6.99
167870,13.99
55834,19.39
209428,1.91
60458,8.405000000000001
104272,34.99
186405,20.89
255252,28.49
91527,43.99
77676,7.29
104691,5.49
159101,5.59
121717,2.79
101779,17.99
47224,18.99
257087,26.99
261891,8.98
293599,8.99
95135,16.73
133183,18.49
143789,34.81
33213,18.0
143255,7.49
19100,2.82
51399,29.95
183153,16.98
27247,12.49
6386,11.49
104101,55.99
136407,8.49
202969,27.33
263473,7.97
221824,10.94
35303,75.37
34010,39.98
161181,156.82999999999998
222118,10.96
120459,47.0
129340,9.95
257401,14.475
116515,23.04
21443,41.99
29271,1.97
9190,17.91
82112,5.07
132361,5.1850000000000005
265680,23.99
95888,12.99
290393,14.49
14556,2.08
90575,7.16
194305,16.85
190332,18.1
5038,24.93
71594,5.99
69238,5.92
15721,15.0
290859,66.49
119442,15.09
96811,74.91
127322,17.96
152687,6.4350000000000005
177873,8.69
33408,22.995
510,48.84
149925,56.69
82500,42.95
21129,72.93
23795,25.49
156846,120.8
198271,147.45999999999998
181008,10.0
212806,9.95
82856,1.99
172096,151.245
21900,30.0
202303,2.34
189186,22.99
194466,7.56
257550,34.99
43244,5.0
16018,17.0
111107,27.99
81891,6.795
277616,35.23
203717,14.99
29564,7.37
59197,44.495
17956,37.63
12993,25.95
190438,6.5
138620,17.45
6203,106.98
44395,18.49
157428,164.49
271939,5.49
277558,17.44
211114,41.955
133198,2.3
257855,10.93
177546,23.99
101412,213.58
144485,3.29
221500,33.95
98942,16.4
102953,45.99
113108,40.99
100966,14.96
97242,85.83
251396,28.04
206578,11.99
291074,27.44
115854,17.99
75555,14.99
229842,7.57
257593,9.0
217130,6.345
73476,14.99
192004,3.49
117833,9.98
16937,14.99
234078,14.65
28235,8.864999999999998
253476,15.96
259168,13.29
17009,5.765000000000001
117808,7.99
91681,21.99
13924,24.99
139534,7.68
19319,54.69
25287,10.29
4199,87.99
230908,18.5
21492,3.98
279271,1.34
268809,5.4350000000000005
149644,195.7
182035,4.79
131166,7.4
26663,72.4
297457,29.56
218912,5.99
293957,17.5
100068,25.0
162070,12.0
68632,32.99
167702,26.99
42247,7.33
72413,24.14
287733,7.18
96400,8.22
116728,17.419999999999998
231764,329.0
66711,67.495
165554,16.71
42652,218.49
197730,83.99
137627,31.24
148130,16.98
225257,4.97
13914,18.69
294607,15.99
45769,29.0
13342,17.99
280846,1.79
56640,63.99
86727,20.24
81407,3.49
220586,28.95
160108,3.09
181997,11.99
176099,12.9
259677,2.635
259489,27.0
199476,9.99
92467,9.49
136068,5.98
177575,1.38
228271,35.0
277101,35.9
29154,26.685
26689,3.98
77343,4.43
8756,12.99
239522,19.99
63681,2.4000000000000004
135187,11.99
151802,6.77
87177,2.19
61546,12.445
255827,14.8
260271,19.2
155890,10.8
68272,19.95
19794,26.14
218477,8.0
244121,36.99
178146,5.24
204079,51.99
173624,21.95
165433,2.97
269797,1.58
92329,48.4
138555,13.0
226424,11.99
30520,8.0
210713,21.73
34346,9.59
262446,2.48
183335,6.53
69143,58.13
289263,23.745
57637,52.98
282555,7.99
96306,5.155
277817,5.445
68072,30.96
155566,14.27
264434,6.005000000000001
57975,11.52
257328,17.84
99408,80.99
63637,19.08
27832,3.575
78364,55.09
113621,13.495
5478,18.94
247436,8.0
144471,3.99
21767,17.99
15131,27.94
269646,49.1
39563,8.59
242233,17.335
152661,3.69
84726,17.405
151180,6.99
76786,3.89
238554,5.58
285940,49.66
126465,21.72
62958,20.99
297872,11.49
146220,8.46
138887,1.26
196629,28.94
184619,7.95
278189,1.08
75340,12.12
232395,9.8
213526,6.99
268504,14.489999999999998
138092,42.49
220642,11.0
56466,7.99
294258,4.735
67408,34.99
298860,8.075
24351,13.99
259177,22.99
26072,2.97
99159,4.17
266539,92.31
262895,15.25
271187,39.99
15417,5.99
96163,14.88
168748,1.89
44497,4.99
24327,39.36
152796,5.24
10829,5.48
39334,4.79
161690,133.12
274521,6.475
130924,53.975
123326,15.35
114889,105.95
110995,13.5
191164,185.49
278159,2.0
202624,46.325
212036,82.99
134304,160.0
148774,42.11
259659,9.01
196090,28.85
161328,9.29
206917,15.0
278110,69.26
252559,21.22
121060,16.465
51205,5.745
48795,7.14
145732,88.39
191275,7.27
238001,30.0
199057,19.99
279306,3.945
80830,14.99
98127,19.95
11359,23.29
241469,11.96
179083,132.66
253178,2.89
223037,8.985
142584,15.32
191123,2.28
156280,34.49
68546,10.95
21714,35.98
17780,35.49
261268,39.99
55279,47.99
100818,21.99
173529,96.68
207060,3.505
195332,47.89
207251,4.54
155726,8.29
204540,19.95
10808,97.43
260952,4.76
276768,2.28
34413,75.98
259553,17.44
76088,5.89
248680,29.35
246215,4.425
191992,7.015
278685,5.82
92648,77.98
29498,7.04
183854,5.63
150907,39.99
240786,34.99
63353,12.105
18407,33.5
169463,2.64
188260,39.08
278334,18.97
104213,2.76
65233,11.99
57422,16.99
293524,26.76
278530,5.46
182171,4.39
271267,60.45
205341,87.99
175536,5.98
181785,8.535
60006,21.235
35818,4.390000000000001
35161,8.39
123523,21.16
18597,1.565
203272,10.99
12578,17.48
61423,8.985
120945,34.97
697,8.49
282495,6.145
208352,14.99
18885,16.82
208017,2.94
196044,58.25
28829,26.4
282249,3.74
106865,5.57
280707,18.0
115150,70.47
117675,24.49
2619,26.09
81916,4.72
232375,69.10499999999999
266099,13.99
204365,11.0
270606,2.99
126783,11.08
21214,25.2
12171,22.42
227984,45.99
220765,14.84
171768,50.13
232624,18.04
276313,1.0
208985,63.99
71657,75.57
42844,7.49
270292,13.715
159679,3.34
80731,55.0
34138,37.99
285469,2.46
216460,25.49
137893,3.49
202639,26.99
77483,26.575
233437,47.48
248761,29.95
205340,56.99
165645,5.49
213018,4.98
229385,5.375
178482,2.98
127096,12.66
66040,18.99
7325,16.95
257066,8.99
31227,3.99
214658,5.99
246163,18.5
84632,4.82
273019,7.49
280401,29.99
268947,19.01
225205,28.0
68138,5.695
265155,39.99
139492,57.06
234862,24.745
4613,52.99
71459,21.99
269879,7.13
260433,5.39
145292,38.92
69267,17.9
208306,12.75
254529,69.0
188529,4.75
183495,81.37
266297,12.989999999999998
284278,0.98
161408,4.125
156351,4.99
98791,1.0
66994,9.99
292052,26.165
239734,26.99
174486,7.59
47695,6.56
183905,7.46
50345,5.71
24233,34.54
64858,19.99
221743,6.82
200702,17.99
49030,59.99
152369,11.95
298509,29.5
181320,8.99
11987,35.14
32832,3.58
24927,23.2
164748,52.95
135913,1.99
42414,10.26
285700,6.43
18617,29.47
140954,7.19
154703,3.99
250638,12.975
144311,68.14
147791,17.97
131615,38.57
205011,16.07
80138,23.99
110792,5.95
45501,22.94
125769,14.99
166281,24.99
226107,4.29
233719,19.99
98392,13.99
49163,10.99
211220,19.99
136690,3.055
211580,77.99
241194,19.99
168378,8.92
119445,10.25
41498,3.64
98844,34.99
143281,95.0
138297,5.43
23344,5.085
260284,15.0
148887,20.08
2086,32.2
239068,34.99
11898,21.99
40660,7.1
141223,14.99
151820,1.885
177776,5.99
60910,7.505
76444,8.29
208744,19.99
166681,5.49
127895,65.6
290895,4.824999999999999
72166,8.49
267368,27.97
283733,1.0
275220,8.05
126784,4.25
95186,5.49
153780,17.9
266003,18.75
249905,13.4
72674,8.49
70567,17.25
76669,3.49
200245,7.49
27767,10.69
39020,5.99
70892,9.99
199262,12.98
199222,4.48
246365,6.75
289688,12.97
295177,58.49
10707,8.99
40661,6.2
231177,33.47
5317,18.55
93882,14.17
14403,17.99
59283,30.99
26369,9.225
289129,17.42
185640,2.22
9996,21.99
239325,5.24
202715,74.98
52553,7.515000000000001
212960,13.0
149664,9.0
148447,14.95
102810,20.59
180949,9.03
61413,44.99
267156,11.8
36461,45.0
280522,15.99
160043,3.485
282349,6.09
12960,59.99
166715,2.4400000000000004
294745,16.86
119582,49.5
263208,25.99
216442,51.28
206497,29.98
216858,27.65
141679,15.99
190303,17.99
264735,61.36
299155,37.95
217951,89.97
98888,10.85
217541,30.75
234430,20.7
35522,32.82
51994,182.69
144455,4.77
228591,30.37
258061,2.99
117768,29.88
154070,13.86
4088,88.39
32251,20.99
83079,25.65
50025,10.25
8008,14.59
147943,34.5
241446,3.78
59747,49.71
269122,8.38
115574,7.97
267665,1.84
157078,144.05
70107,8.52
67567,16.39
191875,50.195
30665,4.58
71665,56.99
199046,5.13
258502,32.97
193955,25.47
37651,4.87
10554,21.98
219193,37.95
132940,3.79
109763,85.49
223565,9.245
284129,42.49
87090,15.7
138314,13.99
209634,9.94
265551,20.2
110692,49.95
123651,16.9
120928,32.49
238367,35.0
161852,159.39
53884,17.52
50049,0.98
212220,65.945
10524,22.78
227150,11.99
89502,4.99
135211,12.99
221981,4.52
214061,7.49
248473,15.19
85349,12.29
280293,6.175
106783,2.635
161890,129.57
98795,3.99
140086,16.94
117294,3.29
153824,1.49
226840,6.98
79198,3.98
196942,19.97
50935,382.98
284741,11.75
207337,14.5
252336,2.28
90824,21.16
161021,11.25
150476,8.93
115861,3.89
287234,82.95
62190,36.99
159268,11.99
93228,17.02
273565,21.95
105246,28.99
298701,9.675
93238,12.99
177285,81.89
128662,32.95
144058,46.8
157907,6.735
62978,18.99
137100,11.49
73877,85.42
109451,7.88
23508,41.7
73496,16.99
162731,9.77
57552,63.3
80323,23.175
215454,9.99
93674,8.5
27061,12.585
94928,62.205
169917,55.99
99513,45.19
143657,24.42
196564,45.07
128062,13.89
40773,6.835000000000001
32095,16.89
142431,86.91
129519,13.95
183026,6.29
108711,7.99
246561,37.99
207122,4.29
20333,50.19
179941,24.99
48890,1.89
25776,10.56
122078,22.985
59540,28.0
294579,19.83
146290,2.36
54103,12.99
59989,45.64
251986,8.94
278452,11.31
44182,26.99
166591,12.48
230371,4.38
81050,31.465000000000003
80142,23.49
54308,6.84
287621,8.485
66343,27.1
191712,7.36
282267,6.09
100802,11.99
105598,14.19
4215,29.99
179303,7.45
86172,81.18
43803,2.84
66831,19.99
69045,24.97
235236,49.02
37086,3.14
215619,5.005000000000001
121149,11.99
52724,111.99
154187,28.49
288398,18.19
162759,22.495
263495,10.99
214954,20.88
166102,21.865
117992,32.99
198495,4.99
105378,6.99
48943,22.14
57544,2.455
198315,98.39
289613,37.97
3896,51.07
259155,9.98
179618,21.99
90067,56.405
292598,9.855
93480,14.975
109032,17.24
140741,17.99
85441,33.1
257151,8.99
58434,18.95
215318,5.234999999999999
209228,28.52
246366,32.0
207016,4.08
65859,5.16
49980,8.14
192080,18.245
269972,14.73
103260,10.95
126074,24.0
4824,6.29
265514,35.49
81934,4.49
6691,36.295
51649,5.84
149978,80.86
242667,8.34
95917,17.77
188733,22.84
267218,36.97
50137,9.99
190750,12.245
247765,73.355
68336,32.935
263563,19.75
257680,15.0
22904,4.29
2969,59.99
35043,4.95
218464,74.95
196507,48.53
108516,5.99
77971,41.57
262099,6.5
1249,13.99
35659,5.880000000000001
178952,13.49
289148,23.31
172927,2.12
239751,12.985
100795,12.99
108362,9.5
102254,26.64
109424,29.49
41511,16.99
47702,28.49
143342,17.91
66992,3.495
230757,16.99
280728,11.24
119730,13.08
139261,21.49
269705,11.32
137527,1.72
279842,110.99
104322,21.99
241258,55.99
122921,14.99
146506,57.63
242603,31.33
55196,65.7
24714,10.69
15803,14.44
96869,25.99
121932,7.69
75036,69.97
216885,14.49
236167,62.98
141617,150.93
3119,14.89
102739,9.11
61668,9.36
49188,11.46
254763,5.285
63457,18.94
10171,12.19
91140,33.3
153133,8.99
256864,22.87
138935,9.99
194850,30.69
14519,12.99
156058,16.995
100800,26.99
191422,17.845
239257,21.955
179901,6.885
246564,8.455
108729,13.95
146814,128.44
86082,8.125
37763,9.69
84047,32.36
74083,4.29
203982,9.99
211829,17.99
12479,14.99
87066,24.92
92219,13.36
91290,18.29
132428,8.885
166827,2.27
30694,89.99
52844,42.99
80203,27.28
218027,4.43
129190,12.94
277825,3.135
195514,52.92
266965,17.99
242954,36.12
172948,6.84
30748,3.48
3354,23.82
107860,28.11
258092,15.55
230325,8.18
87192,6.85
161807,130.61
159089,3.29
283567,9.24
70641,32.465
86937,28.93
93951,27.99
34608,1.24
139389,19.94
15089,39.99
89963,34.99
66312,15.98
10058,35.0
88068,21.0
216203,4.99
48131,12.39
114920,46.47
58092,7.99
269486,15.0
167066,27.475
92537,6.42
160686,15.74
200745,19.99
285587,1.785
34826,21.59
71273,5.79
124773,9.99
41979,4.824999999999999
119579,25.11
126896,23.04
17314,42.95
182760,24.19
31538,5.29
107921,29.0
292480,149.99
210612,4.99
64883,3.135
106346,48.98
64290,4.99
277019,9.99
147168,30.01
227183,35.83
57866,18.99
81369,4.12
43833,38.48
184587,12.5
193557,3.54
197724,7.470000000000001
205472,12.49
4234,10.67
163069,32.68
57951,9.83
79383,131.59
186590,4.88
217532,39.99
271028,23.435
17609,14.32
164860,9.41
85974,73.74
204359,16.99
31145,6.32
170506,9.605
42181,16.89
12047,2.88
105630,12.7
156549,3.98
189950,8.24
149026,4.47
160049,75.5
167463,5.390000000000001
195565,92.97
40841,25.99
295205,3.16
259063,21.88
77778,8.56
137200,3.82
270101,0.89
197423,4.49
166381,2.365
149604,56.37
4741,6.34
9067,16.95
40148,2.89
213661,13.98
154548,3.3550000000000004
213061,18.99
244173,10.7
241725,3.29
143076,49.49
25057,2.98
261512,28.04
285594,6.73
148800,31.49
190800,14.99
247769,34.99
273161,16.525
207241,25.29
38367,3.64
230616,45.105
72922,30.625
65566,23.75
238300,42.99
133132,46.99
63132,7.78
260364,6.09
85471,34.95
238475,38.92
192331,18.5
203626,3.98
156004,24.56
73377,35.79
96701,27.99
61083,63.59
214077,36.99
196365,55.28
249218,7.99
184083,33.44
264917,21.5
44795,12.86
75425,14.9
251784,5.88
258809,8.75
135808,15.99
179059,2.74
210816,10.99
153246,11.86
25475,77.96
208446,10.97
26083,2.48
113870,12.99
203609,21.99
207654,11.98
151549,12.49
169458,4.39
148975,41.0
98051,18.99
269047,39.99
65765,43.19
42950,2.1950000000000003
65798,4.925
92536,9.72
206073,20.33
145050,29.36
216174,42.0
53683,3.365
278555,15.7
53165,51.86
226881,5.59
57034,31.99
247733,9.79
29544,13.99
174263,10.1
248921,4.38
223876,3.19
204955,1.97
269348,8.765
143788,39.71
248770,12.78
38193,122.23
169285,1.32
122923,5.745
94094,10.79
57658,3.79
250748,18.89
266799,13.645
118812,22.98
152026,20.45
296678,3.88
136112,18.99
280485,13.13
108825,7.61
176291,62.12
216583,35.95
166937,27.95
296644,9.76
57493,19.59
280198,10.59
117834,13.75
113779,37.99
201153,14.99
34097,20.585
280196,24.345
190298,7.79
86381,30.725
14176,17.09
35239,12.52
222690,14.99
215004,59.99
158461,6.49
14873,9.57
197287,23.0
289582,69.8
205264,38.99
53052,2.98
230736,2.39
194668,2.365
21649,25.99
113745,2.43
98719,40.33
234030,6.13
227733,42.98
43610,3.19
289056,7.49
29801,7.71
291169,5.96
82480,4.22
213864,12.95
217092,65.49
56609,47.88
129791,21.99
81158,32.77
223179,13.49
235586,9.45
225590,12.8
277170,0.4649999999999999
120822,22.95
130625,25.04
170599,58.795
201418,46.09
43281,7.524999999999999
293953,14.69
33702,13.38
31240,14.665
221505,49.52
121555,13.14
110990,1.79
287366,9.99
237781,6.58
160660,32.99
140233,1.63
30450,6.48
237562,17.99
28032,29.97
98279,77.69
70887,5.48
152894,6.99
209578,36.66
284434,3.7
276133,2.86
162658,22.79
191162,81.46
182961,9.3
60029,16.47
21128,28.27
45781,131.76
36137,8.67
196861,36.95
70337,9.99
69088,42.99
216456,23.99
116092,66.22999999999999
227791,679.92
34418,13.49
266523,4.89
34028,7.99
1865,18.47
260873,74.51
24830,29.44
45143,10.0
278129,5.49
41990,19.99
187613,17.99
90163,1.78
298959,5.29
210759,28.95
14179,7.99
68974,102.0
125740,7.39
215321,19.99
172110,8.95
236484,9.99
227534,14.38
263526,21.0
204072,12.99
219041,12.25
240478,12.99
100233,12.98
290635,20.51
70927,56.2
45672,6.99
168597,14.88
118715,13.99
270022,4.98
246989,6.99
146598,86.91
298879,7.9
124314,7.99
225294,30.05
162020,118.57
128465,2.78
215763,26.99
266208,8.9
284736,4.390000000000001
297107,7.34
221279,38.795
173516,3.49
154621,42.99
283475,6.12
124175,46.06
29618,64.99
134836,5.46
39246,20.79
265727,2.99
198116,15.495
97808,21.99
44781,54.95
240742,48.99
217728,5.95
164741,526.575
164593,19.45
248188,35.29
89317,79.99
230523,6.99
220832,4.88
52884,120.175
191291,151.91
92196,4.58
272462,2.735
160219,3.42
297913,20.93
43267,4.53
135972,8.99
288168,28.955
173046,19.99
8542,12.48
67667,42.45
48541,1.29
173972,3.99
195374,96.79
238402,8.94
270544,1.86
33140,29.98
230291,16.6
282157,5.155
11287,23.895
148326,32.2
183575,5.43
202813,39.98
225385,1.51
273263,5.68
49118,23.21
151916,16.97
85495,102.92
118087,45.18
93470,2.87
212881,29.99
99107,19.39
186835,8.0
30688,4.99
277413,5.49
141937,139.95
162307,12.42
216720,4.99
19242,10.49
189528,18.99
49919,31.37
57659,10.805
250847,25.425
67101,8.16
273605,2.89
210817,26.46
276349,2.49
238710,45.95
287204,100.165
58321,7.29
258404,9.99
152145,28.56
275868,4.63
180031,8.99
174176,121.26
179840,161.72
145437,24.65
280743,3.29
240925,320.0
133245,31.78
60894,10.0
84081,23.99
7687,2.48
52135,11.99
227755,299.0
238264,13.99
87038,14.0
495,9.625
204218,29.99
20639,14.989999999999998
34222,4.49
18537,65.04
179385,15.89
46385,41.69
261556,29.98
251232,18.015
164778,2.765
64249,9.39
3550,58.53
98371,58.49
115444,17.99
197580,29.99
234272,8.99
60617,6.24
15166,11.97
188368,9.99
27733,10.85
271094,14.665
126079,39.99
253956,11.98
103326,4.99
261719,7.47
185655,24.89
37915,12.11
41497,3.64
136541,15.92
3918,5.69
156063,14.99
180014,68.99
43023,24.995
115649,26.95
253132,15.2
216503,71.485
77165,3.39
228662,5.485
19777,50.19
219315,13.88
260795,46.935
114061,29.5
284319,2.18
92158,10.0
43138,2.82
294076,3.99
21405,9.99
209484,6.99
191331,5.99
220330,11.98
41538,16.105
236143,18.99
92261,30.09
252378,76.95
94080,11.48
104547,13.99
204018,10.99
59477,3.29
121402,2.25
115893,11.5
107633,12.48
212272,16.98
180132,8.0
237415,18.495
79305,19.34
217219,48.2
253292,26.78
53262,5.815
229314,18.58
222080,26.33
162108,7.96
54046,9.99
266416,17.98
129509,3.47
212025,80.24
257913,1.28
185543,39.99
72238,24.99
283826,4.99
227524,36.99
104737,16.98
195790,56.83
290217,28.73
9237,10.57
59632,13.44
265463,5.32
193443,2.74
120788,34.5
217712,4.865
90208,1.99
219278,107.69
95513,7.28
71845,29.99
269868,7.96
119497,4.59
183850,5.1
286029,38.0
185127,11.95
33037,3.79
126018,21.62
188164,22.09
13676,34.95
199571,39.745000000000005
258045,13.99
8054,50.875
149161,10.77
3268,9.61
294382,12.29
211272,4.89
52535,38.72
108310,44.99
62715,21.99
171079,2.6050000000000004
224685,19.995
29874,7.97
255244,41.535
255404,1.92
237417,45.99
291055,4.29
163889,7.99
204457,28.79
140703,13.68
279810,9.48
135902,4.98
241839,2.74
202025,1.465
211050,69.99
285402,8.6
159483,41.83
202249,5.99
254574,12.145
295461,31.39
155996,22.845
207133,37.99
200276,5.3
285312,9.97
178123,2.99
283138,18.17
297766,5.49
258471,33.97
31162,22.99
88516,4.22
136766,6.285
191388,36.48
266583,5.79
182360,19.785
52686,8.89
25353,48.865
239909,2.69
280614,1.47
58342,24.04
45625,4.905
13522,3.49
131253,369.89
83931,83.62
43312,3.29
141119,19.99
79660,10.48
96802,15.94
251408,7.71
50352,14.99
251218,21.085
8160,19.95
230200,33.99
23250,8.33
91400,56.99
145114,83.74
270693,8.49
280955,13.77
245459,12.48
203534,12.85
156985,165.96
62817,25.96
61549,4.62
171407,4.8
56391,4.48
243342,14.49
113598,3.89
228718,21.48
88723,9.31
73550,51.33
95178,122.5
242488,10.99
158903,2.59
224412,3.97
199265,11.37
288739,3.64
31209,1.99
253582,43.76
134537,4.36
90068,84.85
50323,15.01
130254,4.78
57524,9.89
77124,3.74
247090,49.99
13296,4.52
260555,13.49
16349,28.35
134193,114.0
2406,15.32
176464,36.99
135511,14.99
158230,16.99
30994,29.99
241533,14.95
55145,8.155
23285,19.99
33925,18.95
160377,6.79
49128,2.24
213198,7.26
153166,36.35
185515,7.99
251164,7.215
241778,16.49
71682,2.88
79598,4.83
71948,13.405
56936,9.195
152443,25.9
208303,9.99
181878,10.985
166831,2.44
5131,38.92
80706,25.5
5867,13.27
43522,9.47
25907,18.17
111923,37.05
171867,2.27
67773,33.54
232140,95.975
14937,62.09
211318,21.16
52570,12.42
236813,86.49
18824,54.27
26495,6.175000000000001
56206,29.97
36372,1.72
88587,5.605
118277,17.985
161253,97.7
79444,11.55
106480,19.98
159128,18.935
8752,47.0
273001,42.945
31006,22.785
200739,9.14
38978,33.99
44202,3.37
169213,0.99
219159,6.735
111696,17.49
123709,5.99
156229,8.59
173584,19.99
251050,12.38
234208,10.75
204397,12.06
297334,15.49
210041,16.99
208957,49.99
142565,18.47
210781,14.95
152021,34.05
200864,37.89
123603,27.99
102991,59.99
47424,10.495
138378,76.43
209352,25.18
67774,17.99
263952,13.575
133291,9.97
104327,98.07
213829,23.1
244456,12.3
180289,6.78
250213,2.4400000000000004
245038,1.64
251271,17.99
263224,8.7
289769,13.0
219856,7.39
263797,2.14
98001,4.49
271705,6.01
268482,8.335
72323,7.99
279317,4.49
219215,23.99
177101,6.645
79986,88.99
266725,8.35
181914,24.97
206317,24.99
169097,5.89
259863,49.37
150688,1.79
101582,17.99
105511,13.27
259224,7.99
297553,5.99
227322,37.61
120645,99.5
78827,12.45
272843,24.99
286961,37.44
81631,22.35
223174,13.49
111300,26.89
261594,9.99
101704,1.29
281671,3.52
15299,7.49
175170,13.6
41287,7.58
39144,5.87
237574,15.99
100600,3.99
107337,7.99
99728,3.79
13772,26.49
294123,2.23
290549,127.435
184949,119.5
182863,7.49
264221,1.755
297786,16.99
19429,50.19
51741,15.315
13370,11.98
121549,13.85
268554,8.99
274300,7.640000000000001
10201,66.35
64273,46.99
256041,8.49
117425,21.0
263146,218.305
252548,23.925
40272,22.04
73555,4.98
170292,4.255
187940,17.97
78518,13.27
141563,11.95
264426,16.86
152354,24.55
97980,6.305
77362,3.765
113839,11.79
2801,38.03
244918,25.95
90957,50.825
146168,54.78
107432,47.52
275027,7.5
242977,7.44
41205,24.98
255185,86.34
166620,12.99
211763,4.78
245727,4.49
31306,94.82
272622,9.505
148383,141.62
236132,7.689999999999999
154804,28.97
76010,1.54
25878,14.53
190570,12.49
147608,4.79
41653,12.99
112193,44.23
279171,20.775
149744,50.58
299196,5.98
62346,9.99
69795,417.83
99776,23.55
51215,62.85
222000,13.31
180230,2.99
161531,108.92
157393,148.89
119103,7.49
299376,15.49
199343,20.99
222168,26.98
194462,24.95
52981,3.99
37895,5.97
251977,1.89
69582,14.085
187012,4.59
130003,101.3
53401,31.97
33284,3.9
117663,56.94
127968,12.489999999999998
71041,23.5
208421,10.97
30842,3.56
185943,13.02
207510,13.82
283937,79.35
161617,111.09
80886,12.13
216234,1.395
145195,86.02
174720,3.39
287523,6.49
244196,11.99
78504,99.17
179284,21.49
106024,65.28999999999999
242993,49.99
158702,1.48
270673,7.99
231772,79.85
103085,3.645
139931,3.69
120279,5.99
200258,4.97
184070,22.0
170549,5.62
277369,4.96
156354,46.365
77476,8.39
208667,8.69
258896,36.49
231641,15.99
147958,56.37
288094,1.79
285284,7.67
64584,58.13
221499,16.99
163017,3.99
225876,5.975
146078,97.46
176489,23.84
265248,36.98
48184,20.49
108427,6.365
288462,10.49
284142,6.99
255950,17.99
25719,4.595
122620,12.845
29192,2.79
96635,1.58
268820,15.94
94838,13.55
16403,2.685
40746,14.75
158473,28.51
115354,9.99
4622,8.545
264680,17.64
211930,3.98
97518,13.105
128099,3.88
109543,13.375
46846,4.49
295921,18.99
22488,5.49
5477,443.79
4246,19.79
270214,6.57
97116,43.19
144623,4.7
214398,52.98
253923,27.99
137705,3.49
27892,17.69
144073,30.01
196860,2.37
277943,10.49
180733,10.855
149420,29.08
86270,15.99
43426,9.735
220235,65.22
164761,9.31
199708,9.29
40766,52.61
142680,29.13
227606,14.99
223467,39.99
78473,0.49
133838,5.95
33562,15.51
271495,8.27
87808,19.89
27167,8.95
210954,13.99
118449,1.88
136170,4.824999999999999
161,27.88
269508,36.66
198782,1.24
197790,75.26
209832,5.49
164985,18.25
51002,35.59
70165,45.0
89434,55.45
126927,6.42
103538,31.99
251144,3.99
270563,31.99
63323,106.63
241750,19.98
56041,28.95
173477,25.99
127839,23.39
202618,20.06
96142,6.49
276880,4.2
211782,1.74
291456,12.38
1654,59.48
41460,12.375
232019,9.37
249988,21.14
40181,1.48
282016,34.99
180646,7.800000000000001
40993,4.29
67931,17.67
88660,3.83
25215,12.96
122724,32.29
250126,11.01
89351,7.0
39722,91.39
290717,2.84
145914,1.5
234893,13.99
129827,8.45
182989,19.99
151278,10.81
228146,1.69
200469,14.98
132460,11.95
204941,19.99
3956,49.95
88978,1.98
51850,24.89
26039,15.07
128473,68.99
201591,33.36
222012,94.0
105748,2.08
252258,7.62
177674,11.21
2661,80.86
288868,39.99
151388,13.78
64136,14.14
122695,26.99
160599,14.06
41359,9.64
116996,9.99
85365,7.99
188689,7.39
193931,4.49
206181,4.645
252502,2.99
100763,39.25
7613,9.89
295122,38.575
194580,7.14
287466,5.0
225908,10.43
294894,4.1850000000000005
89215,56.72
67693,14.99
3014,7.35
63206,8.82
253367,29.01
80866,2.54
192786,8.24
169158,10.78
258381,22.98
128101,28.95
47445,2.59
13708,12.29
269083,12.49
264494,2.19
290133,9.79
294218,51.66
241542,39.99
250091,11.85
22626,67.99
65910,4.055
216267,39.0
30180,25.0
47091,26.84
193577,8.49
82491,6.59
187893,8.9
79589,7.8
186363,7.34
105486,14.99
55056,29.58
123389,6.385
58856,126.74
246003,59.99
155674,4.41
131893,10.695
24891,10.29
288682,31.49
294767,3.605
114495,112.54
48426,7.49
20383,51.91
127788,72.4
31654,9.66
285990,1.96
153212,7.99
291611,22.99
151646,2.98
101693,10.0
275353,9.66
923,26.96
239107,18.81
107193,22.99
271810,9.23
186249,4.9
241701,24.99
210993,2.98
110082,16.99
96,90.0
71139,97.465
199291,1.5
45974,19.26
194144,8.12
2347,77.04
217904,5.82
293025,39.84
297717,4.97
93992,1.99
244772,38.255
98070,17.42
210587,9.49
199483,30.99
4245,41.0
183212,32.2
168593,4.84
91371,2.97
212892,14.69
265177,3.985
230846,4.12
121209,29.98
95309,3.79
278160,2.09
166322,7.98
285661,12.5
186888,24.3
282800,2.9400000000000004
191321,16.99
182295,4.99
92100,50.99
34977,7.74
180159,3.245
22349,19.97
279198,13.76
59459,2.89
57992,20.75
128756,75.46
221295,162.805
45396,5.75
246284,63.36
240281,5.58
164981,8.46
64359,57.0
255788,10.0
1060,14.99
80448,8.84
19035,26.14
254540,14.46
215850,2.04
59527,4.49
51090,277.19
12804,17.99
167150,33.465
221226,27.95
246260,20.14
64052,9.99
69212,14.98
84311,15.99
149511,53.465
105122,9.98
145317,6.58
288099,2.79
262583,22.35
71538,43.75
226770,16.99
72115,10.99
230029,27.38
292640,2.105
196730,3.24
178878,24.37
57559,47.12
134898,5.0
197828,5.59
214139,71.99
40359,3.01
9617,22.99
209898,45.23
132776,8.795
163633,34.95
188625,10.19
237969,29.045
137781,2.97
226681,31.99
178222,43.99
297436,10.36
230695,1.095
17593,7.640000000000001
80597,30.93
287198,3.49
211141,17.86
187392,5.19
190309,13.79
96509,10.99
284758,20.770000000000003
29302,4.415
279322,2.99
167554,18.99
14331,13.9
245990,22.88
221503,3.085
110818,5.555
271774,13.88
101214,59.99
20105,32.3
271845,7.939999999999999
98949,31.99
258200,18.49
133415,69.85
80873,18.01
272397,6.745
106628,124.36
80413,52.495000000000005
99060,16.99
150711,8.265
113269,11.42
50852,23.99
145425,15.99
225435,18.54
129159,45.99
198062,30.0
249860,21.33
137597,66.39
39345,5.140000000000001
11652,4.64
279650,17.32
171490,4.735
31630,11.33
35270,6.79
183248,26.525
155206,6.5
137454,8.05
184010,45.99
101448,28.49
95508,22.99
30131,3.28
227702,18.87
135441,61.16
243157,8.89
109048,29.97
66677,2.835
274697,7.89
267677,2.74
214267,17.68
84045,5.54
17531,6.47
171036,1.98
151208,5.59
153336,2.38
171537,21.085
225762,26.99
128146,28.99
163524,7.36
126667,16.99
252866,16.68
63022,14.99
201941,32.99
132043,5.58
147140,14.38
177120,52.31
166486,8.99
294777,2.9850000000000003
164890,44.0
150260,1.755
226498,27.98
200209,9.99
100999,39.99
242487,20.66
108252,19.64
296603,38.83
237129,33.33
172390,12.94
198024,5.29
180226,18.99
192095,105.98
289177,33.99
125184,26.99
71831,68.95
139037,16.88
54215,2.94
288807,1.905
192637,25.79
113877,159.6
297180,7.2
65914,1.24
185532,7.439999999999999
101825,26.99
189578,2.99
226109,2.99
252644,11.105
291534,8.235
221502,42.99
296778,4.28
8011,13.99
238322,3.74
161853,152.4
252310,38.78
29286,5.53
107068,27.48
76686,27.965
14842,7.975
277021,8.49
226670,3.99
211021,14.99
13202,7.49
117418,4.720000000000001
89676,9.0
262727,13.95
74630,20.11
261443,3.495
130469,5.44
27512,3.63
29861,12.7
149109,9.15
295299,36.99
48005,7.685
138694,34.62
139072,166.52
144183,27.95
12518,88.53
105930,4.925
81479,27.64
207257,49.99
277497,29.51
184032,6.295
8921,26.18
156092,8.95
21099,93.46
261415,15.99
60734,8.79
230210,38.91
129727,5.28
239383,32.14
92000,43.99
194856,12.32
23020,42.99
61953,13.99
288302,6.86
101514,5.355
244909,80.84
121687,30.915
228207,77.95
25914,52.48
242090,33.0
16762,26.475
251223,18.99
168987,13.94
35596,1.99
46525,6.69
189011,14.99
257160,24.95
204204,4.94
39394,7.99
194903,52.55
20898,54.69
266966,17.99
36642,10.655
8031,18.07
59387,8.88
14583,5.84
62657,14.99
84603,6.415
32337,19.99
26480,18.99
172613,28.19
28944,9.83
16218,11.89
270268,2.785
229927,27.69
293801,16.134999999999998
19516,16.82
100551,12.25
50270,24.99
1496,21.99
23095,6.69
131597,24.02
256065,11.0
160907,57.88
53818,61.37
41904,1.98
168343,9.275
262509,17.05
230127,14.99
127387,9.79
71870,25.63
282676,37.99
116260,18.94
91988,99.99
219857,39.99
169281,26.99
19951,19.6
39390,3.495
169828,26.91
138187,10.4
52351,13.99
181484,61.435
39259,7.9
267362,2.98
19656,44.85
199484,5.98
108394,27.03
1831,26.09
157035,91.34
73515,10.99
92029,16.99
211748,23.28
175140,5.33
256212,36.52
145441,20.0
118838,55.0
135260,5.12
202712,10.99
259579,13.0
205007,11.705
193647,3.99
59662,21.95
257081,7.34
221744,8.12
236409,23.99
166358,11.685
267434,31.1
220893,35.46
33529,14.525
15619,32.99
282123,4.475
158535,9.22
290012,20.0
159603,12.44
47644,3.52
86881,25.33
89742,22.22
61851,34.5
176928,6.29
166189,3.52
170038,7.67
145859,10.24
122734,7.0
9291,6.49
89822,12.29
180572,15.89
125742,7.235
280357,3.99
282112,9.115
199443,1.79
116657,66.99
153557,39.99
37962,4.67
162401,5.29
92677,21.99
178941,4.845
56163,22.78
3933,310.67
263583,25.2
247244,29.44
250986,4.99
146857,34.99
197907,35.71
202691,1.24
198909,1.89
24674,17.53
206910,2.835
297720,7.99
191086,7.5
289772,39.99
140822,9.695
35905,24.99
24609,19.94
194081,8.49
112825,12.74
105119,10.95
168296,8.93
139998,8.025
196750,26.12
36519,77.96
222460,24.99
289252,13.16
142590,35.63
187586,3.46
229395,7.62
257631,55.0
96914,21.95
148783,16.77
12896,6.715
45760,9.905
113347,12.77
77736,20.0
12327,64.53
116822,120.74
103998,22.99
117195,19.99
18567,14.2
165734,26.48
132923,32.0
261918,14.88
276745,6.25
114924,36.985
100043,5.99
67428,4.18
98164,47.26
46603,18.99
116550,71.97
65561,12.98
38345,68.1
264031,6.54
76156,4.49
113234,108.99
269893,4.640000000000001
134737,7.99
262819,17.99
71012,22.94
254533,6.94
82039,10.66
87703,9.09
159422,14.99
243168,14.985
285178,13.89
246438,18.745
157857,34.29
782,31.0
60606,12.73
269132,4.63
183608,7.67
225744,16.95
98108,12.3
90810,18.49
261676,24.5
245327,19.995
66757,21.19
45538,5.585
41760,6.3
233054,22.99
55663,1.99
179042,1.49
203412,24.99
53503,45.5
51587,9.19
270833,38.99
104354,4.98
55903,7.99
28314,19.74
243960,11.575
144711,5.74
143028,5.67
287650,2.09
43186,7.279999999999999
157501,94.23
172167,66.28
172561,1.83
12318,22.29
225906,14.99
64980,19.2
210912,21.99
18538,21.09
251625,12.25
284687,6.87
242680,8.985
153847,47.32
299036,18.98
231817,60.74
31972,4.99
237105,29.99
270882,94.99
191860,12.78
168105,3.49
148831,22.78
261749,10.04
218138,6.48
12554,12.47
71453,22.5
40899,6.3100000000000005
82495,13.49
297197,4.91
45808,2.16
247861,40.66
104586,62.95
131387,32.9
234454,3.92
240440,26.95
142026,51.77
118634,8.99
102732,65.24
296478,21.12
173567,23.82
268238,232.04
34931,4.915
204207,21.99
132056,24.95
48976,6.95
68541,30.28
182896,8.49
90058,6.235
241928,17.99
249464,2.5
262110,12.0
148775,51.77
85522,85.74
176759,4.82
148525,86.91
39870,6.74
296822,8.36
121980,3.99
103832,84.99
228799,21.99
56412,8.99
264996,35.230000000000004
16377,0.78
38564,64.66499999999999
136417,2.28
130316,7.685
63919,3.395
140538,4.09
23121,5.99
163626,2.075
83529,41.94
9578,15.99
157701,183.8
56693,16.99
101995,6.12
227116,36.78
217096,44.25
35061,17.625
295930,18.91
68995,19.98
293858,6.54
199470,1.0
191836,37.79
106163,8.75
236489,62.1
237201,34.99
224286,0.98
122816,3.14
52761,5.27
103223,10.93
92293,3.055
133050,4.34
73526,208.81
143916,27.4
221290,6.285
282772,6.59
205906,4.98
169641,6.485
48898,17.99
16770,47.0
26893,4.49
297122,42.99
13778,3.48
186246,149.485
230850,3.09
277806,9.09
137184,2.14
91280,1.48
2985,37.97
136014,2.99
97278,1.935
255012,74.98
209926,7.99
253897,26.25
234793,12.97
42809,3.98
125689,13.99
38524,77.4
73890,25.96
200842,2.99
42279,4.890000000000001
97696,14.935
233962,40.89
9223,40.19
254651,27.36
216906,36.99
11038,4.44
60762,14.99
267952,4.99
13797,1.48
269684,36.44
67273,16.95
262,8.0
49479,5.99
90745,28.03
9473,12.99
239322,13.86
135268,6.2
147183,6.99
212899,7.14
183795,3.695
208938,9.99
237622,52.99
191452,19.99
57361,23.99
187505,103.83
120176,3.29
69438,12.99
159120,17.42
118856,34.665
16826,10.75
120712,9.9
33083,31.99
259053,12.99
199574,25.925
154904,38.33
164258,12.99
144280,30.01
214591,3.88
115226,9.245
269710,8.99
162018,10.265
2845,9.99
123469,14.99
3778,5.97
2233,42.11
42228,35.295
2240,80.86
52088,43.99
111748,19.98
72097,32.235
208065,1.94
261340,4.12
67691,19.99
297143,1.695
288224,19.13
112670,30.0
139274,25.44
257331,13.49
113163,8.88
261866,19.95
112263,5.48
78108,9.17
179579,22.0
33668,16.675
28754,27.11
247821,14.88
97163,10.99
159258,14.375
232912,19.2
208615,9.25
21836,30.84
13402,7.63
40152,10.02
226300,4.15
160834,11.41
190865,157.78
19232,83.81
113466,28.99
280999,8.93
259716,5.49
49501,2.47
196225,40.08
36670,15.63
246737,55.32
174712,160.82999999999998
145798,59.99
283114,39.955
53340,19.99
71801,29.44
146131,56.01
103450,10.59
99158,3.34
15059,27.380000000000003
179521,1.47
123350,1.48
254142,6.835
90741,18.99
56084,84.3
194059,4.94
196648,78.77
66174,9.99
125332,6.5
74917,16.99
46842,6.49
64000,16.055
231473,21.555
150344,7.98
263963,11.99
152734,22.49
231125,32.84
254387,8.34
68238,9.29
158653,12.06
122651,14.99
265782,7.93
58428,18.49
136813,14.99
161763,67.22
135894,24.76
140031,29.15
52776,44.88
67425,3.49
134728,14.99
157935,19.99
94283,2.79
274047,45.68
204652,11.95
9860,18.135
207071,119.99
154325,4.49
50661,18.99
116291,20.61
113273,5.16
128642,122.89
201641,27.005
294334,3.17
138005,16.19
11374,67.63
110211,18.99
292352,3.99
278882,12.53
170595,6.49
58548,30.335
242156,29.95
279073,6.71
21049,37.63
185584,17.795
145587,26.09
281560,1.325
129092,70.49
23558,7.395
45211,74.99
297925,5.99
268191,11.175
158842,2.14
15024,15.75
267293,10.48
21382,5.99
267071,18.99
107940,2.99
286550,299.0
130088,23.57
68877,24.99
226441,42.99
76930,35.99
261514,5.44
267173,6.22
202131,17.75
198783,20.995
201226,4.09
242572,5.28
8092,21.99
98246,14.97
72475,65.475
271226,33.26
85145,3.99
174572,42.33
243391,16.44
111914,15.99
172254,14.69
256651,16.29
187559,22.96
15956,9.49
136383,4.94
265931,3.26
93887,24.975
226947,15.17
33356,10.19
265522,12.79
22589,1.99
199911,17.61
194461,6.085
25444,2.0
46479,13.739999999999998
228446,1.39
75515,4.640000000000001
62912,7.78
38608,19.99
149290,19.9
77218,4.39
88319,2.39
67131,17.99
252513,17.25
41111,8.1
203012,39.99
28399,3.69
60669,14.97
52497,8.75
221394,10.66
29253,10.454999999999998
226956,16.11
272916,5.29
256938,16.49
11589,14.96
272118,18.19
208429,21.49
190145,22.65
179996,2.97
105954,29.99
127020,10.47
82788,35.99
73592,8.75
63848,17.23
98501,33.43
20338,19.99
64511,43.19
31612,14.41
161200,79.87
116608,19.99
4887,5.74
148260,7.99
166051,4.145
80376,55.25
20018,64.31
271017,21.62
98510,5.99
567,21.0
223004,51.49
253794,4.74
268068,69.49
79215,22.99
109596,41.99
17210,22.99
203232,12.13
298517,27.02
268350,10.21
178716,25.0
255777,7.279999999999999
263421,13.62
296813,26.84
297205,9.755
22747,17.99
230085,22.99
89560,23.1
274390,1.96
164191,23.42
177975,27.84
240027,10.94
101134,28.18
246620,12.99
225275,21.99
255134,10.5
235915,13.24
245958,6.485
170346,5.29
269839,7.29
104119,28.0
122806,7.79
206881,15.715
19382,54.69
83643,1.08
254160,4.49
156088,20.93
169362,34.91
81987,5.58
218831,9.84
21285,59.95
74094,6.78
178470,12.99
132550,6.48
63714,14.0
255455,35.11
10312,6.475
228650,93.2
150148,2.89
174313,212.89
43466,4.49
190268,25.94
67509,7.49
283319,2.99
79640,2.79
192351,22.99
169016,4.19
267515,5.585
49624,4.98
86490,2.495
137620,18.95
70054,2.99
230064,42.08
52126,21.99
140867,58.95
82125,6.8
119725,14.46
31841,15.59
14829,65.35
191738,12.305
141228,20.325
114516,19.99
203489,64.98
232951,2.39
83246,8.64
49210,10.99
188613,23.625
271115,8.09
25754,4.640000000000001
52586,14.99
27994,26.99
123586,2.55
220554,4.38
47439,4.64
26050,2.135
257842,7.69
179055,4.99
107004,7.49
181092,51.99
141511,50.99
76514,19.99
140862,49.66
140300,33.69
5548,55.93
284576,1.89
73055,8.16
279091,11.965
130529,19.59
37579,3.79
6349,5.32
184865,11.355
89705,16.99
241016,33.54
33862,37.99
170195,2.27
180795,6.64
244694,69.98
60369,12.1
83283,2.24
180089,23.0
277920,9.72
16433,25.98
131144,37.49
119018,10.99
4919,13.99
296716,7.635
112748,27.43
250308,16.9
52041,11.99
268924,9.98
213029,25.96
21859,30.995
88726,6.22
154718,2.68
262052,6.98
66264,20.685
34638,1.63
59423,22.99
27839,6.98
24431,4.49
140123,10.0
36745,5.84
36374,1.79
219956,24.99
26060,1.64
30576,21.97
42458,3.97
95480,3.97
94165,4.25
210693,148.98
97991,4.79
21006,16.82
58873,3.69
21567,10.0
253680,43.38
231492,7.99
254876,21.025
81620,5.68
141106,44.99
213052,85.18
161565,73.6
102656,9.625
203270,14.9
158883,24.95
15671,14.99
215055,20.96
249542,1.49
29465,3.8
263472,14.97
201791,5.74
202223,13.95
190924,24.99
114808,25.99
28771,5.215
103017,12.56
18455,50.19
144740,1.79
204758,14.99
163181,7.75
240614,18.435
54092,12.99
240656,17.98
100270,2.79
19992,64.31
289525,10.0
128794,14.965
217163,10.59
191025,7.71
188120,8.29
272668,70.99
266693,44.95
107076,12.34
27216,1.78
89262,74.42
86828,4.265
74559,30.74
204142,10.99
48567,1.0
64485,26.99
102043,23.49
223272,0.5
29781,8.649999999999999
167969,12.19
221987,13.5
23171,4.59
191465,38.99
178645,16.259999999999998
33745,15.47
125359,12.99
218483,15.18
227051,3.97
148429,141.62
228524,22.435
289821,16.43
163160,15.12
220560,2.18
156387,14.2
77058,9.0
263370,14.489999999999998
190228,5.175
117167,22.99
29922,10.09
114275,21.985
257446,1.97
292428,21.99
103826,42.115
250810,66.65
78098,6.79
253493,21.97
218679,19.99
200208,22.26
34270,20.825
48835,4.245
129698,12.58
8932,28.15
129220,22.99
153923,29.99
152701,17.99
224349,10.9
63792,15.13
49027,26.29
59100,9.99
217193,1.48
52594,26.98
221938,7.02
132512,6.25
231667,7.73
52599,28.99
42385,34.195
235457,30.37
163482,14.46
295277,18.71
139339,7.49
137037,13.99
139774,70.47
89213,52.92
285285,5.3
38318,7.49
88693,4.09
19314,93.46
288078,42.02
149197,66.53
166074,55.8
269476,24.99
95842,12.935
182257,27.2
159414,35.9
119865,7.85
129071,35.745
136653,6.29
249944,20.925
178243,20.89
1416,97.46
147167,38.54
13237,15.34
41831,5.82
96478,8.19
12350,1.28
164582,10.0
247152,21.98
234896,21.25
17497,5.14
182080,54.9
113608,18.81
83398,11.49
169390,3.31
80537,1.48
146655,29.13
153907,14.9
36399,8.49
281372,16.99
69856,23.87
152097,136.82
284233,5.24
238993,13.97
18206,93.46
95240,7.99
245079,52.99
214167,21.99
251971,1.99
290704,20.5
180888,3.985
286334,19.095
85731,5.45
168434,1.59
228893,15.87
115026,22.99
146690,16.77
265576,22.36
239790,17.58
207029,2.99
223549,11.58
272709,4.49
295600,77.99
25042,15.98
213237,12.99
193086,16.99
277946,7.48
290013,6.49
235044,27.49
20724,64.31
149086,30.83
41600,1.0
155648,8.99
183109,12.99
274936,14.99
149938,41.23
118238,9.86
68652,39.31
69151,41.15
75031,12.145
124961,14.49
97600,6.19
285418,2.585
158675,14.2
242712,3.52
81990,6.2
164708,50.04
212117,38.84
191486,2.09
289409,13.765
85866,41.05
264991,32.435
130679,12.0
14064,5.84
70900,7.49
142853,81.92
39899,7.965
27256,26.735
286626,13.74
108181,10.0
102854,9.48
75615,7.53
173612,23.62
912,3.94
117816,27.95
283294,5.49
210061,26.29
105943,4.99
202037,33.185
258316,2.69
154554,2.58
210705,9.0
173617,29.95
65484,15.99
294190,12.805
172618,10.11
228400,79.99
37904,8.33
97779,19.345
15501,18.09
267792,1.36
278891,4.99
241037,140.0
121663,9.99
47581,11.44
4269,19.975
267000,17.99
53060,24.99
182130,23.02
279926,5.5
214378,21.885
245111,3.19
185765,28.08
21254,59.95
113414,5.815
291684,5.3
23292,9.39
207420,2.84
134399,10.455
83467,44.085
183444,17.24
13337,23.76
245316,15.99
21153,28.04
298480,29.11
115519,14.25
166182,79.43
65111,26.95
207921,23.99
1043,11.99
138558,55.93
283442,1.93
177201,3.49
199434,14.99
12609,16.99
204055,32.02
215469,24.86
35537,35.92
151831,2.895
299078,32.99
152506,29.39
74656,22.475
157962,107.23
85685,4.87
120885,16.99
125519,9.42
254146,127.94
276304,4.07
283172,39.17
100961,14.96
160754,60.62
277528,15.845
246918,7.99
165704,26.48
253385,5.73
159573,7.95
147809,68.14
87186,18.19
244499,9.98
232777,48.485
192546,10.725
210778,69.98
239884,13.99
68997,32.99
167052,27.94
204834,22.59
126883,43.38
48027,9.49
59786,41.24
28350,3.2
54747,39.99
72254,32.81
13252,17.99
21592,4.49
54045,6.165
10280,11.165
241017,25.98
196083,77.49
186507,22.97
204754,9.99
256871,7.69
245291,21.95
204290,12.88
258812,56.695
124771,9.99
67332,14.645
32274,10.97
256223,11.99
291170,5.58
73173,14.97
74839,68.22
189930,131.43
80602,15.49
205305,20.94
134719,4.48
292444,17.17
108392,11.79
184317,73.0
171936,18.34
173293,9.39
247216,29.44
67716,7.3
263111,18.99
152128,126.7
11862,6.99
146021,86.02
251463,47.75
192486,81.49
296585,8.53
11806,16.49
88891,39.99
98337,5.49
246547,16.99
35034,29.99
239961,79.485
13059,4.99
246275,11.15
200479,0.98
284197,6.2
122399,1.965
13174,14.989999999999998
264715,7.59
194820,2.89
176709,43.48
182391,12.755
249011,15.99
213583,29.47
246811,45.905
276090,8.88
288468,15.74
159013,18.315
102036,139.435
270461,28.92
55578,21.92
33954,8.97
105890,46.99
155791,13.9
284472,4.49
257785,3.105
158562,44.21
288631,20.99
191580,5.89
150473,3.245
148771,20.08
77592,6.14
152421,42.34
280241,38.56
212740,9.49
197914,33.97
221371,13.18
99818,4.68
105910,18.42
36118,4.88
129166,23.14
50568,27.49
171026,6.49
232283,2.14
28933,5.49
297361,13.265
289546,8.99
153865,7.895
281646,4.595
37226,15.28
180398,1.48
77856,4.5
232587,2.125
206507,11.99
65706,7.31
295762,11.215
148222,12.19
8488,119.94
69102,9.99
107492,29.99
268842,4.89
24986,17.49
158238,42.73
4027,188.65
105057,39.55
61539,5.79
127682,3.965
232767,63.51
84095,12.2
6085,2.44
290502,20.09
228328,3.79
93323,12.72
98153,2.985
116740,7.49
10146,14.99
272335,13.99
153735,27.55
182462,12.58
230554,12.99
72881,2.69
178653,5.16
163308,34.99
138790,15.99
66727,62.84
151324,25.98
219642,14.47
72297,11.47
261586,5.99
84166,3.19
105053,55.075
191846,5.99
277371,5.74
236246,2.575
252916,13.575
297564,9.755
178774,14.55
137547,75.96
118441,10.0
94604,14.95
166362,4.89
195516,49.72
82308,18.99
14001,8.04
84178,29.48
56785,99.975
216766,18.015
167811,6.44
94415,30.99
43601,41.99
256667,6.55
173182,6.99
106098,42.99
157947,116.29
114428,16.9
84426,9.29
154149,9.255
95851,58.65
36348,9.425
203214,8.425
51598,27.95
190262,65.99
267416,18.53
170109,1.99
33030,6.72
284496,1.095
110691,18.49
76938,155.99
30353,14.99
68374,49.99
113407,27.99
124352,7.895
145627,88.39
211529,21.49
272963,9.9
9900,8.31
197135,8.24
160983,336.63
116095,17.77
238004,35.99
134101,15.775
4779,5.735
96927,51.44
159235,2.98
236043,29.99
118759,6.49
277479,2.99
268372,6.71
210779,134.98
289380,22.32
197061,35.4
167907,8.64
19932,19.6
103014,11.3
139577,2.935
123081,13.48
210270,1.27
211535,69.99
265875,19.39
202254,298.0
152103,18.87
18261,28.69
264375,22.82
164877,5.23
112,9.99
8239,12.99
256424,49.0
178557,54.295
15527,16.155
153004,4.16
223488,5.025
139051,21.25
16144,26.99
180369,25.89
81251,26.39
284185,2.5
116952,43.99
5622,30.01
100564,47.4
38309,3.72
228186,1.2
223776,7.37
243450,8.145
130210,64.99
67157,11.44
34858,9.99
249758,59.99
187581,7.685
31737,2.76
46160,30.25
104988,34.445
32999,1.49
185868,7.36
66936,6.24
125855,4.87
98871,12.0
262976,3.99
225947,122.42
33188,6.44
170989,14.99
131466,1.68
110656,15.155
227831,8.985
147252,72.8
282051,8.265
164360,1.47
228575,2.46
114641,46.66
215284,18.98
223134,13.49
202307,19.99
13287,41.18
105625,46.99
108445,103.94
230440,39.9
115568,36.99
178666,14.94
228967,9.99
185983,1.99
281452,30.99
120624,7.17
43939,5.99
57452,3.12
147598,5.890000000000001
39539,6.890000000000001
257558,1.525
34529,4.63
144805,26.38
240903,9.99
51249,7.25
276994,27.11
121404,39.94
88691,69.99
203632,27.99
288033,29.11
8675,21.95
156707,116.29
111268,33.745000000000005
113692,14.79
12942,23.6
80788,10.5
113410,2.59
126546,8.35
38440,15.98
109979,11.99
40836,9.05
143440,9.99
54160,7.99
227735,39.99
227151,14.99
249150,18.985
166142,141.85
270797,1.69
167928,9.74
1870,56.37
44602,10.625
271294,13.74
32122,4.24
80070,1.38
277278,9.65
89162,4.08
66758,9.35
296892,1.68
35231,1.59
230993,10.99
46858,9.98
275650,11.99
186871,30.34
14820,28.99
164731,1.985
104611,9.99
143555,32.2
218388,39.99
297155,21.99
183271,6.39
96665,2.685
231338,28.99
34629,36.78
202999,29.99
221577,19.99
83782,14.955000000000002
40063,12.515
75979,6.75
237019,23.965
117332,5.99
93308,8.99
212846,2.1100000000000003
231593,13.98
136509,14.99
83447,5.99
285049,27.675
193530,9.99
100776,17.99
62970,7.57
127497,5.94
188792,6.24
258732,4.27
211526,14.99
203616,9.99
124330,3.12
69264,12.99
109246,23.175
283623,3.69
64227,59.99
140568,9.15
222,6.99
22296,1.0
250353,20.9
30357,62.815
174992,4.79
9277,2.5
41624,5.815
190965,7.65
212686,9.24
209565,6.49
251732,105.2
20554,40.89
35200,2.08
258175,75.87
160741,33.74
221539,40.83
245491,14.9
208369,18.99
204487,23.98
29747,21.47
5525,34.5
51456,9.405
24157,18.945
250332,10.99
192901,27.78
122665,8.25
231952,79.99
141304,12.5
195411,43.15
278956,9.48
224985,10.98
184158,4.78
77504,11.53
11857,1.19
221493,41.985
9342,23.99
133762,2.77
101346,5.98
196807,14.99
278330,20.48
98914,3.87
241355,8.68
212747,10.49
137771,4.065
4688,5.36
114648,6.19
245609,3.79
70116,5.99
281462,5.73
6682,8.99
256841,32.85
106663,8.74
297919,4.09
238698,5.37
1315,16.95
224901,3.49
192945,3.935
184148,6.4
224112,6.7
136604,2.69
79593,1.14
197508,3.4
226083,2.8
221628,23.25
84798,49.99
99577,101.11
63515,6.95
92692,16.14
75745,56.3
27194,1.735
297514,55.1
5461,14.99
136101,3.6
98701,7.2
91269,41.64
275621,3.64
29413,32.205
245699,9.8
238968,13.86
167713,29.72
1166,20.1
17490,14.68
133331,51.99
147261,38.54
18293,32.85
299171,4.69
251984,14.28
213908,54.99
277377,20.145
39126,7.46
120332,16.99
139098,53.66
68302,11.43
127052,11.295000000000002
106382,11.89
36150,5.99
259886,43.11
224133,4.51
101183,14.99
229658,21.74
233446,26.12
210541,52.6
119915,16.245
69382,3.76
164159,8.8
109496,29.1
731,16.485
198779,19.49
224679,26.97
63393,12.83
190184,24.65
10264,28.715
103854,34.99
13868,175.49
9439,5.39
116874,12.25
291484,37.675
252252,2.19
234341,33.67
86601,17.97
84272,26.585
153721,11.98
70186,10.99
29438,52.89
294027,16.49
187324,43.53
250050,5.705
59243,9.85
7529,52.49
96051,88.99
26185,6.49
155067,11.02
117751,28.985
195905,56.69
278040,6.39
64161,14.97
53219,24.0
290334,19.505000000000003
289545,8.29
124732,19.99
228192,47.05
122927,12.88
15965,3.69
145087,34.81
223494,5.48
197846,39.99
265668,5.41
202231,35.22
118751,17.4
169813,20.92
200278,1.24
4407,19.9
168888,37.49
190867,18.88
270710,6.345000000000001
203575,17.84
266417,11.95
178443,10.99
236331,13.95
142308,53.01
136182,18.63
202998,12.99
87907,22.41
15085,5.995
140816,23.75
281645,2.9850000000000003
46610,29.01
192648,12.97
112374,20.89
135851,10.495
131054,21.9
196621,38.32
245067,9.145
97131,29.99
111034,10.29
52972,28.48
206028,2.79
180476,69.11
136496,1.0
259016,2.96
214868,17.99
75385,5.135
36989,11.09
41452,19.79
140053,17.52
80149,7.39
251095,7.36
27012,5.49
106374,11.74
200223,26.84
110115,28.0
36726,27.98
286231,69.99
154441,21.875
289400,11.49
198101,5.98
199672,4.39
29222,7.99
30725,9.21
73126,20.99
207293,17.99
200061,9.84
11936,4.08
253706,14.265
267149,17.28
200524,19.41
109292,15.99
272034,13.97
40622,4.74
247865,22.98
133994,10.675
135096,3.49
107529,14.99
178900,7.54
238018,31.0
53967,24.27
282392,85.0
258938,16.465
178659,20.99
254015,44.49
53345,28.99
115850,22.48
167649,4.805
262332,20.99
86469,2.59
247021,8.459999999999999
107027,30.99
293790,10.415
234820,10.42
14168,13.21
215300,23.99
155591,17.72
138500,31.595
284294,7.45
93689,18.99
293345,31.13
49701,14.97
182750,9.95
199823,44.99
58802,5.99
278633,9.98
50690,13.42
173671,38.99
92362,164.99
237048,18.85
213925,24.99
52546,72.86
57530,6.67
179779,17.35
54638,5.32
57856,5.97
145030,15.32
223582,15.99
260743,66.86
275524,41.86
277878,1.85
22645,5.99
291625,16.435
149727,30.83
69061,51.99
82837,12.49
40163,1.29
52514,5.19
69995,21.995
43112,10.99
271118,9.05
114784,44.99
197511,13.59
125047,23.55
130636,11.95
288522,2.62
281983,1.3199999999999998
214928,39.95
256363,3.87
134299,27.52
164742,3.49
298916,4.29
107559,2.85
129594,29.24
248748,30.66
253423,3.525
266111,18.27
103045,12.99
66824,20.49
35383,2.59
164571,4.505
251547,65.605
39474,49.94
230449,2.72
20758,64.31
259098,1.315
172002,21.765
260717,9.37
203212,8.105
111665,86.97
233730,24.99
284606,3.98
67833,2.24
138403,54.7
146418,14.79
38681,48.02
73959,69.34
32595,7.0
34647,7.32
109104,10.0
232470,28.39
5877,4.99
83066,25.475
46314,7.99
86942,7.27
202946,26.94
66926,34.99
125649,18.99
250780,4.62
191022,11.45
144262,34.5
91108,16.815
165416,1.99
242579,27.92
49134,8.24
246776,8.67
73314,22.99
111172,78.33
251150,14.935
166646,4.23
142082,38.92
173920,3.97
102445,13.68
111658,15.36
184975,18.945
134360,17.99
233884,55.98
277184,15.99
287776,13.99
207213,49.99
19628,2.19
198199,25.26
116647,6.99
233485,31.33
271252,23.99
176678,66.41
296030,6.54
92709,35.78
231813,2.49
124435,38.43
42708,8.99
214356,16.99
240933,40.85
216146,21.44
283699,6.04
293530,4.49
167957,1.79
45301,6.64
177700,29.98
250250,10.43
211527,107.99
65204,3.19
275595,37.9
95255,45.99
120348,27.69
157117,2.99
16189,27.48
190648,9.58
286524,12.67
276824,10.54
131107,69.99
38116,4.79
267758,39.3
235609,46.97
275476,23.99
3434,1.29
225812,4.12
215293,15.94
87649,11.79
31955,20.0
70517,12.4
246899,51.99
16816,6.675
109409,34.97
248175,11.59
148821,32.2
264758,8.99
7667,27.31
212274,15.95
87543,12.99
63558,26.99
39166,31.9
216859,95.29
257146,34.92
38004,43.21
75311,13.99
147326,50.58
196500,62.94
80272,13.98
129780,4.175
281493,15.99
211345,37.99
76802,10.58
185696,24.92
200367,6.89
200676,11.99
113236,14.0
248205,14.98
77239,17.99
70263,72.0
103983,31.97
229748,19.99
163250,4.44
59770,99.12
225649,12.79
43445,33.1
277551,11.99
30406,4.81
116133,27.985
16615,79.94
39518,4.48
125012,143.38
17407,3.985
212480,53.99
110037,18.455
225320,41.28
145759,38.92
155110,11.98
96407,3.34
251553,68.97
172280,3.63
166521,16.58
182017,28.79
281271,3.69
704,14.97
82353,41.065
27545,2.885
114663,17.95
156477,12.0
118500,11.12
236407,13.99
74320,32.99
92440,15.295
16917,34.99
42037,14.055
128722,1.89
281461,38.96
62921,15.99
196291,53.59
231610,20.14
259293,62.31
36316,3.42
82210,7.28
148979,30.36
290469,19.095
149995,86.91
52244,11.59
126408,32.05
29486,17.4
251832,39.8
74273,30.9
277401,7.2
260384,35.56
37568,31.02
183636,31.49
160121,13.07
60307,10.38
40266,134.99
77161,8.09
211705,13.99
248086,8.99
188820,5.890000000000001
41409,12.49
132522,45.19
75433,19.985
147044,34.5
146894,81.92
192766,5.73
74947,7.99
272705,17.5
192141,4.85
61615,48.52
151056,44.99
159577,6.98
243103,22.9
45840,39.2
68994,10.99
189357,14.99
122638,15.89
71202,78.99
56244,15.99
84324,4.76
71530,6.14
274647,4.99
178280,146.55
46182,68.41499999999999
297392,18.98
55295,6.98
22454,3.12
234116,19.95
200992,41.99
117409,4.29
218060,13.95
112687,4.79
276106,5.2
5841,32.85
183216,2.99
154875,50.865
220927,9.56
117846,9.99
218698,24.99
14811,4.1
273995,8.39
276617,4.6
212396,32.99
220854,14.99
110871,21.99
206363,26.94
208377,2.99
299067,82.93
80784,28.62
95533,2.52
298034,7.59
7390,3.965
34735,6.795
174757,6.49
276115,10.59
236781,20.075
101902,32.01
287674,7.99
97818,45.08
19098,2.99
199242,34.99
254267,7.54
252594,8.17
254858,12.62
266004,5.24
297859,263.91
298426,8.5
277854,6.505000000000001
157531,9.94
172358,27.77
57504,15.2
101993,7.2
288583,5.68
252109,6.58
52276,19.94
260458,7.09
229390,220.0
99777,39.87
141148,74.11
82902,22.49
19592,5.77
125512,84.99
84375,8.99
58960,9.99
138170,10.74
183583,25.0
136486,22.345
203827,13.12
182437,16.99
178105,7.52
255925,19.0
24784,5.65
262685,8.95
233313,4.49
90753,10.99
141048,90.57
160812,25.7
213790,11.9
68214,6.94
164716,30.82
128654,93.35
91223,4.44
200764,25.99
187011,47.99
269241,21.27
291929,28.95
181538,29.0
116827,6.84
130318,6.98
116464,47.51
231606,4.69
98551,22.54
91178,29.56
16307,10.44
217572,49.99
236735,39.99
238533,13.97
46269,3.79
243642,34.99
126500,11.98
60397,3.245
209680,18.99
118898,8.45
228314,18.49
49265,39.295
9189,5.49
10049,36.42
18346,55.625
42347,21.945
290962,5.825
155303,7.99
232160,1.29
295061,5.45
116301,6.99
227213,19.45
153935,58.49
156138,0.88
87666,2.0
175707,13.99
143203,10.99
50311,21.45
39928,12.54
35012,6.834999999999999
82194,9.425
10162,18.99
250708,9.76
217673,14.99
79446,4.98
64432,4.19
38870,61.95
157707,202.58
277831,14.99
232146,12.739999999999998
70458,30.99
56333,21.98
12270,15.71
160898,49.63
97968,14.5
285117,37.885
141333,5.615
242268,13.87
64294,3.29
76623,13.97
260473,23.1
7763,7.65
11221,3.48
95641,10.15
24834,34.64
165459,1.29
186028,3.99
193603,11.96
172158,4.55
291118,7.975
80995,6.44
242842,120.95
93368,15.125
59960,3.42
129138,16.99
185260,12.76
106910,9.99
70247,7.390000000000001
69448,10.47
178313,11.99
168722,39.55
219817,17.49
146071,55.93
11410,14.96
61644,9.99
190736,34.995000000000005
138536,60.9
234035,40.89
134523,25.99
185762,30.99
218206,36.89
27895,10.84
257895,19.61
205497,1.78
77861,60.98
54163,36.67
117971,100.92
178662,15.35
124057,34.99
30645,19.65
257582,10.45
232536,31.5
192083,129.98
30706,24.48
207191,3.39
107391,110.95
25487,34.8
138724,59.99
187562,2.38
193803,6.025
6552,3.5900000000000003
114657,20.49
210189,46.0
104070,18.98
14871,24.12
74464,7.85
110811,3.84
55482,28.88
231195,40.96
203456,11.97
138325,21.99
171933,5.27
113314,9.97
46889,6.635
98735,1.98
166112,4.49
60381,17.99
178895,12.99
173303,31.58
16691,15.67
189587,8.99
223705,4.4350000000000005
296132,19.99
265509,31.99
54417,36.86
155697,249.0
103743,29.99
209003,14.99
188697,8.12
251407,2.99
98960,15.95
257337,27.99
126626,22.99
219384,20.9
229551,11.49
146584,15.32
267471,70.96
67107,10.29
288449,5.91
269226,29.99
294869,2.39
250104,34.99
72737,9.99
293202,27.335
284198,10.165
141285,1.17
166718,2.24
2034,32.2
34995,3.99
258774,14.99
256148,23.18
158077,8.934999999999999
63166,49.99
83166,17.99
205781,7.91
174032,40.89
78378,85.0
202081,12.99
39931,10.8
251253,5.12
135075,7.25
9497,27.98
156073,16.16
233991,80.845
283431,4.51
84380,76.445
228305,27.77
133218,20.95
218270,14.99
113374,9.81
200274,9.63
206320,30.38
202059,3.375
209026,4.44
290440,15.99
157919,8.5
28816,3.38
112422,47.99
237730,55.765
62418,22.99
289523,13.94
629,18.9
176139,4.48
48181,9.99
191265,12.97
247177,51.37
244676,6.99
168312,7.29
199846,15.99
25724,4.734999999999999
281355,12.84
62451,2.535
254671,5.0
272574,145.235
165901,30.98
242292,29.99
283889,4.49
285431,18.965
268888,4.99
247458,12.99
158630,16.69
157441,78.43
189752,11.0
94648,3.39
237500,20.99
191610,21.49
275956,122.33
201661,5.995
201475,71.43
10168,16.99
243057,9.99
15940,4.69
170166,11.07
11537,21.96
23239,17.99
19020,33.5
19631,2.995
63289,9.98
162437,8.49
202721,59.99
23640,43.99
239497,44.33
129603,6.88
7392,3.99
62417,2.49
126010,11.29
225222,9.47
288735,9.95
262879,48.835
293280,53.43
153049,58.78
223249,31.98
36684,18.83
227550,89.47
132759,41.0
199913,2.67
70197,9.99
296224,44.21
128545,212.92
68133,30.98
206244,44.99
57721,11.37
202062,13.47
184897,12.19
261790,7.8
169664,3.98
200913,25.9
215075,60.91
250978,4.28
147051,34.81
108324,17.71
172317,2.29
188453,12.59
60825,9.99
158424,81.35499999999999
182826,17.145
101195,30.95
279511,3.26
146861,24.99
153421,5.49
114376,32.99
111197,17.509999999999998
156445,10.23
246964,9.98
170526,9.17
171712,1.08
64438,9.99
120065,45.95
90030,39.99
19085,10.42
95390,6.42
194295,55.19
27280,13.91
75061,3.77
215481,19.49
202789,4.885
124244,18.99
243230,39.95
51400,29.95
24504,23.68
172505,14.0
150135,37.945
112997,9.69
78339,16.055
106795,3.29
72122,43.02
213934,6.99
256208,14.555
29074,4.96
149562,14.99
208133,16.59
31873,33.79
17707,26.99
292328,8.870000000000001
7407,2.08
97259,124.42
59601,6.49
147291,15.32
156081,23.97
142092,141.62
217556,61.99
266977,27.98
174025,40.89
158191,36.85
78796,3.16
80622,15.69
60445,16.95
143987,17.97
252380,76.95
86306,7.65
146222,6.24
66414,4.19
198003,12.74
252574,1.98
117378,20.99
223653,6.78
40974,15.48
83139,39.995
10501,15.99
92282,21.99
217346,26.0
8419,18.19
69325,28.48
81944,44.535
4425,2.96
279711,5.465
184344,9.32
134250,1.78
222875,5.99
51974,48.94
293656,6.99
43574,19.49
58340,34.64
137264,2.08
22797,2.98
60511,2.5
76768,7.79
88347,8.99
215879,1.99
281359,2.69
82206,4.59
47950,5.13
98638,32.89
81063,11.09
100618,3.99
37415,5.055
166627,5.985
275062,10.79
294596,23.45
73243,1.67
93959,17.79
140956,12.44
34548,142.41
235136,247.86
263402,27.98
75336,4.99
150324,35.8
114582,41.95
171327,6.99
297467,1.49
224103,21.85
101771,17.99
191359,29.44
275435,6.98
32181,7.689999999999999
254027,15.99
35962,1.22
231278,29.58
38114,1.74
119964,39.99
298413,25.375
121627,10.99
239368,34.38
111752,14.99
77743,2.27
214923,29.98
263700,18.81
31463,29.545
119488,19.77
56521,14.99
213758,2.79
194482,5.19
263574,16.95
283047,48.96
60281,45.28
44068,4.565
190583,7.99
87258,2.23
133308,31.99
229202,14.395
27954,164.99
46460,5.46
156231,6.99
77204,2.35
172786,7.78
63219,12.7
83069,2.79
23693,21.425
23127,39.39
117731,10.69
72012,7.99
56063,5.96
89149,4.92
140578,1.72
156340,16.54
63119,38.22
146005,30.98
250448,3.45
297109,9.94
82218,6.12
219061,6.26
169297,10.035
35008,3.99
4301,5.47
50501,23.99
173778,122.99
127967,15.745
182331,9.99
158224,16.25
188926,4.98
96115,21.83
180896,46.19
6137,9.49
148780,76.44
227127,24.22
123328,18.95
159003,13.99
70746,69.99
87436,22.32
224408,3.635
30855,14.15
19603,51.4
298385,3.49
16391,14.085
167648,4.98
69113,7.99
252733,19.99
92620,58.81
83143,8.335
32789,2.64
233179,13.45
173938,53.99
72979,47.56
180567,14.23
224871,7.19
174732,35.11
19107,25.5
194665,12.245
194207,5.89
195353,35.78
127226,113.92
12846,16.99
115271,27.99
205393,32.19
222697,14.99
56081,22.25
201325,24.5
69510,85.92
62463,18.49
259851,22.85
28192,123.22
122499,9.99
230192,13.25
95283,10.56
289521,9.14
153069,42.99
234239,3.99
69522,3.74
284841,6.49
180241,7.46
252427,1.335
127444,3.94
182627,12.99
283511,3.99
262488,5.94
177641,16.49
240289,16.7
57319,8.89
66095,15.675
8405,5.62
122222,25.155
56756,7.38
181784,4.12
50011,9.98
293091,2.84
85399,21.59
109724,13.99
175971,99.65
214259,2.485
124537,12.99
129609,17.16
79066,38.99
142368,59.2
250888,0.85
117631,11.24
229140,3.19
49626,16.99
198601,4.99
203211,26.99
13120,29.87
26721,5.88
128496,144.215
161811,5.135
127787,15.17
119369,13.29
71604,49.99
43055,7.75
169738,18.775
153734,17.95
56840,5.99
164382,30.99
266751,5.58
229694,14.48
60790,49.73
173601,23.95
21467,32.99
178483,20.0
234033,12.99
284488,6.99
124742,1.665
192840,11.255
122504,9.99
113963,14.95
107266,47.95
163261,8.45
100033,7.68
51856,11.59
232404,7.96
45062,7.41
130237,14.71
79470,4.37
224195,15.99
273381,2.98
10488,6.98
13941,7.93
40862,9.99
72744,11.89
63962,14.99
250973,7.99
95961,45.68
148374,30.83
263055,98.08
257934,7.49
154119,14.49
205862,2.99
224847,39.48
285104,11.61
276003,6.075
197010,17.0
402,17.96
261257,21.95
269506,24.635
177161,22.86
101100,3.885
178586,16.95
187353,14.99
212712,12.56
99707,21.99
216371,20.95
248261,12.78
19457,93.46
62101,12.99
213176,49.99
139595,4.09
116477,70.52
273332,36.5
36583,7.34
50643,99.99
219095,1.56
72559,17.95
79290,59.99
172558,44.49
286110,1.79
249714,4.52
35425,30.165
18045,54.69
81971,5.16
186727,131.66
261412,11.91
103657,45.99
90972,10.99
262426,1.485
162254,8.77
32942,77.92
295898,13.95
62627,13.0
141309,4.99
109392,12.99
192983,4.12
171877,4.99
121267,149.99
261036,60.42
46360,39.93
183179,2.5
157600,104.43
115015,29.99
39895,21.495
104682,2.5
1462,53.01
51748,11.8
101904,6.44
97666,5.79
220232,51.36
121210,32.99
138396,54.7
44385,22.545
8554,4.49
22171,18.5
44750,5.4
112964,18.99
16361,4.475
142329,24.42
230100,5.13
251874,8.39
158726,9.49
218982,1.99
100643,16.93
142791,126.3
253326,19.39
224613,5.48
156279,22.18
225528,9.99
91027,5.24
291408,2.895
70112,2.49
269124,24.95
8676,8.64
236536,14.99
125922,17.99
158227,3.59
70984,10.95
167796,6.72
205889,10.01
293805,40.06
77061,9.34
290491,125.6
248790,35.49
50723,13.98
150447,11.98
73782,5.105
196197,50.86
121109,6.14
278863,66.88
291711,11.18
9141,15.42
294873,3.29
194409,6.5
255302,9.24
20326,36.06
105962,7.95
242676,1.24
248332,26.96
180149,40.260000000000005
293377,37.05
174257,32.99
173257,31.77
132050,5.23
289560,44.8
276893,3.99
187869,11.48
48262,32.49
89621,19.86
24875,7.63
285019,8.690000000000001
228500,18.405
108513,36.27
249421,18.85
154824,3.98
248793,14.98
142742,57.63
103857,4.29
20670,37.63
79878,10.82
199628,8.99
276694,1.98
19255,1.79
219199,36.98
186974,15.99
9813,24.97
156718,5.17
213536,14.99
225001,10.98
52665,27.99
30763,3.29
178726,8.48
78810,4.0
298031,1.0
6780,8.21
128607,19.99
14680,21.58
257072,34.99
269230,9.98
201177,29.45
162224,8.38
62881,16.345
111329,13.8
28413,27.95
189381,74.93
217445,14.0
101937,11.49
211334,5.99
130158,32.88
245440,2.49
75410,7.49
124115,21.99
38262,23.0
270513,21.2
246856,16.49
14971,2.74
89018,77.85
239180,15.864999999999998
113380,39.99
252507,12.58
244001,140.0
270141,5.755
69965,1.99
84697,2.73
1472,55.93
251434,11.99
272417,25.89
41552,1.665
17930,33.43
262452,3.12
294191,15.12
219786,11.99
115739,33.99
54787,4.99
105322,25.0
234835,6.35
284213,9.44
248736,44.99
213589,14.49
270336,1.99
98527,29.99
81295,6.69
228183,11.19
173176,6.49
134968,20.96
239837,13.49
94305,29.99
81458,8.54
36033,58.43
285177,8.29
20678,32.3
177945,8.88
184156,4.78
194022,27.86
36000,7.29
95997,3.78
107200,10.98
241179,12.99
85334,5.37
46181,64.6
248540,9.44
182443,33.89
51887,21.49
142959,67.78
28121,1.22
80408,49.99
57131,11.98
117390,2.38
150466,16.79
63591,11.965
35994,1.44
61582,7.885
70832,34.76
261495,9.64
72029,13.42
262197,3.69
145139,35.63
174191,16.47
41255,8.95
108719,14.64
124101,18.7
181548,7.49
139825,5.5
243255,13.49
113472,4.74
116650,56.85
276355,8.525
78523,24.68
27636,3.39
157826,2.99
231941,39.99
137197,260.45
102312,54.66
174320,2.97
126291,18.15
78478,61.86
64623,12.1
179578,3.29
197179,1.48
281947,13.78
246403,9.99
100738,13.88
53412,20.655
87284,13.89
94131,14.0
236552,38.49
34729,27.85
6046,32.99
277307,19.39
61983,14.99
221041,3.19
219823,8.5
97466,4.79
270876,31.99
244147,25.99
67619,59.99
72848,41.78
228649,30.37
6911,12.99
175235,21.155
269329,7.94
187827,139.69
55666,5.49
26813,1.99
94036,3.47
184699,5.24
91635,19.92
232554,69.95
65907,44.89
121092,72.855
23369,22.28
84880,24.92
64207,17.52
89332,6.18
34640,15.23
78683,10.99
84770,21.25
244128,14.99
235719,28.95
59594,21.99
160437,37.98
269175,21.21
53931,3.65
216476,38.99
224236,20.3
134185,19.99
172332,16.32
17720,0.88
7292,50.36
156780,112.13
124853,3.34
60903,10.0
102117,19.99
80956,23.49
88517,19.99
264220,5.58
20390,43.32
273878,19.99
261242,98.41
162986,9.765
250494,61.14
157160,69.99
278093,48.945
152055,27.56
125035,1.98
258709,18.95
37001,11.945
157124,154.425
162735,14.29
161803,3.98
58177,12.95
181455,15.885000000000002
57910,6.99
31968,4.6
14729,13.9
222750,36.52
66366,14.989999999999998
134535,2.89
48381,3.995
169422,6.7
173539,39.06
230354,30.95
50473,27.98
275983,16.22
56341,58.99
154208,5.67
8401,1.395
28006,32.4
227091,47.42
243413,46.99
188178,4.99
38887,4.19
208660,28.53
148034,3.49
90307,11.985
130221,41.58
12505,6.255000000000001
73224,12.99
23438,4.99
202849,8.49
92577,14.99
80422,15.865
14340,3.99
240717,19.99
251043,38.57
158036,8.43
194902,76.99
26514,14.99
50364,27.95
176769,25.94
152728,21.455
83655,4.550000000000001
296352,9.37
207305,11.96
140830,20.97
176074,15.98
256879,17.94
180235,3.89
157564,142.58
180933,20.905
35648,21.565
361,17.96
146915,30.01
116138,17.99
86218,17.99
202659,39.98
281531,6.99
66475,8.54
298142,7.49
161060,1.81
126715,31.97
130300,17.9
104710,18.065
200854,2.01
91899,27.95
248613,8.32
286910,22.34
199552,84.52
241919,22.99
225235,28.46
96781,14.99
32807,3.705
234186,13.99
126782,6.8
61270,18.99
61895,22.99
4601,5.47
241652,9.94
207142,9.05
244197,6.64
294110,27.96
160701,14.89
103899,6.49
293557,9.885
27629,7.93
284106,6.49
169470,24.95
219116,34.99
264086,11.7
74930,4.54
262230,146.36
274512,10.0
78756,10.445
175747,5.84
146884,17.9
78016,3.92
24340,0.94
87643,19.71
12739,7.19
129184,14.99
56616,26.34
271385,7.4
57999,8.99
19839,19.44
290748,12.49
20198,50.19
223264,2.48
287648,1.39
250604,23.435
294325,8.49
132326,30.99
263337,12.14
121331,18.395
81309,4.99
63630,19.825
82083,5.16
144288,34.355
75004,6.77
276485,8.575
24969,10.29
104310,31.37
213846,39.99
173472,10.260000000000002
95777,64.38
230292,6.28
2682,97.46
193464,29.07
25447,1.28
99330,4.16
13293,21.92
219438,59.99
114557,6.66
71434,94.97
270599,7.04
281343,66.0
22316,15.87
167502,1.99
269144,14.99
174577,12.39
179266,6.84
232895,14.95
203658,17.98
47892,3.14
36666,9.97
170872,4.42
52296,6.16
65928,9.99
9270,7.99
176996,4.97
213191,4.965
268488,13.99
273999,14.39
296954,7.359999999999999
258431,1.66
186780,4.99
249367,9.42
121491,2.39
266274,13.99
273675,12.98
213056,17.96
66748,20.74
186309,15.505
5400,10.0
98107,14.99
96938,9.204999999999998
254541,19.28
239212,29.95
39461,4.04
251726,8.84
219118,32.99
295200,10.69
151047,21.74
250878,16.73
168932,12.99
29471,32.985
272153,47.44
69392,8.17
266836,2.94
223252,25.92
88432,71.43
297354,37.27
241459,57.99
8825,24.95
189596,5.59
235395,38.02
211132,9.99
221718,5.75
36702,15.97
251300,16.99
277108,14.84
25749,3.24
266525,55.84
198207,20.125
36276,26.775
253612,4.99
21112,64.31
236518,13.5
278043,6.79
126721,22.49
5590,34.81
263621,19.99
111907,11.99
175424,11.59
263406,99.99
230905,14.99
178606,38.49
251094,6.59
262029,9.99
104763,95.1
196875,15.89
113859,18.99
128117,30.91
139184,16.19
49185,13.34
52645,30.99
289803,17.4
232613,39.99
210025,24.99
182620,20.0
72997,24.95
30572,6.44
212188,171.99
110604,19.98
235227,34.07
247116,16.99
113022,19.99
80900,9.95
74412,37.26
241427,7.89
185958,42.99
174951,3.805
71111,4.99
111691,24.99
8559,21.0
201841,4.98
71238,70.04
286967,25.49
279527,40.65
187407,24.95
218433,18.98
137229,2.24
73273,19.98
120303,13.98
18533,7.79
28374,4.29
292275,17.3
80451,3.82
14466,3.38
79058,6.57
29024,3.085
71572,3.06
34586,6.235
219735,9.99
183225,24.79
263295,41.99
269607,3.89
133801,36.49
283209,22.3
215722,9.445
246510,79.93
98990,2.08
130810,14.54
267509,5.38
187547,29.84
73694,16.99
147250,52.61
214669,1.99
155701,22.14
102805,3.99
268926,7.66
266570,3.68
297607,19.96
217907,13.99
19002,32.3
224763,6.890000000000001
156918,229.21
57561,12.79
113464,5.04
23757,8.99
264876,23.99
200791,19.75
65927,4.9350000000000005
298118,4.305
110618,60.665000000000006
277020,3.22
54574,33.0
240481,12.95
104802,11.84
64204,3.99
264499,29.0
84406,42.99
210823,26.96
282585,2.99
36874,10.03
34209,10.14
247561,2.64
168510,34.99
85187,7.48
62109,16.0
274217,8.99
262142,11.735
240527,62.425
213068,9.99
267853,13.19
190319,32.91
200169,8.97
197879,37.51
272713,8.1
265353,8.71
238249,71.67
112982,8.985
59266,31.99
224587,14.99
225376,13.01
40389,23.02
217805,12.96
232038,14.0
270974,3.995
272173,14.7
258223,1.3
58982,4.44
109117,8.13
113446,27.0
30753,2.19
122886,24.7
48237,3.99
129828,2.38
291235,14.99
142371,29.11
118404,25.76
268603,10.58
139699,33.23
293708,15.32
297517,40.87
54402,34.99
197843,15.21
120429,4.49
208292,58.82
206471,6.19
187480,10.0
140839,22.22
3076,16.97
152247,25.22
6367,2.22
181943,6.99
169575,9.82
139343,1.92
139353,13.99
150361,4.99
180137,34.48
265043,30.735
33081,21.72
208716,11.16
198299,8.99
87753,2.6100000000000003
259164,32.44
169184,22.09
61507,8.49
79104,26.0
249392,19.99
31870,10.69
149778,12.345
76052,8.42
208688,17.99
145074,20.68
42444,4.79
193153,12.0
166864,16.435
288936,30.75
27857,16.495
71571,33.255
286345,69.99
112229,13.99
215179,48.48
245241,15.9
160738,20.44
49931,10.94
221894,2.37
104845,10.99
178490,7.23
101071,231.98
40820,11.5
120556,2.79
170853,4.59
11951,10.73
134971,32.99
107955,4.99
126690,8.49
61571,11.99
2298,20.68
213615,77.98
74933,19.395
214081,26.49
79371,11.985
108219,3.48
227516,2.9
93058,3.935
205410,12.99
122683,11.85
230129,23.91
46634,14.5
7781,45.28
71342,7.49
289763,10.0
123993,17.98
233687,53.28
60451,5.890000000000001
93609,189.28
196288,55.14
287661,5.34
11186,21.875
120394,1.47
248456,2.99
195217,74.35
149118,59.2
239827,54.24
289471,3.24
145589,27.4
180222,6.99
279599,9.75
14488,1.98
26602,11.38
195358,55.92
179421,49.95
274748,11.755
207063,4.87
231136,11.99
258756,6.98
234086,109.99
65826,9.99
101189,14.99
41447,8.9
69938,9.86
135659,19.99
224077,5.98
187202,5.31
273963,50.175
278500,15.815
146805,34.5
269434,27.725
110767,33.99
162366,64.98
208079,19.5
30824,2.33
141045,6.77
81312,3.265
281672,5.220000000000001
111926,6.83
53659,74.0
172970,3.79
23676,50.1
294643,8.195
146197,46.59
270182,14.99
82766,18.51
31123,28.4
34379,4.89
25541,46.525000000000006
63489,19.99
196482,87.6
130780,91.52
25637,69.1
238280,15.52
129905,29.7
111644,4.09
12489,36.16
215118,9.99
110553,10.45
174139,2.73
90894,8.29
223151,1.28
40465,5.79
54771,18.99
144307,52.61
44093,3.5
187536,1.79
127570,8.465
216839,52.49
69107,11.99
276902,26.01
62566,19.98
75346,19.925
53795,29.7
43672,1.28
99424,18.99
20174,64.31
124214,47.39
297153,6.59
80276,14.23
287014,28.98
242987,1.24
104729,39.92
299349,1.945
220564,1.98
14544,11.99
168564,7.69
151800,4.65
210069,3.04
70971,75.71
294832,4.24
263304,76.61
294666,4.02
156970,76.72
127154,3.985
33709,12.79
110319,24.0
62446,24.99
81719,0.99
292320,19.99
37084,2.89
26283,8.58
105770,10.0
63371,15.65
272832,10.0
275311,4.67
114073,58.99
27713,10.09
2804,17.66
71125,45.99
18477,15.8
212503,24.99
196826,9.27
124,30.11
232740,44.99
158007,14.99
210476,19.99
145528,126.3
132935,27.82
38676,25.765
81361,3.26
223189,17.56
247989,9.45
69345,36.99
279377,16.3
146629,83.74
167835,5.29
104117,28.0
131556,7.43
255084,14.49
118677,2.98
126285,26.21
39504,8.89
187118,11.48
78555,21.99
265659,6.19
58056,25.29
81854,2.29
181778,7.39
88883,4.24
189597,6.67
128837,7.99
41651,37.99
216856,11.47
263865,39.99
168812,5.970000000000001
199524,7.4
165318,7.54
179376,22.48
96267,6.99
132693,27.945
201932,19.99
227895,8.75
176888,2.29
12903,18.49
297824,28.99
108220,9.99
233126,4.68
144074,20.68
48585,3.69
36244,8.89
71576,26.99
33432,11.5
290611,9.36
81886,19.145
215627,5.75
164713,35.97
247556,7.48
231161,9.99
2729,35.63
189369,15.955
30599,44.7
50282,47.99
33053,35.77
66066,72.99
71415,23.58
276431,1.99
52915,16.99
275810,2.09
189811,59.95
94759,20.63
289940,26.98
159499,4.79
107172,46.19
252249,18.07
77650,1.69
171962,8.995000000000001
210088,1.475
153109,1.48
209626,54.99
73646,35.99
132432,20.99
278563,1.99
186554,12.99
241343,21.88
212195,84.99
13438,17.99
272049,3.99
174374,1.98
251495,2.39
192567,13.79
248806,13.99
32625,3.16
120981,107.59
77174,7.99
103168,8.99
112250,7.91
166493,7.27
195557,168.49
258197,5.59
247793,6.505000000000001
185912,3.48
49400,39.88
247549,39.99
166529,10.9
102812,4.735
64982,39.99
174066,15.99
56450,58.22
45884,1.52
38773,11.98
256128,5.99
129107,10.985
86771,82.155
114501,122.59
71816,12.855
264801,23.965
282996,3.29
283673,3.99
55241,1.99
206446,19.48
102588,51.99
264318,5.99
112978,12.85
68576,21.8
177245,17.99
265051,7.89
150374,13.29
189754,25.0
58868,13.99
36545,14.99
50901,58.61
249678,189.0
144691,4.34
111536,25.47
44120,13.99
131874,4.93
264096,5.99
55340,15.455
218258,22.5
125999,13.99
230125,24.0
212937,11.46
127253,40.54
279753,2.395
55358,10.99
283954,99.88
168143,16.29
26732,8.85
7446,3.0
248453,5.415
278152,1.96
11787,13.99
203633,27.99
197205,7.69
244093,80.94
142884,50.76
134240,52.65
139508,20.99
11610,7.3
159478,5.88
119439,3.35
31893,3.985
274201,22.36
251511,24.09
3326,7.28
287047,0.97
235104,30.37
222455,27.95
229887,1.29
174837,3.42
69097,15.995
64358,61.49
145672,39.71
233696,9.29
203592,18.99
233285,47.48
233241,7.18
184966,2.24
241284,43.18
86992,1.99
283134,37.425
200955,76.48
156680,3.18
283242,29.86
132415,12.99
228205,3.98
27100,14.955
279316,5.99
235556,31.99
166195,14.99
138366,54.7
170233,8.79
237740,13.8
231935,10.49
16808,27.605
153294,13.99
156254,26.65
9840,18.19
73378,226.49
290192,41.15
121749,3.84
2259,97.46
72197,24.51
240267,24.99
146405,15.32
17382,24.77
61626,34.99
172847,1.86
203391,45.99
244568,16.435
96412,49.99
213620,52.98
220298,10.62
135019,16.99
56496,17.64
154666,4.585
69789,56.11
196994,11.71
126678,59.99
134289,6.24
71137,33.99
65863,44.84
94992,7.27
139338,4.99
271383,10.99
214408,54.88
159845,11.04
132345,13.99
180842,35.46
110313,7.58
182084,4.390000000000001
206114,2.43
130946,43.99
49024,9.99
276641,5.74
163843,6.49
252894,12.1
261394,24.99
232776,29.93
256734,7.99
243749,103.11
47332,8.645
38139,4.98
50739,22.99
87439,5.54
8105,167.61
71603,26.99
218743,7.46
200430,14.98
208827,44.68
28455,5.4
1972,56.01
224777,89.99
235322,22.49
13870,49.99
250000,5.475
26857,50.23
298496,13.99
6905,35.99
34760,4.36
122089,7.64
236268,26.49
212819,13.14
85812,4.2
140852,7.49
220058,2.12
155379,13.24
115315,9.99
238923,11.73
26743,14.99
122361,14.705000000000002
251449,21.17
55827,7.99
18956,76.91
218610,44.34
113452,8.0
290907,9.89
74972,14.99
287288,17.99
16325,31.9
161676,108.75
18082,64.31
142661,29.13
164094,3.49
193347,19.03
35685,59.99
53959,10.99
78496,92.99
119417,25.35
75666,1.99
213853,27.49
244585,33.99
77480,7.24
254513,19.99
143441,5.0
200990,9.99
288813,67.15
278150,8.48
29546,13.99
222276,17.94
69495,33.99
258491,7.640000000000001
103711,7.09
284101,3.57
115119,25.895
144357,86.91
278033,9.95
143828,38.54
111320,53.94
85272,23.89
246158,5.23
212308,21.085
78228,7.57
201180,24.99
193457,12.36
258576,36.39
229498,69.52
161006,222.295
65593,14.29
56157,14.99
154285,1.78
4162,5.465
123944,10.49
248426,14.0
203769,13.99
166085,6.99
268170,5.49
230673,6.31
143604,86.91
168070,42.99
96912,10.99
214562,9.39
235783,11.989999999999998
197947,34.99
75091,2.59
105606,13.94
52542,119.69
163129,18.48
92625,26.27
35465,35.925
57418,30.99
23544,11.96
194652,12.74
154694,38.99
94150,5.99
165394,17.7
891,13.47
37430,9.69
278465,18.88
29549,13.99
9338,10.77
202295,9.74
2609,29.41
112294,2.62
284454,1.72
260660,7.99
152455,16.36
279152,75.08
219560,3.64
286774,7.0
160188,6.32
118989,3.38
167498,19.99
269922,9.89
231892,79.99
67950,13.99
159443,23.49
36884,14.99
52574,24.995
271928,13.49
182445,7.66
251861,10.0
276176,8.595
265684,44.99
192517,7.28
7908,51.28
54835,13.99
30838,9.35
89569,12.99
196981,3.78
53039,12.99
62291,12.02
288764,24.97
283364,2.99
245502,5.975
137402,6.73
200090,3.64
33134,3.13
49604,14.81
154452,39.91
113679,11.99
273743,8.89
187599,5.49
108709,7.99
16161,5.29
63830,12.4
40945,6.64
150532,2.275
65714,14.99
131519,4.4
145345,3.99
151583,10.435
192581,15.49
71844,20.0
69316,6.49
267921,29.98
232726,21.98
261424,5.405
266057,30.24
286836,30.59
220035,16.66
234638,12.99
180298,7.32
109054,20.99
15352,66.99
238842,19.99
138038,10.0
159831,41.21
271506,10.995
286919,28.1
266620,16.99
290418,13.42
146825,80.86
166121,13.5
14905,26.88
226172,59.99
3523,98.99
57636,11.54
236626,33.95
28628,10.21
294822,2.59
156143,28.99
10464,9.98
169796,39.99
240118,39.49
174570,8.09
267062,8.0
64697,19.99
81252,5.6
253647,4.99
267708,4.29
243636,20.69
98750,13.805
5016,2.78
297342,15.47
101295,235.78
91825,7.59
72786,62.98
167045,5.19
986,5.32
170718,3.48
239309,6.845000000000001
140490,1.06
122521,14.295
133209,7.29
137410,3.22
82769,20.495
275776,3.69
4222,10.48
134640,3.99
157373,287.37
62107,18.99
69234,21.0
201916,11.225
51196,94.99
42653,23.99
9638,15.74
108468,32.14
290111,10.28
175867,9.14
21432,17.99
127588,10.99
141849,14.645
228196,29.99
259387,6.66
1077,21.985
207403,39.98
50104,25.0
173162,21.545
86502,16.99
220620,29.82
43134,1.48
148095,4.235
76332,6.57
200552,44.75
98984,22.0
189796,15.91
107793,10.69
203630,34.98
101424,34.99
32490,1.61
174384,3.1100000000000003
227353,40.58
20577,35.93
50006,12.88
217311,84.99
255124,3.99
291137,7.87
72496,54.95
193097,45.99
48704,3.99
205299,29.99
19595,22.95
122995,16.54
60674,16.9
290104,14.99
58981,5.91
81143,12.239999999999998
63793,12.48
31300,0.405
181809,42.98
235240,40.85
145150,46.04
12732,33.0
260870,74.51
21141,26.14
153223,11.695
104860,15.99
255056,32.34
296544,25.380000000000003
284997,4.22
13470,16.23
292600,22.525
102957,45.99
63687,84.99
219748,20.99
26367,38.68
130561,16.95
124010,12.99
178281,68.02
1626,46.64
8347,26.92
267908,64.95
290924,6.745
177556,4.19
297810,7.09
294976,4.29
71969,4.99
62806,38.1
225336,10.47
95230,13.51
82056,4.79
190132,46.99
60642,4.49
153853,12.9
259378,4.99
123275,18.95
247921,14.99
45044,5.28
47858,7.93
158055,5.49
83625,2.96
116798,9.98
135119,48.74
195904,68.36
106749,4.63
30140,6.49
963,19.705
107307,1.99
140204,2.5
92441,11.26
202754,11.5
62634,26.0
237820,69.99
299251,51.8
148784,59.48
202141,13.95
90447,1.48
27258,27.99
176240,30.45
40980,7.49
258205,28.19
90513,38.95
49277,8.3
42170,4.89
4540,51.77
2454,35.47
256496,1.74
92352,43.89
28506,120.0
213028,17.99
100942,14.96
73231,55.0
97214,46.31
289537,7.79
88713,5.29
35889,3.12
225495,2.58
268100,4.77
239289,26.38
104077,14.99
54108,12.99
262529,14.24
265647,3.84
91550,12.73
266770,39.2
208336,8.99
257953,59.99
102923,9.71
121770,16.78
24309,2.59
193230,3.29
195797,66.61
264170,29.705
196567,40.08
69227,26.99
161907,137.11
119116,49.99
248395,31.445
264102,4.89
141183,19.275
245710,28.99
85951,102.18
31274,17.9
51147,3.685
134903,24.99
227316,10.98
100013,7.74
275072,20.815
44335,4.335
76129,12.665
143215,67.74
277747,16.57
45882,3.56
118776,22.0
269694,11.45
11661,8.03
99529,480.0
488,2.78
203242,44.95
185933,6.88
114996,4.97
121466,27.95
166515,8.99
29064,2.28
26886,3.98
155261,32.46
129458,55.0
81691,3.16
293358,43.83
201396,46.405
96036,2.87
15053,4.75
126835,32.18
221010,20.0
212636,2.0
235801,30.95
145302,45.99
295051,10.255
82170,12.0
104072,19.99
257708,16.25
237486,119.24
46412,3.27
118473,18.99
167923,36.36
286545,2.99
60368,36.99
289721,40.0
146414,27.98
164422,26.505000000000003
269602,13.49
298161,7.48
53477,41.1
49793,9.75
288946,32.85
231482,9.99
213548,68.99
171355,1.59
90109,4.14
297394,13.99
28300,7.425000000000001
143798,35.47
242027,27.14
27542,49.99
6287,22.18
114112,4.79
214434,7.19
121866,11.88
80809,12.96
164711,21.99
26030,6.5
217341,3.48
35334,2.965
24299,8.89
227694,11.53
295373,1.75
219674,10.02
280193,22.0
91171,28.945
88428,2.59
128746,18.45
228327,4.88
144362,50.58
263435,1.5
258834,7.95
59817,67.7
53651,14.99
197959,59.35
7999,24.99
47207,12.614999999999998
125898,17.99
14355,25.5
89507,8.04
124074,5.86
34957,36.1
297073,8.84
165884,4.08
49762,9.89
33023,4.23
275203,36.99
152389,17.43
154669,44.51
227617,14.99
266808,27.055
279310,4.390000000000001
117386,11.99
233086,199.99
31875,39.865
283893,4.08
43473,5.09
163492,33.55
116102,10.0
231721,249.17
203659,9.8
280645,14.99
259181,5.56
196770,23.54
17397,19.45
63822,14.925
83734,22.99
212111,56.81999999999999
134012,24.99
153431,5.94
293975,26.06
214824,17.99
31796,14.62
224016,42.02
4510,10.33
187878,36.485
112151,1.925
42686,16.86
10099,31.35
278348,29.630000000000003
61006,40.99
159451,58.46
243773,24.95
20580,12.14
257115,25.99
252706,19.99
133402,111.54
286469,8.93
215904,23.99
169114,10.655
100861,11.95
62678,14.65
187895,17.91
227052,10.99
184520,40.52
289983,3.19
135477,18.7
206391,20.82
220396,25.64
229967,34.99
27222,5.2
294804,41.205
203034,7.39
78253,8.39
219777,61.01
212368,8.99
31747,5.58
152113,526.32
267420,34.655
6545,46.01
88350,14.95
203433,1.87
56699,68.99
259663,21.465
233908,26.98
4511,9.85
22993,34.95
149910,24.59
186315,38.57
130412,218.98
5722,23.99
51537,102.78
40157,8.375
184026,45.99
207199,75.99
176685,8.54
108155,11.68
178591,17.99
172901,3.05
171523,35.49
229105,11.54
54578,3.805
270433,3.97
141085,17.29
247127,2.78
50651,12.95
84062,4.31
106429,22.94
27291,7.99
192440,36.75
117232,38.96
146750,18.47
57441,18.99
659,10.99
201058,52.14
251406,2.825
236605,19.43
48682,5.99
115133,6.99
72877,3.86
92758,10.99
96531,16.985
43599,8.99
68013,53.74
253396,22.81
22828,13.04
55320,14.96
290662,10.8
285161,7.635
167693,6.640000000000001
88084,10.99
244722,19.49
191547,35.11
65504,4.99
119712,5.79
1794,20.68
163968,5.145
21126,54.69
279202,5.895
193775,4.69
222174,26.93
112678,3.99
171118,3.04
167515,3.59
212561,159.98
107371,69.0
191019,7.26
159837,24.09
187314,3.925
145523,50.58
219068,15.99
196379,129.99
99491,81.99
116195,32.99
37398,9.03
239521,7.29
282498,3.54
245744,5.325
192442,18.78
53512,6.62
9924,3.735
34223,8.39
200044,2.18
14278,16.59
17866,21.98
202544,58.99
111148,124.73
205296,11.85
226011,23.34
280596,11.8
298636,15.64
60516,3.75
22511,22.99
16521,52.86
297579,17.84
173906,17.785
45404,6.845000000000001
264555,24.97
168002,11.55
225608,10.96
48003,31.96
103441,12.95
41886,1.4
109275,9.69
131920,14.41
268477,32.99
209213,45.94
166945,34.54
149550,35.63
141977,56.01
80367,16.99
148870,34.5
66753,26.49
207056,1.99
5761,7.725
95686,11.42
124083,9.99
34833,29.99
137631,35.7
198515,26.98
191355,271.32
74105,6.99
244425,17.99
60480,15.225
179643,10.98
65786,8.49
100377,3.99
56871,31.99
40778,10.56
240811,109.99
239196,9.95
58850,6.21
85789,2.29
62174,19.99
287607,2.49
20248,44.85
222828,2.38
105200,8.08
290863,3.49
277116,2.545
114819,47.99
41580,2.505
80342,17.97
277997,2.69
234195,18.69
38477,4.79
277767,0.99
285880,9.99
65904,10.3
201494,11.99
160089,39.14
112799,4.3100000000000005
181969,79.97
51799,6.49
277775,1.59
131588,12.99
228117,52.99
161274,134.06
158281,92.98
61707,5.49
289424,23.435
223740,10.09
272090,14.995
225284,20.44
262870,9.22
264286,7.99
145957,30.83
216849,4.96
189322,8.435
26031,13.625
80015,41.73
173754,42.0
174550,23.32
88651,6.89
41159,16.49
272381,10.49
200450,61.91
226822,7.29
125430,58.19
234028,50.0
108367,13.99
252761,4.87
2119,51.54
48895,10.66
178849,27.89
163145,6.19
277964,7.105
203530,6.58
164694,38.91
255181,128.27
277661,6.49
193880,34.725
32320,16.99
93178,67.81
103156,34.73
148270,21.99
271209,35.745000000000005
240625,6.49
46794,4.31
4897,35.99
27218,1.13
182283,8.99
271404,7.49
274091,6.83
110940,19.12
288150,30.99
296923,14.989999999999998
90466,5.99
169843,110.41
60250,10.0
215271,59.98
39046,25.49
247812,17.13
61179,25.24
114884,19.95
41005,7.279999999999999
280747,24.99
194394,5.0
95857,43.99
264142,32.44
193254,13.98
76667,3.29
34412,1.79
170670,16.4
220469,17.99
289403,14.87
245193,2.9
280760,1.43
10238,6.82
20872,37.63
296402,5.49
195989,94.76
14430,12.95
225076,26.97
66161,28.99
288215,1.54
193937,31.99
153694,5.72
42570,7.49
296545,35.89
53658,51.14
242308,12.95
181908,11.45
183294,14.45
75628,2.99
227699,54.95
70538,14.49
229511,16.93
224818,14.99
263817,13.985
107481,10.09
183100,13.84
259693,12.49
168417,9.17
150007,1.32
207883,109.98
46218,5.19
277843,15.46
149719,46.04
100197,21.0
125538,7.8
133398,50.38
47584,20.48
68529,20.25
108706,14.945
49363,8.69
278867,15.24
142479,30.79
135912,1.52
286415,9.89
206519,30.475
34776,3.595
135018,5.04
54831,13.47
268255,73.98
84616,29.68
135597,71.34
122036,20.99
10682,27.93
209129,6.99
162585,21.85
267424,2.4
283669,18.095
227204,2.04
179588,32.76
6648,6.99
171795,39.150000000000006
114249,3.82
126453,12.47
56130,21.995
93157,6.46
94253,21.455
108146,18.99
180424,5.29
15313,23.49
209798,43.85
69851,10.39
16280,34.99
206614,15.98
41119,40.045
176235,3.285
185694,9.99
93208,12.19
149570,25.99
221045,79.49
111319,5.84
198716,19.99
277592,11.5
59257,12.99
195256,49.72
143945,81.92
262823,9.63
18395,3.93
260979,26.0
139580,8.15
279203,3.69
289002,64.785
19838,31.84
54972,35.67
296220,29.935
80381,16.79
239798,43.69
243101,22.58
44554,10.59
106787,3.29
161154,115.21
41241,104.49
166104,49.88
206210,15.99
28629,10.88
211479,4.24
48913,4.0
103269,36.58
3596,105.89
128790,5.99
64966,19.99
168203,10.52
159994,11.95
135023,32.99
238477,10.99
246421,10.72
179259,32.97
2740,55.93
9292,11.96
270980,14.84
291283,3.35
156343,39.0
281553,38.49
89066,9.1
195233,75.21
14329,24.97
44704,21.46
277750,8.59
71746,17.28
44685,3.1950000000000003
70706,7.385
49656,9.99
66273,18.09
262286,12.239999999999998
150358,2.7
94424,2.28
272341,6.89
225343,7.49
7525,7.69
262281,4.49
47821,5.49
54057,9.99
137316,1.135
203865,25.99
215056,13.96
215331,3.065
20449,29.99
90914,2.9400000000000004
30746,7.96
58993,40.67
253368,6.96
249389,15.99
61620,43.99
68064,38.34
83973,2.745
127249,79.42
28436,11.985
206658,6.29
167504,8.99
237151,24.48
27071,5.5
293740,16.07
48226,3.22
64691,19.95
160084,50.7
71363,4.4
294023,22.46
221652,23.87
150140,3.12
153154,7.775
80716,11.88
218887,122.99
178286,23.0
271537,21.205
169769,140.02
75574,2.99
83612,10.36
137019,12.99
193207,15.06
219164,15.965
253174,7.99
194428,7.19
24480,6.48
283457,2.99
10021,9.49
48348,1.79
227783,18.395
48313,21.99
216004,9.99
178085,8.99
151984,25.7
218094,13.96
61906,14.95
37925,5.705
103587,23.99
244771,11.11
201054,46.99
78333,20.36
65227,9.99
95151,58.16
82724,5.485
107784,14.6
250151,5.175
188442,10.98
75102,4.425
128049,21.95
127442,6.69
137248,2.07
12570,36.99
103090,13.99
276005,4.37
181170,29.94
258170,86.56
280956,11.6
223424,69.95
173149,3.99
174200,4.13
134989,22.97
5691,16.68
86168,81.18
161305,68.45
285443,5.48
209162,22.99
55183,92.28
54477,11.885
142244,38.92
205246,15.0
168946,199.99
244938,11.99
280348,11.49
288594,26.75
247721,3.0
60923,17.25
48650,66.82
250794,17.59
287612,1.97
103737,21.915000000000003
152507,19.14
57469,4.98
20136,93.46
176137,11.99
109468,1.98
169453,13.47
75797,6.49
106989,9.325
119262,23.99
127181,5.74
28686,18.71
25974,7.689999999999999
220757,15.79
36257,4.24
286642,17.43
201990,12.99
223163,13.49
286660,10.61
23722,47.52
175122,6.11
194490,4.37
240500,50.4
6997,84.96
147513,23.0
10151,41.99
96387,6.04
128015,10.99
52857,24.99
225458,18.99
193576,9.99
258882,24.95
223770,2.39
80114,14.99
260893,44.19
293156,9.68
175742,1.1
175991,24.99
139050,22.88
136357,30.11
122532,23.99
110430,53.55
92642,13.07
164913,3.99
140054,2.58
165121,5.69
93169,0.755
146013,32.2
245772,5.99
105375,12.95
159076,2.79
190051,25.11
172664,5.93
15981,2.99
124069,14.92
158574,24.98
4218,19.49
15241,22.97
243424,1.97
29262,6.77
13842,102.96
29156,4.19
235367,116.8
215779,1.98
265500,3.19
53663,23.71
53464,13.985
168322,9.99
229126,2796.0
68588,10.75
107661,26.99
19730,26.14
183882,1.62
227596,14.97
185739,19.9
296857,5.58
1784,20.68
167958,10.95
211906,6.98
134621,1.98
35106,11.59
230495,10.85
289585,24.4
15307,16.5
146435,50.13
81194,6.140000000000001
83851,2.12
96286,13.97
293247,24.99
288505,13.585
111666,24.24
295185,4.050000000000001
177931,15.87
208577,39.87
9735,21.455
211002,2.98
221920,5.94
11611,5.49
254863,32.53
216951,3.78
160906,86.56
45478,4.79
194429,17.7
243868,90.23
161539,117.81
218959,39.36
210871,6.99
172650,23.380000000000003
242079,16.99
177942,12.99
247104,60.19
159391,10.79
158656,19.95
161354,6.99
238627,25.99
62086,14.99
105050,63.0
108703,32.24
4091,35.63
32442,21.99
135776,2.9800000000000004
122107,37.5
203583,2.995
165947,5.49
7716,9.515
189660,24.92
193619,74.45
283463,3.99
150994,38.98
65345,25.06
43099,44.905
144157,5.87
5211,57.0
270039,3.99
216860,8.91
19068,11.255
222801,9.99
23622,81.78
109110,1.62
215480,9.99
106468,3.74
200833,44.32
126996,4.04
106966,11.99
220547,13.98
14965,9.99
138919,5.1
278779,11.62
274791,1.735
287432,10.49
296078,3.89
1898,20.08
82476,7.11
169125,11.25
207575,15.99
26988,4.19
272576,1.69
284784,5.74
241723,2.0
61588,14.99
181472,10.44
74278,60.0
218802,16.375
38313,17.81
111867,15.19
97523,20.805
36475,1.96
35143,32.59
292367,16.68
112552,14.34
126368,8.57
241925,18.94
34580,7.99
129039,29.11
25796,3.46
47637,17.54
83869,27.675
87345,34.99
1801,29.36
123109,2.84
286841,81.795
36832,13.239999999999998
238463,6.94
158362,1.48
196876,29.11
214212,65.26
44451,49.94
88911,4.390000000000001
255487,28.24
48047,5.345000000000001
258275,16.99
282798,1.69
223754,37.45
129069,46.93
265222,6.25
130575,8.035
5759,32.935
208280,63.97
119236,39.43
225540,14.99
48255,10.99
178081,23.92
58378,16.0
46424,145.99
126117,7.95
226687,15.49
255176,35.885000000000005
171271,6.81
169230,1.78
236017,24.95
267579,13.895
227145,4.48
227146,4.99
240796,65.99
282653,2.74
8154,18.95
251623,5.81
238385,11.99
47833,9.23
275781,1.68
277871,3.79
261860,24.99
135812,3.24
195869,81.23
128781,3.51
79251,4.49
177603,52.83
241665,9.94
187918,7.69
180412,26.47
262524,12.99
243840,12.99
231454,17.88
116565,2.96
248085,69.98
68403,40.99
202750,3.54
6096,29.99
179136,30.49
91133,32.12
173606,50.05
296159,8.99
51951,9.99
74238,25.49
130339,47.6
153445,7.095000000000001
173218,5.44
19013,32.3
114207,22.49
249006,8.99
247789,15.28
199897,2.99
78612,3.2
280880,2.89
179466,12.99
95770,19.05
213655,4.48
129722,11.115
41462,21.57
193008,8.49
191936,8.99
139631,15.95
156617,41.88
91383,4.99
32530,24.015
134574,10.05
60597,39.95
239174,11.63
230781,9.99
141192,4.28
125440,16.99
186710,14.94
143950,30.01
157679,122.46
5558,97.46
38142,5.27
263469,13.99
16756,20.54
208896,80.33
126143,5.78
95417,8.5
172564,1.5750000000000002
149347,81.92
128204,7.0
94619,5.29
1362,34.81
265073,12.99
121026,29.95
200105,18.48
44942,1.35
71024,71.86
229617,59.99
8980,31.605
253000,38.03
137239,9.99
272877,16.5
38592,6.99
59985,4.0
19139,3.69
10859,31.64
148241,34.43
49011,11.95
122324,122.29
101318,17.16
22294,24.99
215103,27.15
107805,55.49
175727,4.29
259300,10.49
115261,46.99
26918,4.18
43832,27.13
28045,1.98
158790,3.57
48008,8.49
297947,2.59
204356,58.64
155602,9.98
129118,29.17
113320,9.97
158364,1.48
189466,35.21
110358,7.98
16502,49.99
207349,57.99
224386,1.6800000000000002
10556,22.88
127559,3.09
2501,126.3
273943,39.99
213501,39.99
234041,17.49
261349,184.41
229403,18.985
261258,12.49
136911,119.99
192260,27.44
165255,32.46
142211,67.78
93977,15.79
256860,19.95
165995,23.98
61688,7.715
276384,8.49
153341,13.99
215386,6.25
43121,34.1
54053,12.99
91815,13.735
10254,1.95
36522,16.49
248219,15.41
249709,14.22
278399,9.69
98863,7.69
66939,11.935
196312,142.03
38657,32.0
260919,15.94
34615,4.79
47302,27.99
11081,3.0650000000000004
226085,5.99
222434,12.59
100992,21.99
145645,18.47
81209,2.22
201337,48.99
280084,2.64
72278,5.74
36674,7.73
187413,3.88
33268,10.715
78780,1.59
65784,21.49
173368,1.65
37614,35.74
65740,9.99
253259,2.82
63659,13.95
230772,19.99
126157,28.99
252558,13.02
47484,16.895
39595,3.79
196882,3.405
28785,2.27
158530,9.489999999999998
297618,27.92
157382,120.66
242852,78.4
24070,10.35
200928,29.99
229710,19.97
67308,18.74
275741,3.99
294350,98.86
140433,1.48
246086,102.0
24020,112.08
81325,7.26
216154,3.99
231191,12.17
93257,7.845000000000001
32820,5.99
65647,31.59
180746,6.19
100171,31.73
206362,16.99
171850,3.8
23628,7.1
30771,5.95
119290,9.78
207525,16.99
207411,4.96
208607,14.99
121487,58.84
81404,36.89
123013,9.99
46298,1.735
186469,1.79
52735,18.99
147237,81.92
34013,16.185000000000002
40125,9.76
155974,1.59
234984,16.49
233249,24.88
65684,25.06
193559,12.98
193311,37.625
80372,21.33
256315,11.98
51725,7.98
90641,30.57
190207,7.94
216576,21.96
256343,21.99
32537,33.67
280322,57.62
46843,6.09
161580,32.504999999999995
150934,5.48
237936,19.99
126569,2.09
274613,33.95
206382,24.99
203501,32.99
110033,29.235
189890,126.77
246862,12.99
145361,28.16
141030,13.49
45071,12.95
62470,7.89
153134,7.305
128006,49.99
213006,18.95
193205,6.59
121632,19.99
100503,15.28
239714,5.46
283515,1.935
235356,30.37
253771,9.0
26896,14.89
84730,7.58
212263,10.99
271005,5.79
168599,32.675
153145,14.99
298409,42.73
219003,10.89
63199,14.99
288830,17.99
275305,8.385
299194,7.99
82684,18.54
256572,44.99
274528,31.28
165945,3.085
870,17.96
169786,11.99
125456,8.98
236356,39.99
45089,11.525
36427,7.74
117198,9.68
154586,16.49
79700,25.99
253248,7.91
121264,35.99
286132,1.48
196210,59.7
126231,19.965
178994,11.44
188740,2.99
66943,5.449999999999999
284899,4.09
90038,31.06
244785,3.75
572,5.99
100619,3.99
88438,1.595
197279,44.95
142546,18.55
190851,3.79
133586,7.9
68890,16.99
79429,17.0
72179,19.99
134486,11.09
1778,39.71
53755,38.19
292788,37.97
181202,16.99
53235,12.485
136623,4.64
240646,13.99
111844,11.99
272918,5.68
251517,24.59
239992,48.485
87908,27.635
5964,16.89
133635,13.64
109581,29.99
26879,26.8
111906,7.76
188077,32.99
31637,3.79
294727,13.805
205473,33.99
194879,6.89
147785,35.63
86480,1.97
73891,42.73
61023,39.19
203275,6.09
20987,18.78
193677,24.95
267536,36.045
1225,61.99
223684,4.54
16022,5.49
102520,9.89
261921,48.985
262532,7.92
67252,8.88
277460,5.04
215658,9.59
249809,5.27
121584,106.98
250199,35.99
229795,9.99
245217,12.99
45304,1.89
129582,69.99
250128,13.98
135783,64.99
183553,38.94
67740,11.99
223702,18.19
119335,22.95
211960,66.02
97650,8.24
167772,13.4
81520,1.99
219903,7.5
162208,5.49
173598,83.99
82382,1.34
161419,19.99
139022,215.78
218196,35.99
91763,8.219999999999999
292718,1.42
199710,5.29
24185,14.0
50504,38.82
162451,17.37
169982,6.22
187688,15.685
247818,2.89
32003,15.18
1192,19.99
291325,6.59
172587,7.33
44692,17.61
74700,2.42
17884,20.98
241775,37.95
247385,2.48
24173,7.154999999999999
86213,10.29
194408,9.99
97708,5.795
69129,11.99
233673,93.11
34445,9.84
171514,5.055
43146,13.95
213671,3.99
179942,18.99
252891,30.69
297158,16.965
20845,50.19
155438,5.625
15881,23.99
188312,11.88
240917,295.0
135192,16.72
134816,27.97
47220,28.17
174645,3.665
41003,14.47
211289,43.87
167892,1.49
127801,2.91
267175,7.48
205106,3.99
125262,3.99
141452,4.19
266746,16.26
277590,4.77
124499,37.99
67522,16.27
222814,49.97
244512,42.5
58635,27.48
213954,22.25
93555,32.82
104052,2.99
187554,7.66
36306,5.795
66981,12.75
6603,25.29
64353,13.935
88961,21.69
73688,2.6900000000000004
255418,9.57
14874,14.145
206960,65.0
125816,22.0
245387,24.5
161477,105.24
205707,8.99
268069,29.97
20079,33.5
101632,77.99
221398,7.25
39039,10.78
78296,14.95
159216,4.24
186602,15.95
281734,2.79
197779,2.9850000000000003
1107,15.489999999999998
201902,7.99
106261,18.0
7498,25.0
248723,8.54
48125,5.79
276764,12.48
179052,20.5
98755,5.4
33572,5.76
165252,22.99
208830,39.99
126461,47.86
281121,11.98
91839,1.34
39176,6.27
236553,40.49
174210,76.38
110077,4.56
127493,9.98
135526,7.25
265057,9.96
164027,59.89
228755,9.75
134145,28.99
159068,12.28
62775,9.225
97609,10.89
116901,12.97
140337,2.88
228152,30.99
108239,5.86
204068,2.99
120080,16.13
58103,14.99
23853,21.465
12621,17.51
60671,19.92
203963,52.99
78500,5.29
279840,77.88
113215,7.11
114277,21.99
136847,13.49
147312,20.985
38673,51.49
83228,2.49
258294,6.485
281920,3.28
127031,5.44
251980,40.14
270912,3.97
146178,10.53
110092,5.365
73059,5.94
188793,2.85
79746,9.17
74428,89.39
288447,6.665
179705,30.94
53558,45.91
80906,13.99
191870,1.97
43670,0.6950000000000001
151673,18.49
207655,7.140000000000001
110505,10.44
90104,4.48
247212,32.46
219212,23.99
173141,16.89
31277,25.99
231532,74.98
170950,13.095
123080,1.84
250348,12.49
288824,15.989999999999998
236054,19.2
4729,2.28
132945,30.0
236863,22.99
101285,54.99
186434,3.735
162841,33.14
161968,3.87
286743,25.465
204295,33.730000000000004
129357,50.0
175884,21.99
184762,7.89
55654,84.99
167305,35.99
186530,8.584999999999999
106466,16.99
30510,87.94
50233,7.49
224835,17.98
290795,28.635
222396,2.99
166299,28.96
285044,9.64
203387,17.97
90851,5.95
181110,17.485
299177,5.59
292990,0.89
285075,10.63
235168,35.99
227200,12.92
296416,4.09
298530,20.91
27243,17.76
290161,3.88
114855,1.47
172720,16.445
153667,8.99
112279,25.24
97793,2.285
258497,29.12
106531,37.9
265498,3.415
253305,4.99
27890,18.0
264652,3.49
280785,16.67
194921,79.99
260807,18.99
240384,21.125
11980,23.49
242472,51.99
112991,21.49
56186,33.65
11209,30.185
84145,9.39
126635,2.98
41891,39.99
35924,3.29
251328,17.98
171202,26.5
289773,40.29
236586,28.99
188911,9.99
2122,56.56
62650,29.99
166936,8.99
88581,2.59
190681,8.4
15794,3.99
55615,25.73
209185,4.97
124468,9.99
121852,17.99
250818,72.99
135035,11.55
100602,3.99
120450,41.64
124209,7.99
183021,9.99
82732,1.535
200958,39.99
13083,17.99
142543,55.93
250205,29.22
236577,1.24
270183,14.39
62084,68.45
275341,32.72
193897,13.99
47945,227.18
187339,107.0
94836,10.97
32819,6.115
238058,23.02
173396,14.51
175683,6.6
192736,6.95
200259,10.97
13822,9.79
89572,12.06
179049,2.69
74593,15.97
52993,2.44
227857,17.244999999999997
244072,8.98
291019,98.98
150381,8.49
188582,9.96
105320,7.99
114725,17.95
80121,4.99
168020,60.89
209822,10.0
238093,40.06
164300,5.39
203257,27.29
224830,19.49
148274,6.98
70536,9.99
9619,5.49
135454,21.5
23686,13.19
115082,31.99
58376,11.42
167008,13.61
75319,3.225
156697,118.37
39075,5.11
225523,11.99
78421,2.075
178189,63.96
188415,116.29
273920,21.615
217898,16.59
282412,13.78
286563,8.99
107360,39.99
288467,5.65
290216,20.85
35489,26.9
238312,3.79
210512,1.19
12753,4.99
283239,20.7
74509,1.94
35683,11.89
78083,4.135
6518,7.5
196949,40.41
97610,12.165
94254,24.99
48012,5.29
270056,10.29
187000,2.78
59762,79.985
206523,7.24
176476,37.99
19878,16.82
39406,29.15
240951,350.0
270575,1.59
292279,176.67
237259,12.49
20998,19.6
130319,5.99
35182,5.08
292422,67.0
185650,8.99
4243,22.45
270361,5.17
51156,24.99
37421,2.99
221656,11.5
268864,20.39
64378,9.99
149208,11.99
97090,10.79
90785,6.49
331,8.65
43576,13.72
90527,23.97
64268,24.92
49228,14.99
126570,9.99
76665,5.69
158092,15.0
266226,1.67
164425,16.99
8696,52.49
263708,28.95
231937,3.135
70294,5.89
173706,5.96
142058,38.92
124948,32.99
7968,8.92
214807,5.95
277032,5.99
10825,7.985
18947,2.08
283561,2.39
138511,14.94
358,5.8100000000000005
69233,4.99
141587,7.91
146046,45.27
152023,45.04
289401,8.34
250806,5.3
174714,5.52
21223,5.32
31287,13.95
82993,9.0
273696,4.08
38377,4.49
116206,22.95
109742,92.94
19577,46.93
254128,2.085
104251,7.88
71684,63.21
208928,107.99
24866,8.38
137145,14.21
88298,2.18
208913,14.95
70819,9.19
239303,37.32
258094,17.5
242652,10.0
243804,7.325
167043,8.22
94714,7.99
94397,15.765
136154,3.46
243320,6.79
184775,9.96
224250,6.97
184959,9.46
260626,19.985
153725,7.99
42061,2.99
294332,7.859999999999999
31768,30.515
119969,34.65
26625,29.0
149698,16.77
8262,1.48
219108,49.99
207249,3.1900000000000004
116752,29.77
203090,18.29
45158,6.99
79653,13.275
248901,75.9
40608,13.95
43696,61.34
85972,11.23
63647,29.36
261386,38.54
215387,25.49
235960,9.58
238265,13.99
126226,56.02
162312,36.595
49917,3.625
275895,1.685
136860,5.12
270615,2.29
3352,2.49
292418,61.0
251534,2.9000000000000004
188073,14.99
42004,6.9
74717,26.71
45074,11.99
155020,6.76
297550,32.0
222993,3.59
289307,10.96
213653,8.99
256647,14.95
75260,3.64
211324,14.99
130163,18.09
145186,24.42
121942,95.57
165185,3.68
126245,43.18
287592,46.99
35530,30.53
274262,12.7
287298,9.075
80514,59.99
71742,23.75
224222,5.48
205119,45.02
145422,15.99
210785,20.0
280157,45.99
263401,12.07
198259,24.99
261741,19.5
171994,12.5
130250,6.99
133616,13.97
155029,89.97
280911,6.79
98350,24.14
146858,14.99
174171,88.97
13248,24.95
18724,50.19
58370,18.98
78389,24.99
53062,95.49
220454,15.49
83716,32.45
252846,5.24
133226,21.99
204193,12.99
106746,10.545
124086,45.0
21611,13.69
78427,38.19
96405,6.19
152705,16.22
284180,3.59
20381,36.985
125449,6.98
81669,18.86
52388,28.34
138064,8.99
208853,14.5
87048,91.99
194961,1.25
119159,15.735
26621,4.18
151545,13.99
239140,1.7
92443,13.56
221722,9.285
153429,38.02
221411,24.98
128411,33.21
19408,44.85
71617,5.85
122130,2.18
26837,78.99
173810,18.7
226918,14.99
69869,7.19
22058,30.88
233307,4.59
121203,23.99
168166,11.52
198071,10.99
253964,7.19
48174,4.98
227355,12.99
4054,56.37
170841,15.87
49733,14.99
35989,29.24
127926,24.58
84196,12.45
73713,35.51
204183,36.965
165168,19.5
146864,31.99
216063,21.11
23527,138.13
91584,3.0
5766,74.98
263915,15.19
233411,35.49
277301,10.29
255037,7.98
257237,3.59
262276,13.47
169979,40.24
210981,26.99
156803,258.895
183918,4.235
204582,10.0
237146,20.55
82903,6.195
298499,19.88
129334,17.99
211891,28.9
292331,16.675
215417,9.23
267225,27.135
246836,15.01
84971,19.99
266804,1.02
231662,34.99
77812,212.99
293327,7.32
122204,46.99
164127,100.99
104981,16.95
165548,7.99
181946,11.74
4704,3.89
186732,16.99
235690,22.99
57219,34.49
116115,19.78
25529,16.54
52205,66.4
184763,2.49
9941,49.59
26016,29.99
41853,5.74
292562,10.345
265166,9.99
225615,8.43
240038,4.4350000000000005
208027,75.99
170949,14.99
255491,4.24
105968,29.98
284158,5.22
164031,5.99
223202,1.79
172130,1.86
198502,10.4
186953,4.75
235,15.99
176500,4.955
86684,3.34
217419,9.97
6488,47.48
129423,1.12
123274,9.99
169648,8.93
271183,34.11
167920,2.34
221792,3.79
174721,1.92
2725,45.27
38420,5.87
252530,70.0
160241,2.19
228866,15.87
293152,8.945
130391,8.695
270641,18.54
192841,12.49
82167,2.39
145140,45.27
195347,80.89
54564,28.53
117573,11.49
175094,1.52
280319,4.99
19024,10.99
149672,8.15
73332,11.99
71379,86.72
112931,16.99
61780,5.74
236751,14.99
1510,34.5
262687,8.95
127865,31.85
14670,13.99
49758,17.95
276295,9.325
119398,10.24
221155,16.91
142533,46.04
238911,8.725
261048,35.435
193626,38.505
103435,34.99
249612,5.99
200725,18.99
277993,44.2
61903,16.48
84874,32.49
207532,109.98
279936,2.99
100969,2.39
42562,26.0
206848,149.49
100633,11.78
5649,46.04
266937,45.99
113289,36.99
119423,24.8
184065,8.6
106603,12.99
78869,16.49
39194,11.79
6693,25.99
40059,10.52
265323,32.94
212882,18.895
162752,7.99
171531,2.86
48346,2.01
14764,7.74
67221,13.4
221654,7.39
239709,2.59
156764,83.97
189966,10.79
55896,113.93
220424,28.14
17977,54.27
297770,1.59
253432,8.49
225510,15.384999999999998
248070,21.98
120515,14.99
213750,13.99
14784,15.375
236286,1.25
93096,34.875
276527,18.94
95143,17.265
61042,10.99
69671,45.96
83465,6.49
90834,1.32
259356,31.87
63828,54.95
170542,44.73
293899,4.22
120979,7.99
32500,25.09
189154,48.38
279406,3.22
138777,12.47
198184,83.49
225039,10.98
25594,7.68
99416,16.99
294586,9.98
66875,11.99
78419,6.08
33936,26.315
152535,30.59
85589,28.61
56956,6.485
38001,35.74
249376,23.2
38358,147.77
170811,5.39
163085,7.61
22509,18.99
276101,1.0
55848,55.995
51311,6.99
233518,15.25
142564,38.92
78668,9.0
60826,39.99
12427,37.76
262434,13.49
155686,6.99
81259,5.49
252069,6.77
118929,8.89
129755,12.99
235922,34.49
198870,6.99
217209,2.82
77210,5.55
110261,17.99
15891,27.5
14830,99.91
86585,13.08
36724,21.24
121002,13.99
21937,11.49
81568,7.49
231665,19.99
192230,38.95
219434,39.45
26827,104.07
108152,39.99
268264,3.58
174286,8.39
132564,10.28
202392,16.99
219849,4.495
91854,3.99
178120,3.72
31525,11.2
102564,39.49
237383,7.99
125236,9.79
281165,30.935
57770,3.99
294458,12.48
236297,46.395
196260,66.86
168689,5.97
265863,79.0
296183,10.36
136363,9.47
71278,6.99
177650,4.87
272755,12.93
159726,31.99
25856,5.99
277024,32.24
116203,10.5
126118,7.890000000000001
55034,44.99
226968,13.13
45629,16.95
192129,74.98
243557,24.99
138380,1.75
97485,19.99
110653,1.39
208238,3.51
250400,14.45
228608,5.23
103806,22.95
230185,54.74
80397,5.79
18829,93.46
172824,5.76
232360,13.89
182148,29.76
177494,7.97
281773,2.99
3203,3.89
38915,8.34
42569,3.685
85897,3.4850000000000003
49049,11.37
39294,19.95
140154,16.99
122716,18.01
71838,21.0
207005,8.08
158303,19.865
77224,4.75
58718,33.93
109568,12.0
282692,1.72
254615,17.73
271143,18.99
67038,11.63
285574,5.29
13838,33.44
20471,89.43
139467,19.15
171391,2.59
134530,32.635000000000005
20093,23.36
236938,24.99
3406,7.82
191960,4.99
23994,2.99
87888,1.225
248321,26.96
191151,6.765000000000001
241554,19.33
153469,7.68
98591,3.495
176041,17.99
18977,24.98
40354,8.39
27750,1.94
189775,22.67
76741,21.99
232589,18.99
110044,4.89
231551,6.61
31214,1.645
237531,5.89
164150,7.0
108379,40.685
264661,17.5
43207,9.29
79745,8.9
135273,21.99
213572,15.25
150463,26.99
431,30.41
75309,5.92
89699,2.69
130337,7.49
171176,6.99
237555,21.99
159542,7.18
131337,15.68
129998,19.99
41727,21.925
178458,4.19
282315,14.285
170286,1.24
26310,35.99
216162,206.1
267091,18.99
169878,14.875
140619,31.99
233025,14.99
243273,22.49
277706,36.075
33327,11.49
286235,14.489999999999998
2136,18.13
145870,26.0
69148,9.235
41840,0.41
149350,26.09
233510,14.99
291544,30.49
18565,6.574999999999999
65472,11.94
45902,4.99
218964,29.99
155631,5.425
184503,6.69
68970,19.95
208233,51.99
292416,5.35
71103,8.040000000000001
212515,59.61
166335,8.995000000000001
245128,4.59
201055,46.17
47127,9.495
276627,7.395
183302,10.4
203777,11.98
45011,2.705
50850,20.84
157415,175.69
171203,17.74
246829,34.95
290294,19.28
259462,5.79
93362,25.49
209060,3.98
163657,7.97
96837,5.99
71482,7.51
259152,7.66
230555,18.19
38730,5.975
250181,2.69
243562,10.1
143870,80.86
9898,139.99
103703,37.57
296882,14.245
270802,15.47
93084,12.315
240548,12.78
97019,7.24
147,27.78
84721,15.56
225878,7.6
179713,38.39
204119,28.33
57401,25.99
142367,88.39
14511,17.99
280777,8.8
80757,11.19
136079,3.62
74834,16.99
297110,8.86
218248,19.99
85146,8.99
23374,82.98
130280,118.98
121699,25.99
84867,4.98
79461,10.24
226931,1.49
35124,16.49
257105,23.92
206731,69.58
215247,8.23
99799,5.065
264649,12.155
189735,1.19
190479,3.685
224278,31.99
87375,3.33
245116,5.49
84668,1.79
220569,1.27
5449,83.74
105810,24.0
181095,3.57
1781,45.27
95437,14.635
202809,10.59
189940,18.295
23920,39.95
239145,17.78
295551,39.24
163021,9.44
221638,20.99
228698,23.88
216861,6.39
257770,2.16
266783,5.89
103507,9.215
16949,20.99
244988,14.99
243047,6.0
36357,7.59
295206,1.44
269683,29.67
222329,36.08
112045,8.14
54120,13.95
158052,15.69
49667,42.99
159648,10.535
261840,19.99
21032,19.6
51082,24.99
222570,99.95
260159,10.6
54347,19.99
285902,38.63
298377,4.49
117079,14.99
209695,36.5
151486,24.95
171654,17.4
100089,42.53
285878,6.48
166686,16.42
177622,71.44
164728,39.29
48552,8.05
85052,4.98
198389,3.99
249095,20.49
181770,3.74
247837,29.99
142837,20.27
152253,21.56
75941,15.45
160661,31.63
178537,28.735
220792,21.99
96564,17.99
265762,3.515
8366,15.99
249771,19.99
186215,1.755
33765,99.7
290698,6.99
81080,9.99
58762,36.805
190351,17.99
246786,15.49
101776,21.4
282509,2.4450000000000003
209080,7.99
53287,23.71
227555,6.29
125351,19.07
189376,19.98
288787,18.4
206169,20.375
78773,2.245
293412,18.04
273261,2.33
216376,2.69
189097,11.99
201444,27.11
246397,11.99
96624,1.36
165557,6.96
58562,4.0
101809,26.99
273376,5.02
3395,14.9
68789,31.99
288186,10.435
163828,9.36
82042,4.355
145892,52.61
26802,2.89
40298,6.99
269786,6.9
78919,2.85
272632,15.99
278983,6.49
204419,41.99
101524,14.09
12632,27.99
294564,1.87
221001,59.99
78073,3.04
67866,31.79
136562,28.0
51370,41.99
177610,23.59
212176,76.99
290855,7.165
81643,3.87
242038,81.18
54582,38.1
245572,42.49
93648,8.22
164876,7.49
153332,18.245
102088,6.99
126297,16.99
66735,32.99
92772,8.89
294891,3.97
179437,28.22
146878,97.46
10598,10.265
209595,4.98
73081,49.99
73452,19.99
292003,10.925
182491,10.635
239508,2.22
169944,4.390000000000001
201997,9.95
67554,2.275
229959,14.99
269678,4.66
149598,24.42
190982,11.45
240499,27.5
234931,11.99
171989,85.23
221806,5.0600000000000005
20373,23.42
7366,30.99
252986,11.615
187752,14.35
9789,26.99
205295,3.97
159687,20.635
129318,16.845
258894,40.99
130217,14.99
202797,4.99
41861,7.99
206151,7.69
50691,214.98
166185,22.32
205385,37.62
292377,7.99
218354,23.99
122289,33.0
50991,11.98
168975,5.84
45916,2.24
86106,32.49
240813,21.95
167069,65.75
63262,13.28
207539,29.5
69723,10.64
133548,51.07
122208,21.86
242025,14.0
165307,73.46
286849,1.6
222808,20.63
109545,4.54
35250,1.54
195286,89.02
155275,25.47
163039,11.95
116819,38.99
218514,14.99
197760,13.0
94393,5.695
274482,2.99
94481,13.97
84350,19.22
28117,4.49
168209,47.98
233119,14.99
64675,22.05
177445,44.875
15230,12.99
51971,8.254999999999999
93498,1.585
286505,5.035
28313,3.79
78665,14.975
81994,2.24
281243,7.97
76480,3.89
116295,7.99
2672,46.04
38449,11.78
53431,63.0
73803,25.49
166757,20.495
251559,24.99
136419,17.314999999999998
38504,3.99
118941,22.99
2436,88.39
236804,19.98
204260,3.56
36741,18.0
140187,12.49
106574,25.49
60237,31.9
166770,21.235
18558,32.84
227867,10.99
276267,3.99
266006,20.81
79990,2.28
94584,3.99
279491,30.5
257639,38.94
92977,24.54
169181,31.18
98092,7.19
159155,7.29
217631,3.49
86409,5.74
51438,121.99
161701,97.45
225217,14.84
23478,155.335
240558,27.99
94703,19.95
286722,7.96
238676,32.5
75617,2.44
268341,2.925
38124,20.86
122596,16.895
119626,29.75
212651,65.99
285583,5.82
129194,21.5
278737,47.855
192257,13.28
204770,12.485
68150,21.99
295003,55.72
259174,70.0
168957,4.335
247483,10.76
295230,11.82
71508,3.99
232270,1.39
109548,7.0
97910,14.6
177773,31.99
148708,7.04
83814,4.49
219732,9.99
264137,6.29
24066,14.99
105180,28.89
187816,30.99
10368,7.99
282541,8.99
240677,38.49
242906,3.99
233222,17.99
10842,7.99
67594,14.95
290306,4.44
124823,17.99
205834,16.99
81614,15.97
133151,64.99
177554,5.555
205913,4.32
27637,6.245
52561,22.0
103537,30.48
69883,31.745
39402,1.295
133872,17.5
218928,58.2
219264,12.49
109810,44.95
170370,19.99
217644,16.99
95726,24.93
189765,20.01
135135,9.89
91829,7.59
212041,87.6
76721,13.73
186447,10.99
141968,64.99
184929,3.385
64320,89.97
112435,13.79
211732,55.99
197888,29.99
78652,14.49
120833,78.66
49950,5.555
154905,9.98
194192,10.83
175781,35.87
278450,27.49
1325,5.835
229342,24.81
65432,10.99
134246,14.48
146027,59.2
128299,6.25
75375,6.86
13519,5.925
22255,6.385000000000001
99632,155.83
213187,3.52
149330,26.09
89108,52.0
91888,44.99
165509,3.985
292319,37.99
106150,5.34
79991,3.39
269205,8.71
197551,17.95
170397,1.54
98188,56.99
202166,13.95
26481,2.64
192616,66.5
296143,6.29
26673,11.665
132435,9.145
169724,10.19
297691,14.99
222286,11.23
120341,29.99
63844,22.22
284783,5.3
22163,19.95
96814,6.815
236023,24.99
30605,29.95
248017,5.74
19658,46.93
110718,12.69
60360,91.865
291525,20.385
4744,16.99
206854,148.98
76095,19.84
141018,12.79
116586,19.59
132426,28.98
162949,22.16
291427,444.85
273193,37.835
264021,3.49
33785,8.8
220773,35.94
187242,9.34
191080,8.88
69701,18.8
217440,14.99
275045,23.875
66932,26.995
231236,44.95
109754,78.49
194822,2.98
281884,9.95
265040,9.96
205130,7.99
222982,54.59
277009,9.99
285003,30.18
151231,6.29
77463,1.98
180389,17.0
274504,2.89
128399,17.39
123703,14.99
275322,4.365
205259,9.99
9621,17.485
183146,14.99
150329,6.29
8228,7.45
96295,21.775
276746,12.99
115054,24.49
147613,6.69
230801,5.94
157399,122.53
115215,44.11
284208,3.88
56298,68.99
268005,17.485
293251,8.99
154912,6.970000000000001
293738,25.63
232837,20.99
13571,12.39
41479,5.140000000000001
175753,2.495
170990,14.38
62954,22.08
190694,11.75
28904,1.18
213645,7.99
159121,42.99
296399,13.34
13933,1.0
192910,2.0
111660,14.99
146760,30.98
125738,49.86
181444,2.88
31969,4.05
203604,9.99
3996,29.99
86999,11.3
94387,19.95
231552,44.99
211249,126.99
164026,16.47
183280,8.88
160260,39.88
293634,2.08
274301,7.02
106978,33.775
265851,4.78
111200,4.72
126064,45.27
61257,2.59
139410,22.3
57699,58.99
230545,33.99
72590,93.15
97452,5.36
230934,5.99
96524,22.99
60217,41.84
151344,42.455
56448,2.46
101759,10.01
1997,18.47
130634,16.97
157148,178.94
210214,1.0
139107,24.99
109749,13.88
249816,17.78
103669,9.98
89228,5.825
14359,8.99
112971,21.9
180395,25.0
147141,65.96
214103,12.99
245547,17.78
233433,30.44
278069,12.68
198581,31.42
178619,20.99
35388,2.465
243042,4.22
271579,4.97
221591,16.99
112167,24.99
10041,16.99
176812,4.09
276224,3.065
18536,3.59
215790,11.49
277090,2.685
150637,9.49
162079,11.99
36932,26.67
173987,39.99
291064,8.39
44723,13.99
146487,18.47
151605,179.0
50122,15.0
43781,7.09
175243,13.49
88732,2.52
77066,97.59
285946,11.0
81320,2.34
76139,14.99
32043,1.89
238786,21.49
52699,13.48
233598,6.99
285099,10.15
290313,14.42
74174,71.49
76059,1.565
219889,10.98
116907,16.99
192387,5.49
292656,16.0
67532,9.98
100045,20.85
173894,8.575
170678,9.99
117624,15.98
150173,4.0
179803,8.29
199903,0.64
49335,7.405
179564,30.49
173026,43.99
102493,13.735
274757,5.23
97496,11.49
260752,5.78
103394,21.49
231671,6.55
226662,39.95
278955,31.145000000000003
271610,7.95
97280,2.19
21725,26.34
223092,9.99
214067,4.135
61109,2.3550000000000004
206199,16.57
289476,8.39
212814,11.989999999999998
99282,10.99
246567,26.99
198338,4.640000000000001
232049,3.96
11906,17.99
273089,9.72
215282,26.98
15657,15.97
163092,8.05
115946,9.79
35173,5.49
127236,6.44
168864,5.99
206803,74.98
160975,25.83
197856,15.46
9623,14.99
147352,30.01
183460,6.74
27339,2.38
60559,6.95
101147,39.73
248615,13.18
16755,7.24
64047,6.99
261287,14.99
109770,39.99
186282,48.32
95014,9.74
150126,0.76
238347,9.29
143964,50.76
241828,37.98
264458,0.98
147395,53.01
194283,12.49
212588,9.99
37831,38.12
298745,14.95
50945,382.98
30120,8.34
287565,4.984999999999999
114788,28.45
145549,5.140000000000001
170572,18.81
87078,3.765
121546,39.99
32722,1.46
284348,2.39
115438,51.87
8463,9.52
121995,28.89
272200,1.855
188781,56.53
59934,8.99
101644,33.45
191577,36.49
233003,14.95
282576,4.29
235736,18.41
92803,55.56
159899,11.98
50757,110.99
35273,22.465
192334,5.890000000000001
214317,22.98
53671,3.97
145353,34.0
46203,4.99
198339,37.38
291508,15.99
27695,5.41
110312,25.66
166026,4.64
120576,16.99
270934,14.935
86495,4.99
126217,5.99
290119,33.12
284597,19.07
75326,11.0
3717,26.96
63173,11.0
101432,4.88
216702,29.0
178984,2.99
285289,1.99
241069,8.665
209381,13.68
174033,40.89
65454,34.95
250881,7.34
30345,47.345
264964,77.49
119165,30.75
79726,5.8
283610,15.445
240017,5.380000000000001
210754,109.98
220798,16.95
281756,6.99
151813,9.95
248545,79.99
97629,9.99
107313,1.99
66763,18.98
204027,8.64
202654,37.49
97270,17.625
129087,4.99
22630,86.625
77336,4.99
191338,8.69
183229,44.92
176199,26.93
23012,1.46
58938,30.24
229289,129.99
235280,177.6
133826,18.45
141288,3.77
270831,19.99
7178,17.36
215557,2.495
231250,7.345000000000001
237601,38.0
129845,14.9
172310,7.2
265280,5.8
4979,29.08
185204,4.48
2167,77.04
229496,1.245
111676,29.99
998,57.49
139455,28.45
122517,11.99
2785,9.595
33629,2.25
215143,54.99
131372,44.7
141783,2.98
102684,35.89
260890,5.98
265433,5.03
111737,28.575000000000003
13377,6.965
83365,24.95
29042,3.89
284277,1.3199999999999998
218019,8.99
212247,7.99
274652,3.49
28743,16.99
78998,3.78
91971,30.99
155596,5.945
199401,71.92
238928,2.39
181199,10.99
155041,59.99
237189,16.99
118455,56.74
261947,26.435
292165,4.68
140269,47.0
167526,4.79
254091,22.285
252220,12.86
266639,62.99
161797,94.25
290645,18.49
86708,10.66
149561,36.58
180167,1.44
224262,10.98
34277,5.38
137208,0.37
112775,33.99
31047,16.99
178643,10.0
110784,2.53
109179,38.34
288855,22.985
258595,77.44
160963,42.185
98833,10.99
169444,4.99
131825,8.83
291040,16.0
100745,21.99
261251,1.97
237577,42.99
231998,12.06
130943,11.66
213944,24.97
20774,16.82
136582,4.54
298316,5.37
122070,3.99
165376,31.0
90800,7.9
224607,34.99
223310,29.99
281369,10.49
198423,13.85
41900,13.495
235491,119.64
76774,12.95
117955,52.99
271583,28.99
180605,1.59
113556,12.73
249056,6.99
127730,3.57
138559,37.74
224268,4.98
37317,2.69
170522,44.74
149483,19.62
132620,21.5
190607,17.439999999999998
104102,2.63
88427,4.41
50834,30.99
163499,5.79
57371,22.99
53422,9.98
17076,6.79
48652,7.03
164043,5.41
74862,15.99
6226,32.38
63731,35.76
277398,15.805
105958,23.79
10750,15.775
280824,58.78
147604,40.95
281037,10.99
270308,10.0
100040,22.99
165126,6.39
293032,37.065
45980,2.77
222915,8.39
91697,74.99
195478,54.05
200467,2.99
248557,19.895
203185,35.71
43089,9.95
228344,24.99
282066,4.99
124406,19.99
186037,10.68
26691,32.99
26404,5.0
113058,9.38
82065,7.18
94438,8.755
272295,7.59
36474,2.19
163483,6.34
141332,47.33
162970,18.99
282538,9.99
32738,10.989999999999998
116132,34.75
105199,32.0
189514,12.09
234139,1.865
153302,10.01
222176,4.98
78507,24.59
88727,2.435
72919,25.245
291599,13.48
270824,8.99
282297,15.985
55557,189.0
275177,23.01
223285,3.44
79962,16.4
284166,7.94
186097,51.63
103490,11.47
155799,15.99
296006,6.654999999999999
201631,134.98
12789,2.075
112994,17.98
119274,112.8
155770,8.99
190281,23.67
207428,6.47
266532,137.04
244261,18.28
191989,4.24
275497,11.99
54945,32.99
56266,11.95
134263,29.9
219663,12.99
20046,52.41
282497,21.71
241195,19.99
182710,39.8
295335,48.7
11011,19.45
85969,2.99
60017,6.2
94709,28.99
278733,1.79
255532,39.9
209426,8.99
130073,11.17
6730,29.785
280528,2.93
149433,32.75
100023,23.99
282313,3.64
184261,5.35
192698,85.48
26312,19.03
277604,3.49
260935,81.18
2583,38.54
148776,80.86
11459,5.43
125033,89.24
181205,22.99
140212,25.98
150522,7.49
198586,22.19
241720,15.96
278201,8.6
166284,25.735
256983,16.19
141682,15.99
277078,4.97
9463,3.215
149843,35.47
231632,4.64
61073,25.65
284892,4.24
47217,29.99
236524,25.99
197653,37.12
255133,8.79
132162,4.69
6841,455.2
68599,28.22
12156,14.99
260137,3.99
259242,3.48
140354,11.19
265547,15.71
90469,2.94
293688,12.57
164960,10.99
141721,29.99
70837,20.415
202953,48.5
148336,86.99
167672,6.25
271208,2.58
245120,3.19
130123,13.95
63902,24.99
91643,7.49
87595,7.95
35154,5.47
81190,20.99
230350,44.47
257371,25.255
15200,3.98
135158,3.99
35317,3.99
289430,19.69
27643,4.48
72602,12.99
232813,95.82
154305,16.99
37486,4.555
153032,5.19
188162,16.99
256016,13.95
184124,9.95
188647,8.24
233035,2.99
225764,17.61
109421,65.0
264124,75.35
257092,10.15
167159,4.29
164700,34.99
247296,6.53
110375,24.99
21355,12.49
44461,43.21
171056,1.92
239840,5.74
220355,19.95
129106,6.97
275012,24.99
78322,11.32
128155,29.99
102467,12.48
193487,4.04
6479,4.79
132616,10.265
227611,68.42
191507,24.770000000000003
241767,6.04
143144,7.78
275126,38.94
98543,59.99
154943,9.16
169656,2.12
217976,15.87
84578,9.09
148553,46.64
60284,5.01
84982,5.455
154162,27.99
137363,13.33
212410,11.645
25992,11.25
263543,17.29
263937,9.12
29119,3.69
152526,34.22
271676,13.65
7714,79.95
272927,9.12
188756,5.49
80583,7.48
251189,14.91
112872,15.99
64302,6.9
231299,24.99
89756,13.99
169925,32.99
156982,92.09
38445,17.595
284530,17.169999999999998
170266,1.67
38849,6.48
95158,5.99
3148,29.99
116318,2.48
238487,2.98
104840,11.99
67018,1.79
190918,7.955
57869,19.39
12162,6.48
77679,3.19
119313,3.405
31235,1.59
170962,1.49
4896,5.03
235449,117.69
152033,19.49
9598,9.39
268649,14.99
109445,25.6
106676,21.695
156959,83.68
57510,23.88
178332,104.72
263103,125.96
191847,12.46
28195,6.235
43263,38.99
31887,143.82
141803,17.99
52258,11.99
183792,55.99
87476,38.44
73798,9.99
210856,6.3
72648,29.99
188936,4.19
265862,16.47
57284,16.845
121940,7.97
277,8.0
287101,2.74
268839,5.86
290922,15.265
12042,5.98
100447,24.99
76850,45.075
70977,33.48
135561,25.59
271249,71.99
51041,24.99
143436,29.745
121161,7.99
245773,6.99
142973,77.04
20612,50.03
211212,7.99
206331,12.88
201003,14.99
148606,38.92
150854,33.44
156740,137.78
217808,2.27
265911,34.95
185904,9.995
394,4.74
102309,11.99
109442,25.6
164018,5.140000000000001
183101,26.4
298073,4.58
134127,24.9
243478,2.99
292201,16.0
223039,19.94
25228,26.49
133869,50.465
142659,51.54
243502,8.765
180372,8.535
201113,6.890000000000001
294340,8.98
185804,17.37
212016,118.94
229019,96.98
26103,5.595
62256,56.42
56022,44.99
94300,4.89
30860,2.42
127994,18.99
8750,17.2
225221,3.09
184768,6.99
49090,10.52
51256,36.95
272493,15.97
200850,17.99
38135,5.365
71129,10.25
245789,34.99
51618,8.48
120447,27.4
135885,28.99
38355,5.99
82531,2.99
264176,4.39
232451,5.735
88627,12.84
151085,43.575
2515,53.01
43836,38.71
273902,12.19
282828,1.89
169201,9.115
69779,22.85
173386,6.925
37438,13.72
258274,7.275
81174,5.79
146330,16.99
135176,24.76
127121,25.74
106384,20.49
41236,14.82
227670,17.95
273386,97.26
16184,24.97
115304,14.99
149050,56.37
126429,6.66
214262,21.95
64683,9.565
281545,4.09
75164,13.68
279008,34.17
147147,4.5
201322,7.99
37144,9.79
83358,17.740000000000002
78388,8.265
56652,39.99
167234,70.23
212632,23.98
23193,23.99
192997,2.72
254073,31.13
240077,10.1
176457,39.99
166254,147.8
258389,3.495
40869,12.74
104975,51.19
19378,44.85
288838,17.16
105195,10.74
22545,4.2
166430,14.49
73841,4.49
74074,28.34
130285,3.36
217302,64.99
56974,32.465
95863,9.49
147633,81.92
34748,2.4450000000000003
231292,16.99
174831,3.585
221360,23.5
179313,12.99
63850,13.49
239963,33.99
249956,15.21
232976,19.0
118610,32.95
71050,22.175
251814,5.33
87196,2.275
120116,21.05
46496,4.16
6330,73.99
298763,14.94
237247,62.97
192490,20.41
53989,11.99
62019,14.99
47957,17.23
53956,24.94
214006,50.99
285921,5.84
281224,42.09
253785,28.6
136580,22.995
172800,6.99
15495,14.35
244618,27.0
14424,44.99
236744,14.39
250471,49.96
35395,1.755
104823,18.49
271948,2.39
85199,7.98
131507,10.245
268771,4.91
181523,15.03
170845,67.99
103148,7.99
239571,13.99
167286,2.38
246762,25.44
47748,3.24
197713,5.074999999999999
204577,99.99
175276,3.14
266185,41.61
242611,4.44
141111,60.12
126067,12.48
96810,28.99
103372,11.5
188978,5.99
137143,31.7
195806,1010.54
39111,14.545
269526,18.99
7921,16.99
99679,39.49
210026,43.68
136184,7.48
146708,56.37
46958,14.95
296028,19.0
63018,10.49
275071,9.0
224166,12.18
67626,12.88
241149,9.94
28847,39.33
123396,13.97
253345,10.5
161022,87.385
41925,6.28
248403,9.29
14079,2.19
23058,7.375
229361,4.48
230470,137.38
152570,22.89
264727,3.79
219705,21.82
23644,19.99
297250,10.99
85921,12.985
34298,54.83
193840,4.79
239381,16.49
163601,21.12
122529,8.0
277254,7.99
208134,29.99
115867,7.95
117554,3.99
14681,34.99
136750,5.65
450,19.99
176416,6.79
259502,24.81
98962,16.45
226663,37.74
162520,6.96
868,26.96
129378,3.94
273796,2.38
140693,29.0
143228,9.99
54392,7.99
21445,10.42
157711,6.58
10891,78.99
107053,37.88
55384,38.99
42606,13.87
50405,6.2
100786,13.99
290857,80.38
137176,32.79
167891,45.38
202741,8.99
259914,79.07
190112,123.0
209862,11.255
290723,4.445
195213,127.3
145701,81.92
130054,49.78
224802,6.75
279868,89.99
137528,25.99
181348,11.19
248110,4.98
137281,8.309999999999999
125374,11.19
45214,81.28999999999999
41268,15.28
47071,6.255
74594,3.495
102530,99.99
61890,69.96
50176,26.89
2022,56.01
13506,33.86
229282,49.99
128461,5.425000000000001
246736,58.86
121537,18.99
31897,2.39
185379,16.99
17605,9.37
62911,8.23
51187,8.89
112671,4.14
295224,6.28
15248,19.52
203317,2.155
59384,15.97
289755,9.44
264992,67.48
67280,28.99
119179,13.99
89715,13.85
243187,39.495
250321,5.99
132552,14.39
67770,28.0
192952,43.0
232665,66.41
250741,21.99
80485,12.99
7922,10.49
74672,14.875
120698,51.39
275366,14.55
278699,3.29
130403,4.1
265427,10.0
73835,5.18
185747,11.48
56523,9.99
33460,10.99
272163,22.66
23914,9.98
217222,14.49
134837,0.99
290515,29.83
71928,7.7
22691,3.99
195683,51.54
11331,17.5
118364,29.99
144794,39.14
256830,59.49
23898,49.42999999999999
260320,14.9
72421,32.99
53984,44.95
235739,65.99
258300,6.53
56752,3.99
283764,93.89
129693,12.13
243869,30.94
33270,7.96
113727,13.385
199676,6.6
206633,13.28
36816,12.99
116047,17.5
278419,13.41
242675,13.96
211647,14.19
34302,1.5699999999999998
224574,19.45
6211,164.65
95750,6.99
222733,17.99
198362,38.385000000000005
89097,2.29
180408,5.98
128032,32.585
56226,14.99
110108,24.48
40968,26.6
213358,19.35
99340,34.93
273875,3.39
215029,39.99
151260,7.4
78675,3.25
281424,8.765
101289,114.98
194696,6.99
49983,2.13
155832,18.47
163575,4.37
275145,25.99
24647,32.43
127856,22.01
237968,41.76
275548,9.45
45413,5.19
246712,33.99
172644,12.5
250687,9.99
295870,11.44
41871,13.68
160987,53.275000000000006
125780,4.39
152619,4.745
124201,3.79
114181,5.48
166266,197.16
2861,19.695
236200,34.99
41431,2.765
2225,42.74
272785,10.04
172543,16.49
91095,29.68
250952,9.495
121364,19.99
159811,22.0
115968,13.9
56213,45.99
252413,30.73
91101,30.68
218081,1.76
86283,1.335
97386,14.18
131014,35.94
161428,4.77
7772,6.82
287530,6.49
99984,7.44
155775,4.4350000000000005
248202,40.99
148645,30.98
45499,18.77
209278,73.0
186685,22.88
98450,16.94
185395,22.745
17679,13.645
184255,46.995000000000005
46518,7.79
48768,20.68
94528,9.98
193475,6.99
99794,1.48
12007,39.98
185658,39.99
201077,35.54
175167,5.34
17858,1.36
24215,11.895
47543,19.8
158954,19.355
253711,7.49
274176,9.99
8222,17.99
185844,4.96
33756,4.92
209620,54.99
24376,3.99
149654,4.49
110922,20.5
248457,3.29
34651,17.99
292345,28.01
37991,4.89
218319,12.98
135306,1.67
139217,14.98
220633,101.98
142250,83.74
189239,12.59
94953,2.5
33118,3.77
214898,39.95
272864,18.99
295388,83.12
212439,12.74
219101,18.95
241757,5.69
39003,7.105
217111,2.98
244853,33.99
168258,11.2
281657,3.405
68258,38.09
182793,16.115000000000002
162899,8.66
171107,3.18
85479,21.385
150370,1.08
6581,76.75
236855,9.99
248124,4.98
31218,2.28
276120,1.59
66640,27.99
161431,1.58
124230,9.49
56199,41.94
92121,33.94
71387,55.81
85823,5.18
35815,10.2
78826,10.56
208537,36.32
251574,28.0
217820,120.0
202427,142.49
218437,31.99
83644,14.99
222303,65.06
134149,14.99
111709,74.99
52096,161.97
278481,6.645
147090,4.725
6925,125.29
294519,21.49
246929,24.99
264765,15.49
203747,11.99
52386,45.66
130161,25.0
73175,14.99
110425,44.07
223258,7.83
270490,6.09
22734,22.95
34894,10.6
221139,6.41
234376,12.49
28542,7.59
229222,17.0
199051,30.99
240520,52.125
62304,15.27
24069,7.41
182718,15.28
179221,15.99
256330,4.73
223338,20.82
275244,15.32
63480,14.99
29425,38.95
224371,30.99
263555,8.99
110920,6.99
124915,4.9
27416,28.71
145515,32.2
161555,155.57
97246,97.45
70999,9.09
100938,14.65
33968,1.59
869,26.96
273568,2.435
281399,4.475
43468,15.21
149342,97.46
39599,36.955
236815,21.99
87944,109.41
288902,2.605
62585,7.585
178858,21.015
235414,30.37
73784,33.34
172086,15.99
65474,63.99
55144,15.95
196142,52.0
154816,18.93
261893,7.03
98492,26.49
165934,13.4
156161,21.405
163097,78.97
119371,1.28
158263,4.49
175724,3.99
70042,2.19
222748,8.78
177922,4.92
209046,13.52
79482,0.5
245757,13.99
217699,19.99
280542,15.995
117762,23.75
186839,8.14
116083,26.99
119212,1.265
174730,22.49
281370,9.99
1987,50.58
22158,35.95
121981,107.6
71768,32.99
295390,3.98
245913,12.99
81429,7.49
4635,8.54
1393,20.68
132591,8.95
224499,48.49
243069,16.98
292823,3.48
161719,74.67
91169,29.68
119193,23.99
121643,9.99
166552,28.93
241204,5.29
70273,2.46
282088,9.65
297580,10.075
146254,37.39
49644,6.49
125165,21.99
28110,55.99
154945,13.24
64452,73.89
210881,10.98
270703,12.045
269492,49.705
28227,153.195
259844,1.0
62957,19.51
39629,2.98
245346,29.99
162514,8.56
66298,58.48
250086,31.78
196952,24.255
151551,17.99
277352,13.8
174211,2.405
12053,6.07
288195,16.51
236161,72.98
192326,12.68
205275,22.99
27751,8.79
292361,13.48
274243,11.375
249551,1.57
264362,30.49
203417,2.66
241801,7.625
49618,16.95
135675,29.49
151830,7.5
257321,8.629999999999999
250422,52.07
166183,69.115
292347,22.57
211726,115.99
27732,4.515000000000001
21976,18.5
65589,6.62
16525,7.36
124801,44.9
120602,32.72
48438,2.18
83305,39.89
297464,44.92
237864,14.99
76829,8.74
252145,43.065
249945,3.82
209049,128.99
164795,43.81
186662,19.46
170376,4.97
249837,4.49
24149,6.49
152702,21.555
65062,18.99
286820,41.96
172222,33.84
130298,26.36
152744,38.385
121189,15.18
136903,16.99
137148,8.55
21455,8.49
219206,5.640000000000001
101054,14.5
225390,8.77
259189,29.01
60763,9.51
19000,32.29
130496,16.13
178382,26.99
53265,17.95
71039,5.59
203688,66.95
115636,43.49
148435,57.63
244494,5.36
209362,9.99
153555,2.54
191305,41.64
185364,10.14
134462,17.98
19492,16.82
115243,36.95
6614,4.48
150884,4.47
214728,6.72
166311,6.12
271518,8.3
41766,42.99
68572,45.99
71419,74.0
233636,89.97
219219,38.99
117482,5.37
189484,11.76
225983,7.61
102678,6.18
48586,4.48
264521,4.12
271355,10.805
260671,7.99
114699,24.34
150561,11.51
250096,3.68
161145,63.73
256227,51.99
213111,3.59
158119,6.71
276882,7.29
75225,28.565
10024,11.94
149312,11.38
193364,19.03
255445,6.99
117852,9.99
48497,6.79
180455,4.29
33492,4.59
188230,10.2
69543,9.99
102041,10.99
19611,14.5
199170,7.23
87106,3.93
158956,15.555
105564,15.85
251416,56.0
257097,25.0
41084,2.9800000000000004
10805,46.12
184134,15.99
216538,17.95
243833,20.05
268867,1.0
25116,7.48
20958,16.82
201777,89.99
202758,4.99
205727,3.99
191855,24.76
57962,37.99
105755,2.78
265907,34.89
221068,19.89
159877,19.99
121341,6.140000000000001
198986,31.21
58930,15.864999999999998
58227,4.125
248191,15.74
62749,19.19
254972,2.58
96865,20.99
104165,16.99
91356,11.81
122681,1.09
38738,4.46
54870,40.99
128646,18.49
5640,26.09
205629,41.38
270807,6.9
146693,46.64
224171,25.99
212683,6.21
32164,14.8
157806,6.14
71115,9.29
53452,24.88
177620,2.99
287295,7.645
220896,95.99
261292,10.89
35291,7.505
243331,39.97
174175,96.48
260007,3.91
111450,17.99
229172,16.95
15755,5.99
169582,8.735
203928,20.75
49569,3.19
202367,6.99
101479,231.98
63876,79.99
188251,54.39
48766,3.79
130793,38.29
130728,39.99
125791,13.25
192256,7.76
278945,46.99
143906,72.8
56425,30.49
92722,10.4
26903,12.595
198880,13.62
266831,12.239999999999998
54637,1.895
212586,9.99
73038,20.68
218428,12.93
161373,37.97
53342,19.99
128178,43.99
8844,20.44
254555,10.0
23944,18.98
75106,23.9
134204,7.99
163586,9.93
286631,17.975
170088,11.99
234884,24.79
231117,23.64
28985,5.79
94753,52.95
212491,10.39
124849,11.815
43330,10.44
44471,4.29
182333,13.99
37684,63.49
161300,57.81
160972,31.39
19619,3.095
127550,3.48
108282,5.59
66715,2.74
112432,28.99
36556,20.745
114478,5.32
239510,14.45
71187,13.29
226593,6.315
48246,23.99
115610,15.19
159924,64.99
86744,5.5
166013,23.205
235634,12.99
7515,6.5
152794,2.39
29919,38.1
221186,9.99
148944,17.67
280437,3.69
186107,21.95
250119,7.53
147433,53.01
172419,1.975
202924,21.31
70866,18.99
159321,19.36
33675,6.99
10356,4.69
46302,2.69
96703,3.99
129989,8.99
29996,11.4
218318,7.65
131862,8.99
24528,22.99
247816,3.24
102913,27.99
219372,35.99
218244,39.99
32153,44.45
80292,10.81
18017,50.19
355,42.82
237994,11.325
298638,74.97
135707,12.37
278311,18.92
233104,14.95
217321,17.99
112644,9.38
132615,145.99
146531,24.42
281356,7.84
149627,15.69
74686,44.39
86756,26.99
140897,25.56
156605,60.15
244327,145.5
26810,5.84
124804,6.48
233844,9.79
10616,28.79
208269,8.99
260664,9.49
256718,8.99
71242,38.93
37240,47.605
248137,13.165
282327,8.49
284690,8.99
198020,28.47
119421,24.8
127282,5.29
176381,12.55
154400,0.79
252805,77.49
247803,49.99
201486,32.49
5903,31.99
40207,1.0
138807,46.99
253758,13.98
296851,10.46
246413,19.99
70990,16.5
140508,38.99
154037,59.84
11259,1.89
207704,10.26
197288,24.97
205442,12.99
209980,38.99
207205,47.99
35977,20.49
163300,9.185
140181,31.29
74596,26.285
170420,1.72
186679,22.59
278470,5.79
11314,24.4
101609,28.99
190444,5.58
6317,117.98
116241,4.19
277625,4.46
111398,6.49
1956,38.54
172983,1.32
50554,19.39
210104,7.59
219596,2.87
112261,14.99
63641,21.55
228811,42.99
39712,26.16
46087,3.2750000000000004
181758,10.6
283369,4.22
132151,16.95
126602,76.49
166775,3.47
5298,39.71
242530,5.74
89772,43.12
120373,14.98
150570,6.725
92020,5.7
22513,11.3
17799,3.535
153286,51.7
252160,6.49
44376,8.42
75532,7.065
259274,6.24
177030,47.39
142090,83.74
81366,121.18
117630,7.390000000000001
80953,29.99
222055,39.29
120390,9.47
97402,4.19
19562,54.69
168998,3.05
234584,18.99
79319,3.54
211897,14.99
124413,122.94
163213,4.49
155323,42.95
184592,1.22
178177,63.375
59842,10.99
130173,115.01
186015,11.64
221522,19.85
58320,31.97
230426,38.99
159183,113.98
250200,45.21
125202,14.11
207801,19.99
57035,74.99
102504,6.94
109576,26.91
148236,4.36
272371,18.245
57747,14.97
80187,8.99
170657,1.525
23896,22.54
269003,15.74
287809,13.99
160425,14.99
110851,55.98
203362,19.97
298483,14.9
221844,3.89
58872,17.5
108890,14.93
68092,16.95
236001,31.07
103362,24.68
249001,39.99
87360,8.86
129448,24.115
192038,7.564999999999999
78985,2.3150000000000004
66006,20.25
164174,1.65
165684,12.91
87219,3.59
135297,3.725
264747,5.99
42504,7.25
271680,7.47
45518,26.99
121235,8.24
241117,13.99
187175,7.89
39888,46.78
70429,38.45
279445,4.89
168030,12.64
121967,7.74
126637,1.33
270421,3.225
225184,24.95
214624,3.97
274670,6.915
228109,9.51
209153,23.99
88772,15.98
128819,80.77
246633,10.6
162259,5.99
81195,5.13
269465,26.87
167322,3.74
279961,1.39
278778,5.49
202626,15.69
204604,15.64
176844,6.82
241148,20.13
12562,2.84
81183,24.1
259276,20.5
273707,21.99
58015,46.56
273596,18.99
1936,29.41
60335,17.95
22071,33.0
126609,12.49
298611,12.79
218947,19.68
107296,17.72
180443,5.96
216407,38.99
121068,208.99
238772,9.49
291462,67.99
59783,50.16
261224,7.03
217806,10.99
293784,8.795
52262,7.49
230048,37.99
106784,3.72
61533,20.99
161497,37.815
227625,10.78
280314,3.93
157533,232.38
251709,10.4
57655,3.62
61948,8.99
187629,13.25
208996,3.36
47921,2.48
259881,52.33
174584,2.35
111722,48.29
139991,6.12
277236,2.215
12462,2.41
87979,2.78
137476,9.06
75948,12.18
252218,15.625
213430,5.035
45941,65.99
110980,17.99
114083,4.99
190189,13.98
212948,9.25
12130,22.99
103972,31.0
16774,7.38
191214,15.89
43482,49.99
1182,16.9
148073,14.0
46993,29.62
139846,1.96
158405,13.47
105255,24.24
74098,46.99
121727,5.99
160583,67.23
48997,28.5
244584,34.99
257187,22.83
214250,2.745
163429,2.48
255584,6.99
218946,3.79
269976,24.99
237166,1.25
282592,4.99
211405,53.99
12408,14.99
227571,31.99
220611,26.065
63007,15.489999999999998
23741,18.985
259672,19.99
248279,12.78
20960,33.5
234450,3.99
146899,18.47
621,11.99
284157,3.74
242612,5.69
278478,4.945
21084,37.63
250237,15.09
158925,26.11
292439,25.99
127451,10.03
193961,4.39
101210,199.98
185568,1.99
210967,108.06
210568,8.97
128915,10.66
296052,6.605
159697,5.335
30873,33.23
249025,7.99
93438,39.99
88276,2.39
191693,12.115
87688,2.835
37283,20.7
133320,74.28
207284,48.57
104942,42.83
223107,15.0
137446,17.48
94271,19.99
209970,13.95
133857,30.49
202926,19.99
239652,43.1
184628,22.49
158133,1.89
48059,44.17
92156,6.85
130354,8.735
138596,16.38
57806,14.0
1683,46.8
49590,6.23
124340,4.51
151380,9.89
259460,4.44
49053,27.24
167112,6.69
36358,41.68
159280,2.28
93762,7.675000000000001
50068,49.98
270166,11.99
47440,7.295
41584,8.61
123914,19.95
228365,6.645
194201,13.87
167326,9.89
26410,6.609999999999999
219194,3.89
209734,12.2
292974,0.78
115477,1.995
105124,9.98
282431,1.0
108153,39.89
259764,17.64
104876,4.29
202925,19.99
186148,12.99
155536,8.97
277013,21.29
18755,26.14
197058,3.68
130973,3.92
279483,28.3
37808,3.69
222199,16.99
159489,12.99
36041,52.82
10045,16.99
106169,16.0
107433,34.49
208354,46.99
270939,1.84
81474,8.795
280395,45.36
254392,16.0
112164,71.5
184224,2.425
91020,22.99
190161,17.9
105168,63.58
159246,8.51
11154,5.6
116636,24.99
139811,8.29
236822,3.44
211761,13.99
31228,1.14
198261,124.57
106004,42.545
147811,57.7
109993,20.86
27023,5.09
25861,3.675
57364,98.99
196849,8.15
73418,29.95
114082,5.01
194276,12.49
116525,52.99
41575,10.64
203731,27.305
264896,4.59
161747,42.9
43392,62.03
47122,27.235
204773,7.385
250141,10.87
112204,8.879999999999999
88753,2.4450000000000003
35734,11.99
9594,3.9
93640,19.145
12005,39.98
229657,36.0
141601,52.07
288731,61.2
282706,3.48
192810,9.99
119863,17.93
283492,9.08
203599,41.65
47959,58.15
45746,1.765
140163,3.55
223304,9.97
106875,14.989999999999998
86721,68.73
163921,2.27
22352,6.75
6347,13.49
289031,4.48
119605,54.28
51008,9.27
44438,5.49
57384,37.99
166478,5.74
5812,31.99
26137,32.365
210546,18.88
65519,7.99
192981,34.96
162017,9.48
288243,56.345
111438,31.97
156987,137.94
4049,81.28
47977,10.84
175171,7.49
287276,18.5
207797,34.99
293898,5.87
209407,17.98
180206,10.0
205789,3.39
109377,31.14
203557,7.4
287223,109.73
158217,15.99
240036,5.23
36782,72.99
133011,13.99
266793,1.24
180689,12.99
49424,2.4400000000000004
148528,47.975
44541,40.95
103862,1.99
97339,4.1
27120,18.74
77843,48.99
271746,48.0
118938,9.99
184385,22.74
110278,11.24
94988,41.72
145237,52.61
276108,0.98
184516,14.69
173060,7.29
211170,14.95
20560,4.99
272268,21.59
9908,47.39
107597,34.11
32041,15.9
232143,18.575
285758,4.6
91439,6.64
44500,9.99
203918,29.26
157999,4.99
202681,3.365
209586,4.49
206437,6.99
165817,70.7
173533,2.095
86895,3.98
217416,14.99
1932,97.46
235846,33.99
9570,9.99
223587,8.99
775,27.9
279590,18.95
1266,9.98
236762,4.99
199558,3.49
181380,77.96
82200,2.59
88520,56.72
169604,9.96
213329,14.99
64016,10.98
299048,1.8
159939,29.99
276359,4.9
161957,50.69
121926,5.99
20932,72.93
56418,12.99
210197,19.99
150980,3.785
238496,30.17
290308,15.0
98109,21.75
220557,2.67
118106,151.65
282738,17.54
261799,19.5
204887,16.5
180121,8.64
42096,83.08
243109,29.0
103699,37.57
224917,3.19
240881,1.1
97943,9.22
250445,6.42
98769,24.69
16261,68.99
189000,19.05
240323,41.97
150707,29.99
53553,19.095
2033,72.8
118095,135.92
188391,6.765
238598,15.99
55543,4.85
147367,28.99
51016,30.24
161029,136.23
269659,15.08
28124,1.81
278805,13.73
40930,7.27
152681,6.5
260741,25.92
64131,276.5
26378,3.29
40370,2.29
147498,39.49
289745,14.25
211028,16.380000000000003
58083,15.72
19779,37.63
71105,5.949999999999999
9761,64.49
73279,19.98
239029,33.555
129070,56.0
174633,3.49
75576,2.99
293038,6.98
267820,3.845
191402,6.83
58943,3.79
61740,28.67
64269,46.99
242253,54.015
50919,33.99
156692,138.28
86614,39.99
261667,14.54
29778,32.09
84051,3.84
274511,3.73
179573,28.45
138585,13.96
66121,14.2
64069,9.99
191011,7.435
105470,5.09
293802,21.4
258212,4.22
151360,15.59
68771,5.99
82782,24.95
140906,3.98
145049,56.37
9743,11.99
235575,17.99
189368,5.99
293729,20.73
225037,5.39
34310,20.99
43195,15.815
110399,34.99
203146,33.99
157434,95.25
6414,18.68
172549,5.9
292845,3.49
230557,14.420000000000002
28104,11.885
63622,3.96
139914,13.48
206165,13.99
252975,60.28
217747,15.99
70425,59.99
226985,13.954999999999998
187990,4.06
83443,9.88
57912,7.99
216105,5.29
157500,110.93
7290,4.96
114086,6.09
153001,28.86
173785,27.78
72639,10.8
223437,29.99
155376,7.824999999999999
79034,1.08
56710,24.14
16579,30.9
172700,4.21
123779,41.99
131317,14.99
139923,11.96
240438,38.49
17723,79.99
63979,26.08
113343,8.99
177879,7.79
73323,12.44
285441,1.89
257408,13.57
276208,4.19
54913,22.71
267871,8.99
31890,15.75
270837,58.99
174674,74.31
226919,20.5
211178,29.95
134161,19.8
246544,25.35
281395,0.99
43559,10.43
103739,64.0
15170,3.99
268066,9.97
202311,3.34
127639,12.935
206973,14.99
113159,20.95
151206,4.99
287489,48.0
236129,15.98
208584,19.49
176130,11.99
30281,15.57
203906,3.37
56774,94.97
171326,5.79
140652,8.49
59749,48.06
118213,37.395
86023,3.69
130825,1.26
75307,11.57
271558,7.69
53417,13.36
62992,16.99
173553,31.54
102434,13.99
83887,15.95
163652,44.99
256198,4.0600000000000005
239812,21.94
277466,8.99
226762,17.0
6280,11.435
33594,4.16
99171,1.89
139519,13.67
51767,9.99
58665,16.0
170485,39.99
89753,13.98
68967,28.95
137163,6.12
91848,13.245
252711,19.99
226511,24.49
152498,35.62
113821,24.0
214443,19.315
245933,4.99
172090,32.5
35640,17.49
34387,3.835
202113,16.99
56346,3.79
189463,48.77
205376,19.99
153584,11.64
34625,8.99
169255,3.87
150072,2.5
98228,6.13
297660,22.0
126396,15.9
21184,32.99
64940,39.99
105166,15.105
29775,6.67
1205,13.935
88268,49.99
264850,19.99
207762,22.99
61806,37.57
84878,9.99
97589,5.39
57206,37.78
73878,23.99
62051,15.99
39721,6.37
67781,9.99
16680,16.64
138847,21.79
4939,4.97
281702,8.51
62872,58.99
89208,12.145
211480,6.88
118605,9.965
124205,164.32
268289,7.74
35678,14.99
161866,69.78
268198,10.99
17533,2.99
218225,9.99
85696,1.0
100075,24.29
156348,9.315
155944,3.12
62193,22.9
208164,23.0
262290,33.93
278509,7.99
280695,8.81
264662,13.16
67410,4.76
118470,37.99
69989,2.99
117705,3.37
192984,31.05
41080,22.995
159984,12.98
237854,21.99
253967,22.99
12911,11.24
238501,16.45
261179,4.49
11668,24.39
148444,26.1
141898,6.390000000000001
126950,4.48
129760,14.99
36649,4.99
34621,5.76
272322,5.34
26947,25.655
137149,2.355
121188,7.99
149216,3.785
56502,74.95
43530,3.645
115748,18.99
229824,4.665
137628,33.88
45394,3.59
79265,8.315
269028,20.74
76232,5.59
220218,98.99
256026,17.02
265552,10.44
203535,39.99
201820,2.69
167775,5.19
228775,3.39
38082,4.79
96650,8.425
127595,7.51
102051,9.145
18495,18.47
51852,46.95
97709,25.0
147802,50.58
195765,45.1
125511,79.99
55066,7.98
78542,1.755
271417,74.98
94178,13.989999999999998
57069,12.77
206275,25.99
63623,5.99
26725,10.99
30059,25.48
160541,20.99
248057,9.81
178163,6.234999999999999
289223,27.11
203896,25.95
192813,24.23
189153,2.97
226851,3.39
272490,17.919999999999998
86507,3.26
274737,7.49
177943,9.99
198967,13.12
81978,5.24
144835,39.605
46321,25.99
225674,12.89
261368,14.105
89033,8.38
231682,87.14
268101,43.0
78393,69.99
114927,16.37
137393,5.97
82035,16.36
169388,8.14
147022,32.2
199357,13.63
193309,5.49
215973,45.61
229743,42.07
22696,16.99
26409,50.15
115,10.99
205489,4.47
220223,19.75
17055,64.95
220996,4.22
34088,5.415
58284,32.99
246028,56.99
51157,33.98
27490,5.0
160586,1.52
95971,2.29
296519,14.9
222252,22.4
167945,5.39
287301,11.13
221593,4.49
179706,12.3
62671,15.489999999999998
277048,4.335
277282,14.99
282086,4.99
73227,22.75
109457,29.95
113212,7.23
28220,7.79
25385,11.82
75282,20.3
286225,4.39
129803,33.18
101197,37.95
103880,9.99
186580,2.3
117371,6.95
226291,11.96
118329,25.9
286488,3.74
8115,18.99
236412,7.445
206605,6.48
160496,6.95
200418,3.185
7947,8.58
113167,24.95
54678,3.33
150341,28.4
42918,4.390000000000001
260984,1.69
82147,12.35
194591,5.99
192436,25.13
279201,7.97
202535,165.48
170690,1.69
146376,7.785
37586,4.49
87716,6.53
127942,20.72
166075,8.0
114241,28.27
34435,14.95
67335,20.95
126210,13.18
230883,29.99
162362,23.8
83288,9.99
257706,8.21
249747,34.99
274018,5.29
146558,77.04
117791,3.69
222604,19.99
2591,86.91
2533,67.78
261169,26.94
79762,9.17
139163,68.99
32452,11.995
34751,3.79
207263,44.99
263441,17.84
61512,29.95
142256,56.01
152542,35.41
182356,14.99
97626,10.9
25149,22.95
85446,88.41
295482,14.9
293755,10.59
164663,4.535
37777,42.88
179415,72.4
192359,24.95
149035,94.7
255192,149.86
134072,12.07
182134,61.26
44532,27.87
180354,30.04
180361,22.99
225223,7.49
60912,97.01
243888,15.715
297929,1.29
30563,26.49
88654,7.47
23183,8.26
133433,102.47
50173,35.75
56014,5.3100000000000005
172966,1.79
234842,4.57
58166,6.49
290053,7.0
99619,72.99
55060,8.26
102736,14.99
209246,7.89
278251,9.73
32759,15.23
144109,20.27
290858,7.265000000000001
112942,16.59
149798,10.24
25686,34.95
106396,20.15
229191,11.47
229775,24.99
292979,23.2
115624,13.74
85321,20.295
212024,86.99
202242,13.95
4988,35.99
181109,1.99
297199,13.665
91161,28.33
112423,69.49
139475,19.0
265395,14.99
66515,17.99
295949,1.84
298075,9.49
271923,3.84
56427,19.99
265970,3.715
238654,8.11
113075,0.99
234082,58.99
193722,43.71
6628,5.29
11013,40.0
244452,23.99
123558,12.99
52156,46.9
82128,9.74
256802,10.99
46619,37.94
283584,0.5
266252,4.44
115607,47.690000000000005
105284,7.99
258788,13.045
297387,8.49
175906,2.89
276650,15.81
35765,8.51
173683,9.17
200999,7.97
189983,19.68
250581,24.99
207995,23.5
193800,15.99
134364,7.99
298393,5.075
134427,23.29
160722,37.99
42138,23.645
232980,14.95
226809,21.99
149249,20.98
238764,53.58
211195,11.99
191719,20.65
125833,36.56
117979,10.735
92627,9.49
157037,138.61
119443,23.24
52780,37.0
43661,5.49
103072,4.085
63841,34.01
22375,49.62
158647,7.67
191345,3.79
108372,17.98
175609,2.99
172912,3.0
158383,5.49
118823,3.99
176505,19.135
158676,17.33
285981,20.44
104909,9.44
129481,216.98
85070,3.7
164633,2.69
165273,9.99
138977,7.745
238328,14.795
208705,13.99
190441,2.74
125447,8.98
127641,6.74
282,12.4
98265,46.56
194676,6.49
139288,16.285
6333,2.39
109629,14.48
156537,41.96
33150,22.59
162561,52.99
58401,24.16
255092,10.65
22045,5.61
153803,12.245
227291,19.69
214036,86.27
142415,59.48
170474,53.88
91112,25.58
292179,4.99
154160,9.27
14246,19.495
207427,21.8
36728,31.49
2463,57.63
138637,14.315
38215,34.99
61148,2.49
230123,17.05
254908,10.58
279136,6.08
134628,6.49
103169,6.74
254090,15.38
199062,11.605
266544,242.89
185192,9.99
138882,8.395
39727,37.78
47868,9.85
41062,2.49
289715,26.41
119132,51.99
38113,3.64
132907,8.36
8619,39.99
39515,4.09
99431,18.22
28381,6.64
73489,48.99
258297,9.485
7174,132.32
135866,12.19
12112,4.93
56792,8.99
229868,4.99
98324,7.19
91960,32.99
8318,41.43
292047,4.93
67871,31.49
8667,7.625
283500,1.54
285660,5.09
278598,39.99
280334,18.46
66637,30.245
147486,8.04
53432,106.19
63492,15.39
238891,3.92
191409,17.09
14634,5.975
157728,25.99
36574,33.89
90259,11.43
174138,11.5
130995,15.11
237045,8.73
90025,7.955
44496,2.08
167549,4.67
286121,4.99
14655,8.99
55002,32.49
115828,4.29
43858,68.99
255201,43.99
285450,5.92
134075,14.99
90550,9.685
60677,95.14
222789,14.49
80087,29.76
214301,32.99
132024,58.0
151335,68.99
170364,16.99
123850,28.0
209174,12.17
296394,7.050000000000001
108284,35.99
123895,6.99
262304,5.29
245429,25.99
201992,19.63
290120,19.84
233138,12.99
294311,13.92
142040,86.91
168533,105.585
223486,18.99
200312,13.365
294573,10.94
219544,7.99
213215,9.71
225613,14.99
238664,22.1
163478,13.85
62544,33.95
153380,7.0
231267,14.99
203856,6.04
19397,64.31
292884,5.45
185444,94.09
55375,10.29
188085,14.99
225700,97.99
71166,29.99
190734,11.275
238683,34.45
63781,27.6
97182,24.94
282472,2.19
188112,11.49
113287,7.24
126510,32.99
5921,11.345
32298,0.8200000000000001
214662,2.0
141324,1.94
31754,6.890000000000001
38428,33.99
284302,3.99
128122,18.69
36218,5.59
117445,21.495
67701,29.99
182917,63.37
45417,20.19
28077,40.785
71683,52.15
27263,14.99
180652,5.99
78021,4.51
111285,4.95
259070,13.99
156152,4.745
137598,58.92
134061,27.585
182286,8.99
135862,3.5
120007,2.99
125932,26.2
268138,7.99
267542,21.98
289003,52.915
169196,38.99
15995,48.99
210942,8.37
1674,39.71
292453,3.68
153698,1.54
179456,1.0
98208,1.89
110622,7.74
74571,10.06
224328,14.88
48439,2.715
243022,9.99
131233,39.99
207490,49.98
264901,3.49
227666,41.99
138648,20.77
269688,13.89
112101,51.47
86697,4.235
76191,20.99
214505,23.35
219881,26.445
34856,4.49
147661,50.1
155404,12.94
73589,15.134999999999998
81236,6.5600000000000005
259048,11.82
186495,5.49
117114,1.46
7033,5.140000000000001
176467,3.165
213012,22.46
129332,34.99
55943,6.99
158962,25.32
68142,69.99
71797,26.99
201127,51.28
136279,5.57
147782,39.71
204968,73.295
149586,46.64
4823,5.98
76351,14.47
3612,96.4
160358,17.99
4556,29.13
230984,18.98
280912,17.99
98913,4.35
182117,18.99
283625,55.165
262045,3.97
69005,24.99
3802,35.99
195802,71.06
287613,4.15
71395,20.59
252580,12.01
130826,34.93
123132,16.545
233881,42.98
145089,126.3
63097,44.95
152616,2.89
99683,85.81
32581,8.395
77368,6.69
158049,2.49
155441,29.29
294192,11.14
27128,5.640000000000001
127590,20.105
240693,79.99
197104,75.98
62565,10.98
187556,28.75
98147,22.18
148585,44.99
230806,17.99
137437,29.515
260466,5.13
33970,65.12
252319,42.99
40783,79.98
39325,3.34
24576,1.64
182429,5.66
146393,20.68
43384,8.99
169753,18.91
182905,12.52
236689,144.99
238763,8.99
78528,84.99
257369,22.83
92299,29.99
201843,28.09
132097,19.99
204996,14.99
229296,1.52
16383,35.315
12635,32.99
226110,4.79
192109,74.98
195925,43.1
11588,14.96
2115,53.01
108824,11.99
196117,91.65
266652,20.065
112819,12.99
278316,8.59
275565,12.99
30692,3.065
46643,15.49
218271,10.0
278965,3.89
3641,105.85
185790,8.49
55587,5.99
294705,14.99
146997,59.48
75069,3.26
221653,9.52
236340,24.95
77523,4.455
66237,11.99
92587,13.47
182568,9.995
77309,7.54
4404,45.99
9131,10.0
115349,7.745
150850,13.18
293337,1.42
143378,12.99
87590,7.95
5884,13.56
58683,24.99
88542,28.68
213506,11.105
91823,5.29
219292,34.48
68356,49.99
195173,85.02
139450,2.96
175756,20.73
191797,8.99
195019,6.98
259624,33.425
233316,3.83
188600,12.24
140157,4.71
98038,5.74
283193,26.22
61147,15.25
49451,5.99
253809,4.725
270478,9.65
252330,18.44
56078,4.79
266564,11.33
153428,12.99
26070,2.64
3559,78.66
63258,12.365
77757,13.99
126684,3.34
198000,27.85
67892,32.99
156840,110.05
295393,6.655
16202,1.84
210763,69.98
241974,81.18
253997,15.99
28580,33.5
240967,13.99
248206,13.88
287429,3.68
111236,9.98
48001,10.42
113599,1.655
182679,44.49
133143,39.99
72970,7.99
138842,7.755
179220,4.705
130786,7.59
272962,2.12
63189,12.105
267068,24.99
120139,17.99
206045,2.99
87061,36.95
268920,0.69
286541,4.815
27112,70.715
190825,18.99
24719,7.17
44890,17.07
41557,5.065
44083,5.46
272382,6.29
230676,24.41
148005,50.1
284291,2.89
214394,22.985
11746,14.96
234168,30.125
82211,64.99
131071,19.99
133195,2.04
1637,46.8
210067,3.105
150893,200.23
45818,23.99
48769,4.29
225776,31.49
197960,28.0
39804,14.93
64487,36.0
163732,7.99
187046,7.99
55806,32.99
77003,32.675
58632,6.1
167961,3.13
98889,33.95
7960,1.0
288939,30.75
6979,33.94499999999999
183190,25.25
273249,7.45
63768,13.99
125137,3.34
191032,7.46
224544,41.91
283311,5.98
226444,13.99
287102,5.09
213597,12.99
52150,19.99
179053,12.98
289950,18.195
132529,81.58500000000001
74440,46.99
239486,8.52
178024,6.19
32758,28.49
267158,24.85
225554,2.97
259313,9.99
56748,13.99
21688,38.0
100519,24.3
224051,116.1
117837,13.99
63967,8.02
155459,30.145
40587,17.205
78983,42.99
49251,28.99
225399,13.12
130433,8.69
279251,24.39
5564,18.99
294269,2.635
290848,66.38
118397,8.84
256241,8.59
163432,6.49
55649,39.99
22267,5.39
130789,5.16
297393,14.64
220842,14.88
218973,21.99
78033,2.92
1858,80.86
268671,5.13
134662,15.72
218734,59.49
182935,5.279999999999999
43017,11.92
27152,2.79
64701,6.78
256284,3.27
88320,2.49
156975,131.22
167658,3.52
228865,15.87
207908,24.98
262753,14.99
224819,20.49
90059,26.95
21503,24.99
288390,38.49
33626,2.59
25418,2.0
192033,14.99
57048,14.9
274552,17.04
161582,67.46
147013,97.46
2791,5.24
28833,3.47
137520,18.99
154584,26.99
205139,24.0
51355,32.535
173343,20.09
291845,6.5
76646,34.085
255612,9.18
82305,5.24
113387,25.14
160077,3.19
47334,90.49
234307,0.99
153592,7.58
20779,54.69
287104,3.34
177831,21.95
203492,44.99
10535,3.48
233482,12.79
292326,26.38
46367,7.48
284571,3.74
113310,10.52
169501,3.535
224361,4.975
123861,33.99
141812,75.0
260925,5.19
291594,10.53
282234,2.81
10763,13.99
173048,28.19
12043,3.0
135337,7.49
61676,9.99
120871,7.59
60751,8.99
222414,69.99
134871,27.975
62710,20.09
72748,20.45
256979,1.59
123028,7.32
231852,7.145
233517,16.99
130151,16.435000000000002
25590,6.53
130690,18.99
78327,5.515000000000001
122447,5.75
211816,16.99
61141,4.42
49399,45.89
225973,8.6
159507,5.5
139623,14.16
286181,57.68
252445,3.055
29556,31.540000000000003
165254,32.46
192799,128.98
10246,53.99
279049,62.99
211614,88.99
190417,9.63
162460,7.99
101789,9.49
93879,5.22
15832,44.99
224938,22.435
276616,5.98
120040,4.93
264869,3.84
272798,8.62
403,44.84
142795,56.37
240815,9.99
86410,6.085000000000001
148948,97.46
59109,10.0
285892,12.99
85546,20.67
71199,65.34
50305,79.99
26518,18.49
273905,7.155
93710,6.035
19505,26.14
266097,9.98
223270,34.99
23297,11.1
242494,21.76
284134,11.63
126033,7.95
6234,23.89
19036,19.6
65102,50.99
57295,34.99
75126,12.94
148246,10.875
40998,4.31
16799,3.14
238617,13.49
116466,62.35
260720,47.44
247088,5.98
274624,5.49
299019,2.43
116312,26.99
111772,14.99
16831,7.68
237941,49.49
17846,4.6
91833,10.98
246880,9.995
36976,25.43
133336,28.99
296795,4.449999999999999
88497,67.85
264950,23.99
206395,6.99
80082,19.75
252592,2.165
36945,10.93
288770,10.475
278818,4.79
250344,16.445
95797,37.99
283593,9.364999999999998
245607,33.11
208483,40.49
299138,11.59
241312,39.99
143835,57.63
20524,14.97
176564,9.64
244180,7.985
19818,23.77
282818,9.99
181805,2.31
64310,9.95
150673,6.99
149192,42.11
104895,12.945
119020,9.99
58049,34.37
209657,374.98
88821,4.140000000000001
20837,33.5
92040,6.29
132347,38.99
222213,7.99
249256,12.99
33553,8.91
145046,53.01
216913,16.375
299192,2.98
193564,27.1
187842,19.99
74439,17.95
234106,17.56
257172,13.32
46056,1.54
99141,11.49
153247,7.5
123290,29.99
157874,4.095
149184,34.81
97803,30.95
246057,16.95
139268,56.01
69592,32.385
42902,7.12
187196,3.24
287137,4.37
54767,3.99
294939,1.99
155653,3.86
209427,1.98
140824,10.0
256509,75.24
192142,1.99
265792,42.45
129317,44.42
210297,17.95
146447,53.01
260959,19.0
240751,19.89
267035,14.54
222402,58.59
182264,7.99
171761,38.43
214511,29.97
87585,22.55
188003,6.49
187363,17.95
24736,10.98
85257,14.615
271988,9.99
13640,8.8
235504,16.985
290871,53.35
161479,95.69
185514,4.79
239005,2.0
122711,32.095
204085,6.42
249473,4.890000000000001
53376,5.415
501,5.390000000000001
23964,18.99
184986,9.74
19060,14.725
295558,6.75
38475,16.145
273178,15.72
155728,51.24
80423,158.21
34274,24.57
138089,10.35
67742,17.99
136951,49.79
83003,8.98
232092,3.09
104699,18.94
59506,7.38
135773,16.89
167265,5.83
247314,31.37
181949,4.19
180393,22.7
181390,92.8
264007,30.94
195005,6.33
81709,30.39
173577,7.69
223104,16.99
266817,96.0
102159,22.07
233149,34.065
253674,5.49
59886,5.735
216505,6.78
90434,3.94
131433,31.24
25383,8.03
141537,11.98
18646,23.3
45865,4.69
123171,25.99
18490,45.51
17054,11.75
39649,4.445
31407,2.37
87124,3.09
215060,28.24
78774,2.14
156851,90.66
163447,8.835
212766,78.83
285491,2.79
84900,3.19
275816,9.985
195607,30.42
200332,3.0
110904,26.99
263290,51.49
241368,34.99
150899,4.69
22597,67.99
98717,3.52
99874,9.8
49634,5.94
209731,17.99
275729,2.59
258018,4.74
96572,23.99
44526,37.66
65571,99.99
155311,22.0
67859,40.95
217115,3.94
78911,2.78
43111,10.99
60316,1.54
173076,9.79
152161,25.45
163466,18.95
92799,7.1
147682,45.27
269398,1.59
176007,22.0
222170,24.23
45120,18.545
212090,18.88
238609,10.99
4459,8.485
206574,21.97
60565,24.99
128813,4.95
247416,16.48
118344,4.1
47844,18.19
64123,25.99
208627,30.95
222975,54.59
215647,4.385
250328,9.99
79366,24.95
41757,4.49
62069,12.99
197640,5.49
173600,113.95
134165,32.99
280947,18.91
258625,23.7
31934,15.99
191155,23.96
126036,53.74
242358,12.02
165108,19.58
29068,8.99
212876,26.4
235490,20.99
232787,5.08
261067,29.79
250830,18.99
134984,5.19
37868,13.0
281762,2.79
20440,25.5
181743,12.99
52444,18.99
54845,12.98
135484,21.49
60034,17.95
266437,18.99
119958,10.99
150709,19.74
33647,25.22
28995,4.68
49784,7.85
142669,29.13
231127,29.1
190218,15.12
140832,15.49
77138,3.99
248055,8.99
165067,3.69
27893,19.99
289551,19.49
73882,67.49
137401,1.98
211477,26.99
80311,23.95
62315,59.49
188785,3.94
122210,6.99
247711,8.995
185144,14.0
184792,43.105
195638,30.82
74911,18.99
9971,19.14
254012,3.3
59840,27.175
108975,11.99
189751,10.99
249961,2.99
82824,3.79
124988,10.99
280450,18.185
252395,17.02
146705,97.46
149638,7.98
193501,35.0
174112,14.99
176161,8.45
174409,60.98
52706,45.99
45265,7.645
163654,18.5
146797,50.13
13035,10.99
296161,10.5
146952,18.55
221403,59.98
10383,1.565
100349,8.94
28224,6.12
27963,36.59
244579,29.0
261828,51.125
195312,60.07
276128,2.98
182028,7.345000000000001
258267,11.69
94847,12.58
281513,323.86
247811,75.94
141144,9.55
148752,57.7
174518,13.95
267324,49.29
111190,89.99
298032,27.39
106236,13.99
197697,53.74
38096,5.99
75245,8.2
77100,2.58
118305,18.99
207963,7.689999999999999
171501,6.734999999999999
165360,3.5
228797,35.88
250771,14.865
279441,22.49
20606,38.84
21656,71.99
126568,165.89
17571,14.36
134876,15.95
213149,27.49
148709,86.02
155664,45.15
26898,5.94
260211,58.345
88700,11.24
255140,44.98
251203,9.95
107445,15.99
28870,10.0
138816,5.175
36364,1.75
94878,15.45
43940,6.99
41408,19.95
167588,13.08
279770,19.975
208314,23.5
270000,6.74
176656,13.26
16430,17.63
225578,83.98
145068,46.8
159534,57.715
198788,24.99
255372,20.02
32447,39.14
206016,7.99
108442,17.28
164634,15.48
164611,1.48
240013,10.19
119681,5.99
15073,4.93
78704,2.94
99309,3.98
17089,100.93
250745,11.445
6806,2.515
253170,34.14
285328,17.545
44874,52.79
40444,7.99
192100,63.98
132709,6.29
265542,24.875
259068,6.56
151277,16.005
138039,2.47
180928,25.99
281979,3.58
226464,16.99
83199,33.99
19620,21.99
248498,34.95
140158,23.99
175195,42.95
88239,7.94
197,20.64
99117,35.59
83618,11.09
163577,7.99
75096,37.07
5002,58.6
166818,67.77
215701,74.98
214229,31.95
84307,3.95
281706,6.5
51972,28.99
254566,11.74
240108,19.53
195658,189.9
46028,26.235
67670,6.205
69343,54.99
211880,156.3
223675,9.75
246787,24.95
73507,14.95
138076,72.99
76653,5.24
9848,34.93
269302,2.33
15996,18.625
95937,4.99
156416,10.14
237731,72.45
147925,50.58
261703,16.745
29128,5.97
295671,19.18
171319,2.99
184266,11.93
219767,3.99
230088,29.245
100687,30.17
220645,2.95
247770,77.15
182706,11.04
61366,31.99
233405,49.99
35606,28.33
21286,9.99
145297,45.27
79925,40.900000000000006
200453,16.94
200857,15.99
231563,17.92
15723,11.78
123953,17.99
193358,30.94
224604,7.49
103151,7.220000000000001
106274,42.195
154086,4.0
3592,121.01
136957,8.5
89466,7.04
37263,24.34
193966,53.185
151478,15.5
67098,76.68
124824,22.49
166805,124.45
114989,8.93
53455,44.58
294146,24.2
248956,18.49
203969,16.43
153682,29.97
184758,1.52
163755,13.1
225500,13.23
188995,3.48
205286,12.1
158792,66.095
170191,4.99
147328,38.92
178784,7.09
106902,49.99
117085,4.59
27487,3.59
244075,9.99
276908,19.975
38678,11.54
30689,49.605
177862,13.805
163659,7.94
230731,5.4
72821,86.495
155085,13.99
143529,88.39
5309,55.93
121542,4.82
153201,11.21
157992,5.99
179274,23.0
61834,153.89
56070,6.99
20513,79.87
160913,16.51
290950,29.35
143562,17.97
157887,67.99
275454,8.780000000000001
230589,16.99
71590,4.69
225015,10.98
118726,21.99
102901,7.95
142527,126.3
51867,9.4
235856,24.47
224145,6.19
74028,13.09
4518,2.48
192059,27.39
33015,11.99
210775,148.98
126434,4.13
175062,2.72
56028,3.88
283614,1.73
2530,77.04
39425,22.84
78425,47.49
177261,2.38
117743,169.99
293522,4.59
263732,7.444999999999999
34965,4.93
257235,9.79
144087,27.61
81832,10.0
180469,8.09
83666,72.8
84014,2.2
16207,32.98
178337,28.99
149250,21.47
67192,24.995
297232,2.48
175111,6.99
83681,55.95
83967,5.825
197743,53.835
219743,14.9
191034,7.57
212303,108.49
61709,8.86
257037,10.085
95476,12.96
80927,26.58
130267,18.99
123719,9.78
157194,4.5
130265,17.39
293647,25.95
143317,22.99
99115,7.73
68035,8.99
298625,3.985
160937,15.73
273383,6.6
49425,2.575
183718,3.19
25735,7.13
102283,40.77
118361,29.76
221929,5.665
37635,4.39
18035,44.85
99892,16.95
117732,44.99
136523,3.675
166225,10.99
147695,72.8
271411,19.99
15377,41.99
658,11.24
1295,9.69
187286,3.49
31332,11.07
133546,6.29
199836,18.39
68609,101.04
259121,5.89
140409,41.98
164771,16.65
289344,16.99
71577,36.66
270404,16.0
32582,11.9
100443,4.99
64962,48.95
12837,39.5
180152,20.29
274113,13.95
294513,6.885
250211,41.97
208282,4.66
79816,2.57
198200,69.41
185858,22.99
66466,55.885000000000005
220665,14.99
131324,201.53
48044,28.49
296858,7.43
268433,12.99
35147,49.88
68411,51.03
233183,29.99
150876,9.93
251064,13.99
251645,8.49
44606,9.19
283624,4.29
230295,14.95
6705,4.29
7092,13.0
13671,7.78
107368,8.99
124504,15.66
262540,23.29
267858,6.29
18358,3.1900000000000004
155083,5.57
15715,16.73
205076,9.95
171421,4.585
174832,2.99
92473,24.74
134642,1.42
295478,8.49
290695,10.46
181339,8.74
243735,37.49
10377,5.69
47974,7.9
58709,48.99
130029,32.99
297764,306.0
84510,14.95
215957,14.41
77286,3.0
279762,35.99
276467,2.55
47765,11.235
24323,7.0
52052,12.99
153598,12.325
220475,17.49
201851,1.84
38770,72.49
216784,61.49
133908,3.79
286708,11.99
87902,18.0
184815,8.005
252016,7.03
132217,18.55
135799,19.725
117325,18.99
16215,2.14
124735,29.99
175286,3.99
37357,19.25
296346,4.625
120096,12.48
103074,37.48
13327,39.98
168729,15.489999999999998
270483,4.69
223719,7.0
157751,9.97
17322,7.5
201379,13.625
187074,16.0
75895,5.48
84778,5.37
70446,4.7
211959,38.49
220110,28.48
17524,59.83
68671,34.99
15571,13.53
218925,9.44
150993,7.56
210935,7.77
291061,29.275
43165,9.58
181028,2.17
78792,8.635
104121,10.36
10252,7.98
192019,14.9
187209,12.44
206425,4.93
32372,2.14
273221,6.075
135315,3.88
241378,34.99
120691,25.0
252397,19.49
299370,31.675
248991,9.99
247627,30.56
217662,7.2
110561,19.99
76919,12.79
165936,12.73
216036,13.99
220504,10.78
24345,23.99
292888,68.49
187336,29.99
164674,15.66
43440,6.970000000000001
168245,3.92
138591,36.98
60462,49.625
151009,33.27
4211,1.0
207234,3.95
107558,17.78
232728,11.98
230414,39.0
226827,109.99
14302,8.49
266059,33.29
125181,18.49
292977,14.48
82705,9.45
160671,11.195
213247,13.99
16285,12.99
228069,3.885
50240,25.9
36765,52.83
30738,9.405
74340,129.99
261825,25.94
65459,52.495000000000005
207604,6.74
128162,44.99
148921,6.99
129492,214.98
137266,14.14
130889,23.84
121091,14.665
244353,17.195
6606,16.99
31053,3.4850000000000003
121484,19.99
174019,31.585
281431,4.345
260350,24.99
210081,8.445
44382,10.0
137648,7.79
190062,21.38
12844,3.3150000000000004
9123,6.58
195182,129.76
211708,10.99
102555,9.11
167505,7.89
83002,13.98
83270,4.69
29638,4.99
192592,18.99
56376,3.24
11413,31.49
8043,50.99
142747,15.32
276148,7.28
67253,9.09
54518,18.995
296667,15.0
154088,3.79
65753,7.345000000000001
11622,32.33
199896,6.745
240498,11.239999999999998
298751,22.82
153139,2.79
202057,34.965
295221,20.82
191715,19.99
216394,8.48
296513,23.01
190748,4.59
187865,25.82
249049,12.59
161862,2.69
84308,12.12
294815,5.29
292686,66.49
179494,14.96
250572,29.27
160800,4.99
126469,16.98
266572,33.175
151621,13.77
122147,7.99
160452,1.68
172064,4.69
274949,10.49
188870,15.56
295076,6.615
33127,4.890000000000001
241104,10.0
87461,8.34
262792,42.91
125368,11.99
156567,3.545
21676,6.99
77609,9.03
21954,10.82
117076,6.49
168231,55.435
45289,9.99
257522,54.99
102749,4.34
241168,12.99
58155,28.185
16278,4.615
227545,17.98
99516,71.99
8248,12.99
111807,84.0
90221,35.1
121325,23.69
215778,5.99
296932,17.9
16700,24.21
266311,16.99
228241,25.99
189280,63.49
1250,47.48
277788,93.61
121381,7.99
6442,4.99
292862,2.48
282654,1.39
122966,8.78
285767,21.55
262053,27.99
155084,5.57
133473,8.940000000000001
293155,45.99
235985,4.72
157786,5.0
121098,9.99
137170,11.89
231141,23.33
144795,2.0
24278,33.895
27762,5.9
193436,25.98
213576,14.82
214744,16.43
239251,34.0
268936,2.2350000000000003
32463,6.88
12913,19.0
107298,3.69
223858,8.98
142746,34.5
116628,26.395
259521,43.99
106831,22.36
6602,3.34
234916,19.25
173823,35.77
125569,245.0
45678,11.49
225059,10.98
28225,21.99
257675,15.99
94186,22.0
83609,8.88
149451,41.65
236229,103.98
179882,20.99
252372,76.95
196400,91.65
53526,105.65
204197,4.89
7493,31.24
224682,3.99
259321,8.9
232432,49.755
134180,24.0
121685,212.99
279358,31.415000000000003
169365,3.49
178072,2.99
172535,10.99
250225,10.5
14484,24.93
221235,3.99
64315,1.99
258885,26.99
5929,13.11
169156,32.565
62255,29.88
255805,3.74
263167,6.5
12676,28.94
251643,14.28
227115,48.54
203680,6.49
31599,2.375
38604,9.99
98918,42.120000000000005
145015,57.63
3455,10.26
10472,3.495
116658,19.98
100141,21.0
210939,19.93
235568,19.99
41887,2.0
279496,17.37
258237,54.48
161250,45.0
208992,28.475
8218,10.65
183617,61.17
66485,16.115
154878,5.69
165921,7.5
81188,3.28
146860,24.99
72850,18.48
124142,17.99
58591,26.78
79237,4.99
80182,25.99
172252,9.6
175384,39.05
200922,9.525
127854,3.79
139273,15.01
80685,16.865000000000002
250317,25.41
231656,67.86
217119,2.83
264474,15.0
260945,3.49
289068,42.99
183135,44.99
18650,15.0
276423,1.14
247567,35.71
235727,17.6
153308,14.99
16353,4.88
109492,51.6
153922,44.99
224674,37.16
241178,14.14
281040,8.99
89805,4.26
261154,3.0
199338,28.94
208386,9.114999999999998
242525,16.89
232054,9.99
62141,52.47
288044,25.64
11378,30.45
96734,1.325
280935,10.99
47355,1.48
106984,8.94
91905,32.99
2042,15.32
63459,14.0
109975,10.935
14865,9.35
8126,24.99
281675,13.98
111719,29.99
206098,8.59
220643,12.49
220828,13.99
142655,76.44
21647,8.295
232266,24.95
296403,15.29
236613,33.0
204748,12.99
216923,8.97
262853,35.879999999999995
189613,9.555
192553,7.79
230682,12.99
189113,20.19
178381,30.49
240292,4.825
287318,3.225
140024,34.03
14346,5.24
101905,46.99
286666,3.14
56076,12.3
56730,52.76
101099,1.99
186421,9.99
204489,16.97
147849,56.01
244163,1.97
66480,6.029999999999999
53484,24.95
152447,29.97
76371,2.935
157262,188.47
63030,7.53
20569,10.01
178766,22.47
36543,33.955
282746,4.720000000000001
151730,9.9
38644,3.695
207169,6.79
108639,32.88
215605,5.61
190113,12.5
165972,4.49
6113,91.79
102928,7.49
72972,7.99
63644,64.95
240924,22.99
39765,6.2
154767,43.99
7856,10.99
280225,3.7
31216,5.28
111626,76.99
294664,6.5
239186,40.72
155835,5.895
295254,15.49
202169,26.99
47066,14.99
241042,10.0
26429,18.94
244681,52.08
131021,29.18
219382,11.375
116665,14.0
138576,39.94
89170,7.82
197233,11.025
283579,5.5
124767,8.69
180711,1.36
66503,74.99
6122,37.18
3864,50.58
163910,8.440000000000001
6099,15.39
287925,20.0
86358,18.99
62333,44.99
84303,25.72
265754,4.24
240654,7.21
148685,15.98
166854,29.99
104536,29.49
227209,12.44
296045,6.22
31965,4.19
79545,3.58
147332,51.77
269171,10.615
214925,18.98
164213,14.16
53118,5.29
247164,6.5
236251,8.79
82571,49.56
199468,6.99
49713,2.87
130655,149.99
95502,21.98
272415,70.99
239773,21.99
23335,9.8
172630,11.66
19140,10.99
118373,14.8
31868,25.94
43033,17.815
257020,1.98
107991,14.5
184773,40.95
74671,3.49
199064,24.99
250968,28.99
16028,6.29
95898,9.49
293743,30.18
48126,89.49
96332,2.99
100303,2.9
235383,31.15
31067,5.5
86745,18.49
61315,11.99
57933,5.39
24661,22.95
158308,2.71
6537,107.62
31675,32.57
234716,35.1
251900,9.945
270008,16.215
234021,22.99
169993,18.68
198256,46.69
44839,3.1900000000000004
167963,4.835000000000001
288871,1.59
112405,3.135
241014,16.5
59926,3.99
81223,83.43
123121,26.99
46852,3.69
283155,23.93
282039,7.0
45385,2.79
48622,3.44
195458,44.15
292498,8.545
269059,19.49
39078,4.97
145247,50.58
29503,16.49
191428,29.99
86195,35.04
238942,23.49
49195,5.86
26391,3.155
208068,2.4450000000000003
129825,23.27
43682,30.615
266538,66.98
282678,25.98
68377,19.34
285842,30.655
64194,64.59
132771,5.99
124185,5.89
260259,26.0
298920,8.27
222462,9.9
44563,3.98
244306,45.6
27360,5.390000000000001
136434,2.4400000000000004
34403,3.65
266403,13.95
151142,3.94
65319,34.93
21217,2.29
112780,4.29
264154,2.64
67429,14.49
256783,1.78
150757,8.885
235022,5.710000000000001
68300,23.12
214804,34.9
184965,14.22
118508,19.95
134541,2.14
250735,49.99
56704,95.955
127330,10.9
255631,55.99
264695,89.99
215279,11.98
107318,9.49
185174,6.27
8113,8.48
224990,10.98
241377,18.66
179107,21.99
296046,3.69
104804,16.99
19728,37.63
165110,19.58
165367,3.495
197618,15.99
232162,34.76
256920,39.54
54668,3.375
153285,6.98
176897,4.165
223762,37.45
130573,27.0
3024,18.14
297252,17.71
12865,3.12
232687,1.785
299386,9.99
124262,17.19
218026,5.95
196570,45.84
163474,15.98
220532,8.98
149531,88.39
154876,6.845
298397,5.29
66639,8.39
255281,65.54
289793,3.49
119169,20.0
269589,32.1
41358,9.99
161381,20.0
207734,14.17
191105,51.96
84302,18.06
217568,64.99
286668,3.89
6547,4.49
61211,13.35
186765,7.81
16962,9.6
183660,17.99
42684,8.13
109577,26.91
177386,36.99
186452,1.88
24572,13.0
249471,3.38
42897,28.48
43040,10.54
127627,66.95
150053,17.45
112125,22.99
33426,29.54
85533,9.49
240965,13.99
279829,9.1
199603,5.62
78092,1.42
265158,7.95
288162,1.39
90653,3.32
209692,36.5
261664,33.59
122245,15.8
84129,43.0
244070,19.875
278506,3.52
42840,7.49
271200,10.685
79997,73.8
118739,7.98
64550,21.565
118155,5.49
88460,7.42
178576,10.53
177778,9.99
37295,2.54
252625,16.22
141907,43.95
147622,10.63
238882,13.82
288279,63.04
146700,59.2
261150,2.59
124158,129.99
120745,27.99
256604,24.93
250222,1.79
63767,12.99
15761,58.0
104387,4.13
179211,6.56
62944,15.989999999999998
112159,22.99
168836,2.39
33920,16.99
104219,59.99
74687,8.705
25442,38.55
19113,49.59
11141,31.23
239003,35.885000000000005
299208,54.72
58117,26.995
162294,54.205
212404,117.99
53389,40.73
222831,12.99
122218,40.58
246371,15.0
132583,1.98
11193,1.89
80673,3.69
54893,15.995
69297,25.5
252926,9.875
1081,1.855
10550,15.835
105781,8.49
189627,14.72
2169,72.8
56567,40.42
155487,5.97
295770,8.524999999999999
295758,13.99
242744,12.99
67489,4.47
45405,8.945
273523,3.98
110330,15.25
224900,10.98
289070,57.99
292518,33.99
147969,128.44
148021,38.92
67379,7.19
268711,14.27
12775,1.59
260421,18.99
290317,11.235
8049,155.49
56452,21.5
117726,99.99
69970,24.73
90725,18.49
46146,1.39
209040,9.99
214236,9.17
250447,3.34
19890,37.63
109172,49.985
212746,20.65
15894,77.49
205526,8.29
297432,2.06
89626,37.95
291536,28.265
240075,24.99
233860,1.99
27601,15.05
287557,3.605
25859,4.29
230201,36.99
226569,21.99
279892,25.0
47556,43.99
64928,27.89
102745,7.59
198056,10.73
108966,42.475
156415,14.38
118417,24.36
157291,81.08
148450,12.88
92804,10.58
192624,6.34
118974,9.0
197767,78.72
81791,2.49
64679,16.39
298445,41.99
84532,2.99
294559,26.99
144164,1.49
295167,8.36
160341,54.98
35808,6.09
231326,58.99
253586,34.0
110933,26.46
175836,2.69
200214,5.8
30171,4.99
7000,20.98
292721,0.92
151443,54.99
159785,5.98
294623,9.99
254670,12.99
275174,18.3
9798,16.31
59820,57.28
244278,18.99
84547,5.99
78605,2.095
187147,95.8
151467,223.155
273859,6.59
199993,6.19
109672,39.945
130975,7.93
8663,22.95
72654,4.98
81962,5.16
69095,23.5
15003,18.99
106001,10.98
294252,5.765000000000001
74884,11.03
67604,14.95
187885,4.29
46208,0.39
213777,16.99
134864,21.95
97074,1.99
50934,206.98
185903,2.46
276839,18.94
25585,9.79
174816,5.99
51609,11.59
83843,15.29
112891,5.91
197370,2.47
232128,19.99
192586,13.99
168186,21.175
74701,64.96
134998,26.99
289857,4.99
274479,59.99
294885,46.08
212516,79.49
78520,24.68
140188,12.18
87030,6.3
20742,23.36
217237,9.97
167500,12.95
121336,5.32
15685,13.49
35123,7.89
64434,4.29
63201,28.0
240263,23.95
142898,77.04
203828,7.99
82162,7.49
186860,4.83
172204,11.5
270971,7.98
158729,8.97
215128,13.99
196403,37.95
238513,60.0
134340,11.47
120181,3.695
201768,43.49
36172,3.4
296697,8.53
184079,3.84
298456,4.48
12093,39.98
200510,2.55
276760,9.99
40943,14.99
20173,54.69
195605,54.36
125292,13.81
155546,7.29
71566,6.74
109220,15.49
182246,35.46
166342,1.035
114336,8.88
9207,4.29
273912,3.99
60170,109.99
20434,25.99
253509,19.52
194899,5.69
40781,0.94
161707,83.79499999999999
164485,33.405
50234,10.985
32102,19.97
25077,3.13
209681,21.99
272208,2.19
5347,17.799999999999997
264095,11.87
73636,23.99
165928,6.73
150963,12.92
106211,11.66
255149,8.49
98310,29.99
277362,14.82
216438,85.99
224293,3.72
116098,15.69
112870,15.99
247470,12.37
107961,3.99
201415,166.51999999999998
283768,16.49
288481,36.82
149555,35.0
181851,9.74
37032,6.34
235750,3.31
194123,54.99
237017,4.855
272967,5.29
259440,57.025000000000006
16619,12.99
83448,2.29
275805,4.135
51795,13.99
127235,11.19
289114,18.99
144642,6.88
57096,12.77
42203,95.69
126042,1.72
268878,8.37
107279,37.99
220331,8.05
203528,4.965
179927,5.99
212029,77.98
56610,9.99
299427,2.89
79996,7.38
275853,30.47
21855,9.99
131771,14.96
155526,63.99
77052,5.78
17702,13.245
227324,8.15
298507,13.33
96561,25.03
62826,4.69
123832,19.99
256338,38.99
14401,16.0
234511,59.99
241562,27.99
180456,10.53
268077,25.87
136719,9.52
211907,2.0
185041,11.805
276145,6.09
281896,3.59
30449,3.56
192096,148.98
88417,37.99
13701,24.88
272607,21.95
245890,35.99
235929,22.75
280236,57.34
271797,10.485
292842,7.655
233117,12.12
119994,11.58
9298,13.485
284612,4.29
248614,4.74
181641,3.69
79567,16.99
26441,29.36
140141,31.380000000000003
28046,55.99
42724,11.09
67087,7.99
225651,30.9
243525,48.95
229449,47.99
34780,1.79
92532,40.89
121115,24.93
127138,11.02
29356,12.99
6237,4.39
68121,14.8
263647,7.02
109258,16.56
99000,11.989999999999998
99711,29.590000000000003
248116,6.99
161505,65.0
83474,2.82
158235,3.2
114895,28.135
216768,19.96
282510,1.99
227174,18.95
211992,106.89
39741,6.539999999999999
276460,5.0
50518,3.94
196493,253.05
297338,7.87
295040,8.64
54178,7.255
140683,9.98
271171,28.35
191446,32.99
47826,25.35
60969,14.99
298048,36.25
150807,14.61
124715,7.99
51258,8.79
56277,52.99
253146,6.49
179597,49.67
198890,28.3
43523,4.94
137952,14.95
106430,63.54
126375,14.5
33039,9.88
240309,14.99
74212,40.98
198918,7.12
216846,3.705
196559,59.52
262860,3.79
135897,8.29
266012,23.98
70611,38.965
42080,9.86
112910,29.49
284477,4.345
182644,7.82
80517,39.99
67460,12.95
86203,2.84
28757,4.97
227668,29.99
218940,49.99
283347,5.42
211179,41.99
262316,110.63
241773,24.29
43025,3.78
146641,29.13
262599,32.99
232524,27.99
86431,3.49
263347,15.99
6748,33.99
209800,66.48
181950,26.645
141742,18.275
172138,1.59
254184,15.99
180583,8.99
233653,29.99
162427,9.51
220746,101.98
251083,5.99
7583,0.78
2379,16.77
33032,22.5
165219,2.88
273880,62.93
243759,2.98
30231,6.43
162646,5.48
195013,14.95
142069,24.29
117652,24.99
8812,145.28
229981,17.46
272929,20.79
213717,20.99
123488,5.49
115639,7.0
85051,4.609999999999999
157043,267.3
25110,7.99
199049,10.99
14638,10.0
259664,6.69
210634,32.49
269194,44.49
54311,7.99
279144,98.94
226257,42.875
67161,1.0
210479,10.995
201173,6.99
170960,39.99
6907,35.99
63149,5.29
23009,4.9
246691,7.8
24328,7.78
297774,28.99
139727,7.135
137419,10.66
6130,1.54
31929,7.99
283991,16.605
219579,8.93
82875,9.965
235819,39.99
163905,3.68
249553,1.72
293677,8.34
191808,16.51
160134,20.96
234280,8.99
244758,35.725
38648,22.16
284760,3.98
77762,20.49
268171,11.96
102268,2.865
47518,9.19
292613,6.74
72485,14.79
176816,12.05
249477,4.39
229753,14.99
150000,4.985
13697,28.7
19859,56.84
256539,12.0
223317,25.99
260519,11.35
88017,18.76
265439,5.6
42899,12.8
190305,19.26
110068,15.68
110999,34.99
135087,2.49
21258,21.16
197047,20.49
142634,20.08
267946,14.99
298326,0.96
39224,33.525
218268,14.99
10245,25.97
252148,1.52
168543,40.455
4794,34.99
230977,49.98
228435,31.23
61089,12.0
126089,12.95
38295,5.49
230405,54.15
153089,2.73
116166,2.07
228675,4.44
160573,13.99
227113,9.99
221896,3.54
118764,7.98
66782,7.49
283016,4.44
238998,27.72
127252,62.65
255474,13.38
134597,21.29
204209,10.364999999999998
106167,7.0
128903,6.99
167180,10.22
196219,127.3
246259,12.99
287567,3.74
121733,11.89
165727,26.48
9200,7.16
222960,6.73
139347,38.0
86178,18.49
164331,22.715
33942,12.99
163487,75.0
37315,14.99
5490,2.96
219890,23.0
63147,39.99
148247,17.99
114072,1.99
123956,65.42
256165,14.99
133574,14.78
122267,9.385
145433,11.915
203719,11.95
189366,22.485
96566,14.99
52267,12.48
190302,19.26
148627,29.13
255488,4.99
88196,8.64
247412,3.79
79188,23.44
26459,54.23
182284,9.86
197491,4.79
16690,32.98
225103,12.885000000000002
183445,26.98
171516,1.74
70872,158.35
210216,3.04
277644,5.525
212762,3.145
89637,45.55
106591,8.99
369,17.96
118652,98.24
111328,12.99
174725,3.13
38666,64.56
285997,6.49
111243,27.11
149705,97.46
231613,4.09
7338,14.98
144396,9.99
225631,17.995
131800,26.99
298930,4.99
85814,3.29
127396,105.65
256870,14.98
111175,1.36
257834,2.495
258203,63.42
178422,18.48
140243,15.99
255579,21.73
232086,5.27
15293,4.085
94411,43.94
188165,25.99
219179,2.87
255723,8.99
297812,22.09
159448,51.39
145377,21.98
196161,45.29
230113,23.895000000000003
142967,18.55
166645,7.41
136866,15.365
290751,26.33
267870,7.835
258962,27.6
98685,14.13
293615,6.869999999999999
185725,4.47
54562,19.99
240495,13.035
105163,16.16
59304,33.97
219537,32.99
72924,33.2
202825,5.49
214109,9.8
58863,63.9
235102,37.55
167704,32.95
51787,71.99
18778,50.19
50905,38.02
124882,37.54
225094,10.06
23678,19.1
161664,157.95
178789,7.47
98712,6.640000000000001
125431,20.2
202501,3.97
236029,23.665000000000003
191961,0.94
31619,36.99
84267,9.535
285584,2.99
201328,29.99
46890,29.99
82442,5.59
230994,0.99
156616,110.96
61538,12.93
182190,23.57
133566,20.99
293157,47.99
256792,6.49
219236,5.99
29169,7.29
50208,8.48
5019,7.29
36436,7.29
13540,10.75
120293,8.65
20601,13.245
280705,7.55
228996,12.99
41110,13.2
83989,1.48
217464,15.989999999999998
158679,41.0
64061,9.99
44085,10.0
79551,4.99
69380,27.99
128073,16.0
14644,2.0
177714,3.77
215273,12.98
275872,3.25
139765,93.17
223360,2.74
185767,28.98
29313,20.59
51723,26.98
296256,22.49
249725,9.58
279059,7.390000000000001
45429,7.3
220514,21.94
206882,48.07
267833,9.0
200993,18.95
100363,45.99
62909,7.57
34755,32.21
16200,0.99
101785,21.95
174855,1.84
183856,0.63
18272,64.31
77299,4.29
154877,6.29
62044,14.99
210510,36.99
200763,39.88
198486,19.99
157633,66.78
242940,7.34
103794,22.95
170794,15.94
55727,4.390000000000001
79020,7.99
141327,4.1850000000000005
229360,31.99
159729,27.385
7454,39.99
9917,6.49
275792,17.98
141548,11.48
38332,4.96
48801,13.485
106458,14.99
31094,2.595
119500,29.99
281623,3.98
95871,5.48
77571,7.97
110533,3.48
135078,4.99
257838,3.89
227239,5.395
262161,5.74
20928,33.5
44615,31.99
6538,1.64
54987,39.495000000000005
110200,8.56
238792,4.98
218101,4.125
67578,2.6950000000000003
244989,104.99
39361,5.69
128478,246.53
204918,25.99
168994,4.19
116818,1.14
24324,3.89
74664,19.88
256147,5.29
236975,21.99
121047,33.99
34818,24.59
284060,6.9
240788,55.0
179195,23.95
112966,44.98
119333,7.24
38939,7.585
215892,10.49
246680,104.98
250521,9.58
216575,37.5
174222,84.51
144492,3.085
289399,6.865
142630,42.11
147507,4.015000000000001
259607,49.95
155327,328.6
18620,9.99
183778,11.99
281413,29.99
272332,15.95
179171,15.65
246278,19.1
125307,3.29
4150,20.08
85686,2.99
33591,16.835
151505,33.01
163540,7.47
147984,57.63
84887,24.99
43170,45.99
187845,9.96
292632,1.89
214535,26.98
52856,14.5
120499,9.99
3906,50.81
281510,19.56
271152,22.14
201952,0.72
162121,1.925
11625,32.0
192368,10.0
290177,7.29
63033,34.99
272472,7.5
118666,17.5
159893,11.95
287247,20.99
86225,27.99
147453,15.06
236158,24.99
128629,215.14
146568,18.47
35979,91.69
248863,1.755
240399,88.19
143666,16.77
176038,6.49
178914,18.0
215307,31.44
191449,20.93
34264,84.13
58377,1.49
176082,6.59
42962,12.97
14368,4.89
139036,26.08
54233,24.0
190890,16.49
93818,3.82
113895,129.56
121706,19.99
230196,12.91
62838,8.16
174678,87.45
288766,1.79
8016,32.99
214701,5.59
291111,5.95
264023,10.09
11213,8.42
139122,2.92
108575,1.78
103760,28.89
99312,5.02
233831,20.37
86375,20.5
95355,12.99
175667,48.985
20285,54.27
187395,11.0
205196,21.255000000000003
226375,16.95
225814,9.97
121956,19.82
199614,18.0
85569,12.31
184292,8.5
248303,19.98
36030,93.25
11364,4.96
185354,12.49
154224,19.99
154241,12.989999999999998
149198,52.65
43304,4.23
54996,3.39
274412,4.635
255527,24.95
12443,2.925
75196,10.59
168628,22.99
220582,13.95
295518,7.57
95237,8.98
130911,2.59
198401,26.96
46761,12.325
284343,5.18
289314,2.52
28209,7.51
180197,24.99
60938,6.49
159303,1.52
66075,30.495
128269,41.765
29660,69.38499999999999
159749,15.51
51301,37.99
21504,17.72
167601,10.535
268986,5.98
213569,9.99
56778,72.99
227419,15.0
94311,9.79
200644,3.86
190282,16.99
277740,20.39
47808,5.99
132576,14.3
144098,77.04
81045,8.549999999999999
185167,12.94
175744,14.2
249950,9.24
41492,1.99
265628,3.49
27407,4.09
25121,1.18
244287,1.995
274750,2.79
4784,2.29
34428,14.99
136498,63.99
43537,14.835
192989,7.99
84088,84.3
38122,7.55
112567,14.49
85806,14.37
79180,6.96
118615,5.24
83152,24.99
179778,7.36
27449,29.085
222280,19.55
53976,32.155
62212,9.57
154527,11.21
93718,8.765
182074,9.25
71226,20.93
190968,8.17
274963,5.505
179555,29.99
176787,4.61
102361,36.33
62206,7.47
295143,3.05
160742,111.505
6631,14.79
176958,17.29
76101,52.49
119707,12.99
158365,2.49
291121,11.75
112835,32.35
72546,39.99
269806,8.78
9961,34.94
150609,1.19
83573,7.23
38261,19.630000000000003
163852,7.09
80045,5.99
201027,17.86
13655,1.63
104103,27.99
91677,19.99
259787,18.99
280175,13.99
52291,13.99
139506,7.82
19048,6.72
212654,8.99
242715,34.95
142005,20.27
108910,15.985
144987,50.1
270763,10.3
20669,37.63
120326,71.99
181005,9.44
113127,11.99
268929,6.140000000000001
281495,37.005
291696,30.72
214346,7.0
136740,3.41
60582,4.2
149321,38.54
117406,13.49
38040,10.0
92632,8.0
3689,22.04
255962,2.23
259339,11.32
91346,8.77
167850,35.49
155413,9.95
38535,6.37
233105,16.93
60134,54.99
127514,9.98
68350,9.98
172938,5.66
215488,5.49
221706,33.99
101557,7.49
209075,13.74
181419,11.95
63453,6.855
130405,15.485
250674,8.69
186790,7.71
280859,10.45
8333,13.155
162428,18.99
114665,8.57
297639,29.8
237412,69.99
234263,8.99
151459,13.510000000000002
85129,6.66
202100,16.99
136967,18.49
295666,10.29
127388,23.48
186946,9.99
48760,4.745
90760,10.0
23904,44.95
91719,4.19
37970,6.59
33131,2.92
150100,5.815
202580,15.99
285542,6.815
234571,5.46
228415,27.55
237693,42.0
2848,59.69
133275,17.595
146522,57.63
70777,172.35
114974,27.44
36842,19.465
261555,2.91
276199,2.99
195048,19.0
190655,9.99
41984,5.49
76160,20.05
76213,8.99
23023,12.0
17737,22.99
17566,28.65
197319,42.0
124398,65.61
89666,5.97
24516,14.95
179666,32.98
286852,106.91
242758,3.39
133590,3.88
280681,14.485
253431,38.84
133412,81.78
131561,5.49
228589,43.51
74117,38.49
237813,19.015
46861,14.985
172699,19.99
91519,11.29
251501,2.29
24742,14.49
175102,8.33
192692,22.0
118973,7.49
246446,78.0
231839,19.9
248523,10.235
101222,15.69
127928,8.92
276036,1.48
35926,3.89
57421,17.0
237375,7.99
92683,1.635
2502,46.04
137087,13.65
60743,12.99
227639,13.99
58469,15.0
286798,203.5
101441,28.355
212189,64.51
160546,10.465
290371,11.99
264475,24.11
12028,2.94
235957,31.29
83480,7.13
144159,1.68
295439,5.13
156040,6.29
217997,9.21
49829,1.99
188599,3.86
227446,15.44
285869,15.985
267102,32.99
207592,14.5
154858,3.26
64791,14.0
240355,18.8
163762,38.47
120335,32.99
112304,18.99
181496,13.285
184014,29.33
256490,5.59
229260,30.51
2563,56.37
100525,27.16
186866,27.0
76055,1.605
286546,3.98
51753,36.99
92289,8.89
262622,14.29
149397,26.09
103598,5.13
291312,6.09
241140,9.59
115952,2.135
249638,2.605
285919,9.92
234598,14.39
278809,4.5
52744,19.99
10224,5.19
111675,52.99
176568,13.489999999999998
50498,32.11
112244,20.45
200081,15.98
178624,23.65
298247,13.81
197446,39.29
249385,2.98
258557,8.99
29969,7.49
259344,15.75
6962,8.74
38484,69.99
161265,78.11
215489,9.99
288832,7.8
196545,4.79
20858,19.6
45282,21.02
64916,8.34
52778,30.925
86181,81.18
142771,46.64
52361,22.18
67337,20.95
218938,38.0
170744,4.84
185630,7.98
274112,21.78
292139,7.99
25299,10.2
92396,158.74
130050,106.92
282891,3.59
83885,64.99
214895,69.98
243088,41.38
267359,6.59
228185,9.92
206193,4.715
203775,11.98
149599,50.58
62825,2.89
43317,29.58
86620,38.99
176826,47.52
248821,18.26
51432,22.99
129551,23.365
154520,68.2
291685,16.805
135540,55.99
102525,2.135
97611,13.39
21053,72.93
49546,5.79
27991,1.38
209553,14.99
172653,23.98
195870,57.06
137756,14.28
3865,20.68
295086,3.365
149726,53.01
212156,39.95
246868,58.0
171883,221.85
45779,12.89
24485,29.88
29209,8.58
190698,2.49
54950,14.39
58497,5.99
93551,7.21
452,12.4
164833,6.74
30895,16.83
292432,23.5
199389,12.64
271278,106.69
98617,11.32
125927,21.49
137458,10.13
189778,22.3
152424,47.74
252942,8.31
59644,0.99
36560,29.92
202299,10.0
206029,3.59
52492,16.99
38078,23.880000000000003
266230,1.09
183099,10.9
103225,24.92
221448,10.0
186849,15.89
228642,42.53
270036,3.475
215376,46.0
93161,10.39
289911,2.99
214235,3.46
7527,3.86
87865,3.98
252798,23.94
235681,94.07
290700,4.99
214376,32.21
10411,32.99
101947,30.99
240465,31.495
41735,4.55
85603,43.0
126132,22.49
63858,69.99
80779,3.24
167547,8.25
289912,41.48
42729,10.255
273702,3.79
213913,20.99
187652,12.775
194325,8.46
154397,4.245
233278,39.69
251401,10.36
146908,27.61
156924,97.48
177093,8.49
37862,12.05
284193,4.39
67856,15.34
101862,22.02
59239,29.99
188761,24.89
116418,29.1
155093,104.88
211099,14.49
219641,6.44
13948,16.88
9140,39.99
52198,36.73
55445,93.51
46670,12.935
177655,36.78
215206,33.98
91832,11.69
58179,4.075
295901,1.565
112681,3.9
181141,7.620000000000001
138125,6.61
108888,14.99
54993,48.44
156391,25.0
116649,10.0
52777,13.095
171588,5.99
69026,17.49
152855,13.875
175881,5.87
170099,8.45
173907,48.69
116314,49.06
86104,1.67
206643,47.98
205790,4.985
295847,7.83
176541,9.39
271683,32.71
153091,34.71
137086,14.48
168911,7.5
151639,57.75
156366,9.19
287231,2.5
269952,25.99
42156,5.79
183506,6.99
142892,18.55
100668,18.99
78149,12.79
151406,6.98
67453,23.71
267828,75.24
243741,49.99
45971,17.21
85102,5.115
183029,9.96
246998,18.975
76106,19.97
273275,14.47
190044,25.815
289645,47.99
167110,5.2
120220,6.99
195140,14.685
206032,2.23
185570,6.93
229548,9.415
126977,19.9
30315,68.29
86309,1.33
121262,33.99
199290,5.69
126527,28.99
275156,65.36
269788,4.79
111327,59.94
40430,4.449999999999999
46740,18.63
85135,3.49
20237,72.93
268701,2.0
191729,9.97
106608,34.245000000000005
84894,19.99
42173,8.68
109561,2.0
215343,4.83
265200,16.99
255468,8.5
132308,62.45
166732,267.395
206560,11.99
189293,159.84
267044,81.59
59408,17.99
12575,10.085
266061,18.105
940,70.49
195037,8.88
190596,2.48
136087,7.95
188885,27.39
182683,4.845000000000001
116781,28.5
203383,51.0
193913,30.84
119922,14.07
198298,39.23
143101,15.95
62129,27.95
277404,4.93
89008,25.99
227839,27.99
28277,107.33
146954,50.76
173274,7.49
259971,14.5
283711,6.22
120158,13.145
186095,21.49
223335,20.95
94444,69.56
275609,1.49
58774,2.7
107423,27.58
69523,4.18
67473,18.5
91542,1.32
267197,5.645
9722,17.07
185195,10.69
77440,2.79
230965,11.99
72275,25.8
194089,54.89
255749,11.99
291154,4.09
5032,7.99
23767,32.99
294550,6.24
2764,58.24
172718,5.779999999999999
18526,1.465
44709,110.5
24913,10.01
102374,2.48
39030,5.04
227841,2.39
231543,29.99
81849,9.47
201914,51.605
207568,17.95
239561,21.39
272401,1.69
149202,40.99
62937,52.99
12106,2.99
35087,27.27
269654,82.62
100862,12.0
217360,5.99
21554,10.44
165316,3.2350000000000003
13679,3.49
21026,64.31
53186,23.77
105915,23.93
247533,9.95
119869,2.84
98217,2.99
155878,14.95
233164,3.49
235284,32.19
112543,29.98
7599,27.31
242054,81.18
159725,3.39
134371,14.73
66246,16.95
280177,12.56
23556,86.45
55317,8.99
100833,7.66
274493,30.5
178868,14.965
110790,12.15
126673,39.43
249897,9.535
165062,27.39
191539,12.170000000000002
185319,27.015
259675,24.645
225352,2.97
113960,1.67
39470,5.39
136423,3.48
6918,11.99
208870,68.37
297230,2.59
13969,21.99
214884,36.98
277010,8.77
191620,17.985
45593,9.72
182693,19.73
163702,9.59
173135,55.99
75657,12.8
242682,4.99
225970,11.99
93902,1.77
184252,4.59
211013,65.99
288748,4.505
228986,11.739999999999998
145608,45.27
266477,4.195
131246,159.88
173656,10.99
276673,4.99
198925,4.8
199384,9.435
153533,14.49
66423,10.0
239256,24.8
93293,21.98
142156,76.44
139055,130.43
214902,60.88
124502,39.99
155957,2.72
107031,10.47
23947,32.88
58972,27.34
71500,1.67
145170,55.93
4948,38.99
135739,1.38
190901,9.99
62224,16.96
171591,6.39
131618,21.29
96415,7.93
122029,35.99
64109,9.99
132015,26.09
30805,1.87
191483,10.45
256842,15.99
170763,13.625
248886,28.48
239347,1.735
227680,27.99
154057,3.99
235924,31.99
26227,15.71
298266,13.489999999999998
96560,59.95
272726,1.99
107012,4.77
110915,31.0
134520,18.89
58462,1.88
130980,7.93
109422,13.29
264572,39.57
30935,4.755
291039,1.84
6867,8.9
129444,38.0
299146,66.48
144562,0.3
267721,9.48
192112,15.99
285437,7.62
258969,16.4
141435,5.8
20947,64.31
130139,22.68
220488,2.38
232119,59.26
120851,11.535
185483,9.96
242731,9.4
85346,11.99
25858,1.19
76710,1.48
213166,3.99
60745,9.99
286038,18.98
33220,93.49
59858,34.99
218642,3.64
221536,7.140000000000001
106915,10.035
19808,4.09
178160,5.890000000000001
186880,12.24
290428,14.845
130350,5.19
106402,32.125
115368,3.475
75929,61.6
149683,76.44
290873,5.140000000000001
80078,2.535
280076,8.99
43119,33.42
149315,40.95
284925,5.69
213960,11.0
127288,7.09
130001,15.39
163790,99.9
74486,2.99
3115,16.47
14051,10.01
208123,9.99
103130,15.989999999999998
77268,5.99
32266,13.29
228653,37.98
9261,20.095
281808,62.79
91427,8.48
265570,9.795
279869,17.05
226190,33.52
105583,28.99
123757,5.32
158632,25.035
247882,12.99
1682,20.08
169163,53.11
137339,4.99
206837,5.99
60786,3.99
160596,5.28
172474,3.99
115085,10.58
222694,6.99
14110,21.49
133340,22.99
276885,6.92
246330,3.64
178958,21.99
12606,67.49
234173,11.91
17807,15.6
56532,12.09
277640,26.795
139317,2.77
63398,12.64
272671,13.745
211638,42.99
226974,6.78
41226,15.9
192495,6.390000000000001
10467,17.99
95385,49.795
28527,7.99
217404,14.49
71221,3.86
99400,23.99
92830,17.87
94461,16.72
182907,10.48
88573,6.77
79633,8.805
258152,4.39
196065,36.57
105176,9.99
118960,6.99
25705,1.79
38863,2.92
68436,40.99
125672,11.99
104890,11.19
229159,47.99
84920,24.79
109437,16.99
132025,13.49
272957,3.19
140858,3.98
161399,4.99
115724,32.99
120492,18.98
93102,3.74
276702,6.235
182700,17.99
72129,33.74
15850,3.98
30194,10.0
204774,63.95
175281,22.99
263447,19.99
273142,32.34
279856,7.89
262478,4.92
43880,5.82
291587,13.6
73117,61.99
9255,64.67
197027,29.99
202489,50.0
175576,16.94
17125,41.78
194380,10.24
20259,50.19
212438,18.55
93037,53.99
117900,60.0
77702,49.37
243582,22.95
252246,52.78
296723,8.53
14259,18.95
293574,4.93
106604,1.18
86417,14.364999999999998
3540,207.27
6797,6.85
60056,62.87
97830,6.24
277060,4.115
188851,5.3
139823,7.19
84929,4.335
257427,7.99
131558,5.24
271264,24.0
57675,10.455
99289,12.99
211806,34.99
207683,29.99
127932,76.24
168066,9.99
190126,44.99
121380,26.32
85302,10.0
141664,11.98
161815,218.76
64743,28.55
226695,14.99
135013,3.49
274998,5.985
239841,4.695
136942,4.99
61414,44.99
20398,22.99
251555,27.6
45933,11.99
177547,2.5
53324,29.94
222068,28.0
21921,49.99
88640,11.42
44378,9.49
191341,17.55
261702,11.49
140907,17.99
289665,16.82
233471,24.71
131864,12.28
247674,2.44
186649,18.99
178758,20.37
264146,15.6
277339,9.24
14385,11.0
270889,11.73
183729,15.21
207541,42.0
222079,18.885
263400,38.555
283296,2.99
34710,7.1
282038,9.715
176061,12.085
51731,19.99
289529,25.99
59577,9.33
281477,3.79
173308,12.98
120002,4.0
200790,49.295
132932,32.0
138193,7.12
80380,24.385
67549,47.93
171311,21.85
209025,21.99
31824,1.99
172432,17.645
147775,34.81
78241,81.93
54156,37.55
16780,4.74
87,20.42
74356,15.44
240528,19.99
53588,72.99
96569,37.49
59769,78.86
175762,27.94
278835,3.34
138602,40.99
62001,19.99
82390,29.99
182963,3.885
110065,11.95
116630,16.39
11301,16.45
166270,10.14
47918,6.41
49200,8.42
203673,15.09
83688,6.2
154179,3.245
72540,18.97
175882,2.54
132537,10.99
258495,17.9
61802,1.815
217625,14.2
265016,20.69
177224,12.075
244315,4.66
46078,4.47
42287,13.705
257715,8.59
241432,8.95
124558,94.0
12423,40.66
154483,15.99
66651,5.48
223181,74.99
45866,2.99
47880,15.69
198566,57.91
273411,28.67
171230,4.49
33941,12.09
73726,18.89
196970,13.5
108419,26.71
189711,26.93
98602,5.89
246265,5.09
68589,13.28
4229,5.44
229675,7.99
273448,67.61
286458,16.46
190535,3.99
1700,20.68
252659,10.97
231272,9.97
21130,44.85
260403,4.02
155415,27.295
251009,10.85
66488,38.025000000000006
139791,8.64
57802,10.38
83864,2.39
124180,5.61
18102,33.5
119042,6.505
26290,10.99
4103,42.74
92570,24.99
103465,6.99
198224,5.49
225272,29.99
157629,76.64
164675,3.59
273772,12.45
48973,2.19
263992,23.99
281484,1.99
201043,10.99
294089,26.47
173462,2.69
20689,19.6
81833,7.745
67905,48.99
142639,50.76
1771,117.49
3899,10.49
50635,13.95
17703,32.0
108994,25.15
92980,5.4
220964,22.78
98076,10.3
147247,30.83
263849,101.04
236723,1.32
293301,5.64
55619,1.99
68639,6.99
117311,7.02
298313,4.71
74148,3.39
241455,2.88
52769,22.11
117279,33.99
99753,7.49
63027,10.905
98680,22.95
71874,14.99
170374,42.99
168695,23.09
121655,19.99
204726,9.99
281230,38.44
260552,5.94
112663,5.49
195791,34.43
13681,4.0
227177,12.27
117453,34.47
61648,3.89
217309,9.435
250555,24.49
296729,30.46
40589,17.98
235748,25.18
111799,29.130000000000003
217899,9.99
72759,9.99
152691,32.95
265481,4.195
221215,3.02
291134,6.49
206094,8.99
125148,4.99
205437,30.18
64810,3.35
247579,21.99
92425,5.48
82887,1.745
5777,27.49
247589,8.19
53395,24.99
195329,74.53
160879,20.79
139539,19.355
251675,58.34
276724,3.19
239290,4.29
226020,40.62
144726,4.185
257200,6.72
283743,10.64
44410,15.87
294995,3.1900000000000004
168429,7.715
28649,8.07
92078,6.78
185596,22.29
42755,88.49
17722,6.97
160091,15.9
86710,35.38
45537,12.89
10787,19.99
47073,13.95
119911,36.99
114381,9.99
20982,78.86
112268,27.99
49405,35.88
101255,14.489999999999998
92322,58.25
251604,11.53
189157,16.19
234111,16.01
65522,15.95
199152,27.735
264540,8.975
99068,9.975
233113,7.99
211885,9.89
103470,6.9
35911,2.39
68257,106.81
63122,8.78
16754,7.79
264745,39.99
188145,74.63
219090,96.98
167656,21.99
35941,5.865
22962,1.38
207161,21.495
196687,6.95
235293,32.84
68307,34.49
123810,8.99
118591,11.39
102667,14.73
214960,13.99
281838,13.95
137094,4.36
274547,9.99
277699,4.69
225852,11.49
565,21.0
101365,7.49
230044,59.99
280814,11.37
191921,36.75
174445,24.94
287455,3.935
284051,26.39
154386,9.95
13029,1.94
65039,8.99
24828,6.73
158142,9.24
259961,3.49
26870,1.98
29962,4.48
119463,18.97
56007,9.0
95668,4.72
182634,12.51
51213,261.15
36931,20.85
173844,79.87
169025,5.1
258498,21.99
196414,35.78
70114,11.95
240502,20.18
128225,13.97
254243,24.99
26159,1.69
149921,29.99
202218,9.99
159505,5.5
68690,16.99
83631,21.95
92765,17.04
240129,24.66
226082,2.8
116357,10.15
171381,1.08
212302,20.99
83163,8.99
54990,50.53
256380,4.09
114617,12.989999999999998
110898,9.99
215769,12.8
236998,22.615
28817,7.76
59463,14.885
129684,4.19
230290,10.49
188741,2.85
196419,54.21
200394,28.64
223150,16.79
291206,14.29
60353,17.95
191068,115.78
153762,3.83
183464,4.06
86589,22.99
56210,105.41
102852,19.255
226552,21.99
113099,23.49
121453,25.89
78349,48.22
37353,11.97
280987,6.99
106426,27.93
189312,26.89
170031,5.9
106558,7.44
226666,35.99
63554,59.99
169034,10.0
116611,16.97
26623,3.46
125470,14.67
142311,88.39
224931,86.755
39919,19.93
45072,18.0
246369,2.99
215252,84.98
142327,46.64
175357,4.875
253417,16.97
92988,7.31
14641,10.99
176835,24.845
16814,59.97
81482,4.99
10056,1.92
276717,5.69
176600,15.99
7746,59.95
113233,75.99
125677,18.99
175689,12.99
11425,6.5
197985,5.49
113789,12.95
226807,22.49
80305,25.8
217155,50.81
171558,12.835
124934,39.99
200830,42.12
173058,7.41
18438,25.15
120410,2.5
267124,36.96
143402,5.45
157235,88.33
141752,4.515000000000001
214421,29.25
178752,12.98
132563,5.99
52110,56.37
12290,34.93
274331,4.46
20671,64.31
46812,4.84
22281,27.95
266405,22.99
57389,79.95
158146,15.115
244679,8.99
168288,6.66
52714,15.16
40104,3.5
161663,130.26
110421,8.99
58156,7.390000000000001
19127,10.385
139307,15.99
193951,9.76
71267,5.13
249772,13.95
58161,5.99
2736,15.32
63188,12.365
45373,33.27
174396,9.43
18563,2.345
156712,94.76
183286,62.79
82520,42.09
65034,8.99
262830,47.99
161591,53.8
167564,6.285
239009,33.985
82381,2.99
181881,16.97
253121,8.54
296456,5.99
163271,14.19
44608,14.82
119995,7.49
113777,32.82
46498,27.94
21457,4.99
290786,12.29
235882,13.99
215217,33.98
163343,24.46
102090,48.99
28291,2.59
65535,7.99
233709,197.49
229307,7.54
270735,35.81
38349,5.99
20542,12.0
176454,24.97
240042,14.98
56269,24.585
56807,6.99
10193,42.11
247210,22.0
194747,1.435
61276,71.99
42917,7.5
153485,2.08
198771,44.67
187992,13.09
66619,47.5
268384,20.615
178988,2.0
17505,5.99
159627,8.95
257601,14.99
169440,5.32
25455,5.529999999999999
202936,13.99
272339,12.99
297217,6.74
33056,8.385
123352,11.82
49142,28.79
69417,60.0
11567,6.01
138503,10.0
243313,13.99
260643,0.935
125372,35.18
183443,4.0
141611,13.99
88983,21.99
278810,26.92
208385,27.67
160883,13.29
101729,23.87
3929,75.11
34073,50.865
237787,5.99
79474,4.49
281262,2.44
104480,19.65
175200,4.43
138427,54.7
42807,44.425
77756,8.745000000000001
74814,5.32
247485,22.935
170498,9.94
184387,3.98
136358,32.04
505,9.99
259475,19.99
284673,3.72
89634,4.140000000000001
281308,12.99
46668,30.34
104344,3.48
64620,7.385
256953,12.45
121350,9.6
25756,3.99
179630,13.28
68428,40.99
135209,29.95
54329,26.855
59077,74.92500000000001
95721,2.52
92778,5.59
52247,13.98
283905,38.945
100487,14.89
108761,19.99
297308,3.59
264899,14.99
138392,12.99
257778,1.99
127774,11.49
114146,44.52
105749,2.08
33278,30.64
30263,69.54
92809,21.05
170158,15.47
164477,6.49
147874,50.76
130835,7.88
108539,60.39
282952,13.95
223899,4.925000000000001
268577,11.49
267237,2.29
246287,38.5
25864,8.5
185777,4.29
202203,12.99
213483,12.95
240415,13.895
114133,5.99
73155,32.99
25621,14.98
162150,15.51
267635,3.99
240453,42.99
182880,3.2
321,10.69
201044,10.78
8319,30.71
93489,3.39
228076,11.11
291493,0.44
154419,14.99
183766,46.0
240431,7.98
23803,24.99
243652,9.45
220883,4.84
292482,50.67
7913,1.28
56156,38.825
98242,4.89
258052,13.99
30519,7.2
155719,2.88
67302,6.39
224428,10.9
297643,20.49
97737,7.98
204510,14.99
68638,8.74
294750,38.99
208010,35.99
11117,48.2
122657,104.97
180070,15.215
247255,11.16
219829,37.99
202272,5.890000000000001
149715,20.08
121008,10.085
2327,50.1
57242,38.98
72217,10.59
38563,6.395
76345,29.99
29753,16.6
283753,4.89
129316,14.68
186830,3.58
236376,39.77
233319,5.105
124794,9.99
29667,7.465
255028,69.98
140133,8.99
104642,10.545
69691,9.2
181654,8.49
241589,6.99
86508,14.99
165729,26.48
77391,4.155
163706,70.94
198901,8.78
240757,24.99
232079,3.43
81553,1.29
160981,129.13
180837,2.785
249592,4.535
38214,2.82
298084,23.99
86440,16.22
265519,25.99
230788,12.05
145820,49.99
38876,33.525
116459,8.49
82651,10.94
9043,1.99
275769,35.730000000000004
207279,67.99
44507,15.695
210305,7.14
65394,20.95
175123,1.99
213918,7.674999999999999
214708,29.99
27703,12.91
177154,5.49
120387,10.49
276070,3.5900000000000003
215072,22.0
100704,10.01
200455,16.94
260899,17.99
184337,10.99
130772,55.99
175620,13.59
119197,43.99
160949,124.5
250069,59.6
68814,7.975
223940,14.0
153719,19.99
35729,3.495
278646,8.24
290467,20.91
169543,5.9
220457,28.26
257464,44.205000000000005
246618,12.99
193348,19.03
182595,5.055
163709,17.79
209844,12.72
275862,3.59
168271,37.99
221417,3.58
229407,59.99
12107,1.59
255700,18.99
286310,6.49
103924,34.9
787,7.99
42415,11.06
93488,74.93
58514,3.24
41105,19.99
153991,6.385
132375,17.0
104606,37.93
28640,3.49
153494,14.99
281418,64.905
151176,7.34
286650,4.745
118661,9.97
201333,18.99
122331,160.28
260506,142.99
294088,53.29
245015,49.99
174718,51.77
82870,1.57
274446,13.51
24995,14.99
228292,15.99
75001,4.49
227651,23.59
61638,10.0
176156,24.92
167232,10.739999999999998
194572,29.125
169140,9.43
287399,2.69
52430,6.595
81303,3.12
77798,24.130000000000003
4183,15.99
231792,42.54
171601,19.4
7476,5.87
166235,87.17
161374,2.0
246132,31.75
1002,52.05
16920,37.96
221924,5.52
201367,18.0
101763,24.29
157520,88.47
100987,14.99
210237,7.02
156513,7.99
134437,4.99
175852,38.32
184911,1.98
247421,27.24
34135,31.99
231714,83.18
30026,68.77
13039,78.3
29213,10.0
114436,29.99
231827,4.49
96532,14.489999999999998
157161,72.22
151252,16.4
219147,17.26
262040,20.78
81376,3.675
227508,15.31
67036,15.68
121358,33.99
243998,14.04
12025,13.88
121954,44.73
138581,80.49
61607,1.99
190345,35.335
229230,13.165
111213,25.78
146966,46.64
217205,5.48
21476,6.49
162225,7.485
235210,33.16
17715,1.335
3669,3.44
19714,44.85
287284,13.84
72862,9.99
40051,13.49
79905,24.48
159036,19.46
90666,17.99
132257,9.09
225491,8.39
264456,6.72
212296,22.99
292740,49.99
175498,18.99
205441,9.82
195966,63.22
32842,19.99
205197,6.99
228770,4.79
218534,39.99
242378,11.489999999999998
286154,6.755
115726,49.99
225722,37.99
118221,27.89
11815,7.29
66880,8.125
27688,12.61
131359,14.95
248050,11.675
67540,2.99
277748,7.74
280150,14.765
156446,8.53
77235,3.49
280272,1.995
276074,8.04
139073,1.94
232643,14.99
111410,10.31
117747,11.28
56032,30.765
95700,31.99
42304,4.855
199421,24.99
233906,32.98
4132,80.86
194725,7.99
98887,21.24
288061,3.89
221995,13.99
144934,38.92
119072,51.49
116121,2.99
123016,12.17
239169,15.74
30655,5.32
257661,27.59
66661,28.745
151897,2.5
62867,65.69
166736,6.51
64034,12.99
131926,29.98
54409,10.99
107708,16.45
174289,6.25
220356,18.95
100975,59.99
295278,168.95
13795,10.19
68242,8.99
80205,27.985
50437,6.99
8917,10.99
244116,41.19
136277,6.98
291251,8.99
216075,5.24
180523,13.95
76257,19.99
120413,7.485
276489,3.19
294405,10.25
62642,20.68
206712,29.98
109206,3.69
172234,8.26
111447,14.99
202972,36.95
26203,3.19
248220,12.78
58016,12.99
272331,22.93
265918,8.6
294827,4.34
54116,38.0
191890,5.51
153707,28.62
1934,17.97
258719,69.17
31341,2.16
142983,38.92
2918,16.75
167127,7.8
46624,16.34
120111,12.0
21192,30.74
234559,20.985
135270,3.61
20055,44.85
245062,9.99
111710,51.23
130692,36.99
51463,29.99
171276,26.14
263093,102.1
202788,1.29
189501,6.9
190780,21.99
112100,129.71
282274,1.42
192582,12.99
161473,82.99
255359,10.0
88941,6.84
48135,42.99
241607,40.0
147192,26.43
256419,2.19
161180,14.99
86191,21.27
197878,4.29
196401,64.0
30724,19.99
216694,6.99
197048,23.475
278306,23.29
207834,2.48
217778,19.99
240686,39.99
15679,71.89
266074,19.49
267224,2.94
65006,57.95
56294,33.99
135750,19.98
75045,15.415
243913,19.03
249654,17.0
236465,18.99
218880,5.42
95746,9.815
287079,1.69
108968,16.25
153381,20.105
277086,9.33
232095,13.5
39720,3.46
44474,27.645
275239,10.91
293117,3.75
70802,11.49
213081,5.835
178834,26.535
53701,26.495
6515,21.725
109942,20.99
284651,4.99
215721,83.68
229228,17.99
189204,40.49
259343,8.75
252587,25.95
35913,2.5
242444,9.0
127557,14.99
133732,37.95
89690,2.46
210001,96.06
243134,15.0
251858,4.69
140115,6.99
292486,21.5
98886,12.19
261020,8.29
211740,16.99
211020,16.49
280499,20.09
102325,47.26
239601,54.7
283177,18.495
8480,10.795
12275,31.38
105404,1.99
170107,4.49
18758,78.86
20008,54.27
265930,15.16
148052,121.28
26669,5.02
214482,4.94
163886,13.09
51514,17.99
269111,9.99
196647,72.66
174093,19.99
114877,13.489999999999998
201209,19.95
71986,31.99
283215,20.88
195705,80.42
242201,35.99
250645,12.49
47210,4.115
147796,34.81
5908,8.99
29098,10.12
81310,4.555
291556,11.99
45145,5.19
18175,50.19
179043,8.64
170347,4.03
151954,11.46
257947,75.3
65539,15.7
223585,27.99
129721,34.99
115111,15.28
23141,8.77
261365,28.99
145953,38.92
42829,7.95
69678,28.99
131491,8.99
32311,13.97
186341,7.83
152044,22.97
183448,39.87
212577,44.99
132033,9.615
233371,10.94
193490,9.29
283182,23.495
250759,5.1850000000000005
165058,11.0
98260,12.055
77135,8.495000000000001
229300,47.99
143972,38.92
159654,8.975000000000001
258262,14.99
274558,16.88
96759,20.99
246197,222.99
20890,64.31
241246,8.995000000000001
123071,99.97
87847,3.68
116398,9.99
233020,47.955
264925,23.0
118137,174.32
41807,22.99
10895,33.49
42787,19.99
242650,5.99
106921,9.99
245652,7.3
251704,21.99
27430,0.98
174691,1.24
37322,14.99
89894,4.26
105577,29.33
173973,3.39
224036,32.99
67462,10.44
234775,13.995
257376,17.02
177280,12.99
170558,6.025
56613,14.99
163401,2.035
274205,3.18
55215,64.95
66917,64.42
86128,8.99
170479,6.445
219926,3.39
188881,17.97
115540,73.98
78115,9.075
121113,26.065
204379,4.48
128151,44.99
70784,16.99
271502,57.99
27691,7.26
290071,15.525
258102,24.99
144502,1.28
241762,12.99
70946,8.09
75511,10.46
112088,13.465
207055,19.99
277924,6.57
150660,10.25
66673,24.95
61786,0.99
122182,24.0
211618,61.99
158974,1.295
263340,29.79
71672,3.99
170412,3.12
172850,3.34
209354,11.87
128898,1.79
92741,28.2
297461,44.88
189135,16.99
88085,25.79
220850,10.96
156875,122.11
205544,18.95
5595,16.77
164974,9.44
143958,16.77
144765,5.135
124193,8.98
225023,17.55
9882,11.515
124222,8.09
123540,12.99
236827,13.04
54237,37.98
58066,25.99
245765,24.99
51480,22.99
208119,10.995
186043,6.99
188138,2.095
105399,12.98
212027,76.38
27382,42.815
121387,8.51
61187,16.99
36568,38.99
244878,27.35
77730,17.14
153724,3.59
259218,23.99
186588,4.97
81076,40.53
188616,10.96
123918,14.99
243552,49.99
84376,8.99
254388,17.64
47532,7.27
236103,13.99
133024,34.95
280034,2.72
226815,25.59
168887,22.49
151199,2.095
215775,5.66
291966,11.11
129795,8.19
282304,4.03
258383,39.2
217183,34.26
198972,58.97
125455,18.52
30851,8.27
192760,19.99
67814,22.575
74889,16.99
297345,5.99
123605,33.41
243078,14.99
63682,10.015
217579,117.49
181825,7.49
70907,36.33
298550,9.07
114668,3.79
215372,19.88
228409,54.49
129737,10.395
179801,28.41
235791,38.95
14019,16.95
72986,24.99
140899,17.99
67137,23.23
251932,12.49
123807,12.989999999999998
36215,69.49
68930,9.75
170223,13.26
117918,10.98
257242,14.42
99856,35.99
84255,2.5
298335,3.88
145836,23.9
10611,14.99
128409,4.19
238491,27.81
90831,25.05
18797,54.27
147240,45.27
131553,28.19
253677,22.14
216570,28.44
175584,2.29
184971,32.99
131370,234.77
11591,11.94
255648,10.66
72489,35.99
254215,6.47
226927,27.36
164743,6.085
115501,5.49
134034,4.22
248371,8.545
108412,9.0
7924,13.56
275002,7.155
202683,1.98
38315,1.84
162531,10.0
56810,18.335
280890,2.985
28588,18.485
80797,31.175
73770,5.59
46814,71.98
67903,95.99
13492,39.97
99546,18.99
29632,4.17
124207,13.99
145651,5.845
265511,15.99
269726,0.98
254064,29.97
297617,99.44
154281,14.15
75295,5.445
65169,24.99
101308,10.49
76551,1.79
158237,14.495
96336,7.42
280623,6.1850000000000005
137961,14.95
145037,86.43
21190,3.865
99688,16.99
8186,12.97
131539,4.48
196208,40.65
263470,3.99
183237,14.99
232393,42.72
257788,5.49
194254,22.99
23917,1.86
234694,54.82
273632,4.135
126645,17.99
94269,28.94
223194,2.1
241854,18.49
217527,40.44
140546,4.99
252956,24.9
273992,12.89
262392,43.53
268427,11.5
12662,5.67
128737,53.82
181064,13.97
243059,69.95
81304,4.99
164272,32.0
203422,9.3
172878,4.99
158992,44.19
20686,26.14
167685,41.32
72116,8.685
147510,12.59
28496,17.24
286471,7.74
292234,13.17
57537,6.465
152235,19.75
51883,42.99
46823,45.15
4,1.815
244277,14.99
288947,5.95
191614,9.95
86832,10.99
250455,7.6
58782,30.4
277796,1.5
89088,24.98
16428,13.99
196266,83.6
17695,21.99
280226,9.75
147852,46.89
133960,14.99
236893,37.99
77116,6.87
148976,19.04
152873,14.19
12030,67.83
162607,0.99
153218,20.73
122687,148.0
249600,1.59
222265,99.97
257159,7.12
97940,5.49
120467,39.96
106014,7.19
223798,17.97
76280,39.61
105993,8.99
15737,8.08
26715,15.485
220911,26.935
68029,39.94
99698,92.9
114993,34.99
100988,9.0
232648,4.49
296520,12.99
83266,6.255
204878,17.99
200466,32.99
87338,16.95
136351,10.845
24904,42.99
110810,16.99
262454,16.95
68846,1.98
153763,7.99
149008,3.99
120300,23.98
20088,36.06
47690,8.56
235306,28.38
121816,45.0
32296,2.935
52531,20.2
20361,77.96
16339,55.0
292150,39.35
257574,7.8
220325,11.91
86278,8.93
180784,44.37
76344,5.98
19713,33.5
277605,11.114999999999998
252089,7.09
123683,14.99
96989,5.49
54117,9.99
250976,30.55
28486,39.71
62022,13.77
268892,8.57
22875,5.27
295066,68.99
142278,30.83
273853,31.015
28017,10.99
258553,3.99
202518,11.99
105499,21.98
191081,4.48
84493,3.225
15466,29.8
96807,11.91
247492,69.98
113524,11.0
109441,14.99
67557,3.735
186441,5.99
26024,5.73
172077,15.97
69533,10.16
95249,13.28
150510,26.99
976,53.72
285605,8.99
202490,5.24
250376,5.99
94962,5.0
71960,3.74
226954,67.98
197605,10.0
167291,11.89
188525,12.45
275356,9.99
246311,36.8
80899,14.69
151066,122.99
268810,12.785
152162,20.17
191511,28.62
275085,22.685
190171,7.0
192263,27.69
234023,8.26
241808,19.95
186512,24.0
298218,9.49
97444,12.97
89174,43.31
284215,5.12
179673,16.99
58605,10.99
33881,4.975
200306,18.24
274678,16.99
296016,18.365
116162,2.31
74075,46.53
241726,1.99
287896,13.745
193781,11.11
262498,18.51
273746,44.49
152979,9.89
81906,12.95
95138,22.5
294882,3.85
64958,12.99
107067,9.16
64443,5.99
117851,9.99
181396,13.425
34923,10.94
48025,17.09
241449,4.74
12757,9.245
295392,2.645
270140,13.56
141955,6.390000000000001
116704,12.58
95713,21.49
139851,9.285
251288,19.99
40313,4.55
136326,27.0
249829,4.34
31414,5.665
64159,9.99
187124,5.79
220274,3.535
230685,31.99
296299,10.84
255511,8.12
287394,3.645
92083,11.49
164037,20.74
285490,1.98
190891,157.53
78817,2.44
250553,5.94
16168,46.99
243889,19.03
183614,13.99
145708,117.49
94490,59.2
97603,10.395
34837,19.99
120994,9.99
89630,6.0
123287,16.99
126581,3.14
249978,14.555
279023,13.9
108961,16.95
235582,8.19
120063,42.39
57920,18.99
6701,8.53
127677,9.99
271853,21.94
6576,15.535
265250,10.49
54671,11.21
285879,18.785
257399,15.99
47603,21.92
270860,53.99
293932,7.49
167964,7.23
142722,77.04
121912,12.99
184167,5.69
269612,1.46
22929,58.08
164759,3.99
40408,0.53
164779,24.23
164851,26.24
160643,31.74
265271,21.99
151159,14.95
227002,47.885000000000005
121768,13.45
120877,5.99
239957,17.99
266828,4.49
234047,19.99
292365,26.3
165241,7.99
160936,20.72
236886,10.98
122890,15.5
925,25.0
273566,6.0
283201,31.99
8158,2.245
174742,7.98
35420,21.0
294228,4.95
267992,18.99
108128,33.0
76339,10.0
13125,13.84
132767,4.19
34559,8.48
293456,7.8
135411,53.875
153283,86.35
93426,10.91
188773,38.74
161196,88.905
143220,13.48
89636,3.87
153422,5.49
266448,71.61
227663,36.99
227683,1.56
147194,59.2
198212,75.25
23656,24.74
224851,20.105
199862,36.9
16265,10.245
166834,3.99
234829,9.99
172049,9.66
256423,11.0
250925,6.98
140392,14.95
184898,19.4
118038,99.41
154675,33.41
291104,5.61
132694,4.36
225417,28.5
280897,4.88
174646,13.74
37413,5.34
44074,6.97
115214,4.98
73382,94.99
255310,10.89
216009,3.87
176638,5.0
113140,14.99
281138,3.99
139717,48.85
278964,30.475
264738,44.565
208140,2.97
32259,16.95
238642,48.49
47831,9.65
112640,8.64
198478,13.655
263736,17.99
181107,9.88
168099,8.52
109219,29.99
182411,3.58
8474,9.615
30221,17.0
37959,16.119999999999997
22191,10.59
211075,8.65
214253,29.99
205317,59.99
10189,26.98
65487,38.99
21849,16.99
29435,7.8
135110,7.905
294622,80.75
267669,1.99
79390,5.390000000000001
142262,57.63
268182,5.99
167842,4.98
259457,4.29
120064,9.215
163527,18.99
287320,5.99
195589,92.25
104831,11.99
192119,2.665
185381,9.98
268535,9.15
143765,88.39
264001,14.48
276395,2.64
54695,6.59
182801,17.38
169492,19.42
217318,6.76
196145,40.08
113027,22.95
294926,2.28
144417,4.59
198333,46.23
210146,13.02
158114,16.48
134468,17.98
123191,46.58
134776,29.425
279999,12.985
159181,103.93
218096,10.66
35699,9.58
112103,12.0
207319,18.24
263917,16.95
216717,1.99
63400,12.39
2268,56.37
216912,8.715
35888,5.99
228465,11.55
58506,5.59
284894,9.49
243522,8.18
169502,6.99
246525,19.99
43395,19.8
232446,4.48
28159,8.115
237618,4.74
85011,6.29
49099,48.99
124538,14.89
22495,9.98
102683,6.66
26224,11.99
90540,1.99
163656,7.97
104760,14.54
275338,16.51
252944,12.61
216700,5.25
36969,48.11
235334,49.02
259993,9.34
91067,50.48
115629,14.99
133547,1.54
84137,5.29
127584,15.36
120197,7.99
219025,26.99
103950,14.99
241901,1.69
297606,4.055
50179,6.99
7074,10.395
144779,5.24
208557,3.99
24177,7.935
112002,21.98
129229,30.48
128460,14.99
44752,69.99
140491,11.245
297778,18.99
121050,9.99
197645,6.44
278155,3.59
258346,59.51
100753,36.7
195016,35.73
30778,29.42
215362,6.41
53097,19.99
49244,49.3
264716,59.31999999999999
170566,23.98
270642,12.92
99938,23.97
194330,4.49
14858,7.67
237155,6.44
127168,14.47
241713,48.99
260517,46.99
29260,2.64
33133,24.42
50266,9.94
148917,9.72
48728,4.395
134387,49.38
44110,8.8
106731,2.75
175449,24.99
189026,4.48
241611,30.0
158801,1.67
299275,10.29
158329,28.16
7075,5.49
125014,15.989999999999998
55757,131.94
253055,16.9
105884,14.98
189780,27.82
209182,19.5
145399,9.4
110285,18.99
82545,5.575
187674,13.015
80335,3.54
31055,4.29
282122,13.16
62321,13.99
171925,4.640000000000001
82297,4.495
201253,27.99
153161,23.28
53859,16.99
67499,15.26
100356,19.99
118280,111.975
18928,0.82
108085,4.98
141132,13.12
28499,11.99
69262,25.99
256365,2.97
232824,35.91
199626,6.12
279612,11.8
194160,29.15
275321,5.19
180120,12.95
232497,5.5
52577,52.55
194456,24.99
42823,4.495
114063,16.13
255691,2.24
218649,4.99
7937,54.245000000000005
279262,1.74
17063,5.29
279688,17.49
181660,8.71
220003,3.18
93168,2.93
98098,25.99
61220,5.98
149711,30.98
47368,7.19
91521,9.12
129570,7.59
188485,12.99
205814,8.92
213947,69.99
26132,39.8
69223,6.565
275794,1.715
135737,10.105
58201,2.64
238761,5.25
213772,16.99
212542,21.5
40003,3.48
237799,11.84
24915,13.99
227946,21.29
20491,6.97
190059,42.99
142844,56.37
13028,10.99
214153,27.99
82777,7.99
81819,6.395
64594,19.99
135340,11.33
268693,9.595
123036,8.06
120174,3.38
132425,4.98
162886,15.45
60468,11.99
271893,8.9
262323,71.23
150256,15.385
86998,23.97
144433,9.34
200002,46.0
69174,16.99
287991,46.95
211747,104.71
291258,6.09
4827,4.74
162581,3.5900000000000003
137102,30.09
130919,12.91
63338,28.99
242305,14.995
81758,9.69
248896,26.8
48452,6.2
147404,46.04
228442,13.495
158625,11.99
51444,49.65
241381,14.5
239207,18.23
12885,3.765
51713,26.11
117417,53.99
187495,3.99
167837,5.78
28234,31.49
95382,61.69
33104,2.5
22557,14.99
266475,81.44
124224,9.49
210971,24.98
157888,4.98
74043,17.88
244870,6.39
210165,7.67
143858,55.93
207939,46.95
68727,81.22
78712,105.44
272104,14.99
183077,17.62
205904,9.99
22891,6.75
282047,8.7
40936,7.27
267765,11.895
257478,3.38
104155,22.99
1195,4.055
145604,32.2
178736,25.99
283702,9.31
192221,10.435
136466,26.39
272015,20.87
257671,1.29
69157,18.99
25245,1.48
91986,16.99
285554,3.59
30506,16.495
23334,5.48
114134,5.19
172434,64.245
99462,315.83
64168,14.99
208095,6.39
191304,59.53
33639,12.0
233373,18.24
289742,12.635
17166,6.99
108783,19.99
192717,7.24
61128,12.69
94986,48.05
105750,2.2
263071,144.59
19886,32.3
99342,26.99
77727,4.585000000000001
27522,21.485
68140,19.99
36040,73.98
216889,8.46
200819,6.59
298311,2.18
220387,14.565
208564,11.99
171517,22.34
181100,36.19
158122,23.78
92202,3.745
237510,38.41
290329,5.49
159711,0.99
12927,2.48
123610,14.67
32335,48.48
225013,10.98
101845,124.99
271100,5.5
168348,42.69
277487,5.79
40180,1.25
203078,15.97
255395,2.97
102436,24.66
22651,4.890000000000001
261307,11.495
195177,310.93
132129,54.26
201428,17.31
183425,41.845
201298,2.88
174288,6.25
280294,33.1
68278,9.49
65467,12.99
105746,1.38
92794,22.99
125088,23.47
115544,17.99
153895,22.9
295135,3.89
240326,9.99
92718,45.28
80404,69.95
154958,64.99
147620,3.68
52433,10.31
145389,7.99
81681,3.87
4316,7.07
179735,76.24
100953,14.96
207595,17.31
50071,9.945
170912,10.99
236941,9.98
233837,24.74
157681,72.35
33248,8.34
35731,7.49
152419,29.97
262400,2.99
5205,3.7
11687,12.99
183322,13.79
11893,1.59
256684,1.23
27413,2.2
259034,23.25
146130,15.32
70356,20.445
200335,7.99
85085,12.49
90091,8.97
206339,26.0
27863,14.99
79026,5.99
165890,45.49
170066,7.9
75204,38.61
152704,61.49
64191,6.99
48623,32.305
113342,1.0
114421,12.489999999999998
250615,31.97
15605,12.3
69273,18.99
278340,4.69
186675,9.45
296260,10.9
260712,9.49
215052,4.135
288630,4.09
99301,21.25
238114,2.49
273970,6.95
11334,29.54
40032,1.25
81215,5.65
172926,12.81
18786,52.41
136937,18.27
238957,16.85
212646,18.28
205093,8.34
227378,7.05
20091,26.14
169983,1.9
207369,68.13
13748,2.59
14682,4.08
127452,4.465
107703,17.94
296343,17.48
129339,144.99
298814,27.955
226370,23.07
218454,15.99
283119,15.99
76013,1.59
123587,57.99
222410,24.66
95334,131.71
160781,10.08
282827,1.99
91040,24.545
283769,13.215
130838,79.63
294040,10.25
242557,19.98
151070,6.36
4771,34.99
7277,8.4
158192,7.99
177688,4.29
276330,3.18
153326,22.99
152524,20.58
180447,4.19
10786,14.49
219173,14.99
96795,22.99
87018,3.38
184169,2.98
2242,18.13
142214,76.44
199546,23.53
233926,3.19
6759,13.99
231541,4.445
266325,12.3
126917,16.9
91188,1.67
31805,14.95
225181,1.52
222660,8.37
116117,16.14
120066,34.0
298660,15.14
17178,22.99
190254,4.0
125371,44.98
12706,13.99
25241,4.49
291119,5.785
153665,4.79
99921,31.19
156500,10.3
68196,51.99
198505,60.47
182467,35.95
77755,11.12
91732,14.645
245435,74.51
7570,8.4
281047,13.99
117190,44.88
165870,9.0
125058,12.09
232881,7.79
85952,19.79
249395,18.49
181827,38.260000000000005
93272,15.99
237324,27.74
109413,55.56
69418,19.99
219880,50.99
299139,16.02
281024,3.435
39761,12.28
194344,80.08
152269,49.35
130702,119.99
64999,20.99
296205,3.99
73164,6.72
74156,7.215
236786,6.8
223263,8.25
192382,2.19
200674,24.99
213775,18.99
223843,44.99
16959,37.59
159866,24.46
75873,7.85
177998,10.59
177855,30.49
205375,18.365
217097,65.49
251972,1.99
279769,7.8
294807,61.77
267404,2.28
36714,7.42
90137,28.83
142907,86.43
12054,4.85
165092,9.265
209885,24.99
125462,3.24
28846,3.41
243953,34.99
11025,29.97
126628,5.245
13626,48.96
294464,5.49
204473,6.98
196528,57.06
272373,7.74
238122,107.18
21418,13.99
224422,4.98
168730,18.95
244735,22.66
127158,3.84
235513,9.39
131992,9.965
290018,21.74
31749,25.99
55685,152.0
228577,1.2
230671,28.48
31561,43.39
157644,117.26
245510,30.99
1174,19.815
12989,19.99
262869,3.99
39124,6.21
157816,7.79
114196,26.99
258388,142.98
169395,3.555
54401,34.99
126757,1.69
146592,18.47
119134,34.495
96945,22.7
241813,9.8
69588,40.66
96216,28.955
127874,5.945
24948,17.23
112980,4.99
258246,24.99
41526,4.48
53083,4.83
66027,14.99
15275,20.95
94666,4.29
288367,24.11
55463,9.99
9827,20.99
244442,50.89
170082,7.99
282916,4.390000000000001
47145,21.92
73485,49.99
113780,54.99
129675,12.3
33031,7.95
27920,3.39
66977,11.54
107569,4.15
91110,27.85
83603,9.975
18190,93.46
132016,8.95
293331,12.99
19920,64.31
151371,5.95
114296,27.88
288719,12.45
81275,4.265000000000001
259937,55.16
46572,3.24
295905,1.79
7028,15.99
239806,29.99
51287,32.99
111717,29.99
27127,18.49
167357,4.97
163661,27.48
61485,6.485
93203,4.99
263739,16.95
51778,2.08
33410,8.375
157552,5.34
56046,28.75
294238,6.96
244508,19.87
276358,3.49
99870,23.795
241523,33.0
94665,36.175
87911,50.76
256969,27.92
588,5.99
131766,18.88
165986,10.01
160841,9.99
72735,99.99
130136,33.0
47914,8.545
297949,10.29
90731,57.08
228486,34.09
167794,6.98
88731,2.19
90820,19.99
266467,24.69
275962,1.98
10625,11.48
39447,8.52
253419,1.19
115387,14.99
151089,7.404999999999999
94676,16.99
214969,36.99
42832,22.01
147033,18.795
17486,25.5
241573,91.99
240045,30.99
218132,15.4
155088,16.95
86408,20.19
21430,15.99
178018,173.22
231359,29.97
165960,11.38
99242,5.07
187021,25.07
116139,14.99
24857,11.98
258508,15.29
95785,1.75
167723,22.96
28726,7.18
253920,12.95
204194,11.59
65155,6.99
227165,8.4
242340,28.71
18308,93.46
246978,7.49
175833,7.13
29369,11.9
117269,4.56
120753,32.94
157435,134.66
79677,6.12
25808,13.48
241128,5.99
213479,34.95
198136,8.32
238587,48.99
164016,3.34
8978,25.49
53637,14.99
132993,52.74
115916,5.48
52489,108.99
200795,14.5
35300,28.925
158318,3.605
155392,17.99
281768,4.25
83980,4.585
197444,12.89
181677,5.37
140626,13.58
89065,6.955
245082,3.92
62168,10.99
208565,12.58
852,81.99
203776,25.1
182415,16.64
265214,7.92
181273,6.14
144581,1.59
227264,10.19
169345,2.99
149518,46.89
74221,151.88
38278,4.99
102114,12.5
200631,87.28
194998,10.0
136333,16.13
195008,6.57
181824,27.39
16897,5.92
126529,15.99
42206,5.49
22326,5.44
111787,20.79
135619,12.22
104679,19.49
187944,14.95
219114,79.99
44345,26.7
194377,50.28
152901,12.365
140660,12.55
3366,7.74
160668,22.77
139185,18.89
169318,24.175
257062,18.67
141904,5.0
189127,5.99
128708,14.9
51571,26.62
164852,5.16
215830,17.67
71029,10.99
121900,5.99
198574,3.94
45633,11.425
7614,4.49
232807,14.33
230454,46.745000000000005
125418,14.59
79496,14.99
148601,5.98
205876,1.67
115221,5.25
59493,15.489999999999998
95670,6.995
113527,79.98
145146,29.13
113956,68.99
106836,22.36
196869,2.39
136972,11.99
116733,10.755
265378,21.99
143700,67.78
247331,7.49
217886,8.79
193875,29.99
294412,45.71
204678,16.19
238257,53.99
144165,37.98
284007,8.535
99344,19.99
270434,4.97
43718,16.49
166693,1.69
161584,27.44
95652,8.99
287883,13.67
297329,1.775
21491,30.91
200805,13.99
142344,38.92
38898,7.99
122543,42.99
115073,14.99
240994,20.49
279020,11.9
162289,5.44
57708,18.82
220980,15.99
59359,3.99
239677,6.95
77105,4.74
68593,12.11
136828,14.99
297652,6.99
227173,27.965
275884,1.98
124298,14.9
147921,59.48
206744,66.98
174526,8.99
105691,16.375
115380,29.99
291476,15.85
106322,15.35
43994,7.99
177420,1.795
150554,13.95
170463,8.43
146195,22.19
196227,54.09
76107,5.14
1931,50.58
14902,10.18
286706,1.49
156091,4.38
1020,16.99
45557,3.99
107236,25.26
6790,35.9
48809,9.989999999999998
135223,9.79
29135,4.17
116954,33.265
265720,9.99
68815,11.74
221962,20.89
19328,64.31
248079,27.59
86720,2.98
227914,39.99
212211,85.99
132271,54.08
235477,33.75
33757,6.44
99266,4.75
280121,8.96
155716,9.64
159565,10.29
196460,76.9
215308,5.79
3553,129.27
76783,24.67
2757,24.42
105236,37.54
242062,38.27
91144,27.91
227862,27.43
128083,35.11
252193,13.375
6999,24.99
292212,28.22
152489,20.88
113427,9.6
15014,25.96
276164,12.92
244115,19.105
96097,4.2
144386,15.63
137428,7.035
205880,5.77
70575,40.94
293060,2.27
58925,13.99
184940,11.98
76931,58.49
79022,4.475
68937,25.49
187041,6.83
288740,4.79
131706,71.5
219232,50.59
35373,2.38
55899,4.99
165741,26.48
184354,49.99
233157,59.99
273682,59.99
211288,65.99
264830,12.75
101154,114.98
68554,31.99
240214,45.0
10515,27.2
148853,34.5
258403,9.59
202086,12.86
127065,4.49
85528,69.49
120465,39.95
267248,2.98
230933,9.99
11852,23.99
125503,8.14
42802,1.965
207720,69.98
167204,3.84
152303,46.51
249263,49.61
122201,18.63
180318,23.73
25683,62.93
101421,93.1
124203,7.98
92793,22.06
194116,12.12
72817,75.89500000000001
147499,109.99
153129,9.055
105837,9.8
118140,4.99
202164,12.95
270870,41.99
204289,22.99
11031,5.99
191551,24.99
255322,5.69
73945,70.89
181817,3.29
19017,93.46
205634,1.57
298306,4.74
245863,15.74
283321,18.99
63465,14.99
221265,31.68
68076,11.94
106129,18.99
243753,15.16
118138,18.99
9365,20.95
279977,15.02
30364,75.34
130420,10.96
151586,16.49
174113,1.145
249971,50.33
285547,1.36
190903,10.85
249429,13.09
136517,12.02
175661,6.91
294686,4.79
142315,18.47
246733,6.095000000000001
93821,21.99
55224,29.99
275992,11.02
123373,15.74
107439,68.25
94531,4.73
256748,31.5
291060,14.489999999999998
158873,84.99
198814,19.99
230674,30.605000000000004
77941,9.605
140457,11.59
198845,4.29
123205,16.49
166982,7.95
146387,8.14
65513,62.84
109567,2.145
147553,10.465
171425,19.225
56444,30.78
3382,7.69
212744,17.99
163457,6.515000000000001
256391,19.99
293814,16.95
221025,19.88
18418,26.14
203836,9.54
83301,11.99
216903,13.42
116002,8.49
284719,68.605
18905,64.31
290712,24.205
260402,12.745
964,5.12
89625,24.98
160650,10.03
181409,15.05
225984,11.99
83227,7.605
244368,9.11
229923,3.0
159415,39.99
254032,27.99
173075,6.39
35997,6.8
119596,9.99
219540,64.97
33332,110.54
88735,6.09
90016,41.1
109467,6.09
214599,34.0
232149,9.23
134823,30.34
215678,2.38
177230,9.65
31439,10.42
78729,2.035
30079,101.145
151546,11.99
36802,45.91
240463,17.99
65160,7.64
150155,2.12
135879,8.95
183673,23.95
261537,4.43
239452,5.255000000000001
205520,7.87
116498,11.07
28409,6.99
291676,6.59
97404,4.08
23202,4.625
211093,4.97
100087,14.95
50509,11.99
192205,6.19
158779,4.055
292341,21.94
35390,3.35
294020,12.5
14431,5.24
33975,5.74
193179,9.115
227199,1.99
73989,12.5
162785,5.19
111385,60.695
179265,8.44
20033,46.93
102127,5.99
150829,5.39
214042,104.07
269887,7.9
215890,21.49
10788,12.51
185059,11.83
33603,11.97
243345,13.165
216800,8.97
27473,6.86
169441,6.99
166345,1.19
107580,8.62
33907,3.475
205344,13.97
138885,2.14
248210,12.78
207431,21.99
50588,34.44
89275,43.99
14334,26.0
23522,2.1
219701,3.46
295405,10.755
92952,24.0
285756,7.19
210175,14.99
285641,7.935
20913,52.41
40750,20.995
179993,9.19
68985,16.99
193066,3.64
114723,38.64
107093,31.9
275942,3.39
237880,26.0
221206,4.97
246483,7.295
92066,8.96
237000,11.99
235050,69.99
289590,12.96
152016,17.05
297938,4.475
293100,180.99
157731,7.84
40332,4.445
220294,34.95
241320,12.94
161377,3.49
47453,1.79
92164,35.34
125053,41.0
212099,18.99
141161,32.44
23615,90.16
232267,21.99
92730,28.82
95512,6.49
47200,10.73
93905,16.99
221658,8.49
175484,4.98
257536,12.99
237368,7.99
219091,11.99
219088,24.99
21461,29.53
223248,29.98
141947,49.31
43145,16.38
162548,58.96
78232,23.9
274901,12.92
229312,7.76
144278,26.09
60362,11.69
89799,11.989999999999998
25955,4.43
266844,18.99
164415,59.97
122867,29.95
44887,33.79
231297,28.085
46655,25.98
59940,12.36
167975,7.66
136654,10.99
161912,162.66
264667,26.99
201220,6.59
135591,57.0
25332,11.6
69338,28.49
160816,2.78
112901,55.98
209188,10.99
100384,19.09
228083,22.34
62130,18.51
237391,9.98
25492,34.8
212752,7.49
259333,10.83
93832,5.75
14234,9.4
251815,4.97
174489,42.565
298267,22.99
10978,20.2
106882,34.99
236323,3.48
15900,22.03
295148,1.77
126701,75.99
158853,27.29
14367,21.8
216092,12.98
175087,164.99
120009,23.76
63397,8.78
267807,13.49
276769,6.1
263875,8.83
213467,35.98
133386,9.485
227803,46.97
99850,81.99
161211,63.4
209560,14.99
154713,3.49
69972,4.48
279128,8.475
101602,13.95
81591,19.82
153928,23.99
208746,26.97
287726,24.76
53740,10.31
225026,2.68
126574,11.49
21805,42.99
155713,9.015
197121,12.95
57496,24.5
124740,14.49
154583,10.95
238829,21.99
25036,3.69
64380,17.59
96910,6.675000000000001
21136,64.31
71600,21.95
173896,10.0
43647,35.825
111273,4.99
40790,6.53
29968,115.1
174534,61.01
275252,6.965
89539,2.13
87391,7.27
46227,15.025
250717,31.09
133298,39.5
80419,64.95
227807,12.78
71794,29.44
259913,73.93
84501,2.44
157911,3.12
139441,3.99
210062,10.5
123798,5.9350000000000005
157923,10.0
83385,6.99
256344,13.99
229785,10.615
6916,4.98
78235,30.31
139625,21.6
194077,10.1
201438,25.91
224401,24.2
171959,15.965
120779,4.72
222453,18.98
219351,5.0
100181,24.75
161975,0.89
203998,26.99
97248,175.28
142343,46.64
213734,7.140000000000001
285383,1.18
1595,29.41
217106,15.75
66062,16.75
214352,20.99
244285,2.99
79979,1.34
257641,28.95
194796,14.92
171133,4.36
288652,49.69
193107,3.29
46278,14.745
142903,57.63
258726,4.37
79460,4.59
188402,2.39
154130,6.49
178547,8.16
22256,35.99
53414,6.99
252303,2.98
84782,8.915
90695,20.49
75019,38.98
93247,6.23
189625,4.985
177644,19.92
1765,141.62
254925,11.1
138198,1.605
200170,3.16
16406,16.99
2138,26.09
231162,7.3
218737,13.489999999999998
40016,4.89
278030,7.245
293990,47.66
33301,4.55
61792,168.0
104595,59.99
256252,11.99
94088,14.94
79977,36.99
42588,9.95
260898,5.19
31462,7.31
215672,22.99
65226,12.2
172516,1.98
284733,17.4
1449,51.54
290972,48.95
285646,15.86
157080,74.63
143302,45.7
299411,5.5
126726,4.99
205226,50.89
263490,23.99
203223,8.99
89478,4.95
184016,12.99
271760,3.78
153872,16.99
175416,22.59
36239,44.76
28893,1.96
4820,14.44
160249,3.5
95187,4.95
115923,189.98
158550,3.25
153237,25.6
209855,16.99
273200,71.04
28572,5.07
241134,12.99
37397,2.87
205268,3.47
102101,56.99
266292,4.27
162072,1.69
11750,14.84
102066,51.64
84224,10.49
190788,18.5
164421,34.99
239320,59.97
60508,59.99
204182,19.99
52646,6.105
114664,16.744999999999997
291290,5.58
230022,15.77
14547,6.03
233647,7.14
17429,5.99
19536,19.6
25298,23.23
77424,12.99
287899,76.59
294109,13.12
27016,3.98
125525,3.89
229893,19.89
256570,28.57
289231,21.98
196566,54.24
127164,7.415
109064,16.97
42276,12.89
292239,8.620000000000001
85238,19.4
258125,2.67
10030,14.99
267837,39.99
121887,20.99
160621,14.99
247829,9.7
78436,26.62
10642,241.12
102414,4.34
124031,6.0
113595,4.885
247208,36.72
88510,1.79
21187,48.98
226383,14.95
40563,10.3
251686,19.05
191183,21.59
239994,20.0
5067,27.99
66375,6.96
59718,9.94
165295,4.99
101133,7.965
206268,79.99
35439,5.59
51161,12.95
269772,15.445
268565,11.99
82141,10.69
193773,9.99
78120,22.32
37045,15.0
19124,35.93
4141,86.91
176017,20.49
62139,5.375
205485,7.95
26526,6.635
114202,42.31
298102,7.689999999999999
174516,12.89
123727,96.0
127925,35.89
150045,16.95
147116,27.46
236670,2.18
216395,3.59
287415,10.19
195560,36.76
201775,19.245
298999,34.93
298753,7.47
236849,32.44
16989,38.99
229762,8.59
16137,9.21
225865,19.995
612,5.89
42713,10.04
187069,20.19
27872,10.79
185273,3.94
93432,36.0
32951,19.99
57162,17.99
30409,3.49
47965,3.84
87037,5.7
285736,16.495
30928,3.19
115563,3.73
227202,6.58
63121,7.609999999999999
150744,17.94
248005,69.98
178875,29.99
255732,34.99
72539,9.99
131495,17.35
230396,13.75
28543,13.99
243622,41.95
257911,24.99
279285,1.2
25414,12.89
118017,126.63
168954,12.49
61392,24.99
124336,72.45
114726,16.47
140369,125.66
141637,1.17
223228,22.99
179076,124.23
188076,9.96
214085,13.61
276915,61.040000000000006
165563,11.645
135060,4.99
7061,7.77
246299,11.15
258529,9.47
167203,14.99
35103,8.99
14370,10.99
6700,2.68
279630,11.99
95167,4.79
187409,52.99
156350,7.1
152194,21.81
56942,6.98
228398,39.99
44132,3.2350000000000003
131303,3.34
267216,3.975
100733,4.49
193620,38.35
233148,20.0
164671,21.58
194604,11.0
224630,22.99
211391,27.89
185338,1.48
260492,1.97
32033,17.35
168848,11.5
54122,9.99
13436,26.34
213307,6.97
115409,39.99
65544,17.95
77243,11.99
234517,24.99
294567,3.49
167537,14.99
124992,10.99
245995,3.74
214169,28.48
112352,30.44
185511,1.7999999999999998
52053,17.5
223540,27.99
67317,6.49
286561,3.4400000000000004
124580,15.99
231727,24.99
26377,13.95
10542,12.21
19177,16.82
31793,8.435
128463,143.12
146906,83.74
202334,98.16
245326,21.0
298252,14.39
254753,2.85
34496,19.99
204423,83.81
260058,18.99
41660,2.49
182502,2.0
202372,49.95
194819,5.98
290758,4.48
151006,14.195
290331,5.735
282670,50.8
149414,56.37
141060,94.46
297184,10.74
127902,86.31
104525,24.95
175301,13.4
23885,31.5
208624,16.95
115233,44.99
30923,16.68
149821,46.89
127651,16.99
194888,9.44
237595,12.585
267188,9.5
114231,6.69
34930,9.74
290004,5.99
286476,3.785
40257,23.93
100981,24.17
29049,8.99
254654,17.25
133824,38.565
135998,12.49
158001,4.73
183074,9.55
106988,61.99
68697,25.48
128670,1.48
21965,13.76
287425,5.49
182011,18.99
144421,76.44999999999999
95914,14.99
8839,33.88
25267,10.99
234428,3.98
109294,43.99
15563,13.95
257896,3.49
162268,7.49
197220,13.49
53036,13.91
39923,9.99
65730,8.99
261958,2.78
286654,3.385
1239,0.99
62368,59.95
69295,56.63
199764,2.005
230982,57.98
53962,29.99
69896,74.99
279588,4.79
8449,8.49
67553,8.99
31231,6.385
136710,3.295
38905,8.34
11666,20.36
78521,24.68
61994,52.8
85632,39.99
76388,6.855
70464,5.12
126911,84.77
191111,17.619999999999997
192947,14.99
270921,59.99
230187,12.99
86738,32.86
131746,24.07
158030,15.0
45167,70.99
249440,18.49
201341,74.98
153425,9.38
213424,17.99
197099,6.42
116501,3.69
189490,27.99
161472,1.88
173099,4.79
283537,5.49
1047,3.99
91283,36.99
82436,7.19
290228,29.0
186761,4.79
277042,13.61
261543,6.05
114876,29.25
76984,18.99
254635,36.49
108528,185.0
71087,25.0
255684,13.89
266735,9.99
58581,6.99
285971,7.835
83083,48.99
291457,22.92
123835,7.94
281751,1.87
142919,46.64
108303,64.99
253364,3.3
14336,10.745
163491,19.805
218167,14.995
180035,16.95
200236,9.215
93461,3.89
166199,9.99
281909,2.49
182986,17.31
59352,10.945
140512,7.45
19272,1.84
45218,3.54
22299,21.18
159096,4.54
142068,26.09
195041,19.99
100746,9.99
297721,6.99
28169,24.99
282292,1.98
173622,17.99
146308,40.0
7801,43.51
222859,8.86
280162,63.0
168605,10.99
62819,13.98
225788,3.77
105828,3.99
285540,3.49
109820,61.625
73142,63.97
7962,12.66
25714,16.99
17926,64.31
76299,6.69
210961,59.99
153272,5.99
270452,17.34
15303,5.99
117291,23.7
30676,4.640000000000001
248481,19.99
116142,17.99
189422,3.29
111567,9.99
85794,36.695
164122,4.99
79572,79.595
216481,19.99
34478,9.99
76435,21.99
132637,9.99
217347,3.99
146914,16.77
113013,15.99
229146,13.99
34714,1.67
44277,25.71
197685,8.47
51028,23.24
239087,14.99
198500,32.21
163826,2.52
15599,16.0
93495,36.0
34609,9.755
227247,13.95
70403,4.0
78218,15.84
89203,25.9
275592,5.195
96310,14.99
129412,5.76
155420,29.95
226364,14.99
72346,10.99
193796,15.36
151237,13.99
2151,46.64
166513,90.19
156282,13.63
22906,13.34
266614,7.76
282492,2.31
2679,68.14
189294,222.37
245272,1.67
107545,17.78
106878,64.99
65873,35.59
161644,93.34
201293,14.99
186867,7.995
78359,38.18
122394,61.18
8305,94.81
274130,17.93
174042,39.95
175382,71.74
70991,8.04
228239,14.7
149127,81.92
18848,52.41
288907,2.64
143687,59.48
30646,11.75
272319,8.98
133457,4.28
71495,4.895
118909,4.89
271970,6.135
127003,12.225
186202,11.04
54916,11.95
77130,8.97
60093,13.99
60259,14.99
117576,31.74
224304,19.98
266091,9.75
145835,6.39
233773,39.99
235795,26.95
282476,3.79
150490,4.63
118939,7.98
153619,1.39
35703,8.99
15768,14.16
270052,1.88
105491,5.300000000000001
14361,36.965
65695,19.99
120735,12.79
240246,25.94
113540,25.99
54937,13.96
227155,40.74
60271,4.1850000000000005
74583,23.95
86160,22.78
134241,29.99
73578,79.99
131881,5.88
241653,9.94
39540,44.97
162529,5.005
116824,114.49
157278,85.61
75998,5.125
184036,15.98
182915,1.59
293748,36.025000000000006
67068,8.05
187962,9.96
195047,7.38
3201,3.88
255403,11.79
216031,13.99
289201,12.38
216833,12.41
61381,26.99
244946,17.5
193382,89.99
222052,60.54
222579,33.99
207726,34.98
154798,22.0
18198,26.14
188579,8.89
88030,45.22
280422,1.99
1540,81.92
37752,18.985
96725,15.675
167109,14.635000000000002
59018,34.79
149530,20.68
213687,14.99
134295,2.78
263932,10.69
175818,8.99
273297,3.49
148566,50.13
185335,9.25
97209,3.59
65722,8.99
261995,3.63
182522,22.3
284645,3.74
146210,18.95
68915,29.95
208462,9.99
130021,33.06
161120,233.43
103653,4.99
157758,13.64
98682,9.28
134333,6.85
278475,27.455
31518,1.98
190899,22.49
80235,62.5
111797,40.235
256393,21.99
139507,12.02
294042,16.96
204800,35.28
76796,25.695
203866,36.91
34425,6.32
64473,29.975
54287,27.67
145277,86.02
101858,10.01
153572,20.86
119902,6.6
145642,141.62
233406,37.535
226485,24.405
51420,24.95
8151,12.49
8870,9.56
62243,3.99
77732,6.29
183186,12.49
173088,6.68
295848,3.64
213916,11.795
9121,24.98
283154,30.89
185631,10.29
20782,37.63
21375,5.79
254014,16.82
64688,30.67
105628,25.99
32855,12.49
29561,34.27
190522,3.59
230460,16.07
72875,9.98
167869,8.65
170254,10.48
212159,6.07
234651,3.58
75321,2.92
120237,113.99
27388,10.8
266423,19.95
272424,21.99
208388,29.99
259519,15.89
74160,7.66
136245,20.99
144488,20.98
4498,26.795
62293,20.99
72342,46.41
198764,6.525
122224,64.95
138567,8.99
160340,14.06
198310,4.635
154565,3.89
175427,11.74
77841,57.95
201788,21.99
250079,49.99
213625,38.99
268583,85.11
251161,27.43
122212,25.98
78090,1.42
83960,67.06
220764,4.37
204189,19.99
257330,27.99
88920,50.0
119484,14.99
253481,28.42
170220,9.84
231766,9.06
16126,12.99
247434,82.3
69347,29.99
102915,9.985
73887,53.760000000000005
89601,7.98
189689,4.59
146456,46.64
91003,28.43
95443,8.46
272266,11.85
244434,10.95
245406,21.99
184833,7.24
44225,10.75
275075,6.49
129068,31.24
4714,14.84
214237,3.73
62541,33.01
131472,29.97
109947,31.79
40324,1.99
275060,39.135
221963,2.315
69183,31.99
274494,11.05
224658,30.005
55868,11.49
109871,21.51
257549,50.675
138619,13.05
115678,20.91
57388,54.79
238602,25.99
294527,14.24
5219,124.455
209495,1.68
37813,53.16
277538,16.88
191716,52.99
75795,4.48
78778,2.74
38527,27.365
79044,8.29
75212,8.74
264181,32.97
242888,26.81
31685,11.07
227739,27.41
255701,15.99
295300,29.99
145083,57.7
273071,19.74
264267,18.97
178187,50.15
32532,62.51
287342,3.4450000000000003
94682,5.44
243857,19.03
214914,62.47
211306,71.12
289732,12.12
38340,9.15
166708,2.89
277273,6.055
292528,12.47
241212,4.99
4357,88.39
221381,24.15
195988,89.99
187028,14.99
39999,6.49
7702,35.0
282537,2.28
262657,10.99
150210,22.0
262858,20.21
122069,12.49
151889,13.99
171904,24.88
103334,2.64
222357,26.33
290531,23.52
97759,12.99
271544,16.74
10888,9.98
49489,9.805
251092,25.96
20068,64.31
102856,8.98
280384,1.515
160823,17.35
153968,7.945
227485,32.99
134555,12.74
105601,7.79
67878,12.99
214385,39.99
195687,45.48
12820,6.67
136311,5.91
239818,21.0
99076,3.725
262492,3.99
240191,39.99
138735,42.635000000000005
100278,14.29
225227,5.65
184468,3.735
215487,12.68
131348,2.98
85850,13.49
77423,12.505
216732,1.99
294000,11.98
73816,37.0
17364,38.95
75880,11.3
299335,37.7
235956,3.575
44581,199.0
124919,39.99
208661,13.42
13286,38.33
140101,7.69
211307,74.99
220327,9.85
96418,32.53
137971,14.95
232053,4.49
74394,11.79
193393,12.695
239819,3.74
272911,5.58
201013,12.8
110153,118.7
277239,2.185
244207,34.49
267586,2.12
73552,2.89
256283,3.12
103597,24.98
112308,9.99
112309,56.77
118586,9.99
245797,6.69
94547,3.69
231020,25.13
59581,27.24
195606,106.53
22571,12.245
167168,10.99
96736,13.99
195106,17.95
177783,13.99
90603,38.59
290803,100.75
3509,46.17
266270,14.9
115711,9.99
144995,81.92
255512,25.62
17870,17.49
104911,7.99
23808,20.71
71364,24.11
15390,39.99
214574,4.69
2511,50.76
261357,11.99
152517,55.49
3710,15.99
11500,29.99
193696,5.18
169256,7.615
114923,33.99
132438,2.98
54275,23.86
239506,6.635
187600,18.95
49687,17.29
121547,15.54
188371,12.77
143645,46.64
49553,19.99
220438,17.15
44181,25.0
189502,6.595000000000001
211003,10.97
99718,4.08
99316,6.95
249345,11.32
21848,11.41
27187,15.670000000000002
80650,3.17
25146,10.385
289848,12.4
242102,6.84
162689,2.165
123963,10.01
42573,2.56
170829,6.34
283704,13.14
248230,139.98
50607,48.25
269178,5.19
121272,44.235
195314,83.6
205488,12.69
189442,9.98
137027,31.99
32989,45.99
94609,12.1
116432,6.09
218151,9.93
212879,13.42
110804,18.99
291351,5.58
62409,17.99
220358,133.5
196395,55.1
219402,19.99
249793,30.89
34724,12.92
135476,5.33
25943,14.239999999999998
26658,52.125
95442,28.49
274472,6.79
242018,14.95
165395,3.58
290657,20.5
179866,1.69
46341,31.29
26241,11.78
80054,11.425
203637,5.98
215098,44.99
198664,10.95
91567,45.265
251927,84.27
150779,13.99
59864,32.485
61984,5.695
286405,44.74
76877,9.99
55154,17.5
144538,20.78
139089,2.9450000000000003
229106,2.79
133950,3.99
249676,16.9
73200,19.95
74561,30.6
109930,24.095
81756,2.39
254989,12.99
23883,3.59
134793,1.78
51124,13.33
197331,23.99
72532,12.99
262097,20.9
259647,46.99
49485,4.79
80604,5.79
1285,32.07
6484,17.91
72212,9.45
34207,13.99
91740,19.99
143541,59.48
209101,14.99
217506,14.82
137545,4.095
271303,20.65
206640,5.09
160750,58.19
78954,14.99
2623,50.1
189656,13.99
43920,11.49
40087,49.48
288612,35.18
191429,10.99
12968,39.0
167864,22.0
115805,19.99
89372,17.57
262445,2.59
31166,43.04
284768,9.3
294761,2.99
186152,16.16
133096,7.935
167929,5.98
17741,22.99
102558,7.48
23570,23.92
138069,9.42
28977,4.24
40156,17.83
177626,6.39
66427,39.99
108934,22.0
72509,72.5
70037,10.0
32247,10.91
8964,10.99
235798,7.99
215666,20.99
163434,37.395
279084,3.385
294851,58.03
268894,4.37
237123,14.99
265998,17.19
199649,1.69
265492,7.175000000000001
246727,53.57
226297,47.72
182456,14.62
49802,12.04
79122,33.99
53585,15.475
202046,19.99
237703,4.98
92560,9.79
10335,36.245000000000005
130570,22.82
179917,9.99
122173,16.99
197589,21.21
7712,4.69
20851,19.6
32318,31.44
103408,31.925
256522,1.575
297277,13.51
284844,1.99
101283,59.99
79995,4.93
146566,53.01
30726,5.53
101924,5.29
198528,12.99
224966,10.48
275628,4.09
124873,185.88
203736,6.49
206460,21.94
141380,18.99
189012,24.99
285400,5.585
209192,26.0
62113,9.98
80540,4.92
113505,9.97
38361,6.49
89874,3.39
289813,13.77
143710,59.48
140414,10.9
35681,7.8
11869,3.82
236441,41.99
195512,86.47
86152,81.18
68276,20.38
184797,25.82
275882,6.265000000000001
136025,53.57
243973,16.485
119092,15.99
132808,2.0
10982,19.99
6519,4.59
257084,8.99
115174,35.52
44791,3.98
127427,3.59
135867,4.6
105670,14.9
281582,5.99
172175,26.785
219660,15.38
158617,29.98
211404,49.96
28441,9.96
56995,7.8
63336,32.92
3025,2.99
290492,20.25
228082,8.99
297862,9.95
209642,5.99
23915,22.53
180876,4.28
297848,2.19
264129,12.95
207434,10.995
287201,13.99
147011,29.13
277237,16.415
138327,42.21
241739,7.74
269193,65.07
12139,11.98
181266,13.76
294983,3.97
256631,66.91
137033,14.79
219121,13.63
59927,11.255
47101,82.14
35750,6.615
266573,5.62
106519,8.95
796,19.99
206503,14.99
191607,16.895
101215,32.99
113715,11.99
123306,18.95
135464,5.68
63538,14.99
66047,20.74
288083,4.390000000000001
244582,20.0
285235,10.46
222910,16.99
282824,6.09
254481,13.295
173049,15.515
115720,52.045
271539,15.99
296826,64.99
9999,10.48
179874,28.99
60970,4.49
52660,5.74
258310,7.03
222306,49.42
141396,8.26
35983,23.99
106876,49.99
232834,22.93
233568,18.685
128875,14.99
136622,6.99
131173,9.99
135679,7.49
117446,15.99
124016,13.39
128893,114.63
222592,3.34
119055,9.99
36020,5.585
57855,59.99
220009,10.745
288611,35.91
263794,37.84
126329,22.4
268654,43.99
705,12.84
195010,23.95
201103,4.91
102899,15.95
204676,8.98
22410,8.0
61656,14.99
55142,176.49
133854,33.435
239645,44.93
54299,6.84
22032,7.49
264228,21.0
221273,36.61
43349,1.445
195179,61.9
151535,27.95
37626,3.49
299195,4.99
260305,47.48
232426,61.735
252056,33.49
260813,5.99
71000,10.99
132727,28.49
281169,14.98
205551,27.99
48811,85.49
234201,19.99
120790,9.99
71316,29.52
139255,10.89
136844,6.53
245975,24.32
40144,9.75
160495,1.89
270237,4.99
194627,3.39
275413,12.62
146055,16.77
176611,6.79
195244,47.57
150293,1.73
25067,4.39
42550,11.49
260932,74.51
159203,8.629999999999999
257247,70.0
77860,75.99
191194,61.78
184947,49.99
278464,49.56
17659,16.9
128448,18.95
183283,14.95
177242,15.99
237590,54.99
257526,32.89
47177,56.47
139079,1.89
10860,47.24
28073,42.67
219729,9.24
162363,18.73
125116,18.98
298446,29.98
113825,25.54
97350,17.189999999999998
272388,5.245
138384,49.7
30630,13.99
83504,49.25
292360,19.89
11943,13.74
55316,12.99
179934,10.99
146190,20.74
145632,24.42
257234,19.99
74588,71.2
12036,8.45
96908,25.98
192998,31.24
63434,10.9
51896,29.99
284938,4.53
202357,19.95
68850,14.61
36963,102.49
197193,29.95
80930,4.140000000000001
122663,9.89
132313,14.99
254105,11.98
241213,29.99
66519,14.88
97707,7.99
98300,16.205
225512,39.36
133430,55.85
93299,11.885
112426,13.985
12923,18.29
131301,8.985
118828,74.95
2624,50.58
89234,7.35
7315,51.03
7209,70.34
149593,42.74
174892,16.985
43074,8.97
191629,19.44
269053,30.92
156765,113.96
127628,8.46
232040,5.52
243246,6.77
15686,1.5
114269,16.48
161193,107.56
47751,5.46
7398,14.175
290876,9.94
234737,11.99
280433,35.99
31062,76.23
99614,89.99
258169,10.83
148926,44.99
284715,15.42
179794,68.59
24708,3.705
290078,11.675
141921,45.95
126624,21.97
34451,33.685
161020,130.875
277387,3.39
155764,21.02
201882,24.99
281970,1.49
88921,16.5
41414,8.96
125265,25.49
76754,9.41
172116,1.48
203478,19.97
297826,2.49
97510,17.495
24667,6.59
11572,37.545
54013,26.21
105712,13.49
181337,26.89
229732,15.99
260388,16.99
242421,33.42
16515,13.99
280135,1.12
12797,39.5
197705,35.89
163245,8.629999999999999
267169,4.39
196859,1.28
11888,6.17
219053,89.98
233154,43.5
148012,128.44
119338,15.99
189882,181.81
217487,11.99
10739,11.09
116991,10.655
296587,37.79
44712,3.0
211682,55.99
148756,76.44
126376,4.98
261919,44.95
256924,19.87
95748,112.0
1319,3.92
64342,5.46
25788,3.645
79281,9.99
110339,21.91
287476,3.39
67143,47.6
237340,9.8
232430,29.71
25771,5.34
176705,8.495000000000001
101699,3.64
180952,4.18
93963,51.9
150964,13.79
109631,16.295
101979,1.98
285526,5.79
267662,1.535
235162,33.47
236078,19.35
71993,1.34
53164,19.8
150458,5.21
196056,77.49
52834,9.29
245641,6.0
135950,25.01
127861,8.77
154010,14.95
78624,32.379999999999995
87729,9.95
151624,20.17
77534,12.75
79781,8.09
33481,4.79
214714,6.92
279575,68.64
295706,25.05
25677,3.84
265757,5.6
173675,11.485
246463,55.08
56239,29.69
296439,7.965
277006,7.03
5716,15.93
154656,4.175000000000001
203582,23.24
209248,6.745
92143,10.99
51080,14.75
158013,14.44
177894,25.95
55640,94.99
234743,11.39
173561,21.895
268995,2.08
63234,49.99
39077,3.64
132489,65.36
14177,19.99
70914,15.695
148890,34.81
66869,9.39
145458,11.71
192937,12.49
69971,13.37
273799,3.465
266093,6.17
31924,22.89
22359,54.99
45400,32.265
193158,13.57
201324,179.98
290576,3.94
34886,7.99
79348,0.98
185587,26.765
134689,14.99
264217,2.6950000000000003
173609,18.825
231097,8.71
248605,2.44
215738,12.99
75626,4.35
208823,44.99
137349,2.87
194449,66.99
159290,150.0
159065,10.29
219993,9.8
211007,44.98
239871,62.84
106559,17.79
171846,6.99
74482,15.99
37898,38.895
240665,89.99
216547,24.99
256664,7.965
85622,23.37
144831,13.59
46953,5.51
288050,14.830000000000002
181153,20.91
260050,1.945
19194,36.06
58095,21.75
83311,5.29
149219,36.36
171309,30.49
223022,4.64
283967,19.315
199627,5.79
257586,3.49
243774,13.99
25462,28.07
159804,5.46
275308,4.19
231264,35.99
288549,8.69
163667,14.99
225170,16.54
97470,7.02
79420,1.84
184738,19.99
239331,21.0
12991,39.27
80405,60.5
58815,131.99
233882,52.98
283067,35.96
82113,10.01
260316,13.79
199662,18.5
230657,27.99
283765,17.24
241896,3.99
238890,29.95
181082,18.0
163816,17.88
168420,22.715
262182,4.99
58909,16.605
6540,4.51
39450,6.29
298817,35.895
117209,32.44
265134,26.99
44966,24.5
243546,26.8
85631,18.99
112379,34.99
18842,26.14
105114,44.5
285416,1.89
298011,1.66
199404,8.11
157331,94.26
59643,12.94
215604,8.86
216817,27.5
155008,8.35
223423,149.0
133598,14.26
177755,52.96
286114,5.720000000000001
67729,26.47
242214,44.01
173047,7.995
185618,12.95
214041,50.99
107203,8.56
205312,14.99
182950,2.74
32568,3.99
166712,1.08
91286,3.98
191047,9.97
182461,6.52
139702,15.91
288253,6.29
56950,53.545
199951,10.99
54757,23.99
3353,6.69
12328,24.85
158591,8.629999999999999
195417,133.18
62684,13.99
155220,22.735
61470,6.95
87289,6.98
181006,4.68
274483,2.69
134087,12.19
84260,4.84
86555,20.95
186834,13.99
124007,27.99
204799,3.28
26700,6.77
52908,17.39
32587,6.4
30773,9.98
260639,6.97
166977,6.0
38831,4.390000000000001
292532,54.99
250331,10.58
24639,28.36
259641,2.73
32393,4.49
259921,22.98
133796,29.39
101061,44.11
60922,28.95
216663,16.87
298489,28.99
69534,135.08
248058,28.49
116746,9.99
201387,17.98
149088,42.74
30188,4.86
135523,43.99
68516,42.99
36640,22.95
289834,14.99
18213,22.130000000000003
280899,23.85
258688,9.48
268012,44.99
297468,25.24
73337,31.01
3028,12.59
199788,12.0
79417,3.34
93975,5.49
24877,11.98
122455,12.48
298533,16.0
58684,32.99
214794,19.99
233139,48.23
156108,1.75
225278,50.95
74250,50.67
35111,22.99
60060,17.3
109051,24.97
99271,3.72
138674,13.44
164521,12.96
159488,7.5
243855,68.99
65114,29.99
232048,14.99
193264,11.38
165761,7.49
110606,43.99
112575,9.66
46063,8.69
62279,8.37
250543,19.99
272742,19.92
196404,89.3
243441,19.95
283834,13.63
37044,3.88
180473,4.79
21646,33.99
118196,4.48
230279,9.99
152347,29.61
249487,6.49
96671,2.49
244695,21.95
54703,17.08
75659,1.94
251961,10.18
60424,2.645
210313,1.49
122959,8.88
15779,11.39
161592,80.95
153268,28.02
14315,6.105
7471,69.95
2549,81.28
241610,2.86
140675,35.805
149069,23.49
128962,20.95
225389,9.115
111368,2.29
133420,75.305
57625,45.0
108302,5.39
124821,41.78
108892,14.99
266411,12.035
24717,5.35
108307,97.99
232325,51.49
75426,14.73
222825,18.95
105804,3.24
133010,121.63
133216,42.95
70584,12.97
158878,4.99
143185,2.59
185808,9.51
284093,15.99
140981,35.835
145430,21.86
161212,34.09
5320,52.61
285773,6.449999999999999
162459,2.56
285576,11.415
74532,7.235
41736,4.49
56310,2.46
290784,7.140000000000001
223359,5.98
103762,12.95
199830,9.2
105161,8.99
104943,21.64
241779,24.99
104283,16.82
273526,4.79
174982,21.99
204990,10.0
68793,5.04
57017,48.97
72405,4.41
245269,2.75
170666,23.47
234356,16.045
36309,19.36
242918,26.69
283358,1.25
193486,4.38
152304,56.53
284592,3.715
51836,4.89
100380,5.29
109604,2.88
124091,93.44
182143,29.76
168311,37.92
111239,13.8
147303,4.79
148646,52.61
92592,21.99
141962,8.82
239113,18.81
2160,80.86
158737,19.65
235196,27.07
50268,46.95
8346,16.36
275063,9.94
219557,9.98
251410,18.55
55936,10.22
174967,24.99
16254,8.39
240243,13.49
145414,28.515
167838,3.83
171409,27.99
173089,4.385
238437,39.99
226797,13.99
198964,7.99
8523,10.99
92650,22.39
161512,39.39
179814,7.99
121107,36.855
256256,13.79
246395,12.99
256226,19.99
9688,33.925
45093,3.14
207749,11.99
44844,4.58
66625,130.54
222090,25.95
245072,61.99
27719,8.41
224720,14.99
146723,30.01
190289,24.01
235698,22.95
288285,29.88
276510,1.24
128982,24.37
147593,39.99
128944,18.95
83736,4.48
192926,12.99
217787,12.88
17148,7.529999999999999
253448,99.4
97929,9.34
237397,38.24
229367,10.99
254009,2.63
283798,5.78
37920,9.34
270695,8.49
55172,18.1
59641,6.49
180011,13.99
253540,4.675
264428,199.99
279522,31.17
170204,4.84
93147,4.99
235869,98.98
159062,10.29
146536,46.64
177564,173.22
296370,4.46
163628,2.12
134452,7.99
66970,14.48
111399,9.99
298421,28.83
21082,54.69
281148,6.22
21776,7.47
238718,61.49
3713,26.96
116097,28.95
74692,26.95
240052,15.99
83862,6.32
197302,10.2
52043,35.11
25855,6.99
272041,6.27
209809,4.48
25678,7.49
15615,21.95
182493,9.6
274873,6.67
39746,2.84
170643,26.99
95127,17.99
140010,7.245
195443,150.11
42366,2.99
90035,5.49
126057,12.14
190700,2.91
286748,1.63
162523,66.99
184077,28.36
40273,13.0
39981,54.95
41262,8.27
13141,17.99
297769,6.29
277655,21.34
183155,16.7
74357,14.4
195467,34.94
70491,4.79
233436,123.19
296785,1.49
240294,19.99
131545,14.99
192219,3.875
232906,5.195
28614,38.84
39738,19.98
38125,3.99
141834,84.95
44252,28.19
282862,6.19
86008,4.99
98609,5.39
252030,14.84
152359,30.49
47903,8.75
230174,22.99
25193,29.99
109094,6.69
95232,29.92
78768,5.365
33916,2.29
194132,2.49
229968,22.94
254648,7.98
61254,24.16
47766,11.76
110308,3.89
157590,68.99
220350,4.76
107678,12.87
189023,5.155
119045,8.26
34674,3.0
243144,4.79
143127,20.98
168699,12.99
225140,8.99
183760,2.645
37576,1.49
268064,9.99
32919,35.0
240551,15.384999999999998
39455,10.0
10649,4.24
84846,120.53
105034,15.99
54727,14.545
178084,2.99
232342,27.85
136473,18.115
74621,10.99
83563,13.54
142471,45.27
75833,28.3
246897,37.98
115059,29.99
135212,37.67
217455,10.09
270079,3.48
174964,11.77
209043,49.07
92590,4.29
199369,34.99
91481,5.6
224957,8.17
82913,1.455
279852,94.98
294032,21.48
117738,28.99
11546,49.24
202893,13.94
231256,8.985
15957,56.13
55741,18.95
230799,8.02
19687,52.41
193941,1.615
244136,12.99
119433,39.09
278532,14.88
200932,25.95
279295,38.35
131902,11.59
7467,5.49
43259,8.440000000000001
286391,4.91
124869,12.89
278208,3.99
191910,74.08
294932,3.52
209669,25.99
225455,18.99
181248,7.689999999999999
99533,19.99
115577,35.99
8759,5.69
90391,1.98
8326,17.99
291901,20.94
204826,7.365
101008,9.59
216366,5.29
217543,164.99
51247,13.98
135600,16.99
148567,50.1
1954,32.2
21619,55.98
47038,54.99
122831,17.99
109994,9.94
192515,12.38
267354,9.51
22997,14.29
165614,6.68
84301,1.68
142456,67.78
203043,10.95
202374,19.99
96835,30.12
67937,21.99
259307,9.99
36343,1.655
236506,10.18
76642,12.95
273081,9.99
248478,32.235
288036,7.735
94230,4.99
23451,51.75
206405,6.0600000000000005
14825,0.99
244218,19.05
111365,24.99
85604,20.99
37442,36.99
37500,9.48
141975,56.01
94757,22.99
145309,10.99
199572,12.79
152306,25.62
150469,4.365
161426,4.84
50055,11.0
95998,19.99
16746,18.99
244794,13.74
202177,13.95
34043,3.55
180103,28.78
284055,9.935
245664,4.99
131008,5.49
294757,25.69
80304,4.79
189503,6.9
48949,8.37
286055,11.87
158648,6.985
179742,4.29
199189,3.985
218828,8.99
236451,29.95
246095,1.24
125169,13.99
28573,39.855
141856,10.98
71283,47.96
184444,11.99
191734,18.72
246117,68.78
31070,3.62
56254,14.99
151866,5.43
143725,128.44
70838,4.79
274175,3.79
5785,5.29
104041,21.99
245054,35.32
102580,22.99
23315,33.34
8855,5.49
186492,6.79
186008,4.98
41374,2.51
242644,5.695
247366,11.93
28642,15.14
28854,3.52
295874,1.54
285062,14.98
118749,5.99
200239,2.74
59690,10.7
10384,11.7
233747,4.44
281304,8.98
282651,2.59
18945,28.23
97490,16.44
171273,13.99
46006,9.1
51037,24.99
240100,36.04
276044,4.82
104450,10.38
158685,15.1
189770,20.8
204045,46.99
273930,30.1
274109,76.49
183550,7.34
149913,14.39
164219,9.38
279402,13.95
103750,9.0
57752,21.99
8878,8.49
22682,18.5
85715,6.12
234986,14.99
219245,24.99
118797,24.95
236464,18.99
61567,12.99
88867,34.96
101161,235.78
16367,28.49
197731,66.97
145874,53.45
83714,11.995
135875,4.985
293298,3.035
192728,7.49
253657,2.35
159410,49.94
251560,2.59
21598,11.99
239010,53.29
66665,6.49
19111,10.88
62615,25.0
12014,12.88
268538,14.88
197620,16.73
18271,2.14
10697,22.99
118688,27.99
165954,11.095
41085,15.89
180810,58.99
252896,16.09
219935,18.99
71785,38.105
257753,3.54
28661,10.0
255006,14.49
125913,31.74
9301,5.24
192703,23.515
2353,57.63
55949,5.8
284467,3.705
186863,15.614999999999998
253801,19.98
60340,12.99
108640,79.98
216883,4.625
136985,40.0
75726,59.99
187416,12.61
30729,8.62
95622,5.73
130991,34.68
202228,12.99
110605,116.97
203215,2.52
108633,2.69
2315,15.32
171006,11.12
286949,9.48
7693,14.99
115170,33.99
49850,62.16
50758,8.99
183487,14.99
277923,9.69
170028,10.99
235938,14.99
117969,15.96
106186,29.95
97775,12.79
166032,68.295
188930,33.54
265730,6.85
254735,21.775
38208,14.32
20820,33.5
197282,23.95
67237,8.88
135733,20.35
224520,31.22
188009,59.73
175039,22.0
99865,6.88
380,19.99
133044,45.99
98688,39.9
96134,1.29
217721,6.640000000000001
86119,30.96
188149,59.18
60788,5.99
235735,32.49
295490,10.24
204395,14.5
105967,19.39
248401,12.99
131540,10.265
162012,32.09
142599,34.81
54593,42.99
191264,73.99
267778,5.635
126981,10.65
76281,31.2
8686,12.99
71917,13.99
78748,2.19
208987,5.18
120110,17.49
172997,29.99
233228,53.71
46597,22.15
286686,3.29
92433,43.105
210636,8.594999999999999
82076,5.98
257560,7.32
175100,21.86
189700,19.99
239911,36.99
254443,1.85
82030,8.35
266509,115.86
81542,53.24
140112,19.19
219692,45.59
111020,4.47
211264,57.08
166264,119.87
157302,32.92
151065,6.640000000000001
18634,4.24
231508,18.99
156575,94.525
213553,3.49
249769,6.505
279137,10.715
229020,32.95
46173,7.49
35711,2.99
94137,10.0
201251,9.99
251106,9.98
74018,12.94
122180,15.74
132498,27.01
104022,35.99
43899,8.85
173134,18.34
185947,13.99
34946,4.88
4620,25.4
28311,66.89
162206,1.96
240629,8.41
105673,2.86
47444,3.98
61996,23.8
150122,35.96
95900,11.99
85126,57.925
260757,5.69
260810,7.0
148950,141.62
177948,24.99
50030,17.49
132735,31.6
37050,2.38
259498,29.79
183012,24.99
168256,10.67
9258,60.5
163430,6.145
158463,14.99
2723,55.93
11699,28.5
291895,7.18
231689,14.975
244546,38.49
222948,23.78
208037,17.08
175260,3.88
8894,92.07
18866,37.63
180390,10.0
255447,13.995
201594,69.34
110516,24.89
99044,14.45
143247,31.95
41667,6.96
194326,7.99
126659,18.19
37979,29.15
14267,24.54
121185,18.95
233710,39.48
276171,14.16
283416,6.59
127502,29.99
215168,9.7
10585,8.45
129584,7.29
34481,6.4
241812,32.95
251904,4.9350000000000005
183064,20.99
112705,28.95
255646,16.46
114514,15.04
2202,97.46
149435,17.96
129301,22.79
193446,19.365
167627,11.49
179691,6.99
244212,4.98
284511,4.98
288562,24.95
275728,12.99
284549,10.3
163140,5.79
175761,4.99
8022,127.36
174163,99.52
183914,1.48
45565,11.99
252255,4.32
17541,8.135
184395,5.89
180450,5.99
188803,4.48
87706,4.055
150808,11.9
270788,9.9
87403,3.5
92680,16.495
20145,16.82
167464,5.79
231355,10.9
283265,26.49
62935,24.575000000000003
297930,5.78
211621,35.99
253620,7.67
72230,3.97
120643,24.99
276436,4.56
811,68.42
183067,4.45
74470,12.55
231591,4.69
172552,9.0
177227,8.99
85776,3.99
173603,2.49
249203,1.895
158020,6.29
13128,37.53
10306,3.285
37938,6.49
199575,27.99
72915,9.89
165754,26.48
248496,4.99
232814,64.04
221199,20.35
144268,15.32
275367,8.93
268621,21.93
195001,6.09
133480,6.99
194069,9.99
53411,8.99
137020,12.99
160903,329.63
34317,105.87
16618,7.99
172338,8.67
175173,14.69
34181,28.99
176855,7.485
18599,47.835
52534,146.45
229870,9.79
185588,1.99
132153,10.99
168886,14.99
34061,14.94
113537,23.99
142378,16.77
24789,34.5
298322,2.59
10985,0.55
226350,15.99
287123,4.08
108900,40.95
154765,2.785
147069,29.99
188166,66.99
21516,62.95
124593,14.75
237260,18.445
166565,12.48
208972,15.0
296763,10.97
34660,59.35
207456,30.53
196357,63.44
14814,11.0
95086,4.99
178967,30.0
185798,6.37
37476,5.015000000000001
8988,26.35
240816,86.99
22127,16.49
151345,64.7
45495,12.32
119225,11.99
11650,32.52
273453,8.145
135426,2.99
139775,10.94
103320,12.99
256454,7.07
287712,13.95
225769,17.49
25098,12.35
14342,8.69
60886,39.275
61901,15.2
266698,2.99
120630,56.505
28623,9.18
246920,14.95
194506,33.15
132989,49.94
236231,137.98
207228,19.99
240414,55.95
212344,28.5
51136,24.99
168693,9.42
74586,83.94
82028,11.24
1958,27.4
225869,19.995
64742,84.97
261035,46.86
104200,15.5
83458,6.48
131099,1.19
17627,8.99
49529,22.99
13102,16.99
122027,20.99
189847,29.59
128571,309.86
199811,12.99
85704,7.79
269206,3.79
66928,24.01
179418,21.99
65186,4.965
277131,4.0
207515,7.99
232815,34.99
28591,25.76
128475,128.49
26254,56.58
152165,48.34
37747,5.74
203503,31.05
234938,5.99
239842,36.99
115339,1.78
96809,7.94
88461,1.24
1592,29.13
192310,11.82
284623,2.905
155570,21.24
148565,50.58
259015,3.605
4539,88.39
80080,1.79
180649,5.19
216489,24.99
105855,30.0
87795,6.550000000000001
159257,16.49
130358,15.735
136009,6.18
205679,10.0
74773,34.95
99900,37.39
56853,6.115
155318,22.0
38434,38.7
237100,20.0
126263,13.95
268593,27.95
291083,5.99
86573,5.075
68685,21.99
112441,3.98
244329,48.57
166419,2.98
129694,32.315
274284,49.99
286477,4.59
71279,17.99
119376,10.53
233599,11.99
72525,19.99
75565,2.79
237115,19.49
291201,8.475000000000001
66743,11.73
220545,22.33
35621,4.98
57550,4.39
91967,30.99
9822,4.835
151190,5.99
240044,1.47
202481,26.99
13078,9.614999999999998
168969,4.279999999999999
266967,17.99
122001,64.99
293028,64.55
185145,9.89
184562,13.99
286956,24.32
7575,30.78
248631,37.96
64300,66.08
51331,17.47
44775,7.99
106687,2.34
91309,40.795
41404,7.439999999999999
96972,4.26
131052,4.29
31849,15.87
115756,7.9
130304,10.69
288362,5.890000000000001
22324,30.53
119420,10.25
99136,3.735
174566,67.93
145723,38.54
160500,3.99
221906,8.344999999999999
111575,24.98
181156,35.83
124376,8.925
233069,7.39
218261,27.39
29474,9.82
263299,3.21
218503,7.465
23356,4.59
295517,20.25
266669,8.325
152143,50.91
131688,14.99
161321,12.03
249257,14.99
154303,8.99
106457,65.08
256615,6.42
149616,27.43
35813,12.9
261634,7.0
28016,2.67
237951,22.65
137026,13.99
150795,2.385
26593,5.49
263274,24.7
234920,19.25
141431,7.87
93268,4.890000000000001
286824,72.97
151883,2.99
135745,18.86
123774,3.79
33187,10.99
107020,1.98
190979,8.99
97553,6.36
251530,12.49
295839,29.99
46157,14.99
276544,5.505
282024,10.57
106240,22.495
171098,49.99
293195,14.99
148035,25.29
253821,2.61
32753,10.395
24037,33.99
116524,42.47
188572,7.73
81511,7.39
218392,39.99
62989,7.07
23976,24.94
122721,52.66
215255,84.98
165989,6.08
290757,30.11
22257,6.985
232369,72.02
31029,36.955
265886,44.99
255939,10.42
149282,9.99
14107,59.99
203221,5.0
27003,4.685
101740,48.32
225916,17.99
234674,54.82
188738,39.99
57144,22.28
12787,1.215
266545,55.84
180507,21.25
22661,7.779999999999999
36586,15.76
70566,19.25
235569,23.95
80284,16.97
207509,62.84
101886,7.98
231433,31.99
140224,27.56
270738,3.1100000000000003
194373,39.99
40466,9.745
17253,9.98
91035,2.875
279821,2.49
150780,5.98
37247,8.99
211888,10.99
220736,45.0
289898,10.8
183610,5.895
74429,25.975
85336,24.92
45183,6.99
283183,27.085
59409,8.99
284586,4.91
249762,48.99
49821,3.505
258362,8.0
167148,10.865
17781,25.56
195817,41.87
111233,26.5
30347,17.46
289883,9.745
1017,14.84
179082,39.05
72079,7.38
216611,23.99
111525,52.78
71015,11.99
17818,1.48
72154,5.74
113476,49.85
64335,19.99
2047,86.91
10449,11.12
236178,12.09
84044,23.29
177399,20.985
59570,8.65
1344,53.01
896,8.99
295259,14.17
244510,10.305
1877,57.63
27746,1.73
276922,26.41
6643,1.735
192929,10.99
8868,10.99
6292,5.75
18033,20.99
260106,17.99
167323,4.4
188479,7.29
151464,4.505
299040,2.59
7136,58.150000000000006
275070,6.49
283835,3.79
204173,89.99
43396,12.29
269550,30.39
147754,30.83
117868,21.99
242386,1.84
137730,8.99
8557,9.3
246867,13.64
7923,8.99
90152,13.99
244138,4.94
169810,4.09
213340,3.335
270746,14.0
99413,162.99
242016,1.25
277298,7.75
72514,141.97500000000002
136834,89.16
65429,27.99
46199,9.39
181351,6.390000000000001
146059,39.71
59200,70.95
261147,6.48
15613,13.25
245028,84.98
22810,18.95
222734,28.45
45750,1.77
154213,1.63
226231,44.99
71147,11.6
93412,9.79
136616,10.33
267874,6.895
88274,11.485
79783,6.74
141378,59.99
4644,2.59
291288,6.0
22602,43.99
85989,13.99
244642,14.64
29141,5.92
38781,16.744999999999997
81459,3.905
176814,19.95
92483,25.59
273045,3.49
23972,39.95
41319,10.85
174791,37.54
240315,14.99
71959,12.99
284371,9.99
28186,3.365
184686,6.31
32340,78.99
284728,0.49
293465,7.95
208227,29.885
123707,14.99
92446,22.04
123738,6.12
152446,29.07
64868,6.99
99657,83.26
253919,75.13
136988,17.85
163224,5.97
35035,8.545
97434,7.49
202238,13.95
100170,29.51
143743,46.64
94792,3.89
6065,31.99
244192,23.59
281796,5.495
197931,29.99
32852,5.09
114978,2.52
164183,31.96
119991,7.01
152337,24.52
252436,1.125
258972,2.98
156613,78.83
13272,94.43
283985,24.19
183706,119.66
148810,27.4
193827,15.99
261416,8.95
277206,4.470000000000001
138412,47.33
153289,10.99
130869,9.31
39965,34.95
273634,2.465
24127,38.95
232921,14.0
70754,89.53
161736,66.15
152166,15.02
38126,6.99
69956,74.79
211125,12.99
16900,10.06
32229,25.355
12212,40.565
48708,5.445
259482,39.99
228142,4.385
34148,3.19
162370,43.9
11720,3.49
213313,12.98
97235,112.98
181700,4.39
152328,15.02
245625,7.49
174638,3.49
280256,3.375
68434,40.99
179983,4.225
115972,6.87
295211,6.625
36629,14.99
172160,64.19
180884,14.1
49823,10.52
114677,29.99
164707,21.15
125319,8.3
124597,14.59
7483,1.47
44955,7.49
209877,16.71
40278,5.475
239270,21.22
56842,24.93
207313,14.99
92562,1.99
47539,5.59
55925,12.99
252420,3.98
294259,22.465
186461,57.97
252412,11.99
290378,28.35
199045,12.99
190396,32.54
254074,53.78
33297,4.74
24329,27.99
287688,4.390000000000001
32440,28.83
183732,36.845
85712,17.58
258129,1.755
23612,13.87
77720,6.73
290187,18.59
107939,2.19
66672,28.625
227374,49.95
205122,1.99
46644,10.95
161421,5.484999999999999
126937,78.25
203092,10.695
36407,9.99
183628,1.48
76923,81.51
75446,3.98
291640,43.25
153756,36.8
12700,7.99
54788,4.49
197570,24.69
274520,1.365
167430,20.72
279041,5.22
145562,17.97
211252,22.48
136029,13.435
8644,5.49
174671,20.99
43234,4.04
46697,9.17
171807,3.39
22106,4.37
261970,32.66
246699,23.985
89663,138.54
42211,35.989999999999995
168286,10.69
224756,14.36
229117,14.69
122870,34.83
77688,4.39
296091,15.489999999999998
37974,3.49
179176,10.99
126181,11.99
236873,3.72
120703,7.99
279905,3.49
41698,62.0
244109,8.23
184419,7.140000000000001
10025,3.14
136291,17.81
267671,6.37
65932,9.99
30628,14.99
54113,23.99
240488,8.99
89527,38.395
228250,14.99
223534,27.45
275304,4.93
203209,15.8
272516,18.99
52629,13.99
17470,36.515
69569,3.79
264663,99.99
57243,38.98
190120,3.49
39327,5.195
249962,12.69
43533,1.39
298776,11.36
39823,21.19
187493,15.7
266323,2.64
245695,13.985
255558,6.4350000000000005
49192,14.86
57430,29.99
63772,14.99
12478,40.27
76859,21.56
115609,133.24
243286,11.0
134709,14.97
103081,17.27
22473,14.995
36655,12.29
285338,6.095000000000001
57908,56.41
96433,3.98
223256,28.63
66810,17.99
198026,125.22
21176,3.38
273160,4.98
2262,34.81
54926,32.41
227531,59.18
215240,18.98
268004,2.66
229538,6.37
68845,17.18
185825,21.48
14904,32.74
80701,28.5
144204,16.99
247788,19.39
23942,19.14
119956,26.99
269783,16.135
158671,21.99
63135,8.02
170106,2.97
260055,2.88
267649,3.69
52520,9.99
273867,32.685
46732,4.98
115743,2.135
191435,20.99
245786,3.655
1149,8.165
58613,14.35
129250,34.89
104425,19.465
51260,3.29
166087,3.39
18503,10.69
274595,16.99
65911,3.39
159351,2.9400000000000004
180830,33.99
297779,16.99
291943,17.93
293396,3.6
241793,12.99
211620,33.29
27911,3.29
272703,41.85
32375,13.62
284603,7.0
278222,75.535
289330,2.99
14217,28.52
12168,21.99
142078,34.5
72664,18.55
156314,2.29
289817,21.99
171418,4.49
284168,3.99
151739,14.41
39045,20.65
258881,19.98
46133,47.95
235933,11.49
54878,12.79
62505,16.99
146597,56.37
207730,9.99
285803,20.695
133157,44.3
247426,39.92
278293,39.94
129198,5.99
207899,11.98
97168,7.29
82431,17.58
126199,16.02
292936,1.98
155326,13.5
155779,5.04
186996,10.99
158130,129.99
184521,7.42
17096,23.84
50578,22.58
177820,469.49
222433,7.76
242654,6.48
199187,26.35
184846,20.9
163550,3.18
277283,9.99
211031,3.99
54704,4.6850000000000005
6718,4.89
76241,1.83
12412,29.99
199199,6.79
254950,13.93
150590,21.49
162698,3.31
140210,98.75
235318,32.3
149023,17.95
225324,43.95
214018,15.42
54248,30.49
116797,4.88
168787,7.85
125656,19.99
21782,8.25
195597,51.38
77943,77.94
182702,4.75
222905,12.24
24484,22.99
203887,10.99
64920,26.85
235623,13.99
273753,7.68
221712,25.25
34224,29.305
177508,22.0
273737,4.390000000000001
268930,5.99
192852,14.9
146047,20.08
147438,45.27
140042,4.8
293119,90.95
272006,3.8
238552,94.99
75988,15.99
77208,4.85
16262,148.98
206800,5.135
22246,19.99
150223,1.0
31508,9.98
291531,3.3
92422,11.25
95627,24.05
249738,41.19
235441,48.79
2105,128.44
241114,9.99
41513,103.99
265176,23.99
116228,9.0
103702,2.48
278520,18.18
77468,18.29
95273,7.505
213989,137.99
147835,51.54
84676,6.405
240172,4.59
175346,9.49
165820,12.66
237629,4.82
252981,11.76
141481,14.5
19842,14.89
67624,39.99
133517,26.08
23857,3.89
181690,36.99
272216,3.76
138729,1.96
211472,4.49
133128,2.88
208370,14.07
168656,3.395
11717,5.34
241792,21.99
147705,81.28
6462,9.74
235639,57.97
240452,42.99
94640,68.64
280972,14.07
129988,49.75
53986,32.945
242656,54.485
104401,2.9000000000000004
199499,17.65
156775,12.035
86016,6.555
73124,4.29
57376,7.99
135502,10.0
281546,8.24
228387,14.76
97098,3.19
13136,9.96
29067,15.46
218393,9.99
221246,37.98
45068,5.0
71313,23.05
293334,6.99
185869,81.18
115839,11.185
28538,7.465
129983,6.484999999999999
50718,16.52
22373,14.99
191563,11.455
43460,29.52
157960,57.86
406,2.99
166895,1.705
113390,11.99
162900,4.98
163284,14.745
89176,11.89
142539,126.3
31406,54.225
172495,47.33
2287,56.37
73403,90.12
78362,43.11
215441,51.15
167580,9.07
121236,36.54
112513,32.99
96119,22.895000000000003
1417,59.2
289512,3.0
18423,72.93
233065,1.49
266472,23.92
78109,6.39
217560,54.99
116078,38.46
101079,117.78
297978,18.43
175153,46.63
129621,8.129999999999999
160602,16.39
86506,14.9
263175,14.445
9016,18.99
5286,50.13
229276,14.0
102536,9.0
73448,32.24
13099,15.46
297693,8.49
8140,15.47
80651,17.175
69416,14.99
283611,5.0
250421,25.95
26680,26.02
179527,12.47
296802,10.99
196551,89.46
102688,6.99
291174,9.095
164972,13.74
101397,7.99
295818,9.975
86289,1.39
50190,9.99
284817,5.244999999999999
261062,33.1
234100,49.38
115128,25.99
263213,20.99
298960,6.95
32782,33.99
210727,39.99
98765,11.5
76450,15.0
295214,11.99
171157,4.26
149016,14.99
187084,52.21
280085,21.685
24701,10.49
244915,79.98
150793,38.09
234305,16.395
47989,5.49
59829,18.96
86147,20.71
61585,13.19
118258,9.0
125479,35.69
154328,79.95
250048,21.99
299410,6.99
130580,25.45
114558,25.95
141862,15.5
279637,23.97
227301,49.99
22690,17.65
169984,1.94
27697,5.99
296238,13.5
295883,6.99
200028,5.99
168326,10.02
3167,48.515
143107,42.99
171486,2.015
140593,18.18
71212,63.18
4317,30.99
83961,225.36
186399,12.89
296840,11.0
282761,33.48
260163,20.72
71771,5.98
33222,5.97
260915,7.34
202713,369.99
128427,12.89
225513,4.9350000000000005
298334,15.98
234348,5.79
106470,69.99
36916,5.545
98397,79.5
54779,69.99
177384,8.45
297708,16.49
180599,4.19
30002,7.99
34604,38.72
94109,9.99
65411,10.01
153944,37.46
203661,39.97
278070,44.28
2904,9.895
945,25.99
242099,33.32
158509,2.69
65280,17.95
99500,29.99
282708,1.69
225463,59.99
240750,38.23
41656,7.495
277211,22.96
93408,6.8
208521,14.79
56127,5.99
54744,3.49
147015,6.99
337,3.99
55455,26.99
118331,14.99
274775,2.49
184645,10.5
225822,10.68
84480,59.8
294193,3.47
191868,0.95
293528,25.59
163662,12.99
103234,7.08
51564,45.27
251424,6.18
100029,2.98
98899,8.49
85296,14.98
117712,11.49
230189,26.49
95825,23.87
221319,16.99
79773,1.23
213217,6.67
263747,9.29
267428,14.68
57506,12.86
118291,16.95
298688,7.285
117981,16.99
244990,29.99
225422,3.535
202215,13.99
96633,3.895
297434,15.99
255611,53.47
42649,6.99
14044,35.38
81411,1.32
266302,25.66
2987,9.49
2486,97.46
112672,4.61
177084,5.390000000000001
125974,24.79
214963,15.88
166018,6.12
296175,2.98
10723,1.28
193836,4.279999999999999
143242,31.95
67846,31.99
270469,7.99
110562,46.99
152492,30.9
214475,23.33
94166,7.125
157475,150.42
264069,71.21
168650,2.84
225839,16.95
290235,10.15
62231,3.99
162905,4.2
182570,14.97
18494,4.12
294008,64.99
162313,9.99
271047,29.99
182565,76.445
219634,5.51
88451,15.825
241063,11.165
53993,14.98
242365,10.44
263535,5.49
296187,5.53
47490,13.24
120599,19.99
219285,2.48
19727,36.06
56979,34.99
143880,51.54
32200,4.29
67212,10.01
185124,5.99
52859,24.99
175420,6.79
117662,13.0
126186,5.835
191968,2.69
195981,159.41
53561,4.97
23310,9.06
62521,17.7
65569,15.9
91507,34.5
161143,92.125
99325,52.955
237215,14.965
81426,90.3
223681,11.82
221130,29.99
297481,6.99
30886,15.98
180403,5.365
243691,48.95
261884,8.69
78455,26.485
251693,20.815
186641,1.65
115384,45.7
12730,7.14
59440,18.78
19463,72.93
64912,2.99
109677,24.99
227577,26.6
188446,81.99
213037,29.99
268117,99.99
40076,5.3
158911,13.58
219325,12.88
231006,22.485
54587,14.11
174179,122.11
175766,1.49
43052,19.99
113786,27.72
43859,6.94
32994,46.49
203991,16.99
272663,4.175000000000001
241936,2.08
143095,19.99
20072,50.19
110529,26.39
235978,29.86
21054,52.41
89719,1.35
213749,18.24
185506,11.91
205948,7.99
109716,23.425
198446,21.665
16593,17.975
134519,11.98
278276,49.735
2002,77.04
126768,63.84
230313,6.0
158523,18.27
291278,8.99
253109,2.59
20859,18.78
288892,50.74
138737,22.74
55930,49.99
230643,3.755
43201,4.29
207256,67.99
278243,66.715
65771,16.16
72929,11.335
294230,1.865
251854,37.815
231900,7.140000000000001
110913,11.53
40141,20.95
118286,98.0
253913,4.390000000000001
244975,10.59
112755,12.735
190787,6.734999999999999
87741,18.99
154475,9.71
142119,35.63
162547,28.49
233217,15.85
113533,20.75
25064,3.47
19357,46.97
56026,9.2
221811,2.68
132656,6.97
26423,3.34
140829,20.97
96465,6.74
15346,2.94
39368,6.49
181780,117.99
36147,8.47
256366,3.99
12476,66.08
36677,13.11
232043,17.6
234192,14.99
149096,126.3
295785,7.35
92197,13.245
3548,26.825000000000003
155034,11.0
93956,10.375
259570,7.38
195613,22.22
144681,4.0
87434,2.99
290195,69.98
264921,21.5
242564,23.98
96024,7.85
278523,8.19
153309,3.77
224904,10.98
123868,17.99
82593,16.05
95604,19.99
229656,7.55
42471,20.6
159655,5.99
115005,30.465
298259,3.83
192140,10.265
183324,36.68
185840,24.83
170348,2.38
22333,8.39
188899,2.79
174676,13.99
248493,6.365
31035,11.6
67090,28.0
33016,10.95
147380,26.09
127752,27.99
126707,14.45
216691,2.69
227575,19.99
20021,72.93
184744,37.09
276939,30.95
136158,16.395
27099,14.85
37203,5.49
123075,3.69
60684,6.45
51582,10.49
293302,25.625
114486,21.77
296337,7.32
199642,14.239999999999998
159998,11.98
110403,6.96
81734,122.76
23598,81.24000000000001
141924,7.76
108368,13.47
241557,1.48
141033,8.24
289607,11.58
249584,9.81
169027,14.95
143318,4.79
41773,9.035
236264,10.99
183162,5.29
101344,235.98
146852,26.99
174324,5.75
285657,2.89
219498,9.88
285217,2.27
127543,5.515000000000001
252074,8.63
210847,12.99
297284,29.59
24393,21.945
182707,2.04
298246,3.0
197971,52.56
200457,9.14
174055,39.95
226953,9.49
198981,35.95
227026,24.95
214353,15.16
208470,8.865
163805,4.635
274452,10.99
154503,16.7
157483,39.41
170152,6.18
146020,38.92
196452,37.35
42378,16.16
48411,5.52
99960,10.55
297568,14.99
6745,44.95
222590,85.6
122360,12.48
149478,18.55
241478,11.96
206945,7.99
281392,38.31
13523,10.77
249519,1.78
84496,64.95
212164,16.45
241353,4.99
233741,6.64
9776,47.99
297059,5.09
69935,5.98
183657,5.355
265267,19.95
5980,3.87
233786,14.99
100205,9.99
61831,12.99
267685,42.0
28576,14.0
208724,90.64
44175,8.45
12585,9.49
275508,9.14
113603,26.98
294135,92.41
80867,19.79
293314,36.38
140320,1.0
169467,15.915
137375,19.47
16882,16.905
188633,12.9
219975,15.6
143484,23.92
221566,9.99
147656,52.61
279624,4.65
194617,38.185
291714,16.14
99226,8.5
183354,18.47
69028,21.0
210889,39.48
275404,89.99
192836,15.99
2323,76.44
21724,5.14
233491,21.18
207770,20.28
116136,15.99
48753,14.99
176698,389.26
92818,5.29
99484,22.99
35914,2.39
284082,3.68
201478,7.57
222435,20.04
298231,3.79
267163,69.02
223775,6.49
209661,374.98
25142,12.0
284765,8.63
14408,4.220000000000001
267,14.93
187607,6.93
34967,35.99
278188,0.98
100820,14.99
38796,6.315
149947,14.99
231243,7.73
132631,5.92
203927,4.99
31716,21.915
148969,18.75
233754,58.48
211790,31.49
37841,18.5
225396,13.19
227863,14.99
144956,86.43
103938,26.99
273540,12.835
266655,29.7
277207,4.48
153708,1.405
27792,2.49
49359,20.99
71804,26.99
255831,4.98
272761,52.18
201817,14.99
157376,145.72
218883,14.99
274768,1.985
13761,8.49
1262,2.355
32112,23.87
187477,6.68
166489,8.735
77457,17.95
41718,8.36
189379,9.73
57887,9.99
285954,6.99
164696,21.54
185839,22.15
36567,20.0
122028,28.75
50069,53.09
243784,17.59
70215,13.489999999999998
130396,12.96
208940,12.3
206228,25.11
33207,7.5
113245,58.79
216225,13.99
99020,4.29
294524,35.99
76658,6.19
146786,59.48
121202,22.61
75325,3.39
191230,33.35
106185,34.99
7145,176.7
146743,59.48
32592,2.2
195564,262.69
143962,88.39
89027,18.98
267297,9.7
240841,9.25
147911,126.3
209874,11.99
46020,2.39
182399,24.99
165568,10.38
31922,3.98
79172,18.99
24488,33.48
202216,13.95
43082,15.59
279993,59.99
236225,13.36
293913,19.99
83947,68.52
223924,2.98
273837,39.0
188236,3.94
217053,6.99
177383,0.59
122893,28.48
100791,32.4
141815,26.3
194336,12.275
29828,60.99
138971,6.745
234612,11.49
111784,20.99
175826,18.99
268151,22.99
272783,1.59
38162,163.19
39639,13.74
166788,2.645
164802,79.12
212707,2.48
53271,5.405
205392,76.62
129437,10.99
69337,37.64
60622,27.915
216048,26.58
175939,12.105
275852,4.99
170481,28.265
156107,2.29
72815,12.19
259184,26.35
149775,4.75
284113,2.585
185462,16.45
298303,4.94
155122,9.99
81457,2.44
144885,6.39
54407,22.99
263115,143.43
196018,57.53
88736,29.86
274309,6.99
16476,19.94
172327,29.78
240883,25.85
136707,1.89
159712,16.99
70374,15.29
71476,29.95
105350,12.0
172539,16.99
268400,28.15
33105,2.58
152663,1.79
149844,86.43
91959,26.94
248365,19.99
108983,64.73
68407,40.99
271492,18.015
212413,0.78
175279,6.49
247200,32.46
148666,39.95
44381,9.0
142929,46.64
88511,5.29
62779,12.99
14854,1.48
116448,8.99
63205,17.34
132106,27.91
145436,33.385
233134,21.37
31184,1.89
239789,24.99
11434,11.96
130760,6.215
165655,3.985
38088,3.99
240467,4.4
58496,4.5
41156,11.76
168942,10.98
95855,8.99
266741,27.17
185628,13.74
31083,2.7300000000000004
106386,12.47
201035,23.99
249614,60.23
71938,32.52
246267,3.17
275785,3.48
257746,4.89
228728,16.49
272787,2.245
254041,16.66
43248,11.99
284461,8.58
32238,9.57
21233,22.24
190005,26.83
73576,33.875
16801,19.88
238179,1.88
212575,39.95
133620,16.955
43720,15.69
96753,27.29
70083,9.49
237733,37.2
243145,56.98
230960,24.99
4731,4.99
23293,2.63
230357,6.99
138475,21.99
154822,7.6
262493,3.93
172575,2.09
280331,31.95
35072,51.03
290060,15.79
196188,74.53
82276,4.09
280979,5.9
180521,12.28
49065,28.995
43293,31.49
150768,24.92
160796,30.0
143598,68.14
30849,22.99
184210,3.82
142175,42.74
145542,86.02
138845,28.04
20060,19.6
142073,16.77
72990,8.285
187183,25.99
256996,25.67
210991,24.98
176227,3.96
194355,43.2
196596,32.49
27368,69.94
136941,43.36
55263,19.99
201506,21.99
158618,1.98
244999,10.98
175182,35.61
266460,35.99
111091,1.96
2192,45.27
164557,21.99
205493,4.47
63520,16.17
26366,20.435
266368,34.95
135489,66.48
243523,10.91
90238,8.89
82501,21.37
137766,13.99
92878,12.99
174047,39.95
16286,8.55
25830,9.99
12678,23.29
216491,8.99
160648,24.05
243091,3.04
256029,8.99
1457,50.76
117670,25.15
257140,15.19
6697,19.89
217397,3.8
62687,18.99
74061,13.19
166630,19.99
181959,2.2350000000000003
217081,21.99
204377,11.69
91895,30.93
49281,9.29
23574,23.89
105728,26.0
268018,44.99
8098,4.45
181130,1.595
181923,14.99
125321,6.48
180969,3.59
251385,15.92
111654,4.39
39386,10.05
209616,16.99
108891,3.61
228268,36.99
275994,2.13
111998,27.99
281794,8.36
22408,10.99
7594,7.865
198234,38.27
74389,26.91
291547,38.67
234310,8.09
50146,31.685
203886,42.45
251478,22.26
92361,67.56
92628,10.91
280061,6.23
38926,16.330000000000002
200743,30.35
295367,19.81
278974,4.79
65632,19.99
102908,21.99
138792,24.9
27854,20.95
158386,24.92
31504,2.89
151715,3.2
288592,4.66
137032,22.99
266910,47.99
270118,6.49
2095,29.41
286777,9.99
208364,19.99
23425,13.99
78396,5.16
229460,47.98
33052,44.715
176960,13.725
243561,2.585
229845,26.99
220193,4.82
18397,4.29
143653,20.68
90857,14.21
12710,39.5
102912,23.99
140484,4.985
75287,3.98
189031,2.41
4717,16.62
94652,9.94
181210,11.23
117222,22.93
267381,29.21
238910,17.99
52089,10.97
18314,54.27
268244,4.49
77310,3.01
291330,9.995
7445,3.0
102911,15.99
34430,9.19
106275,22.97
131575,17.99
222949,18.49
110649,21.485
267716,4.84
80686,7.99
111094,3.12
13091,15.99
43502,1.99
96506,19.99
71866,19.75
152463,42.78
163848,4.99
174754,7.99
206253,49.99
12733,6.28
119594,51.99
177389,67.91
81467,49.07
202984,19.95
181531,3.95
257026,42.3
189785,12.49
233942,39.95
282777,1.695
278143,4.0
80083,5.51
103231,6.5600000000000005
179285,20.99
65274,40.63
221278,10.185
189173,17.99
185971,1.78
165973,11.99
103062,11.21
212132,42.35
217968,26.99
34246,29.945
255317,8.95
295816,14.445
296887,13.95
27649,14.0
254855,16.485
30460,16.99
110646,24.89
297051,3.98
40637,17.48
50542,26.99
16450,1.0
1776,59.2
299011,9.745
286059,3.99
50549,14.99
119799,2.99
283931,40.32
228864,39.99
288410,11.23
23286,25.29
134010,34.99
223869,2.48
14607,25.31
264523,20.99
158690,21.285
137565,4.99
86699,8.99
67526,2.99
279676,17.75
25821,23.15
249634,3.22
202060,3.08
184127,82.2
85816,4.29
113186,34.49
258802,11.39
240043,1.97
132032,22.95
103781,24.99
168259,3.89
170554,5.49
221921,18.735
1488,128.44
290461,34.2
284671,10.33
273216,24.975
109524,12.94
195123,8.56
252282,7.19
31099,2.885
26297,10.99
158314,52.415
180624,5.99
242559,21.45
264110,20.08
294536,6.455
141678,12.99
191159,9.89
112049,24.99
140506,10.255
67894,3.82
85960,20.99
112478,20.99
93543,8.49
241707,10.99
57520,14.99
63259,13.28
178596,24.735
99833,3.2
221649,9.98
279638,4.59
58969,10.94
152694,28.99
86989,5.19
205060,5.97
45846,21.73
53177,136.96
243573,5.735
135415,9.69
127054,13.99
96394,7.99
44562,13.489999999999998
164475,6.24
62703,14.99
82810,1.5
148074,5.12
111152,39.99
267754,3.82
84643,18.365
228737,29.99
214831,7.935
93795,6.98
248328,6.38
220963,7.99
216920,50.94
58818,9.99
12078,11.98
224628,16.95
76663,16.485
47471,46.235
288556,13.42
242339,58.14
103561,6.29
152459,33.33
37716,7.01
30720,10.98
150413,219.56
234876,12.24
248214,12.78
257360,2.99
283478,1.96
178094,2.675
68839,28.99
14120,12.88
281438,3.12
220293,5.68
216427,11.99
131542,42.07
119910,20.0
269701,22.73
42251,66.49
52237,11.67
249282,40.99
199667,9.08
43213,8.96
169048,8.59
139897,7.49
84933,14.69
181886,19.99
9115,26.02
28428,37.99
289196,14.0
230042,2.98
92007,1.45
140245,22.95
82814,10.7
39167,7.7
139417,10.99
268644,15.835
158847,21.47
240845,8.365
88491,15.89
109879,6.47
147560,3.99
69332,46.22
261551,0.13
84400,35.24
137483,4.79
286346,10.99
24105,9.97
288058,7.65
249538,6.69
159375,23.27
59329,2.42
268388,6.99
132225,10.02
141716,7.99
4903,18.52
23850,0.855
61000,24.99
81342,5.57
118606,13.17
89017,32.91
136156,9.05
206037,3.68
189594,17.57
163508,63.49
260035,11.5
35485,34.44
8890,42.99
112504,76.0
94077,12.79
232093,5.49
274674,5.345
257000,59.885
69891,74.99
256179,37.31
216358,23.87
30324,19.285
62191,4.38
238432,18.95
145752,8.49
229595,12.27
183371,10.19
213132,2.96
157281,117.64
24106,2.13
96913,8.19
127683,13.95
216356,17.98
152139,85.22
275516,12.28
131564,9.26
67387,30.74
211,2.96
25804,7.19
153674,14.5
68390,36.99
270530,2.94
24786,59.0
38307,92.49
6750,18.99
138994,20.515
65563,23.0
271536,4.99
223888,2.98
203889,25.95
13926,53.74
109152,29.99
17788,25.99
259115,1.98
32638,39.7
157807,10.215
15673,8.99
248461,5.99
163655,21.37
296418,9.99
136186,3.34
214661,2.49
205711,4.29
79073,9.0
231993,12.39
26741,6.33
83212,13.5
239098,14.99
263605,36.76
293781,15.675
24133,1.99
239172,9.99
33474,8.49
53130,61.87
67602,59.99
283042,12.99
232576,19.99
91668,12.045
122405,25.95
62077,289.99
167062,8.99
86688,37.94
230711,8.99
191843,15.48
66499,13.31
34883,28.99
92192,29.025
272601,19.29
17555,21.9
163503,4.32
166230,109.3
64368,9.95
265860,11.43
219626,9.115
65298,15.9
50811,48.5
266821,96.0
14983,21.99
221788,16.19
123813,255.95
205867,4.49
198180,68.25
200396,4.85
227805,36.99
19669,37.63
195973,57.53
4930,19.99
22328,5.44
173427,16.0
107364,13.99
28379,3.29
8422,58.36
95503,6.49
225595,3.115
250088,55.0
182581,10.975
69426,13.95
203342,12.42
286620,7.19
131747,20.3
65147,24.99
36254,4.77
193219,15.49
63231,79.4
48685,12.855
226992,8.24
282947,57.75
25504,81.18
219396,102.77
177064,3.99
63821,46.89
64043,9.99
107765,10.99
205939,11.305
270204,13.99
93187,3.44
299327,9.43
115476,2.0
165310,14.99
151430,8.99
298166,4.67
55235,2.99
149480,18.55
195949,142.03
96820,52.9
180065,37.5
43132,4.84
204440,28.79
47473,1.39
132692,3.46
294260,9.99
273855,0.75
84540,11.16
118136,65.79
224044,24.99
288863,2.0
60572,22.78
135595,50.31
262527,28.99
235242,38.71
177929,23.49
186117,4.79
263156,109.23
250339,19.79
292648,13.05
277835,3.01
107126,13.97
85212,0.45
35204,1.745
196186,40.18
77353,3.68
256861,47.5
215858,23.99
76867,4.375
82665,32.86
289788,7.295
183269,17.32
286556,14.49
252240,21.175
203403,9.99
76233,5.59
54480,6.79
270032,8.7
46429,2.78
46205,37.21
185946,9.19
260111,8.49
240086,15.795
121152,13.915
178234,13.865
81343,7.53
198049,12.48
295891,3.69
14632,10.99
262945,1.99
42367,16.14
97443,1.0
151092,10.07
2741,39.71
169367,5.885
193102,21.74
150663,7.18
96757,17.99
92845,45.99
116973,81.66
66772,10.74
123665,24.575000000000003
131516,26.4
40838,27.49
237638,1.25
177295,7.99
195858,106.09
220228,44.03
195492,50.58
184801,29.355
32859,52.27
5173,29.52
41489,1.89
281859,1.385
151696,1.29
118124,271.685
281615,12.95
207023,5.325
72871,26.05
22502,6.49
100211,19.99
192087,83.98
27993,10.0
142484,56.01
128312,14.9
47233,6.74
82438,6.77
150281,8.48
37968,82.99
78078,6.09
250318,12.48
77915,23.42
279182,11.465
230108,11.99
217027,10.35
287772,18.09
268391,68.96000000000001
52630,20.69
114125,6.49
97162,3.97
45772,34.51
169815,118.42
235149,30.37
119546,13.79
297725,7.49
182653,7.439999999999999
10640,37.61
287274,6.4
208286,61.1
170216,31.74
273922,8.99
257859,7.61
116268,12.95
121455,3.42
275207,3.75
140097,1.98
259652,9.99
75492,3.28
27160,0.995
255589,14.49
268061,1.99
21561,10.99
22799,12.5
251046,11.49
77386,4.99
82249,3.69
244309,38.73
79269,3.69
241415,18.675
283982,44.255
226779,26.1
83435,12.89
47446,4.18
11369,21.54
18153,26.14
175684,56.89
163862,10.89
117805,16.76
52636,20.89
21395,1.59
215091,24.68
146767,8.49
16559,9.98
61008,37.99
160941,21.22
215433,5.995
105189,21.32
194748,5.785
294375,10.0
26667,17.805
121418,2.06
30879,7.34
115075,22.45
15041,79.1
227234,65.95
132405,23.4
131182,67.66
20418,25.7
132582,6.74
252324,21.765
296197,15.485
117062,18.48
61498,23.92
101559,15.18
5865,79.5
225114,34.95
293927,17.45
228501,34.0
78708,6.49
144141,10.13
154997,4.205
128455,16.95
177535,3.69
291486,10.14
201080,14.99
288434,3.89
256670,9.965
16472,76.8
51540,78.26
90844,32.95
23952,63.62
263319,18.99
37750,5.68
261474,6.45
13666,17.94
44374,12.99
238975,39.95
207673,11.98
226463,17.99
149132,34.5
129187,17.17
53920,13.99
252554,30.99
50695,214.98
37449,2.14
217153,19.99
212431,13.55
36213,28.83
90039,29.99
157361,137.86
163898,8.99
7018,4.26
73256,21.98
40061,67.75
200996,14.04
105677,46.47
223597,39.99
180533,47.9
208197,10.0
18524,4.055
252905,9.39
240805,8.99
277527,20.39
85601,2.38
210227,35.24
275102,9.23
264014,6.74
43369,2.99
53178,11.39
255786,19.81
81505,2.59
62669,4.3
125072,15.489999999999998
244562,10.49
142965,81.28
30906,2.79
46613,42.73
6370,3.82
136095,11.485
141423,13.99
65909,3.09
15827,15.99
142039,53.01
181115,11.010000000000002
269200,27.36
183953,9.885000000000002
224632,8.99
259998,3.4450000000000003
24605,8.99
233938,24.5
77155,47.48
172981,0.96
266462,73.22
124096,8.99
272547,19.99
209202,2.26
93790,2.22
274400,7.99
196674,41.87
151903,3.49
253638,10.29
2571,56.37
246101,49.99
164691,7.0
35451,12.825
289681,17.94
72243,3.16
219002,10.99
291171,8.4
148127,19.64
289176,13.48
75105,11.355
274939,16.29
96612,1.595
160422,20.31
87315,45.83
177467,26.99
175327,1.94
175535,35.06
234945,2.99
80948,2.5
209317,21.33
106191,29.95
224009,5.74
283102,27.62
155277,32.46
269419,19.42
44893,2.725
70606,10.49
95325,7.525
137522,4.245
9010,2.34
168239,2.89
297036,1.98
25946,3.76
41065,19.565
178642,7.63
3916,28.99
109195,37.39
15304,46.54
107276,14.95
113375,13.99
264538,2.96
206394,3.78
211608,39.99
151766,8.28
130632,63.47
219814,8.99
237546,14.99
131667,24.99
78848,4.19
236362,29.99
178154,3.885
5012,4.98
125819,9.24
154079,4.31
200925,19.99
165796,15.135
53935,7.99
97588,46.38
298503,0.36
46377,15.405
167628,10.99
64536,8.49
243489,35.95
182076,15.765
189581,3.99
128098,28.56
14035,26.5
245700,14.99
157005,114.515
128492,74.84
227319,7.96
91576,64.55
104020,2.19
196635,56.81
229474,3.72
21729,11.99
73435,9.89
263623,26.88
32056,19.99
285887,13.83
211995,9.045
217324,45.49
182998,18.0
124356,14.295
98443,23.98
289651,10.99
204663,13.99
47212,23.0
6964,11.98
13100,14.965
146978,46.89
159693,11.98
73257,21.98
244438,7.98
168120,52.46
228697,9.965
257924,3.8
139964,3.49
55995,4.83
18105,44.85
169694,13.98
154085,3.87
284347,2.49
279980,14.97
200284,7.074999999999999
272853,1.71
19264,2.05
202835,4.19
56802,13.09
49454,22.66
93380,22.44
207196,47.99
57354,59.99
231685,17.99
255382,32.67
205343,33.485
183740,94.16
74179,39.49
30130,5.25
247121,42.98
241790,9.28
295366,4.69
144363,38.92
29487,22.99
61511,42.67
253381,10.99
52785,20.97
105310,22.99
184149,13.99
282256,24.915000000000003
193877,3.58
162925,24.98
140022,15.49
285268,6.74
218902,2.99
40895,14.19
73449,12.88
4446,76.99
287406,7.99
113322,13.24
130290,7.09
151815,1.4300000000000002
54111,14.99
45278,4.32
241924,110.67
151943,21.265
295489,49.95
265367,36.99
10961,17.97
26211,2.885
221449,19.99
92983,28.515
180562,18.99
237377,8.48
68906,10.99
234523,45.99
28461,19.48
231072,32.0
207185,39.99
145200,67.78
23218,20.25
213032,17.31
17683,44.95
91197,22.495
156861,119.9
166211,10.74
274745,4.255
119662,11.3
175089,7.58
274154,86.99
50380,37.245
197072,6.19
5585,16.77
7572,35.975
191964,1.79
84416,40.72
42955,8.99
148018,29.36
198886,19.0
276143,2.12
94857,11.425
147120,15.38
132754,24.49
171148,27.58
95861,21.795
39773,6.640000000000001
32843,12.47
25327,14.445
53519,105.65
54468,5.95
238704,55.89
105193,21.84
179492,8.93
117122,5.96
181198,26.99
297065,12.45
220343,60.0
93870,6.19
193308,15.71
88750,14.98
22764,21.84
99888,20.24
26416,8.99
51192,4.76
129977,7.42
272581,26.71
248663,18.99
25733,4.22
98499,24.34
95600,92.7
173544,6.12
209245,39.99
27176,1.28
213470,59.95
115253,23.99
81239,40.79
295447,78.37
229760,5.19
256154,24.01
244971,10.995
85297,14.73
220877,14.88
253515,17.080000000000002
253729,45.28
33110,11.96
227929,38.99
9289,39.99
69294,15.489999999999998
16758,69.99
285992,17.28
274043,9.49
210059,16.99
36688,22.99
263714,12.29
229362,2.78
26193,6.175000000000001
120870,8.48
23010,151.2
113485,7.1
109607,17.99
84978,12.95
136070,15.3
53231,25.14
81510,4.98
142318,30.98
250210,3.1950000000000003
353,26.96
64740,16.19
84964,19.99
167299,33.37
275780,5.44
40107,43.13
99454,135.03
239215,12.99
257767,1.975
15780,4.99
216256,18.795
147170,29.99
239131,7.26
280933,12.99
226048,26.99
159552,8.64
195930,77.49
192094,107.98
296320,12.25
195277,63.44
17556,2.78
94910,45.77
223658,4.98
132600,14.99
234441,3.99
154620,5.04
86337,21.95
76574,11.39
200241,9.59
157046,53.1
179782,15.915
172402,5.29
140961,59.120000000000005
88590,2.99
187661,14.0
74209,151.88
7622,11.99
38427,5.785
147177,15.71
12216,10.0
285952,16.49
118485,17.215
22637,5.885
184161,5.11
223769,37.45
141167,35.99
177965,23.99
259706,64.95
60957,1.46
292571,1.43
271874,23.05
85500,15.99
258501,23.01
157095,125.52
135848,17.49
188520,7.49
223863,6.97
274958,7.975
264441,1.54
286595,22.29
93742,15.335
12254,39.98
271838,12.3
156355,5.69
144913,15.32
204485,2.89
274206,26.11
2954,19.99
250698,57.35
73966,64.95
133766,2.185
290706,34.95
225550,13.489999999999998
171246,28.89
49323,26.0
49897,15.79
193214,13.39
239866,53.99
197078,7.29
227069,19.49
295282,7.59
34786,3.39
39658,8.99
45255,6.13
99035,10.95
281157,13.89
245718,4.49
177211,5.84
185256,24.99
117056,5.01
186177,17.98
150036,4.49
17084,18.53
55692,31.99
152140,20.88
287518,3.59
97398,41.785
14599,24.98
261914,21.99
265137,2.89
4066,25.02
224880,10.98
265611,1.705
43508,2.56
127589,3.95
27471,19.495
270582,11.99
116404,7.99
39990,2.98
71056,6.97
45327,4.63
96636,1.79
151783,32.13
296080,9.37
26860,8.19
162050,4.04
175497,18.99
33678,6.08
55345,39.99
294083,2.94
89554,4.29
35761,11.72
258838,3.47
270748,0.99
295304,22.325000000000003
134032,2.885
96771,10.0
70,14.99
203310,20.87
34691,7.640000000000001
198268,18.06
234614,12.99
194189,17.16
279786,8.225
137927,14.775
26240,29.99
238327,6.05
231906,46.99
30489,14.99
32471,12.99
34366,17.99
57781,23.995
193389,53.99
59167,70.95
1746,26.09
68988,9.99
291667,126.83
271228,14.97
66664,52.49
33283,4.69
139628,60.0
278628,3.15
186814,81.18
204876,56.99
97381,10.62
297526,8.0
29167,16.48
102157,26.86
46800,5.865
242609,13.89
11121,14.38
198390,11.99
85097,6.54
294356,1.085
211137,16.0
156190,2.14
270531,3.04
212337,13.235
188357,21.86
293265,4.72
288928,28.8
245796,24.95
28503,105.54
93855,2.19
297319,12.99
201273,6.25
289410,16.41
110134,349.99
272406,4.24
49954,1.14
129371,8.29
87977,2.075
219104,49.99
195816,57.15
293200,14.0
239983,48.49
97526,12.99
134686,23.3
124810,14.99
112273,7.94
271513,5.99
156842,81.97
264393,1.63
298843,21.42
61448,11.99
118725,28.33
9025,17.425
171385,15.03
95482,32.99
202205,9.95
220197,29.99
28398,10.8
63106,15.15
85746,5.140000000000001
244151,18.99
155112,19.13
215642,15.16
101028,10.99
262926,12.46
146771,59.2
126261,40.74
93201,5.24
286383,9.5
160704,11.075
126723,16.99
215749,11.95
212672,10.17
251364,6.15
228337,38.2
184915,7.765
200140,17.335
143161,12.99
255899,10.0
252797,9.79
147650,128.44
203023,11.99
243021,7.97
127449,8.33
238403,19.99
243726,49.99
71784,2.5
6794,34.95
123667,5.99
99194,5.34
159409,24.99
182227,3.99
242184,17.82
238090,97.99
209747,6.345000000000001
156431,8.53
167582,50.01
42143,26.65
149917,5.23
163966,33.95
135933,9.99
37610,9.79
149738,52.61
294569,5.44
240407,18.93
131199,13.79
154884,5.79
44916,7.62
263755,4.52
283230,12.95
30222,8.29
281647,4.99
64692,8.535
170520,28.99
152631,6.44
120490,9.99
168403,11.525
275274,8.99
218236,11.44
59758,8.465
223812,6.105
174822,8.0
204011,10.01
39945,3.23
204915,8.99
142358,42.11
243948,3.77
91874,4.235
187194,14.49
47546,1.99
67362,11.99
117170,18.99
274135,15.99
228290,15.99
73511,12.79
158604,11.55
223887,6.99
110755,3.12
140595,94.53
232280,14.11
220242,66.95
93287,8.435
158909,19.86
126373,21.99
209096,9.98
4546,17.97
152741,21.32
35956,4.76
217210,3.79
100826,9.99
111945,5.69
266166,42.14
76513,19.99
207621,53.18
261437,5.69
293715,19.14
228070,46.95
61076,50.49
44403,39.9
163777,8.795
138417,5.98
54769,14.99
242677,12.204999999999998
136923,23.19
158407,9.245
41636,13.72
49328,29.97
79501,17.99
154425,10.69
188862,2.08
70969,49.0
84863,8.65
206697,7.0
182476,17.03
2428,76.44
181188,2.36
50313,71.245
91401,4.99
264332,3.4400000000000004
108778,79.97
123468,5.865
156953,127.73
382,4.75
110064,2.39
85625,26.99
20574,26.99
292805,4.24
157427,145.22
21737,7.95
248845,6.87
126389,39.97
243392,17.99
238453,11.55
290159,9.31
208819,19.99
48315,3.79
156005,21.74
90803,16.24
95583,33.28
220882,14.88
188553,5.79
241360,6.47
279259,2.0
51512,13.48
8425,12.99
265636,1.515
224109,29.99
277939,33.99
196273,54.28
225443,18.95
127399,8.74
146807,80.86
133101,23.99
32051,11.595
190564,7.69
201912,5.245
129015,66.94
281135,17.57
187699,9.99
175056,8.925
69558,26.98
289904,18.99
262528,10.63
178727,9.69
148568,117.49
213369,21.99
110158,80.7
217985,77.8
118771,8.99
261688,16.0
278181,1.45
76468,4.49
185940,18.99
293686,14.105
94496,45.11
147826,81.92
218849,27.99
43334,9.99
2724,53.01
21642,32.99
209007,16.29
37456,1.44
82120,7.53
19244,14.735
285764,19.26
106168,10.5
95903,7.14
109878,20.49
251742,3.28
5737,13.95
63737,24.99
278259,60.24
195035,22.97
56949,6.105
171580,50.42
53038,4.99
108433,4.29
47920,4.49
299053,2.6900000000000004
100121,5.29
13996,8.47
268283,15.0
226338,19.99
223082,9.285
122757,34.92
239933,39.99
153551,20.11
256200,5.49
78276,4.39
261077,13.99
7110,21.25
240542,7.619999999999999
52713,219.99
125222,5.26
283057,24.37
147697,81.28
148335,16.835
210492,6.89
297160,10.8
18827,19.6
181411,11.25
144367,15.32
216982,2.385
92960,7.34
184290,36.89
161635,176.59
70945,13.99
44384,24.37
149680,30.98
44735,18.99
50692,214.98
283216,31.94
120109,28.880000000000003
38098,16.0
72253,12.79
189876,1.71
27645,11.99
294021,24.0
206567,11.99
276589,3.28
8804,1.92
77041,13.67
160627,34.9
156968,64.24
222806,22.99
177056,6.89
237578,4.99
147502,70.49
59125,12.99
98842,24.77
53009,32.49
178389,1.26
257432,7.1850000000000005
182478,9.59
207362,22.94
238992,9.98
280189,3.11
15416,20.0
39625,7.529999999999999
167950,5.46
69277,44.99
108037,49.99
98734,2.5
273150,14.17
220905,24.95
29477,2.42
183473,2.495
270035,3.475
198088,83.12
198241,52.99
45878,2.59
281317,12.11
149548,46.89
202378,9.99
111040,242.7
186998,8.495000000000001
153586,14.98
32964,14.99
169899,5.06
52678,49.99
13849,44.1
154414,18.0
257874,48.69
44872,18.99
225024,10.98
97016,145.5
156035,13.3
231171,30.92
292959,27.235
182749,3.755
70630,11.96
66660,9.99
247176,51.37
202098,8.99
57576,11.495
225840,7.99
278794,3.17
247615,37.98
214937,52.98
65902,62.99
126411,28.985
209316,79.99
215353,12.95
104680,78.99
80569,12.495
162086,61.99
76988,17.23
265829,6.49
127609,17.99
283026,48.85
231223,2.38
84343,8.99
207656,6.47
2748,51.54
45222,6.315
52952,19.99
7374,14.965
36577,2.295
16759,9.99
130735,21.99
28372,4.19
169526,7.99
294669,4.99
10197,54.95
53736,3.31
280709,21.22
196731,9.99
231307,17.0
264717,24.79
299074,7.56
69073,45.99
245325,3.425
122947,13.79
85132,5.99
138207,7.195
41932,5.19
192704,2.0
171092,33.2
268166,2.0
227974,129.99
35377,22.99
33507,16.745
37253,5.12
80568,9.91
106673,7.800000000000001
240672,8.875
85682,3.89
166615,35.34
159773,33.84
89058,5.19
172722,18.99
40383,14.5
289242,7.11
161393,79.99
171851,1.23
194702,7.99
292587,7.35
146619,20.27
288423,13.79
186226,14.78
122480,9.99
215071,28.94
285899,6.91
124644,7.34
242937,1.28
212710,17.99
238091,24.415
163292,16.385
224650,9.2
285092,30.895000000000003
269340,1.79
210020,22.99
53003,36.955
173352,9.22
118831,46.13
241525,23.77
7434,19.55
121571,9.99
291589,4.99
220846,4.48
61809,27.5
46122,29.87
83589,32.22
180478,4.72
57501,29.89
105715,9.505
76020,1.48
277194,5.79
253969,4.49
214759,4.39
5827,189.98
133080,3.69
98973,2.08
158008,2.29
74919,21.99
195803,40.08
257868,42.49
162106,18.99
93248,49.44
29239,4.28
75775,11.41
258836,11.99
65748,6.2
36656,6.640000000000001
59885,10.695
172032,88.92
175400,1.96
286873,9.505
147414,42.74
249230,22.0
96366,11.68
19336,64.31
47345,13.49
48049,4.984999999999999
38969,3.79
124749,28.99
71886,15.95
80368,57.75
204093,17.99
53759,50.53
100368,4.47
42851,19.49
112793,3.175
169951,2.96
265045,11.99
262722,11.99
243173,9.64
150987,5.99
110347,13.815
44167,2.805
183651,9.74
119953,9.4
217431,27.43
21429,23.99
196130,91.65
139838,7.72
215381,8.39
278441,15.05
193932,3.72
45553,16.065
196158,83.93
89720,2.98
40543,54.89
276971,4.44
31851,22.97
64231,9.49
242742,70.34
282684,4.69
230874,16.0
19442,54.69
74739,24.99
198825,13.34
132060,17.95
150680,14.0
116243,4.99
166365,2.5
212458,3.4850000000000003
79238,13.98
77681,12.83
128975,13.99
250764,35.96
136096,9.23
61941,25.475
171641,3.98
278840,3.79
138659,18.99
110713,11.45
167144,84.065
236814,45.73
273373,65.96
140351,9.99
240184,8.95
32462,65.28
24028,12.95
275287,8.99
67900,14.76
245141,21.05
124223,9.49
7155,23.99
15035,16.99
194129,1.24
151220,9.94
10484,24.99
162985,6.99
142170,29.41
258866,11.45
14097,37.99
220588,19.9
24557,28.48
221474,22.55
41645,20.805
240008,39.03
69261,25.99
267227,44.64
121281,6.39
181013,6.97
116509,3.56
143968,24.29
57031,32.95
280546,8.24
233147,26.99
86238,5.94
13872,24.78
155320,44.91
227170,82.745
46156,47.79
195951,92.25
148327,46.89
91181,29.56
101392,10.27
282843,4.135
210260,13.5
195137,59.99
202803,4.49
96644,3.62
63065,6.48
1810,77.04
127985,2.72
102044,7.9
247312,17.49
131571,7.57
36971,34.99
246934,3.89
96586,8.495000000000001
125630,29.99
275527,18.14
100086,60.49
236717,56.33
241634,5.25
76648,3.675
168465,7.7
43446,23.69
68856,10.0
197238,9.99
215922,11.99
231802,49.49
148322,50.1
125516,31.74
16439,4.4350000000000005
216840,123.145
229078,6.99
82709,8.765
147738,88.39
91744,56.06
21449,5.17
200892,9.74
294570,17.119999999999997
48166,46.16
121287,10.77
180845,35.99
275178,8.440000000000001
24226,13.175
116476,8.99
207038,16.99
76540,2.15
272618,14.95
203073,1.35
43873,6.99
41424,10.395
157208,124.55
165042,5.335
215841,2.26
16443,19.99
33665,34.97
7215,31.53
184230,23.815
42302,32.0
287882,7.36
299387,24.51
211517,76.28
160939,19.2
260647,17.85
182059,13.14
115229,96.58
287089,5.44
293797,44.97
68838,51.99
139514,20.05
279264,7.99
48285,4.715
201749,32.09
297745,6.99
126636,4.79
145357,24.43
232534,3.76
290868,6.64
172876,8.4
276062,3.48
24025,39.63
191698,8.99
33234,9.93
208579,16.99
74372,25.03
156234,3.39
130652,8.95
295753,4.05
271665,23.91
236138,28.99
251757,1.215
217882,12.95
34304,14.355
139698,27.98
231864,17.85
171253,29.99
296702,11.4
140016,19.145
289496,11.51
157024,108.49
212257,25.4
214191,84.95
143014,4.71
190322,3.755
189494,47.99
295063,4.265
13623,17.985
225092,18.75
64466,109.99
1878,26.09
145405,18.055
94276,2.59
113602,13.47
172446,4.105
96017,6.9
183784,3.79
102463,35.99
179015,7.92
24470,3.89
129197,9.99
80497,19.97
207479,18.695
71144,29.99
3195,19.99
162665,4.24
50383,9.99
68610,35.99
12022,23.405
169862,3.59
296752,3.865
185134,62.44
33255,3.83
169406,17.89
32857,11.68
223111,3.98
69661,8.99
48844,72.41
148235,7.08
41188,7.42
280938,13.04
226580,7.48
117673,9.86
156111,30.845
115106,13.335
44441,13.95
124828,89.91
226326,70.9
109886,9.44
52189,15.99
185468,6.140000000000001
131826,29.99
214900,46.48
84074,1.28
231213,27.5
180208,9.41
87589,7.95
39958,32.99
73297,167.99
228562,36.99
285122,26.49
32632,1.98
175007,6.535
70146,27.09
199221,6.44
70622,39.045
209205,2.26
19963,44.85
17456,7.89
115083,6.99
185820,26.85
172178,4.28
221315,5.29
235292,34.44
132939,26.99
35175,2.49
141412,16.9
32692,3.49
227014,10.17
106544,7.49
67748,45.17
31820,5.99
155693,19.99
140980,8.94
36512,12.99
126886,0.98
295173,9.99
61212,11.985
86241,13.99
89732,3.19
127739,5.23
18012,50.19
111330,36.325
109621,2.29
176166,24.82
92387,59.75
116057,17.98
29099,6.82
298198,2.52
22618,2.87
130089,39.85
91943,25.94
185890,13.99
251159,4.99
151370,10.69
232332,16.99
70097,11.99
170377,15.98
44655,10.53
85288,27.7
81502,44.165
115582,26.45
131822,2.615
140464,15.69
23588,18.97
108184,52.57
51967,2.48
89123,18.96
169748,13.49
124857,12.175
29197,36.99
246863,8.15
227643,13.99
234508,59.99
55900,79.99
111232,26.7
158157,20.99
40355,9.69
272054,0.98
279042,14.99
267616,2.145
295871,11.0
148312,22.345
61698,2.18
5311,50.13
270926,18.24
175152,6.995
139349,40.0
46471,29.99
178631,71.99
298775,15.94
12294,46.49
152305,18.64
11272,32.01
285279,6.465
179070,10.24
11368,24.95
94925,54.99
57281,9.29
216124,22.33
31108,14.95
78039,7.99
192574,9.795
230868,19.81
38393,4.69
273165,1.98
140681,21.4
9965,229.25
134768,6.99
294646,6.9
233273,69.99
97352,5.165
289670,10.0
246568,29.85
31121,18.99
25390,2.1
250739,24.82
86825,5.8
66281,31.59
245842,38.495000000000005
109160,3.72
77563,18.74
113115,15.17
219413,92.99
7225,11.1
112326,15.27
248704,35.0
48223,12.59
65052,5.99
96514,13.49
121498,6.140000000000001
254156,13.01
239008,40.86
103448,8.78
89522,44.81
130099,12.69
247979,8.94
64009,11.98
212397,5.42
221606,16.99
29397,2.145
290431,21.925
198598,23.99
104039,21.99
71048,25.335
252922,8.99
49855,17.99
31339,16.39
14335,3.29
248255,12.78
179915,2.73
158953,3.96
152639,7.99
25783,2.98
7911,55.94
203591,12.49
33522,7.33
129810,9.99
41242,4.59
286054,2.19
198163,60.19
156313,23.855
34156,4.92
47064,24.99
172921,3.39
267403,2.09
102973,0.52
228334,23.99
43999,12.99
66969,2.5
70357,8.43
280096,44.57
65098,37.24
252750,9.8
221288,2.49
279342,5.255
116692,54.99
64210,26.87
297159,13.445
100011,7.99
248291,12.78
160316,6.2
214321,12.99
218029,2.99
218560,9.19
22503,51.94
209501,90.49
241657,9.94
24368,11.95
51129,4.49
114829,6.905
157342,134.07
29523,1.29
274842,8.434999999999999
248233,12.78
9300,13.95
145469,46.64
119867,7.19
165271,33.22
233311,2.7
298902,2.89
40713,39.99
15202,22.99
48771,2.4400000000000004
2173,56.56
16073,11.99
279891,28.965
195485,51.88
246898,5.9
296692,19.33
282845,3.72
280782,11.47
67704,12.95
89306,25.0
69027,1.99
201718,14.99
67736,15.99
133448,13.435
220050,39.95
203429,8.99
234628,16.99
25330,9.0
179749,13.92
243952,18.41
148751,57.7
76982,25.86
117356,25.07
288698,9.89
155988,9.03
153656,11.98
18216,30.21
172323,16.99
224683,11.49
201827,25.5
82747,13.895
258236,8.44
1120,44.3
204809,21.53
93026,147.97
104430,57.37
154492,16.18
122584,31.48
227501,22.64
249874,15.09
101637,4.97
252745,3.77
289346,20.5
18305,23.36
150921,3.95
208395,65.99
204643,4.99
122041,14.6
104787,53.44
53381,109.49
282263,24.99
214865,19.055
204716,29.99
112617,8.28
192463,22.49
240173,3.49
57976,19.98
91160,29.56
216637,71.99
180617,8.190000000000001
269500,49.62
66529,9.855
230403,11.0
198301,1.19
212934,13.66
211052,17.49
31761,21.86
41044,14.95
57927,11.73
195359,211.0
290822,11.48
84339,11.99
31398,43.99
32297,16.99
103312,9.98
131891,33.99
271879,14.49
188075,9.99
187582,6.390000000000001
43749,14.99
85373,4.19
77711,8.33
116388,7.93
2062,50.13
127713,14.99
205799,48.49
52471,6.99
215199,12.98
12074,18.3
23495,126.68
111135,30.96
87834,4.79
221838,15.99
111758,11.99
184951,3.055
108980,2.0
29673,8.47
206815,119.98
250239,4.7
54321,17.59
264979,13.19
42762,9.99
109127,7.17
39651,11.38
229990,13.99
237492,39.95
274450,20.99
154530,5.29
266184,3.84
195627,45.51
184231,1.0
137609,7.98
10493,4.79
38136,6.79
72171,5.72
251021,4.48
178635,28.02
97086,6.49
231441,59.99
169234,1.69
69934,4.58
271426,34.99
131427,3.99
62042,3.49
39571,3.47
5690,5.58
40839,3.92
92502,72.65
81051,14.22
158836,1.85
140974,14.5
165740,26.48
213035,60.99
297743,7.99
150882,31.67
284809,3.13
88875,9.41
9657,14.39
237399,61.08
181710,11.24
79260,4.79
264199,29.76
126640,7.985
171113,2.98
147742,128.44
30160,2.52
3676,2.59
88982,10.0
111759,59.99
156858,101.04
296733,14.71
121660,9.495
252035,21.24
102702,8.64
81615,1.8
88154,19.38
293889,10.96
173092,12.95
248899,48.99
195100,9.47
245522,21.99
235613,43.52
291851,13.99
162055,15.955
236438,20.505
244836,13.49
268181,8.115
260569,13.985
266073,6.49
129147,4.12
258007,7.630000000000001
272187,3.94
139099,4.890000000000001
216240,3.7
168984,1.36
57664,7.16
71406,8.99
274208,2.49
225935,80.99
245335,49.99
242467,21.99
171338,22.6
14458,34.495000000000005
135003,10.0
144306,50.1
71548,6.97
180883,5.1
260387,5.99
266346,9.87
237493,32.99
9271,2.58
37801,10.59
78491,10.48
58451,8.99
30780,16.99
101292,114.98
141896,46.99
209357,7.115
41194,3.995
97990,106.68
178571,5.69
125500,7.28
158631,8.99
196155,56.47
288635,7.91
37842,8.98
54294,14.29
52642,10.49
36693,7.495
209303,169.98
41403,16.689999999999998
272992,70.46
80492,3.88
171822,16.439999999999998
5831,12.6
197137,21.99
284221,11.54
262920,22.87
102914,15.99
286715,7.98
282567,5.375
298355,3.52
130418,6.140000000000001
236119,10.29
142612,50.58
50163,9.99
71205,19.99
45402,5.46
217157,12.81
268684,6.29
4559,56.01
253004,2.74
129883,24.98
50353,2.18
106218,24.99
68981,10.705
228991,5.74
55234,36.0
196995,18.475
2937,26.49
129841,32.49
54539,13.92
234774,14.99
144120,11.495
185693,12.92
184909,6.095000000000001
200318,11.99
265943,6.94
263439,14.99
261721,4.12
234292,20.49
37756,64.36
49196,12.49
24738,11.98
293111,41.11
113377,21.99
67697,38.99
295717,7.99
7244,11.22
20869,37.63
45163,11.23
122830,120.0
169340,10.5
121084,47.76
250277,6.24
202186,12.99
35793,2.19
126634,26.21
3547,152.4
280329,39.99
115058,11.99
274296,11.64
164886,34.99
232818,68.165
41289,27.99
25956,4.99
5238,2.22
211339,5.99
11993,11.98
249181,56.97
54821,13.47
296707,10.57
147994,39.71
77079,7.99
288424,7.14
275855,0.38
149436,17.99
291772,58.525
140710,14.34
60324,170.49
59196,50.61
247755,26.96
59499,23.84
79727,3.18
256447,8.425
203794,17.84
267485,18.99
223090,8.94
289705,5.09
185064,1.99
62567,34.56
168992,14.9
247149,21.98
250359,29.22
19149,36.16
62241,4.29
7477,11.43
153216,4.79
159025,8.99
137394,21.98
56085,15.74
91916,30.99
295946,6.5
248742,12.78
154163,16.2
103429,9.18
145999,59.2
136824,48.18
28027,0.48
111859,3.99
224728,4.595
216708,35.0
221614,69.98
76691,4.345000000000001
147700,59.2
283586,3.22
296844,3.99
82479,23.12
267860,25.99
233721,8.25
218820,19.5
141039,4.425
85071,3.39
42631,9.22
119195,23.99
260169,38.1
73903,3.92
190713,3.14
194151,16.375
25231,9.865
11384,24.99
27964,2.15
246503,26.99
46107,6.34
184305,4.265
254782,7.93
16975,3.34
71497,12.58
182882,9.95
46005,6.59
227130,3.49
37149,10.61
279994,12.49
70292,24.15
5241,26.47
201688,31.99
269390,6.49
186842,5.95
37457,2.94
136011,20.99
31386,6.88
157502,161.74
105987,9.99
115804,4.39
180155,6.78
295085,50.16
162816,62.39
103688,4.69
45459,8.99
57598,11.94
254775,6.39
92829,14.005
115618,8.99
32134,45.22
206222,45.99
233434,27.86
123329,15.49
65805,79.97
286378,5.49
290651,44.98
165044,9.22
67675,6.99
182819,32.95
39982,7.79
218462,17.99
237672,12.4
238798,51.35
208276,8.02
229193,1.245
28710,15.69
28285,2.59
36036,10.42
141773,7.725
24564,9.28
2694,30.98
285735,5.99
65925,12.8
137540,3.0700000000000003
177545,10.19
200634,13.28
42512,14.565
252912,14.585
283287,38.58
109269,4.28
115912,11.745
247741,74.35
11972,1.74
35259,52.92
218741,17.99
56188,39.98
142284,56.37
25054,4.390000000000001
174150,11.69
251199,29.95
169499,2.14
39508,21.99
100116,5.94
60650,13.97
241695,2.2350000000000003
124686,13.45
218320,26.99
38472,6.25
291432,8.01
148418,31.19
253307,6.08
117903,1.99
134489,12.82
235099,46.32
142283,50.13
18072,52.41
137690,38.99
240279,32.94
80465,18.99
213113,15.99
237252,72.91
102003,3.22
133444,63.28
60319,12.99
70033,4.68
175632,7.99
38159,49.69
150174,5.24
280172,34.95
48815,11.055
249125,30.95
76381,9.75
161888,6.85
126062,8.99
170044,8.22
287597,2.74
163409,2.88
192041,21.99
32339,4.43
173439,19.94
90569,41.51
105247,27.98
131212,9.98
16143,45.24
127802,9.62
107941,4.99
258136,31.29
172154,6.17
63213,13.19
248788,10.22
60247,3.32
38656,21.2
148389,56.37
12939,15.27
176857,15.0
285623,60.96
159658,24.35
165967,8.365
143705,32.2
110386,47.43
218035,5.79
297035,11.75
165451,22.85
186244,7.56
123955,10.01
31560,11.95
75534,12.32
38103,5.265000000000001
91226,11.99
27840,5.72
230310,7.96
171988,243.04
278053,23.125
65761,12.99
77346,5.85
234640,29.0
24332,33.245000000000005
157292,141.1
116635,36.0
256374,7.62
77586,2.97
147279,38.92
110733,9.99
220683,8.99
85173,40.09
110453,24.99
285206,16.99
23046,24.95
148830,20.245
298770,38.865
216921,12.945
133602,6.855
263258,4.949999999999999
250864,8.94
17579,32.475
83755,35.99
126708,4.62
260250,11.0
192829,9.99
158673,29.0
238430,1.79
102746,6.89
250084,18.89
162227,5.97
110393,63.13
98378,8.78
214840,31.49
93214,9.26
82391,2.74
108285,5.59
147982,86.91
53499,28.99
210052,17.99
147933,27.4
57380,8.99
130517,3.24
46119,2.5
33614,11.49
266687,2.79
122913,19.99
130266,13.03
163904,1.82
289082,7.49
129812,14.11
42639,25.49
260151,17.6
186361,7.46
75676,3.29
170339,8.975
142827,42.74
251216,10.0
14972,7.15
226875,2.49
127243,32.99
46170,17.92
196614,115.95
149891,4.96
296114,8.95
174187,4.99
70095,14.02
195222,276.31
120845,27.755000000000003
39351,11.385
287422,5.99
282955,14.99
154914,4.44
144242,4.82
67939,24.99
193310,16.46
160253,14.2
293864,48.69
25427,1.29
104183,15.93
159527,2.19
26588,14.66
160170,22.4
250633,8.95
268457,3.49
64421,9.99
261347,4.32
250252,14.97
7635,58.99
139755,2.47
19306,26.14
230447,2.72
102634,12.68
15393,39.99
276559,22.63
2343,72.8
150087,28.19
216156,5.49
289646,21.705
75227,70.075
207522,10.885
164077,22.87
138298,6.91
84448,11.95
70508,69.98
100132,11.94
51711,32.95
153663,7.99
242307,9.69
121191,14.95
225182,5.99
258920,1.69
92906,7.95
99511,74.9
267177,5.23
251635,28.14
39752,6.49
62078,29.99
84965,4.38
74150,3.67
74199,3.99
24227,56.83
74610,29.49
182053,29.98
292332,18.225
124876,77.95
33252,3.89
170174,2.785
174114,18.68
130603,35.31
50869,22.49
209630,7.48
140331,1.0
191027,8.71
71589,2.38
60852,10.99
28018,3.49
4981,30.99
138203,5.93
155634,31.91
97376,19.7
117097,4.98
249285,8.99
44840,7.140000000000001
200986,11.49
257696,69.06
255637,46.955
2616,59.2
270186,11.03
265112,13.49
77191,3.92
221846,3.59
31250,11.68
108802,12.29
241252,7.89
184091,6.48
89340,5.7
175608,47.42
274324,27.94
240378,6.19
108013,8.29
165449,10.42
133698,21.99
292989,2.5
239549,1.975
23166,14.45
74969,11.99
76484,24.1
94116,31.44
47063,17.89
265980,20.0
267422,17.95
139177,13.48
276798,40.96
196514,98.79
140477,5.99
6566,3.65
189338,16.56
145559,39.71
156419,12.9
283014,11.74
49753,13.4
213646,14.76
282688,1.55
26490,11.075
257970,4.48
189238,14.93
12486,35.63
211750,50.08
289591,8.48
263361,32.235
100207,20.495
276612,21.98
49984,2.42
262419,4.84
66169,29.52
294814,1.79
85069,3.99
27998,27.36
296527,9.45
217785,4.27
12956,12.49
78171,1.39
145461,5.29
257188,10.41
191880,21.97
147726,32.2
240026,5.975
132822,9.195
103712,6.99
30372,102.26
138905,36.49
142751,29.41
291333,4.39
145255,27.4
295776,11.99
142752,83.74
211407,67.9
74065,33.1
256765,29.82
127799,16.95
259395,1.59
249221,5.99
289115,29.99
262674,9.16
158524,9.78
33154,6.91
287091,13.795
165124,7.99
15818,2.785
67217,29.99
272092,19.0
44559,14.7
58736,42.91
108647,33.0
12482,16.33
221903,11.2
137381,55.41
263126,195.35
271763,39.99
246548,13.99
121864,25.345
67168,17.99
157070,65.1
35040,14.9
33098,12.98
222657,2.28
163183,12.0
258542,62.51
72399,1.98
33425,9.99
52188,25.77
290517,11.99
173407,8.99
101772,25.29
278920,3.39
296347,4.49
298654,23.945
199733,14.739999999999998
49535,17.49
168667,4.79
3947,13.99
229957,5.0
190296,2.66
141441,11.48
32237,2.52
278164,4.445
34853,9.69
92087,5.965
119539,38.4
38149,4.99
58524,14.93
16017,25.99
206987,73.95
183916,3.98
152105,28.9
242974,25.88
209938,17.99
130816,3.27
123194,9.99
215789,204.99
180326,12.02
61427,31.9
168694,10.99
243389,18.99
187874,24.99
264238,3.1
243028,2.08
44396,5.44
97217,124.42
41726,17.24
51252,44.92
165781,7.87
17946,27.99
117282,37.245
49619,7.27
146427,24.42
77889,98.71
54861,11.2
288573,6.805
68734,13.965
205646,17.49
100948,14.96
161491,47.955
6102,7.25
176231,20.98
283555,2.39
235404,52.43
70733,51.99
53521,4.29
148339,7.69
236806,6.485
61680,9.99
78783,7.99
186115,8.29
30241,32.85
29202,2.08
110109,3.97
239001,2.79
217988,3.99
215585,79.99
222669,11.99
233326,4.39
40011,4.94
6433,5.99
227473,104.21
220392,10.995
277012,18.99
51083,18.49
198740,8.255
250163,4.25
193460,27.63
41376,5.745
246128,22.99
65446,127.99
66233,51.87
231140,36.88
223849,6.98
56483,28.34
49276,6.08
187352,8.555
30147,2.655
171739,31.89
206948,2.185
246578,35.145
240866,3.79
224653,11.445
257630,2.39
60296,21.99
271645,18.04
132336,1.135
169883,3.55
119694,5.99
275301,3.99
4541,39.71
76679,4.39
264245,6.19
93030,17.6
117404,5.24
7925,53.81
50207,14.99
138211,1.08
177046,73.99
262873,9.99
267810,4.335
111137,98.0
66136,17.99
243696,13.0
231669,36.99
75467,10.24
163807,2.89
4070,15.49
109276,9.99
244088,13.49
79847,11.99
30650,3.29
24184,6.74
71001,1.695
130190,9.99
80461,26.58
160489,1.59
290414,23.98
90651,41.34
260787,9.56
109483,1.1
127847,34.99
193190,35.235
16091,10.02
52666,49.99
247475,15.0
258758,12.13
51877,12.99
126359,5.99
295231,24.99
17795,14.095
175117,45.0
160601,22.73
251810,13.39
259037,10.29
128210,1.54
84542,16.99
128142,8.76
46456,15.99
262211,100.205
119896,12.49
12764,42.0
28280,3.49
77187,3.49
16165,88.49
31048,7.99
32355,1.94
126069,2.34
284517,2.74
176256,14.99
179512,13.99
213754,24.99
298911,27.96
164746,41.89
120011,8.75
237513,2.99
145391,16.99
33250,16.45
263664,5.99
235596,46.97
41386,5.44
84492,2.96
166593,12.48
101823,13.88
55927,6.99
201680,29.77
141436,29.98
77617,6.0200000000000005
241546,11.98
82661,5.68
44691,9.96
100202,17.9
182919,11.79
281574,1.765
27261,53.59
240318,7.49
193643,54.0
39335,4.96
250415,51.95
63762,35.55
154489,7.98
278670,15.59
164737,53.125
200497,38.99
251265,19.98
110843,31.5
71484,17.99
156154,16.16
221470,23.87
156779,183.01
294578,37.075
10706,35.03
83890,97.57
112346,20.99
276976,6.53
8428,34.515
196174,86.75
45466,10.25
24684,12.2
241763,15.245
212256,33.0
82499,24.5
206649,29.99
17553,7.475
61030,11.95
118955,12.99
71245,39.6
248508,31.995
246322,5.98
87730,35.99
129854,35.285
288405,36.5
250099,15.5
181920,4.49
290665,9.97
230475,19.13
270343,3.47
136501,18.99
115348,1.88
212925,9.99
220394,16.99
20799,37.63
52467,57.99
715,3.31
70093,6.145
122970,15.5
4189,26.675
15977,23.34
53581,14.99
2601,97.46
118808,16.95
285829,11.085
251787,24.625
210543,14.95
163562,15.06
59279,12.16
37980,2.59
190010,6.99
139568,29.99
60657,14.12
113055,21.95
282747,1.37
15054,26.34
198687,1.36
72722,11.89
71517,4.43
133534,51.45
293617,4.79
276779,2.29
25211,17.7
266022,16.240000000000002
247732,39.03
27508,10.99
199129,2.25
162603,5.85
149943,14.63
257199,2.82
175936,20.99
245304,20.41
224649,18.625
233832,15.99
216518,5.99
256844,9.495
280131,8.2
208965,55.99
255070,32.48
111360,45.99
45370,7.529999999999999
185752,29.96
192235,22.99
200740,10.085
245899,66.05
289230,21.99
52871,13.425
103923,18.99
93483,6.79
241078,140.0
83245,27.0
244201,37.98
19635,3.095
144637,6.27
19054,24.5
281800,6.72
56621,34.195
7648,9.99
246098,58.99
195500,117.58
141817,14.95
218876,9.95
74912,28.99
79647,3.48
262427,8.120000000000001
166433,5.0
194280,27.52
138979,11.99
218863,9.97
225533,9.415
30528,2.24
6583,91.98
270618,1.89
280804,50.75
85910,20.69
266923,7.99
297540,19.59
269715,11.63
17536,12.0
48124,15.885
45198,31.26
142902,56.37
171335,29.65
244887,14.99
174270,18.915
125280,3.29
166671,10.91
29002,18.89
281901,1.99
241730,2.0
242243,24.49
250678,28.42
217366,157.3
26516,31.88
185599,10.99
205262,30.8
118868,23.85
8388,4.34
65405,12.38
293971,5.99
265020,38.95
17436,15.49
33917,15.205
182779,14.99
68642,65.74
286557,13.935
233340,32.99
122979,9.4
288620,30.27
226487,18.92
107695,12.48
259238,2.54
137581,17.93
93978,17.99
244555,7.3
221044,4.09
240451,52.99
298702,10.135
182867,1.965
34240,9.86
268172,15.739999999999998
280576,53.88
295892,102.97
187897,18.99
294709,60.96
86478,1.89
74544,11.95
104199,2.58
103089,1.28
136503,11.66
102633,4.98
161625,122.53
200902,6.59
256576,2.29
68528,20.25
104516,36.74
49083,37.08
147527,5.445
174787,58.49
67576,2.74
2145,81.28
249229,20.99
113898,3.69
235193,54.7
202932,39.68
16236,25.99
173434,9.87
217505,10.49
114609,6.25
31939,67.99
178042,47.48
259950,17.99
61325,5.99
273512,9.22
191222,12.75
37258,7.55
164963,4.74
150909,12.62
99705,155.83
216602,18.99
211260,4.89
125229,37.98
44527,32.1
228265,4.93
57051,39.99
69902,44.99
261029,17.99
240009,7.99
90916,3.325
282106,6.17
23140,7.24
268432,10.39
1702,46.89
153217,4.890000000000001
205966,14.99
128965,15.99
298251,0.66
62629,52.59
283250,34.94
92992,8.065
156606,105.725
144673,0.33
151472,20.84
5111,68.14
100420,15.9
293887,24.450000000000003
173354,6.85
122005,25.32
262711,2.49
21308,16.99
202389,5.69
100479,49.99
48518,9.865
187527,9.68
107339,1.05
57301,29.99
62445,10.98
27196,5.97
162195,4.09
42635,18.7
170252,18.465
157805,4.99
144960,29.41
251966,6.99
43194,11.62
127836,32.52
260367,1.0
64035,19.99
161289,23.94
66818,17.31
82576,5.29
178037,35.9
241640,41.98
199645,8.49
189035,3.4850000000000003
80399,5.69
282454,4.09
277841,23.155
263571,23.95
268165,4.49
50109,9.77
130581,19.935
113852,15.39
266861,17.15
25165,93.9
193165,7.59
65005,9.44
34034,64.98
249960,16.71
60994,15.71
126606,118.0
285741,10.63
48431,4.640000000000001
31305,18.38
80168,7.99
91345,40.64
136673,11.435
52738,21.99
66581,19.99
100375,3.785
48345,22.04
211712,48.99
173822,23.96
244059,4.89
285552,2.005
269263,10.0
73653,49.245000000000005
224303,2.38
72905,12.99
181849,1.595
23545,18.69
236517,22.95
164253,0.44
16180,4.64
182818,5.48
162856,68.37
222755,36.47
150123,8.5
113507,9.97
249131,34.85
185191,16.49
132131,19.99
82672,6.99
169866,58.0
6238,7.375
88967,9.56
151081,5.99
279697,5.949999999999999
237394,10.97
31746,3.39
83539,10.21
168104,23.45
266654,34.99
200705,22.94
155714,7.0
104429,13.99
136749,2.79
42916,45.5
158480,4.79
108158,9.99
37336,7.12
32526,4.99
174530,18.645
80646,10.96
81384,19.97
129834,9.99
226454,34.99
74642,3.04
219670,25.8
236633,1.88
5784,6.5
287258,9.64
180764,57.97
248324,12.95
190447,1.84
250388,31.4
202054,20.0
221162,9.99
135660,30.93
95931,1.54
22676,4.48
50196,5.675000000000001
96517,11.97
85510,228.46
175615,25.93
132729,12.99
231336,71.49
35223,2.0
21540,2.54
66360,24.99
188179,14.95
101965,6.279999999999999
104218,34.0
46777,2.4850000000000003
35157,13.4
257250,23.14
28678,17.03
72185,10.985
42548,3.25
149428,5.19
48193,4.17
238776,42.19
226788,48.0
76243,3.3
140883,25.01
79594,2.685
229378,22.78
64910,8.83
172344,4.29
244573,18.24
293400,3.66
259309,14.99
223048,2.98
276352,2.69
206975,101.99
55285,49.99
266846,27.535
20965,19.6
231242,5.84
52872,4.58
5170,34.5
87722,5.55
133957,25.9
37429,13.19
247170,6.48
246671,8.87
272978,7.04
81936,3.99
90077,3.99
232187,14.99
107049,2.98
244710,28.73
109006,25.15
122282,9.95
276712,10.735
150924,24.99
218114,18.28
37492,11.95
83316,8.13
127644,11.64
126367,3.39
52230,6.41
184432,8.62
44996,24.5
276969,5.39
140241,16.99
148008,141.62
179655,36.67
31200,17.64
169792,42.99
43353,18.42
35857,3.305
177865,12.67
174507,3.84
105776,8.23
17815,5.915
57322,3.19
192303,9.095
258271,9.19
32971,39.11
65166,14.95
82714,122.99
157353,197.87
48689,4.885
133447,4.48
39189,6.720000000000001
23216,35.49
87167,5.19
275450,69.0
2629,34.5
119760,7.19
222597,79.1
15124,19.415
149971,55.93
55704,19.95
231005,7.99
284445,14.01
198893,5.01
184618,5.82
116226,6.98
261683,60.99
227848,2.68
105305,15.95
79636,1.47
227159,10.0
236678,19.85
260849,22.31
27806,14.99
68033,12.86
124622,32.86
281070,11.98
85560,59.99
140903,28.99
292520,7.99
291712,46.99
145736,56.01
11289,33.25
140692,18.6
215635,19.78
28685,4.19
66125,19.95
286098,2.49
46380,3.5
5200,10.79
168328,4.49
178850,8.95
9682,80.99
291677,17.89
41681,12.0
149056,67.78
103421,16.99
269146,20.78
44025,5.32
124864,119.99
49685,9.245
147123,7.99
288702,43.64
283308,3.68
150999,8.99
59738,15.97
29945,4.99
210910,29.99
45178,20.485
253026,5.735
217362,6.165
29760,14.99
176681,45.745000000000005
124507,28.65
69081,78.59
215948,39.98
118986,17.99
13389,37.22
100827,25.99
277681,5.61
10773,22.99
236752,299.99
288610,35.91
204645,19.98
223243,14.56
27958,1.84
276715,15.225
48097,12.45
11072,41.5
294730,12.02
49858,17.49
205508,24.49
123437,1.47
96319,13.99
50288,16.25
132310,19.98
54684,81.91
262279,19.99
174565,28.175
84016,9.54
186251,12.765
102650,46.99
674,34.97
149679,27.4
113119,20.015
219238,12.59
74119,47.24
23650,2.94
299252,6.49
264822,4.19
41164,30.75
54592,24.99
28637,3.43
109008,49.5
245016,42.98
8715,9.66
176250,21.14
219863,29.34
50168,37.99
229910,7.49
87924,48.49
29880,11.98
226053,18.99
65844,34.68
134167,23.99
274650,73.99
233745,80.39
76777,30.24
194093,15.99
224941,65.99
243623,20.92
3493,5.22
197196,6.99
88455,49.55
184415,9.99
147903,42.74
154045,5.035
238167,11.42
185088,1.89
83128,6.79
132502,10.01
157785,14.99
163054,4.34
186289,38.815
198896,10.65
231010,36.48
93860,1.165
127356,11.99
78606,15.99
288577,66.31
177249,15.59
140539,25.0
298297,5.890000000000001
13016,29.99
170071,82.7
138513,34.86
97306,22.395
178255,2.99
20959,93.46
167715,3.795
150723,7.63
255826,19.25
276818,34.99
227740,53.99
240554,43.56
230423,38.99
186563,12.99
87079,1.67
248449,3.79
175806,18.99
104786,22.99
79406,7.19
145233,29.41
59560,26.98
227398,16.99
179886,11.97
87621,38.95
277095,2.3600000000000003
259003,27.0
30441,7.745
8306,37.99
176987,24.95
164567,7.59
267038,2.48
146950,24.42
128559,3.59
216604,1.82
33838,5.09
247697,15.9
23471,5.47
3709,9.135000000000002
215201,33.98
198249,73.49
196277,61.07
46757,10.39
168024,62.39
81018,29.9
65918,9.99
27983,9.97
208530,9.99
55819,25.07
159233,3.14
203414,10.24
81102,30.79
38265,10.35
221943,4.62
173136,15.0
85959,20.99
237865,14.99
298340,3.405
49830,8.99
261429,1.99
192508,18.61
22341,13.95
22115,5.99
114424,4.79
188195,17.95
43043,26.305
131697,37.24
120395,13.065
134045,8.79
176233,5.79
94132,32.8
89592,8.57
90131,17.93
266419,8.98
146912,86.02
113061,69.95
271305,32.71
157559,91.38
54230,22.085
140977,24.99
106958,12.99
67238,3.28
143986,86.43
22381,26.99
43239,2.79
117068,7.99
68452,45.99
71368,10.03
33612,17.0
207295,29.42
104128,17.59
166778,15.99
135566,9.0
190767,6.59
229125,26.99
63483,14.99
58547,3.0
46326,18.4
61052,20.16
18790,54.69
245831,24.94
20359,19.6
237057,4.585
60364,12.99
65961,19.98
34539,2.08
229796,19.99
6155,1.99
54273,49.99
256311,11.15
70372,19.91
70711,33.09
3082,5.890000000000001
212003,82.88
26759,20.8
17976,44.85
137099,7.485
281542,9.44
234492,2.28
131264,11.29
275130,13.99
260727,6.6
220888,14.99
35684,12.69
3158,12.205
284099,5.235
204092,13.99
53754,17.29
7354,85.97
156151,10.02
221142,20.7
238494,4.23
163053,12.24
281888,2.39
120502,10.79
115268,38.99
291948,12.375
25188,3.035
549,21.0
142363,29.13
151618,2.36
56387,13.64
287715,5.43
217865,19.78
175381,7.19
218623,1.98
188501,8.37
45193,11.98
264077,6.8
81350,4.74
139382,0.775
55725,13.85
120199,9.97
144952,29.41
112417,27.99
271174,2.28
171123,5.68
157490,112.37
229346,5.99
278418,3.21
73118,32.49
206373,15.18
26836,20.49
63278,9.98
184400,33.489999999999995
87098,9.98
175214,10.35
219085,2.46
173682,16.955
172673,5.97
75916,65.6
210540,5.89
17045,26.05
202155,44.99
185485,9.895
132504,9.99
297918,81.28
250338,3.98
90912,16.985
104467,1.72
234096,94.49
66285,18.93
37091,0.495
141567,24.5
53697,2.99
90284,1.78
99860,33.29
137691,5.59
80302,5.49
223300,59.95
128929,22.0
214522,14.27
98151,5.44
283407,2.5
192544,23.0
177219,24.99
190904,21.99
289947,4.89
221464,18.54
160899,71.33
271088,13.95
174854,3.105
82706,11.315
237352,14.99
142646,56.37
43789,31.52
209507,19.95
85716,3.99
249619,15.455000000000002
84742,59.99
157589,119.64
113465,5.66
22990,8.99
30497,41.71
156396,14.27
143709,29.36
199195,14.99
31120,12.49
25658,3.75
154155,69.115
180858,17.98
264404,5.21
85986,18.5
261338,5.7
100272,5.28
221918,11.2
127004,12.55
293276,9.99
109339,8.945
112278,19.45
284723,10.99
128867,27.99
269866,14.95
12981,23.25
81657,8.940000000000001
74138,4.59
282982,3.98
267897,5.58
107758,13.99
29384,8.3
76832,2.95
135522,27.99
109053,19.97
205655,3.98
187378,5.395
230708,2.575
200412,8.7
3094,11.5
87832,3.555
256077,39.78
153587,21.99
236534,12.37
40506,13.77
129863,66.0
146406,42.74
181096,2.94
249121,39.95
12494,35.72
152045,36.16
53208,21.83
182321,2.48
141792,62.25
85095,6.475
216874,27.49
294078,24.95
218766,4.76
197357,5.3
16878,7.69
1651,38.54
108834,24.14
137688,32.93
189559,21.86
164706,5.085
122515,21.99
129123,10.985
204867,4.99
281580,3.79
259791,25.99
41211,39.99
151077,18.89
253342,12.99
56775,79.98
44661,37.06
253244,15.64
120257,32.63
45155,13.25
282484,11.61
91647,4.390000000000001
240608,23.99
71673,67.74
168225,31.785
114025,12.99
66204,54.95
285670,3.795
88534,17.99
210321,7.56
109349,9.98
122451,24.975
217513,22.22
201355,28.0
178909,42.84
20810,37.63
91111,13.95
112881,109.19
48759,8.89
95986,17.73
51173,12.94
36198,3.855
159699,25.98
298439,6.5
144399,36.53
294879,1.39
58238,59.95
84994,3.69
232839,9.99
19376,16.82
17394,29.99
38855,115.99
18062,54.69
113358,48.99
13875,8.54
275703,3.89
202833,5.4350000000000005
152592,6.24
39878,41.2
174949,28.275
133244,13.99
212385,39.95
29857,22.545
51691,3.24
78578,14.85
127633,10.454999999999998
202108,15.0
100076,145.0
266560,19.68
167882,11.04
157467,150.205
150668,50.95
152386,19.14
228960,8.33
103818,57.12
218550,6.15
208941,6.6000000000000005
49365,6.99
65078,26.99
246191,10.99
216052,14.98
199845,9.18
247011,18.85
49398,36.89
23494,44.985
122012,22.99
22988,5.82
278845,3.99
75114,9.315
17991,64.31
74157,12.04
249629,10.28
16247,12.495
121492,31.33
261472,30.99
15680,40.99
189883,98.08
206364,5.99
102998,75.88
279882,27.735
51225,59.98
284776,4.69
203529,23.96
39619,1.59
207448,8.99
105524,39.99
101797,17.99
22782,13.49
34821,12.31
84927,3.69
38856,3.71
86081,15.9
97833,2.38
95912,17.325
66344,7.664999999999999
73100,17.94
100978,13.95
210100,35.99
51094,10.78
138907,14.04
134298,3.685
123541,15.98
266130,14.34
67263,28.99
196751,5.485
194170,8.06
191020,7.62
276814,28.09
185932,3.99
138927,27.495
277109,4.23
296720,12.08
202119,13.95
31510,6.55
258071,8.2
236370,6.24
39134,48.29
5727,24.99
143195,13.24
122213,35.99
110151,71.2
144078,34.5
40040,9.99
208888,71.84
26978,57.79
102717,21.99
151429,8.73
206897,22.99
131377,40.6
194564,10.4
249868,10.96
224560,23.98
36518,3.99
145582,80.86
57111,37.185
32987,1.99
16536,8.99
242746,33.95
121841,4.43
251023,54.69
230769,75.14
282282,5.49
109586,45.99
73985,7.275
186923,29.95
113635,24.92
22401,7.37
166530,10.0
142571,32.2
76307,14.0
7163,12.9
142369,57.63
157821,10.48
190390,12.9
179563,35.99
291859,8.34
290019,11.27
166420,3.54
209608,36.99
136280,8.49
132312,15.99
114270,16.94
18504,12.995
110742,3.96
30721,14.5
13946,5.32
166198,3.305
253994,23.7
63995,44.99
137346,5.88
288352,27.56
276477,28.225
70708,47.49
263124,121.21
104164,17.39
162146,3.99
128037,19.99
175224,27.45
289572,10.01
58649,57.77
218149,6.0
81883,2.24
140315,1.59
2913,16.95
294062,5.55
183142,14.94
81907,12.99
260389,33.035
25216,76.64
163262,10.0
246959,4.09
14846,11.98
291247,5.58
178981,65.32
141762,30.99
48905,10.95
116045,12.74
30818,1.54
21960,19.85
255184,120.1
266787,26.95
59637,22.0
234642,20.78
16092,9.99
62234,33.3
285771,19.99
193154,6.97
39998,31.99
191485,3.455
125652,31.99
11863,5.99
29142,83.46
208066,94.99
26686,40.955
246612,5.88
222667,11.99
244935,27.19
284214,20.49
180917,5.29
110191,14.48
221091,17.45
79854,5.615
56505,14.85
8302,5.29
223797,4.99
92866,45.73
65396,89.99
72457,4.84
12160,1.42
208219,9.99
290610,3.19
164169,39.39
105576,18.99
102551,2.535
114701,7.85
185453,22.99
153811,55.205
166921,10.435
68811,10.95
211412,40.55
239765,8.5
204982,58.125
232304,4.965
241397,7.39
194905,5.49
79554,18.58
85819,4.025
40570,13.45
257745,12.295
124548,14.99
155053,21.47
26897,20.99
167608,10.0
42117,7.99
164530,9.88
16160,7.47
118493,16.99
130301,21.98
234996,16.49
266561,6.29
188962,71.96
159946,2.99
177413,30.49
92582,36.68
121862,9.41
112977,5.325
56937,2.99
229777,6.99
94947,43.47
143935,26.09
73372,40.99
139621,2.135
144782,26.035000000000004
54805,7.675000000000001
116898,22.02
245003,7.69
175763,4.19
32923,14.97
164624,8.8
194705,5.69
54954,11.475
254025,46.98
212550,37.99
224890,10.98
267596,2.48
163551,3.18
190507,18.375
19385,26.14
293807,42.64
162880,67.99
251289,14.45
35038,81.33
4759,12.99
152823,4.905
41664,158.27
149071,320.45
129538,69.99
84009,20.7
225823,12.99
205496,42.71
45549,8.42
229510,54.91
42267,16.0
67360,13.97
129535,4.99
111848,19.495
34301,13.5
236631,31.950000000000003
264152,2.475
50716,432.98
220565,3.17
47541,19.99
228599,5.640000000000001
103615,4.449999999999999
97926,5.0
209311,169.98
22845,16.865000000000002
190975,8.16
167661,24.99
141965,17.99
209723,8.54
217751,17.39
119514,17.99
104850,34.99
219430,26.05
54209,2.79
176903,15.665
243030,1.28
181454,5.99
230102,64.85
120083,16.13
253177,16.0
125620,9.98
34176,21.99
285485,2.84
98943,14.78
257557,5.64
59390,59.95
181737,3.22
137754,4.49
259975,47.99
121642,19.48
74444,34.99
256707,5.97
221232,9.88
70414,11.57
5213,57.59
151359,28.95
68511,39.99
245281,5.99
223636,49.39
226041,5.29
185682,9.99
120189,10.415
149622,11.99
155234,11.49
50571,44.98
216053,65.99
32531,5.59
72830,38.3
198546,14.99
64665,16.99
25348,16.31
277980,14.84
234164,18.99
151303,67.99
171266,64.74
202874,17.58
200498,16.99
222214,38.0
158700,22.87
66173,8.49
249853,25.5
5895,2.53
160240,3.99
54154,14.96
85740,19.87
60971,14.99
126971,9.27
87737,24.645
98799,1.855
44469,9.15
36833,14.79
64424,4.29
208485,106.99
173252,11.07
263372,17.495
40398,1.84
295960,2.98
21667,5.785
5546,76.44
259042,9.99
111224,31.44
205568,51.99
59788,56.23
156728,157.06
211301,85.55
19666,36.06
244968,15.99
28183,9.0
188379,5.15
18080,26.14
185377,2.69
251312,4.79
169500,32.5
157444,81.35
105392,12.98
36541,14.98
119124,12.48
182810,4.29
64640,6.085
9154,10.49
10784,11.49
99103,2.0
158923,2.29
3761,69.19
57643,8.99
182060,8.24
145743,80.86
102272,39.25
259541,45.385000000000005
246489,2.49
280666,24.49
73212,33.49
101060,49.95
34904,11.76
120619,35.27
42198,6.86
225735,39.99
34900,26.445
192917,17.045
244041,15.24
75261,31.05
121243,31.89
293176,23.48
20597,22.99
97374,17.49
8275,15.99
107641,4.279999999999999
67790,12.98
153800,22.99
214446,43.49
231521,11.99
294858,3.06
79809,20.305
166035,3.29
67219,9.88
131266,17.895
177477,9.5
124840,16.49
250335,17.99
182219,6.49
42160,2.25
255913,9.985
165544,42.97
169267,11.99
203163,22.99
49664,38.99
206762,24.94
47463,24.99
45482,23.875
177205,8.77
168180,4.38
226748,5.69
10795,34.165
261619,14.89
143119,26.98
100903,22.99
210267,1.31
48191,19.485
25349,73.75
117761,29.8
124613,29.39
46530,3.64
177675,3.75
228696,51.14
174226,5.69
245685,23.99
201425,16.99
109335,16.99
131416,2.69
282329,2.99
115732,4.99
148334,11.41
141743,22.74
15632,27.99
230526,32.95
149402,86.02
207981,6.115
21468,29.99
105471,9.9
290108,13.0
125537,8.969999999999999
158139,5.51
106179,25.98
12674,17.43
99333,12.275
30792,16.395
184363,13.0
47840,26.97
202665,10.49
243817,12.29
142124,86.02
217024,16.98
50776,3.98
236045,26.95
172567,12.95
132398,36.97
17876,45.72
11107,3.24
75778,24.09
9935,10.69
294685,4.09
212271,11.84
231478,2.09
287678,4.49
137318,3.4400000000000004
259795,7.95
23832,11.385
115032,7.98
202860,9.99
90734,17.49
59787,41.92
208694,51.2
138321,6.59
94250,9.975
146082,17.97
295261,3.98
117910,26.365
132274,33.235
212938,18.99
59869,49.99
71068,43.49
13768,15.8
118097,164.11
99975,3.08
244311,12.99
242927,12.88
46505,2.69
185686,57.24
165692,11.55
276007,9.33
42127,6.39
122628,9.815
133171,11.99
299130,1.37
274545,8.5
11145,16.76
178983,12.185
219504,11.45
214069,87.99
262890,11.89
216853,34.28
108455,99.99
256455,7.49
214711,23.09
121059,9.99
142106,50.13
31899,9.33
49368,29.31
195099,42.95
256488,6.58
12405,34.71
278387,6.515000000000001
248330,6.75
167624,18.0
158541,9.3
80587,6.49
60925,6.99
249324,48.505
155572,26.99
14292,34.99
243715,12.97
165708,12.48
268752,4.99
265904,72.95
284503,4.640000000000001
103251,19.09
118436,18.98
286813,54.99
203202,19.99
51939,52.0
162375,5.29
281481,11.87
218057,17.16
119304,36.69
25803,4.27
277545,27.38
279270,1.89
26186,10.93
53616,29.99
59898,9.99
293306,1.8
58734,31.95
201221,12.14
199957,22.15
283465,2.69
58543,25.45
219019,19.99
50662,20.99
26853,5.48
237204,2.99
209603,5.485
168488,52.99
263542,31.4
294947,3.49
85769,3.58
73229,44.0
102689,5.69
125486,9.98
63531,23.0
190061,17.89
43945,8.49
170351,21.49
164257,10.99
215412,3.08
49637,1.08
243437,13.99
71207,2.38
48510,4.640000000000001
27301,7.145
151592,6.91
195036,0.995
279705,42.695
37571,5.99
201439,13.375
23477,13.99
116415,10.29
177270,34.735
232704,14.99
56311,5.24
295149,2.69
212035,80.61
285120,6.13
98467,83.435
2306,35.47
76474,77.99
31437,4.12
211525,11.99
223463,20.21
36851,8.49
298350,2.67
19115,3.395
32975,41.94
212706,13.88
226656,67.39
130312,16.49
84907,15.99
90510,2.19
157658,157.34
172225,14.99
202003,16.95
141445,24.96
43004,39.95
79402,8.51
111699,16.49
246651,7.99
267844,3.99
170199,34.95
181887,12.49
155188,54.95
297867,44.99
255662,10.43
280744,12.99
237585,12.77
144709,3.59
204942,2.12
228218,11.75
69192,19.99
151685,2.99
227988,45.99
239540,5.36
243670,2.49
156117,9.18
130901,8.61
257733,8.81
198846,5.68
287782,13.99
298451,20.95
160366,64.5
89070,21.2
106848,28.49
196537,48.43
183738,86.96
123046,33.99
214737,8.135
203996,15.99
24549,5.5
133781,4.79
31314,12.92
120810,37.64
237540,2.48
148889,86.43
79908,24.595
45826,10.305
3820,59.48
176526,30.4
223355,54.59
58065,1.3199999999999998
213821,63.98
73033,2.79
15931,2.99
233092,14.15
186553,14.395
51548,54.99
140239,9.98
294322,1.73
155297,32.46
72359,12.0
191169,10.69
172732,5.47
293986,5.3
55188,160.88
271126,7.28
248144,19.99
223982,15.54
287232,13.02
108353,24.99
153599,4.29
27680,22.855
28028,34.95
243267,14.49
154918,1.28
284228,31.99
33852,5.85
234102,24.11
11672,22.99
72472,40.45
54118,5.86
145310,16.99
100195,8.79
128071,5.94
140325,5.9
170781,3.46
149284,6.99
54875,41.165
62862,14.16
276381,2.38
39478,3.79
68186,31.99
106029,46.97
114902,1.47
137599,9.99
95211,18.34
185318,10.85
219495,8.24
292391,16.2
5902,31.99
273458,21.99
106690,17.99
59187,8.3
224434,2.74
296899,25.0
182138,23.02
119664,37.87
165152,9.68
68903,11.49
32366,4.97
100454,4.54
221688,91.46
230032,5.39
43658,5.19
208673,13.99
154001,3.28
271505,8.629999999999999
173616,29.95
55388,10.59
14190,29.99
238874,9.99
165285,11.49
289460,5.38
48170,5.745
134464,12.57
157663,1.265
54370,13.99
122114,19.99
88763,2.545
178913,12.56
52213,19.95
232885,56.61
222070,21.48
175678,14.99
33951,5.6
154244,42.27
201787,176.7
169768,12.79
132376,10.565
167361,5.48
169068,16.99
10772,10.99
65590,2.98
294910,1.69
77607,20.995
193116,4.25
41763,219.0
30939,1.45
242666,5.869999999999999
60800,7.68
211447,50.625
92548,9.49
83918,19.98
254865,9.35
104964,31.9
201774,9.495
152192,20.11
185277,8.47
200022,5.19
212513,71.04
112065,31.75
81632,2.44
94891,6.89
202179,9.99
299242,54.76
133525,21.69
259942,19.14
208151,1.58
252680,18.98
134818,5.49
58744,31.24
247447,12.465
41282,23.99
66428,8.99
58367,13.99
185053,15.87
84909,8.265
15999,7.985
9420,38.29
91273,49.485
25027,32.760000000000005
12295,0.99
275948,0.55
291586,7.84
36844,43.99
152210,29.52
95154,9.74
120271,25.99
21132,33.5
295817,3.84
144380,30.98
54019,71.49
59559,11.4
132854,8.504999999999999
250420,26.99
73864,162.69
207334,14.5
114599,23.8
44564,2.5
261178,67.99
294270,2.99
197328,51.9
287982,16.105
217018,5.94
105438,37.83
251155,5.49
288025,5.24
100482,26.29
204170,77.99
54089,9.99
211543,124.99
202317,17.99
253774,5.095000000000001
243560,29.97
104264,8.71
104551,8.99
292183,6.07
12113,4.045
67108,80.09
14188,17.49
172284,12.28
95819,17.99
13524,19.99
264205,3.34
164598,7.24
224697,9.9
162385,2.0
8125,19.99
91185,12.66
138710,11.9
279412,1.19
206197,6.4
292458,26.86
283858,35.98
130746,39.99
151483,3.625
696,50.22
74325,16.66
142920,38.92
243089,63.24
130976,2.29
270016,4.285
151879,6.91
89722,1.5
116412,31.14
129873,10.0
142653,18.13
47980,2.79
124977,69.95
131513,24.185
159165,8.36
146672,20.08
121676,25.845
63428,6.49
32730,5.04
36370,1.72
231175,10.99
25497,81.18
49519,6.99
90789,7.09
170340,7.49
283441,4.75
119584,24.79
227971,1.24
136890,35.63
292464,19.92
98507,5.99
79528,151.065
92860,2.9400000000000004
256067,45.78
257190,2.69
216378,6.29
95582,36.815
113336,24.14
16246,4.98
78398,15.72
90126,4.135
79969,20.48
64054,9.99
154708,5.89
76965,6.995
155396,9.99
157899,4.82
133307,31.99
186801,45.99
40904,11.99
230855,40.02
15949,10.03
70301,32.94
221159,16.91
89003,6.99
142563,34.81
136515,16.6
106546,3.79
82466,3.655
219940,29.0
150366,5.07
130379,37.93
61501,17.49
206121,27.29
146394,54.98
242084,28.99
5743,3.505
283802,30.94
153920,18.5
250006,16.99
144112,81.92
240206,17.7
267591,6.99
220602,22.99
19537,46.93
193031,14.055
292235,3.555
94938,9.2
101021,11.495
294875,8.25
111790,28.69
33840,2.94
235110,113.23
267099,59.99
208208,114.98
167821,23.99
71606,21.95
2494,18.13
246523,22.26
3983,85.0
111631,36.99
132034,14.99
106082,17.95
290348,12.95
192967,51.99
237970,6.0
139408,18.33
102965,1.49
232175,9.51
194610,10.99
229521,6.48
228646,32.65
63009,19.99
181526,8.79
279056,41.13
241437,1.72
92999,12.99
177527,18.82
6270,95.96
278045,6.99
298441,10.97
202401,3.0
35865,41.45
189724,34.94
97521,10.98
92021,2.14
148297,28.95
110334,14.99
48117,12.69
118976,20.98
117603,19.99
111211,8.95
137879,43.95
209908,18.98
236460,6.43
260416,25.35
74139,7.57
218931,4.48
93429,11.71
19070,17.99
54011,27.43
157468,96.53
135532,21.99
275360,16.05
152340,29.75
172619,3.765
100723,7.390000000000001
255373,1.99
165402,48.0
280203,5.56
222112,50.24
299322,8.47
44095,15.78
11174,21.55
272857,4.665
84192,14.99
138204,4.775
11541,3.29
66858,2.49
199838,7.85
297346,24.0
3628,37.49
35952,3.57
171967,3.24
9168,17.54
19129,72.89
142640,34.5
171938,2.09
219906,26.89
231794,23.24
34327,8.775
16334,24.95
74873,3.055
285857,5.16
88642,41.35
123570,39.99
183304,13.99
234270,7.99
221794,3.88
268576,82.99
204469,5.65
184135,2.98
252881,15.32
46691,8.065
252691,19.99
258903,14.99
43801,15.99
236461,26.96
299134,12.99
201125,24.99
180710,6.97
28959,7.705
214149,6.24
227530,4.99
114067,15.75
20494,12.38
253403,52.28
118733,27.99
228979,23.79
293520,7.49
226323,2.585
188866,3.915
238584,19.395
105393,12.48
140114,167.23
130297,6.28
94677,16.99
205879,6.48
287157,54.0
105885,21.99
1031,8.495000000000001
157568,158.49
279732,10.99
228624,13.86
272445,26.6
253179,8.47
123819,25.0
153806,10.995
39528,11.2
254470,24.035
152074,17.43
220428,23.32
36767,1.19
228279,13.495
124169,10.48
270736,25.020000000000003
18187,13.895
70306,30.99
51554,59.99
42226,29.88
285315,4.47
18296,8.705
29354,11.0
134036,20.99
272993,10.99
257992,7.49
46933,30.69
262793,21.89
243858,14.99
97003,38.785
154347,2.8150000000000004
17298,35.93
132327,8.16
159539,16.695
37921,7.6
5928,5.25
233935,7.055
230900,24.64
160051,34.4
246719,8.19
104105,5.68
223239,14.99
33261,30.78
14664,13.41
44671,12.69
76366,113.915
107040,37.99
4797,41.74
168851,64.99
110720,26.39
103140,1.855
67223,18.99
15047,21.9
94552,18.11
222327,21.19
111039,31.255000000000003
80793,9.89
231222,13.28
134355,7.89
262690,2.0
227008,6.49
27768,56.19
247495,21.34
110239,46.47
172435,14.79
235948,14.99
15937,2.99
160342,5.97
85159,30.92
288244,6.35
164617,3.75
55248,9.99
275198,15.0
19474,32.3
269169,7.49
32156,10.0
142203,42.74
66218,27.345
27515,4.21
106753,14.49
259294,11.73
240240,48.485
160017,11.95
228283,18.49
277741,18.49
44958,6.98
175526,7.99
11877,55.8
86115,5.095000000000001
45956,25.93
142178,59.2
44790,16.34
263667,11.49
30077,77.43
286941,11.85
101585,15.99
255957,2.94
14077,3.12
237468,38.84
273107,6.99
287296,9.9
122864,94.99
214194,6.99
132104,37.26
154467,3.88
27809,49.99
63860,19.99
203062,4.390000000000001
84330,1.9
123511,23.0
172388,24.26
23979,10.715
289241,13.59
194832,10.64
218861,32.99
30391,12.0
80432,18.99
291429,7.439999999999999
225333,17.99
252762,7.49
272250,99.97
210242,4.28
230573,4.640000000000001
30389,12.98
53338,31.99
89098,26.95
140613,14.99
292370,10.165
266747,11.275
277809,1.59
256598,6.48
218066,2.08
266930,18.95
211691,56.45
264810,2.385
255497,35.99
140116,36.49
2917,35.0
46762,85.61
170124,2.595
134636,5.74
259967,13.47
225804,26.685
109589,41.97
93591,29.01
64304,13.33
262637,7.74
222130,22.29
111139,8.99
111284,16.5
277798,3.13
216339,18.745
263234,8.97
26149,20.87
189691,25.5
23977,17.61
182382,9.14
216216,3.29
9099,20.9
148478,25.34
262634,12.99
164388,7.72
252736,14.99
141593,51.925
28509,37.415
211578,92.99
88,13.94
12748,2.635
284908,3.69
286641,4.63
126438,3.99
48018,2.69
257564,26.93
269841,8.48
67255,59.99
66111,44.99
296199,11.49
79469,1.74
260766,46.9
264806,81.59
183254,24.39
31302,5.8
255703,38.370000000000005
117522,7.99
191406,14.99
55231,1.79
35960,1.08
36312,2.185
18009,54.69
87457,23.8
236733,44.33
194127,1.98
291809,91.99
88991,8.95
204321,28.57
128382,4.535
97425,28.99
272810,6.42
2735,30.01
75417,13.63
218487,7.48
234274,8.99
130482,19.99
158162,45.63
102429,4.39
211005,4.59
275982,5.32
149169,1.38
55853,23.99
204233,16.99
238415,14.989999999999998
103668,2.99
121431,4.890000000000001
14183,5.19
241241,8.58
205213,26.8
290755,7.945
86893,16.36
140990,37.99
122948,14.98
85383,4.79
47585,13.2
232035,17.11
40576,1.87
172682,2.88
227614,14.99
6185,8.66
176965,2.12
218383,37.99
171350,2.68
283029,5.95
248420,24.86
45979,39.57
108614,68.99
73121,32.49
114007,74.99
21113,37.63
87787,19.005000000000003
142289,59.48
212995,10.95
55168,5.34
153866,9.105
63900,14.645
269734,10.56
286410,54.97
215980,4.99
231911,72.99
126949,7.99
179740,10.97
5047,56.98
273323,5.635
197824,4.19
241899,1.64
249356,16.99
245069,29.99
199610,1.29
12416,35.59
182280,2.28
259508,3.27
43390,4.99
17607,24.99
238789,31.49
193754,5.0
35305,6.1
159052,2.035
203168,1.78
164552,2.34
209977,1.99
232072,6.22
203193,2.99
221033,5.99
264824,25.71
69675,6.955
102097,92.99
206915,39.0
287610,44.02
262387,20.165
283315,7.49
9008,20.99
1013,20.84
57416,17.99
179640,22.99
240368,65.99
289375,5.09
255156,15.99
224884,10.98
290559,35.97
258395,21.44
174752,5.49
292754,5.29
96065,4.09
79565,4.99
276014,3.395
92608,11.125
41118,26.96
180,13.715
286220,13.055
188136,9.39
264643,19.34
203484,76.63
206106,13.48
63364,2.49
13619,14.89
202360,19.99
65289,12.99
103155,2.59
25362,66.95
65154,5.63
225311,39.95
56408,17.99
204015,8.69
120088,7.01
37823,4.82
105216,13.015
121554,16.69
201998,26.55
127818,106.41
130934,14.79
82566,5.79
8853,18.39
76703,2.08
178518,16.89
61098,8.47
39333,29.130000000000003
272831,25.0
37588,3.62
15027,8.94
217552,39.495000000000005
4411,86.91
286267,38.65
91116,27.45
170311,2.72
55469,57.06
283793,22.485
263424,2.29
255573,28.35
24135,1.99
281878,3.29
230986,24.99
82960,7.59
55734,4.49
207842,69.98
258528,10.575
251880,65.31
141405,15.5
29343,17.295
181628,5.515000000000001
291430,9.99
272553,51.33
79921,2.28
297722,6.99
140868,34.95
36756,3.885
91727,9.29
109936,11.99
256954,6.82
45788,1.85
116520,7.26
74534,79.97
76032,1.54
48589,21.0
175422,2.99
72696,42.11
6501,18.135
28931,5.88
41701,14.05
99985,7.23
273669,9.4
198796,18.54
4298,1.435
35861,1.735
152341,18.21
80441,17.71
266364,31.61
294177,77.8
137512,1.965
264477,21.47
148703,38.54
284058,20.68
270838,25.79
162753,8.995000000000001
103959,24.0
135604,14.46
297635,26.38
86423,9.965
233960,9.99
259880,55.28
85524,3.28
215085,29.99
270917,22.99
282557,27.53
265007,27.0
54232,17.99
204803,24.99
151395,7.99
255275,15.93
81809,22.49
171424,11.25
96042,13.485
57893,38.99
245303,38.97
232829,33.35
13936,1.99
167752,3.69
124436,26.26
170607,9.71
102050,49.33
225113,12.44
50294,12.99
255430,16.59
294476,13.88
152175,19.39
191804,22.87
24692,11.99
68799,6.27
286082,10.99
120959,3.1900000000000004
38055,24.24
254450,6.07
174370,12.9
27135,5.39
107272,27.99
209979,29.99
169483,6.99
224711,19.985
165843,58.19
111394,14.91
234596,2.99
272568,8.49
256317,3.69
85287,9.99
43352,44.99
201060,3.79
108014,38.99
32319,10.99
53960,14.57
20665,50.19
243060,30.98
19496,93.46
87574,26.99
101180,28.95
20624,109.95
151316,38.85
278080,4.97
161557,143.22
131369,18.47
115411,140.39499999999998
293305,26.33
90708,3.29
103822,30.9
243981,6.945
158342,21.97
274736,12.805
52749,16.99
278594,6.79
213898,5.97
212261,8.85
230715,72.99
256099,5.665
185255,29.98
169111,10.485
127450,15.36
54815,16.99
103293,35.99
87584,14.49
236740,27.99
251567,38.98
9796,43.205
173471,1.13
51859,5.27
53782,16.16
51880,15.74
275014,4.82
138780,11.98
184409,36.0
179720,24.76
198524,26.98
3452,13.43
267078,59.99
237875,57.91
204372,49.99
94941,16.99
99751,20.08
56649,69.99
28811,4.39
274891,11.585
124621,12.4
60030,35.635000000000005
191851,9.99
92682,164.99
57648,4.99
228122,29.13
160200,4.32
158740,32.94
175899,5.93
186214,10.59
61919,25.975
204741,12.99
231064,17.99
286808,40.2
251769,16.185
219262,12.49
3560,3.99
45267,49.015
220791,24.99
112197,45.99
16628,29.99
103433,2.86
147500,32.72
167978,1.665
289237,10.09
81787,4.5
147218,59.2
92766,19.98
124927,19.99
144554,2.44
46003,190.02
5974,29.99
262807,23.55
272057,3.39
231928,8.47
282867,2.34
271999,15.99
209504,80.49
193678,12.99
72229,2.28
122091,20.49
140598,40.705
52992,4.99
292849,4.59
201681,17.99
40436,3.74
160308,16.73
158441,110.01
28707,62.61
179802,10.15
249009,83.71
293134,5.27
26261,1.89
93119,21.95
92521,40.89
235317,53.16
203145,8.49
185709,33.0
249022,5.99
38012,10.38
296021,19.815
227886,7.99
214270,6.59
63666,32.63
103790,56.99
203748,15.62
41101,5.16
243068,14.99
40554,28.89
213366,29.99
143969,86.91
147023,57.63
293218,0.99
236872,88.99
294738,2.47
185001,11.14
18136,49.99
69354,15.99
291808,14.97
92982,3.22
141311,8.43
231058,5.65
158074,7.95
114564,5.48
139176,28.22
127400,5.29
20355,19.6
254949,16.99
249374,23.2
291448,29.88
244051,5.49
292302,3.78
17874,20.98
400,19.98
159177,7.105
59878,34.985
168264,10.45
267138,3.49
265203,17.99
124025,11.99
58035,83.6
53329,5.37
25454,9.49
90133,40.31
145767,97.46
23314,4.99
73289,13.695
142155,50.13
253823,4.12
72824,10.14
65678,8.99
55775,21.97
191767,2.0
207771,23.11
258053,5.07
119795,24.24
100362,68.19999999999999
247603,29.98
259872,41.59
273843,6.75
92872,9.47
65187,6.99
150188,1.48
242824,29.51
73932,51.92
190508,7.824999999999999
297855,5.19
261682,2.69
114685,35.53
85138,29.99
172420,31.99
77466,38.75
120663,79.3
23858,3.69
135865,16.99
204586,89.98
23579,12.25
209897,5.9
131734,23.22
244509,6.050000000000001
81680,20.48
277444,9.94
157486,111.41
189680,12.99
121429,9.98
147750,46.64
173235,9.795
90468,6.29
123679,17.99
224969,10.98
46708,28.85
166705,13.52
62907,19.99
131344,23.61
125648,23.99
211022,71.99
137171,14.095
178526,6.1
35220,1.985
241857,18.49
298250,14.99
211576,7.99
229435,7.99
213964,35.77
148189,6.97
71059,5.89
79279,41.99
213137,32.99
234790,4.29
293385,5.13
222251,37.78
218693,11.75
97145,3.67
264971,7.18
247261,22.0
229781,8.24
268282,3.58
174789,7.29
19401,33.5
136859,18.95
2255,18.47
114469,5.6850000000000005
254897,3.97
57226,10.81
88172,16.88
187456,30.97
285912,10.33
83799,7.41
261482,4.99
216618,54.97
120817,9.97
59195,41.78
165341,2.95
195382,86.47
119349,2.44
48705,3.995
13610,2.49
187406,10.94
105502,17.49
11842,1.39
242822,31.5
239535,3.69
151274,6.43
10817,91.25
95563,8.594999999999999
123005,16.06
87947,454.98
230991,36.255
107583,3.49
298378,4.99
65801,28.98
154054,4.885
59950,29.62
105089,27.0
56932,9.47
245031,75.19
104187,23.38
150416,21.95
292477,8.49
271620,17.09
281329,17.95
26220,12.85
121413,59.99
156048,7.27
119962,3.49
35082,2.275
195272,38.89
105667,29.99
169292,1.36
299068,2.9800000000000004
132870,17.95
85956,21.38
211359,15.98
13061,4.99
58525,10.99
137024,11.99
192183,6.45
41056,9.59
276146,2.455
54467,15.54
110688,14.25
68156,26.99
222381,10.99
219235,5.99
267236,106.97
70683,75.83
128925,4.73
38257,4.49
7796,30.58
265223,6.25
265451,2.49
227320,17.98
1968,32.2
110808,14.99
25660,4.890000000000001
129546,6.79
295365,25.38
130624,8.74
144034,50.1
100400,16.65
223433,5.97
230663,8.96
144888,59.95
58254,2.99
17980,54.69
102224,79.99
48969,6.19
270603,7.365
212543,26.97
59752,66.99
221854,2.4400000000000004
191737,7.29
85832,7.640000000000001
84438,38.57
254932,5.39
29125,8.99
117137,34.3
78714,5.68
2717,18.55
36093,15.99
11783,12.88
44358,24.99
39988,9.99
9086,13.99
191856,2.16
88379,9.555
97886,1.3849999999999998
153234,26.4
30151,174.99
203689,29.99
218687,7.99
167214,1.29
138953,9.5
298567,23.99
81154,11.36
272973,15.375
188420,63.33
159885,11.95
97395,32.39
124752,10.19
21413,7.99
92259,27.6
56474,7.99
73009,8.99
272299,68.0
254841,9.06
290185,15.99
114802,12.34
279558,15.02
179154,4.29
224612,5.48
135557,26.99
254369,9.99
95156,13.99
294373,31.95
128974,10.45
166875,11.99
284627,6.81
131423,14.99
286567,37.29
298280,9.415
169459,10.91
216296,7.98
12536,59.99
95947,1.48
17282,21.09
147282,57.7
118798,43.79
31037,5.035
115581,19.99
245644,9.0
149929,3.34
49216,6.49
154670,2.74
200057,58.25
92147,10.99
13756,6.44
143232,22.99
8682,1.48
49743,14.9
202124,13.95
59900,11.98
193109,2.48
220903,26.98
142860,88.39
11421,3.98
109964,59.49
12110,6.61
295314,3.09
219731,46.99
238035,31.43
223920,9.95
127248,149.99
30015,3.98
92250,35.82
23958,17.04
208515,319.98
106528,81.25
249779,27.99
204864,15.99
159995,17.05
202708,5.39
256412,18.495
290024,7.75
2669,50.13
277757,7.99
281842,1.9
202146,29.95
47019,51.57
109737,102.99
52867,5.99
131085,24.95
142838,56.01
134645,15.84
197567,17.53
232863,27.39
120164,3.84
186002,17.99
31409,8.49
291515,14.33
5053,36.95
282137,3.87
232210,79.99
59445,15.489999999999998
180857,5.29
146361,14.29
109473,15.489999999999998
146829,13.47
225347,21.2
20901,32.3
219305,11.13
168490,9.95
61925,12.38
26166,7.99
74570,18.0
27143,2.135
122589,13.27
231514,24.99
63513,23.905
265848,2.48
53462,10.99
25614,8.42
55902,2.48
274105,19.88
1547,88.39
243644,1.725
141761,24.99
36263,6.485
133533,23.98
107010,4.77
198021,135.38
272775,22.03
217848,11.99
230492,17.685000000000002
81960,5.865
9746,98.99
268153,4.975
162483,3.68
57966,9.44
115776,38.5
54173,11.66
137588,34.99
108258,19.98
240174,295.74
281141,11.95
69991,6.29
112496,11.33
248052,14.99
285132,1.99
7653,29.44
242031,81.18
110519,12.99
39372,9.76
273547,39.47
166594,26.48
155198,7.99
289859,3.49
45349,8.87
113335,55.98
147382,39.71
147570,8.99
267722,7.640000000000001
154098,0.97
293153,7.37
117998,30.9
43901,10.99
259403,1.78
157131,84.93
277224,18.98
62868,24.95
258319,17.07
103398,28.16
23426,18.99
139843,14.99
179458,3.685
9753,43.55
142220,59.2
292399,15.39
53210,28.99
224827,18.69
267968,8.34
141918,6.99
154495,29.16
224797,7.04
192504,16.425
159933,2.0
209555,79.99
49831,8.7
226669,29.99
89577,8.12
70288,14.72
62857,9.71
245931,4.79
49799,7.25
246451,8.47
137712,16.98
117736,5.085
168797,3.42
45657,18.89
155357,42.95
133434,155.51
19634,2.58
185721,167.43
40237,19.75
126087,11.18
104047,8.79
87164,11.835
164689,6.225
263066,139.515
241098,140.0
78893,22.98
52106,11.49
266356,9.99
298219,9.45
241410,11.96
52183,79.99
34392,43.28
175860,10.74
95813,17.99
251844,22.22
269027,11.98
205255,12.0
212589,12.99
155434,10.99
66602,19.99
209145,54.66
40813,22.635
229432,30.98
296724,7.27
18530,26.54
75700,2.395
82778,2.39
22480,41.87
253129,2.97
269632,16.56
252667,10.87
272031,11.2
191609,6.95
228572,34.59
225712,39.0
119608,5.49
298460,20.275
5893,11.26
71200,47.47
36037,27.22
202409,5.69
159914,38.99
37771,5.734999999999999
257503,9.79
43552,5.38
115797,19.94
189842,44.98
267176,60.0
67106,45.74
267435,32.98
40669,5.48
204477,5.58
68608,11.99
194955,3.97
242957,18.95
53182,1.74
27448,1.99
177516,0.98
142517,24.42
72446,25.0
250234,3.7
223306,14.88
252394,32.99
87065,23.98
55838,12.99
171884,15.32
80123,8.24
149176,30.67
56360,4.345
38007,4.49
42142,5.98
158100,164.92
295783,3.49
2739,46.64
223760,12.99
204500,16.965
58507,7.99
91592,2.2
298185,10.04
66501,12.99
148526,13.44
108954,8.59
93680,9.5
61534,8.49
265336,23.99
298353,1.66
157379,106.025
111134,2.18
299382,3.99
42879,13.99
222007,94.0
172544,5.99
197267,15.6
261651,19.75
23517,5.49
222862,15.99
171030,42.795
186055,61.99
44886,28.64
118796,7.63
189361,17.0
227258,14.99
10403,44.545
298834,22.81
215149,14.99
130926,27.95
65508,29.47
74116,42.195
212116,90.99
101826,3.0
3974,52.61
62624,13.0
25244,1.98
241219,17.72
16543,2.69
78717,70.45
232455,3.99
264684,56.65
102121,44.99
94632,9.61
135016,4.26
127176,28.55
72494,116.975
171449,12.97
84740,13.64
4050,39.71
238914,35.99
87494,48.72
249456,3.12
240223,48.485
265236,12.985
118387,68.0
210108,12.99
6668,35.99
154965,3.91
64113,10.0
202582,54.98
166548,60.26
217709,21.47
34,81.99
217384,39.95
188715,42.95
284004,48.54
85576,15.39
8348,4.234999999999999
125808,24.39
165482,31.045
73892,49.99
272752,82.68
115483,8.99
117818,13.85
294058,10.705
270312,17.67
151120,108.74
134599,15.98
213004,45.0
41836,4.745
4159,34.95
214021,18.98
51937,48.0
207486,89.98
92366,0.95
9547,11.69
263546,30.99
250296,13.99
242001,19.94
143683,50.13
96571,13.989999999999998
243901,74.51
296807,16.99
153370,8.45
176819,24.99
93361,24.39
93865,3.51
189956,4.98
120369,26.47
63999,16.89
126575,195.33
107056,13.99
56061,16.99
10670,6.76
4713,14.99
133111,22.49
46923,2.79
114771,16.99
254750,7.615
80120,35.24
225955,8.125
284267,17.92
105288,19.99
25601,16.71
275080,6.005
276979,42.08
116103,13.99
100249,10.97
213073,15.0
9555,0.82
215443,20.99
142379,46.64
257515,28.18
23749,5.795
230666,1.6
149541,27.4
182597,2.29
146711,18.47
240639,23.49
206986,22.24
146990,80.86
113461,6.09
272802,11.99
271841,11.49
224416,17.99
52118,17.99
103371,9.98
268047,25.5
72743,21.99
146383,14.04
191474,2.79
220043,2.97
89498,7.2
221763,2.1100000000000003
196356,33.46
93128,3.43
194970,5.365
9723,4.34
211796,36.08
281524,48.615
263782,36.44
8662,8.690000000000001
258304,7.49
222177,22.0
151417,54.95
100943,14.96
291120,5.535
253808,1.64
275241,15.15
41331,38.42
111196,7.29
48774,5.26
107540,32.97
130287,32.99
95636,28.87
228242,38.5
254045,26.09
259411,2.725
252687,11.99
12881,11.89
138112,7.45
183917,3.48
262624,7.75
18366,64.31
97407,17.495
41040,13.41
238439,51.96
141909,5.0
199289,12.99
271373,6.99
81572,1.89
171753,1.0
293944,19.99
174590,12.29
218350,25.99
209448,9.99
23895,11.98
29091,4.44
124439,18.98
118964,29.95
218181,49.99
179619,14.62
72632,17.99
49722,8.94
23888,3.4400000000000004
132072,24.88
221143,9.99
37368,2.39
71308,6.475
217702,1.68
73772,8.12
47317,9.99
117491,19.99
13209,14.89
217755,26.54
244730,5.98
123672,33.89
264010,2.92
235107,135.61
161490,9.67
295136,5.359999999999999
44010,10.99
139601,9.98
88969,10.9
145529,50.13
298401,0.48
224949,26.0
22894,21.755000000000003
134949,220.0
184647,59.99
296747,24.99
38538,3.93
218004,77.8
177066,58.005
271599,11.25
265745,5.23
187338,17.22
85783,1.77
15753,14.7
21085,93.46
187417,69.99
87752,2.6100000000000003
75522,1.42
160605,5.89
103851,39.99
212058,10.3
84113,18.49
135140,11.99
252748,11.18
32042,32.22
295129,3.4400000000000004
123854,9.99
111005,1.19
258002,6.05
239110,19.905
110900,24.95
183747,9.965
165035,14.29
96598,23.735
91992,17.05
62123,62.995000000000005
122570,22.0
282012,49.74
18850,64.31
4945,36.99
271882,34.99
82166,6.79
173078,25.49
196159,91.22
35973,4.07
282597,4.654999999999999
138228,9.65
262560,17.12
19670,72.93
187423,9.96
166972,6.34
235904,22.6
41177,6.800000000000001
163027,9.97
13189,23.29
256584,15.92
181357,3.82
37534,16.68
171115,3.99
146883,51.77
231697,7.99
200859,11.96
102238,22.99
290601,3.5
12868,0.89
14273,19.99
294512,9.49
53212,9.6
93852,9.145
270910,10.12
86299,1.0
231843,7.99
115527,15.99
199377,12.845
295416,12.49
153142,18.24
161911,132.8
117084,9.99
74102,44.98
181567,6.735
207136,9.65
154340,7.49
75533,12.32
107570,9.99
67110,8.99
261295,15.1
4355,51.77
8875,42.345
172024,24.93
40935,35.09
275146,31.565
25876,3.99
187280,4.775
215319,13.99
150079,10.96
44407,63.71
8931,49.33
161195,34.99
148360,16.0
247574,37.1
3666,2.53
159339,3.99
152977,3.59
43509,5.49
162044,26.3
294186,4.79
115617,93.09
236169,53.18
281957,2.89
250382,9.01
268998,2.665
235749,7.984999999999999
97063,6.8950000000000005
3959,81.92
32926,11.99
92841,45.99
61205,64.98
257912,3.99
221109,3.88
260042,2.28
69169,38.0
245925,106.0
131046,7.49
230248,2.97
79760,9.17
119986,5.109999999999999
161734,55.05
171561,9.99
233532,39.99
125237,25.97
264497,1.95
185928,1.97
200904,5.54
164837,7.19
48213,4.65
52920,8.65
104023,73.99
201964,5.43
271713,31.05
153062,17.57
253294,29.17
130129,4.29
72612,17.04
5803,6.09
278866,24.76
10274,4.3
241158,12.99
262510,72.77
58310,119.43
181254,122.0
237271,11.99
289587,54.66
149303,29.13
265746,2.39
189236,20.955
152605,21.98
124646,53.23
29025,0.745
107477,11.85
241349,6.64
85513,155.75
80942,22.130000000000003
13303,2.78
298818,34.8
253046,6.01
195644,101.79
239650,51.35
261392,0.99
209751,6.99
145005,50.58
265032,16.21
289920,7.49
95034,6.66
62753,20.26
195284,67.99
224043,29.99
295844,35.69
120483,14.07
63363,84.2
26705,12.01
98033,3.795
36292,49.215
145113,56.37
231103,18.59
48744,3.49
130545,12.02
1024,1.74
200126,14.32
245188,21.58
193741,43.88
202162,13.95
273966,8.95
89302,24.78
226929,6.279999999999999
126430,19.92
209735,14.99
81861,9.51
173105,22.89
147585,10.59
267438,7.91
278244,13.745
187240,12.735
97566,2.0
174180,129.2
298194,11.59
167855,3.18
45845,14.685
26330,14.81
289943,6.68
216045,29.98
197669,14.489999999999998
272650,86.38
103333,9.34
39263,6.78
208349,18.62
43061,8.495000000000001
62317,4.25
118293,9.99
192559,83.99
176630,1.98
45188,2.88
140715,34.57
247465,141.585
154706,8.33
231220,39.85
106923,46.99
73594,18.98
296296,32.425
163011,2.985
30019,3.99
254794,6.49
101440,29.24
89859,14.475
23800,1.87
37704,6.49
5677,81.47
216337,18.28
205348,22.83
254277,16.25
291472,7.34
83852,9.99
230951,5.99
202370,79.99
146264,17.0
123846,24.98
88557,4.89
289605,5.63
242752,39.95
133109,65.49
72047,14.99
220778,22.99
235886,4.69
87997,2.59
124574,15.99
159384,76.89
225036,55.99
174778,25.605
146035,18.47
231519,16.99
287926,11.32
193466,10.8
165856,14.34
218978,1.99
80958,7.92
165512,19.99
225943,17.195
104655,10.0
207965,21.0
56274,12.95
237991,44.99
274628,4.99
146412,34.485
154036,25.935
49161,8.29
63576,35.98
241613,33.56
285148,12.99
284501,1.84
180870,52.27
99409,18.29
48051,5.44
281088,12.285
143896,76.44
54761,19.99
69357,2.49
70163,14.45
204946,52.98
122872,6.984999999999999
165900,35.91
6290,32.15
297573,24.99
117238,8.49
236121,12.24
148715,30.01
292837,1.68
191364,3.755
199391,3.99
101804,37.99
227891,8.69
75156,26.09
265822,3.95
259828,6.03
172547,7.99
178563,10.14
47995,11.935
71832,68.95
197703,11.75
162238,1.28
237162,26.98
106689,17.99
175323,87.97
59358,2.69
282589,1.69
252671,19.51
141801,3.165
43867,7.685
80507,56.7
73754,10.97
45223,15.08
71183,6.29
204047,26.99
185855,12.715
120510,18.49
115672,9.99
145967,53.01
152263,29.12
245582,24.99
169571,8.81
29952,5.59
52899,6.24
71381,37.99
106565,31.92
137560,13.99
83954,164.02
91009,33.94
159728,1.48
192790,22.79
243271,19.49
209769,22.99
198802,16.99
231429,96.99
11321,1.0
196651,94.76
235380,51.01
82400,46.23
218526,12.99
286061,4.890000000000001
94454,14.95
245285,33.365
1530,52.61
202042,9.99
23877,4.01
201279,1.89
47039,62.65
45014,2.78
183870,1.98
1415,42.11
122321,9.45
3123,29.99
251728,72.99
32415,15.29
182845,8.055
292247,6.390000000000001
294069,2.29
166974,11.99
212493,7.64
233324,2.52
36591,43.73
34802,3.21
92838,25.99
121630,10.95
75634,17.99
152445,25.9
23708,3.89
69846,19.99
67176,32.495000000000005
153951,59.99
23962,18.49
240395,1.98
291471,6.99
129263,65.495
1271,49.67
140355,11.26
13661,79.985
288476,22.44
195020,54.92
233961,40.89
190431,111.97
835,4.19
228074,3.395
34939,11.99
125495,55.0
154836,7.25
113542,49.99
292553,17.57
181362,8.73
160440,2.39
217407,15.99
294917,9.76
66860,41.99
288360,12.64
200411,4.48
57502,4.99
212889,14.69
94304,4.78
256775,1.71
37103,21.99
8504,18.99
140340,0.97
259010,33.955
77610,34.44
146377,3.39
45982,18.535
184770,28.145000000000003
280885,6.625
119948,16.134999999999998
103660,30.73
194294,10.565
106782,26.73
283507,2.99
204136,45.99
250459,28.89
248084,9.5
4796,72.99
140588,12.12
289717,18.49
229262,19.97
237641,22.95
291689,5.79
248071,72.98
172293,4.24
4250,22.95
292550,4.515000000000001
21092,23.36
118442,6.22
99884,3.62
101065,199.98
53012,12.99
14251,21.71
179558,10.94
222049,20.99
49982,6.05
29121,15.614999999999998
46447,3.79
280212,16.799999999999997
156455,49.47
247267,32.46
3367,9.99
76149,3.5
148864,12.99
186223,42.99
9956,168.78
64845,49.99
242797,9.99
251632,5.49
260512,11.49
144389,66.99
15025,21.98
110722,38.95
244125,41.19
171094,10.25
83183,30.99
155209,42.75
219586,7.64
245215,112.0
172198,14.99
42006,6.88
18049,50.19
60466,34.989999999999995
31478,5.5
292756,3.58
14525,34.5
82730,22.35
183415,4.95
137615,11.28
166979,7.95
218211,6.22
228298,7.99
174434,11.99
268250,16.99
162114,2.49
251748,2.29
234311,27.0
148734,16.77
189199,4.99
286224,44.545
78453,33.99
61702,2.99
234732,19.07
199717,5.97
285863,5.69
94169,6.47
159915,41.79
261764,2.24
203608,5.24
227055,4.84
201715,39.99
84737,11.91
278274,71.49
72537,3.115
40731,1.96
213858,7.99
55314,12.99
27459,19.9
14369,40.375
204280,40.26
42655,58.985
54304,36.83
192438,36.75
238662,16.22
93317,5.88
60212,33.99
65465,15.99
218088,5.96
4442,6.534999999999999
90863,8.945
22426,21.5
262535,23.56
126061,3.14
134838,65.0
191694,9.99
53351,19.99
147150,26.43
127740,77.56
109341,14.95
59039,45.2
126439,21.99
125928,40.5
271717,14.99
250504,15.99
59993,4.04
216102,8.33
22977,53.99
112477,10.0
64700,59.83
231763,1.18
12091,49.155
59795,9.65
90637,18.07
109593,44.145
101406,38.0
124459,9.99
91834,12.99
11126,5.7
105329,12.99
207301,23.89
100096,34.035
193903,7.87
156691,186.28
65312,43.91
233348,6.345000000000001
222350,21.99
289030,5.49
196458,53.74
220384,11.99
19693,33.5
255625,30.79
186700,19.58
288281,8.15
37205,8.77
2146,117.49
232357,9.8
259198,26.99
227941,20.99
29569,11.26
257267,5.06
175198,14.99
33638,9.09
259639,2.19
294181,5.02
115312,11.805
273717,9.63
156626,2.49
32011,19.985
58559,46.61
51112,24.95
172470,1.98
54772,15.99
202612,14.39
123705,17.99
50278,46.95
215674,126.99
46872,4.29
195573,52.64
278834,3.49
133088,27.15
260570,11.98
266748,7.68
233668,40.93
282937,55.14
72322,42.935
241669,9.94
35946,14.25
295418,13.5
226373,45.0
107876,26.99
255401,45.785
86741,19.290000000000003
1108,25.67
250744,17.825000000000003
35477,43.97
251937,5.03
98666,22.37
29897,21.95
45064,4.99
285754,19.77
105917,20.29
200458,17.98
85119,12.39
20613,0.69
209340,9.68
162575,5.58
98157,21.49
250357,120.95
41043,15.95
249576,1.38
57661,9.06
166931,3.88
145786,24.42
13535,19.34
75605,12.925
209360,13.355
263759,14.99
140023,12.135
51158,29.0
165362,4.0
190412,73.95
115807,17.99
123392,24.99
1129,76.44
283658,1.99
166054,42.09
15618,35.995
293888,23.99
271461,5.93
161449,15.989999999999998
197899,28.65
194703,23.99
190260,44.120000000000005
61862,18.95
132769,4.140000000000001
268599,26.45
69365,79.99
78409,9.99
215228,26.98
241288,8.335
233534,26.22
9158,10.99
9732,36.7
291867,119.99
63943,20.99
220968,4.135
265255,6.25
220909,7.36
132239,10.0
44963,16.93
194212,13.99
145897,42.11
101375,9.99
106422,18.11
225778,4.79
93564,14.87
29891,38.89
233785,7.955
292524,47.35
111468,29.99
24210,26.01
250240,9.99
151185,10.935
191769,5.49
158808,7.789999999999999
52457,13.41
123442,6.99
19236,34.28
229473,6.49
292815,13.28
87538,12.09
68924,88.49
101508,33.99
132209,31.95
238108,57.49
9318,75.495
82722,19.795
169740,20.99
164443,4.79
11779,57.23
262683,36.95
204671,42.07
41294,339.77
210599,27.44
104800,37.89
20723,24.99
42201,5.67
30570,28.6
139760,81.26
241998,21.9
15143,32.95
283020,21.195
142868,57.7
231826,5.645
253950,28.99
74684,6.49
278095,4.39
27952,31.78
198085,14.99
242442,23.77
222440,46.0
289361,13.12
221457,23.97
249366,10.795
218913,5.99
26816,35.91
209975,35.0
121607,28.69
262173,19.99
205697,11.99
161782,10.74
297793,28.99
191445,14.99
269558,19.34
106964,11.99
33478,12.31
88954,3.49
156070,8.95
88357,12.59
160633,5.99
160189,15.695
152230,26.5
116061,9.99
106580,14.99
96619,3.335
57400,12.77
204905,3.78
107842,21.99
153254,4.49
248591,7.74
149100,50.76
274870,5.94
290249,9.69
256808,7.115
118335,16.5
39638,12.745
119106,9.0
35874,2.995
239910,9.45
297146,24.72
222039,9.74
140696,23.93
278140,12.63
2750,59.48
14377,10.97
124487,120.59
128972,14.145
89055,13.95
167298,7.49
78752,1.59
249182,8.635
174885,5.3
29331,26.71
209795,10.18
120402,7.92
72665,46.99
174737,13.97
47984,7.59
131853,16.95
226673,16.99
159528,13.49
171629,1.72
146204,7.95
252823,21.24
206761,1.59
141251,14.09
171581,89.79
182990,6.315
172715,5.84
185283,5.49
179717,82.9
118783,8.99
192190,4.59
231131,30.99
31049,1.19
292076,8.78
102993,29.155
232672,54.99
164059,2.56
20886,19.6
161344,5.3
178578,24.99
120696,47.29
175730,43.815
133295,29.39
55406,2.99
257254,4.095
286331,29.625
123426,36.99
87357,26.235
78986,23.99
55058,26.99
124734,20.49
53237,27.435
160640,17.47
41545,3.28
279119,13.36
272655,9.995
116760,10.18
202350,19.99
290080,14.2
85882,2.39
79512,11.46
100302,22.99
23014,29.98
76953,6.385
70383,11.24
69130,11.99
236987,13.67
135390,21.99
151893,2.24
15319,49.565
144173,20.95
162255,0.89
297874,4.79
152358,32.29
204325,28.22
84036,14.95
268097,7.83
161028,36.18
85012,2.9400000000000004
174727,8.245000000000001
250241,3.995
147885,42.11
201994,37.37
212939,6.255
144613,4.79
255592,2.28
203922,14.0
191146,2.99
207819,8.49
21081,64.31
178534,14.975
114975,12.0
121470,27.95
129009,6.49
9526,6.0
229555,23.27
108074,106.99
276345,3.49
102245,29.32
92733,9.515
271764,2.29
70852,10.1
258734,11.99
295908,2.5650000000000004
79716,27.99
73623,7.67
198398,20.49
129021,62.27
33693,1.795
2518,97.46
71307,4.65
53777,15.69
199871,48.0
242355,72.64
92191,55.0
86032,21.69
261713,34.99
232666,60.865
179356,28.99
126401,28.03
107074,44.11
267647,3.59
192415,8.879999999999999
102846,36.895
227586,6.12
25857,16.75
274937,4.48
233871,4.68
3189,81.91
122996,15.47
241144,3.545
69271,116.42
174890,15.66
54605,15.84
154580,2.28
176765,10.21
260380,21.56
13183,8.58
73294,164.99
252899,24.97
221575,9.99
109126,31.655
119531,31.94
14964,2.58
73005,39.685
14771,9.25
194658,11.68
33067,31.055
12152,66.99
63640,3.89
199564,111.01
273320,28.99
287962,105.69
163511,14.52
299438,1.49
278458,33.455
197451,10.69
179546,4.15
202454,6.99
187783,7.54
207910,77.98
6035,11.45
42303,16.994999999999997
106895,30.96
252040,14.5
287439,2.89
99298,13.31
201353,4.38
180502,322.12
146409,53.01
185263,9.135
243218,45.18
232213,19.99
185852,8.004999999999999
298083,19.99
31376,10.94
188299,9.38
156401,5.29
267494,7.6
73690,3.39
164949,7.93
296650,11.63
35230,1.415
166914,2.9800000000000004
182205,6.28
58375,22.43
256637,7.96
112407,1.97
252810,49.24
42763,1.2
78628,5.640000000000001
152482,28.28
139993,49.99
220409,18.45
6833,36.6
78551,3.24
288996,10.864999999999998
235788,4.73
39581,10.985
181831,9.96
25789,9.5
43456,6.47
199400,7.99
77555,1.94
51451,29.68
272294,4.87
198809,33.98
179759,12.345
211319,145.25
278112,27.62
282131,3.99
272717,2.99
233428,32.114999999999995
282295,80.6
225190,32.33
149319,18.55
51625,7.98
68555,22.0
141828,37.99
160268,16.759999999999998
167900,12.965
63089,6.985
10433,31.64
81672,3.94
75618,4.77
142793,59.2
291779,19.01
111230,10.2
267349,7.465
179519,11.84
288402,19.99
289600,6.03
3797,124.88
262995,20.99
297423,18.0
244440,79.99
297987,3.87
239112,18.99
297055,14.8
57342,13.95
61686,2.49
243656,8.95
60240,9.17
209442,20.95
237995,44.99
282647,23.62
25659,4.825
160192,16.05
22861,14.85
169519,3.94
32146,5.74
85073,8.99
98894,1.26
105694,84.785
116579,1.64
2872,12.4
253932,7.71
1749,16.77
259109,13.715
152403,20.04
233073,70.32
238794,16.95
48854,5.74
129829,4.9
17247,3.38
24747,10.98
148426,9.135
53567,14.95
250403,34.99
259744,5.57
172230,19.83
108558,6.35
202306,19.99
27576,7.91
115110,19.14
198607,3.99
141953,20.25
48311,5.74
78312,11.135
282344,2.89
7745,23.23
140611,10.0
196617,45.51
243240,51.73
10870,49.99
133239,68.28999999999999
26027,7.98
136799,41.84
61028,34.54
183209,29.98
257507,10.15
202826,4.155
125692,11.5
156046,10.99
260128,10.0
126660,29.37
120657,129.99
39482,27.075000000000003
238819,7.95
151353,14.99
201825,6.99
155895,1.0
163458,6.59
112938,3.69
153303,7.5
125040,11.185
155796,6.995
24347,8.235
228378,19.99
44320,4.34
282740,33.97
41020,13.885000000000002
214896,10.99
159758,3.77
219978,7.245
270529,2.96
60672,253.215
272839,8.59
132287,44.23
200359,45.28
265279,10.09
55047,22.99
121543,13.99
104928,26.86
239755,22.83
230980,21.98
212148,9.5
52253,10.99
170328,29.99
36365,3.09
284698,10.0
133612,27.2
240860,6.4350000000000005
85873,19.885
110689,6.99
179650,14.15
239555,19.69
37451,2.98
30668,24.745
52438,2.18
58934,21.59
70558,3.58
289209,20.98
254776,6.49
32248,28.91
213000,8.95
157495,117.24
211371,66.085
203076,14.9
181714,4.29
251040,41.82
137680,11.55
161808,87.66
149486,3.64
208356,18.81
31596,12.99
38583,4.49
272720,27.74
43451,8.52
105091,18.98
229756,14.99
174177,30.31
22821,128.88
84284,30.93
62246,9.44
34978,8.99
116419,8.79
7107,7.49
181745,2.19
262550,20.935
113493,39.51
234317,6.785
147411,26.31
1321,18.325000000000003
91327,3.21
37697,5.48
164776,31.5
5978,8.73
172186,47.25
4732,6.98
149348,46.8
66258,18.68
162309,11.24
296617,22.15
108548,48.6
156725,24.245
217937,13.95
162937,6.255000000000001
268732,7.95
28407,5.74
254323,17.580000000000002
298881,4.99
257011,1.74
63654,8.98
140015,4.97
298433,20.97
280020,24.74
23736,2.74
122577,13.6
251779,10.49
18527,29.790000000000003
211606,33.29
43841,14.95
59007,21.58
183369,10.19
14782,10.29
159674,0.98
21759,55.0
256290,9.995
70178,23.49
75999,4.99
231718,22.14
12745,1.965
182347,10.99
4961,43.99
53862,16.99
174564,80.08
297935,2.09
138139,13.88
150975,21.16
274126,90.66
53438,29.99
89444,29.99
185091,24.99
148758,53.01
215768,19.9
189129,20.0
223183,4.24
223086,14.88
204268,10.24
30081,105.87
16924,9.49
6702,27.0
41524,3.38
265012,29.99
132731,24.95
9058,58.99
294794,2.535
242341,48.45
38659,16.48
111667,14.99
37242,6.18
80360,8.4
87053,36.99
296661,1.99
3891,15.29
128550,20.85
156332,19.99
216966,23.99
274960,16.575
220196,19.99
125315,10.0
235007,14.99
11277,66.73
8266,49.47
5556,86.91
140379,6.2
157513,158.85
180871,10.77
154733,2.22
279944,33.79
244232,3.88
258070,25.7
287945,30.92
249498,1.88
109343,5.19
123278,9.99
165844,46.22
18619,33.8
204080,14.94
229467,59.99
78471,18.275
60529,49.95
200184,3.99
104442,49.99
150028,4.99
213190,1.34
1199,14.25
252624,9.23
122733,8.99
25087,46.24
262221,104.37
244107,2.99
259400,1.995
247977,72.98
20347,19.6
144983,77.04
41021,18.98
3745,29.99
98577,6.49
99807,57.74
33871,1.17
295204,9.775
229884,5.38
210956,22.485
160294,5.54
231080,4.49
107694,85.34
266946,13.71
201450,30.45
258665,18.94
237421,79.99
100088,15.489999999999998
170852,7.515000000000001
88937,10.9
90324,1.34
150969,38.395
154368,22.62
142667,86.02
75369,8.53
193849,13.8
222244,3.99
203568,9.62
158395,12.99
242017,14.95
178466,6.49
69909,36.93
125531,14.99
147869,45.27
208425,30.05
268928,4.955
285860,5.24
38896,4.99
79262,2.03
171288,23.03
49125,15.53
129514,121.98
92990,15.04
195430,64.35
125634,4.39
267787,4.655
47835,2.745
277965,11.705
221882,2.99
122727,6.58
40208,1.795
253534,2.56
231983,17.46
226075,20.99
258068,12.49
200869,12.98
292060,17.68
19894,12.585
118382,5.08
194605,17.99
252553,12.31
24289,9.99
193453,7.99
278502,11.645
246753,1.79
5864,25.74
113721,16.439999999999998
170125,12.99
248864,2.58
292027,6.635
118132,168.75
143735,55.93
253507,16.48
171082,3.11
174407,75.99
260498,27.195
151463,8.92
236024,60.59
107446,9.07
104394,14.94
219103,32.99
150671,6.395
217949,1.98
183115,42.21
77012,188.36
146331,14.99
212451,15.88
286325,9.98
248043,16.96
218056,4.84
291302,5.585
35803,21.91
115021,6.99
193853,8.49
87173,9.59
41466,6.69
159075,4.495
148368,51.77
155470,5.035
30076,105.87
233185,29.99
120461,39.98
59088,54.89
170511,10.64
273895,23.99
246347,6.645
228573,33.49
225978,39.49
242397,47.22
145758,50.1
204693,10.0
112963,18.99
1843,46.89
264619,3.435
215009,11.0
197257,1.69
193940,19.51
24439,4.22
239453,11.29
289792,3.49
27638,3.99
172013,5.890000000000001
94106,4.64
193649,52.84
47618,27.74
269363,82.57
220690,64.99
527,4.34
63605,12.64
251756,28.88
67159,0.99
281509,18.245
227552,18.99
82175,22.99
289689,5.49
76343,5.6
151888,9.17
206833,23.99
23750,12.09
176583,9.645
150677,3.49
228555,26.48
72570,4.52
179538,4.355
65905,4.29
226228,35.0
10210,10.99
277073,2.89
174706,12.89
77409,24.99
117777,9.97
260676,11.39
233864,35.88
140553,6.49
157581,134.32
162422,8.37
125563,1.185
131332,14.98
257909,8.95
162817,85.22
296949,4.99
200619,28.96
5122,56.37
192652,47.56
152925,3.58
60523,8.825
243813,3.78
164730,1.48
42629,10.65
50336,3.39
229286,129.99
235555,3.89
37484,4.49
76911,12.49
88769,3.75
154375,90.8
277552,19.4
113168,31.95
99695,12.99
146527,26.09
18574,4.29
26672,10.24
219718,55.88
216472,199.0
47215,8.49
249149,22.16
51310,14.99
155848,16.0
120695,25.0
100681,234.85
146404,45.27
217681,10.49
125794,7.71
35386,2.635
4543,18.55
31696,4.88
214614,3.88
4709,18.45
190774,11.99
282646,11.99
8638,6.62
245832,86.49
270221,15.48
258644,61.0
218728,9.59
166364,3.88
36597,9.79
233305,16.99
135635,20.52
11479,20.97
99286,8.89
109439,13.99
92691,1.68
297841,27.99
215073,64.42
133855,17.5
263558,10.99
2685,88.39
270100,2.99
252370,76.99
64935,33.99
26775,2.59
166038,17.39
284486,2.99
223011,5.96
40709,19.42
36991,8.9
215314,5.109999999999999
98681,11.21
220951,29.98
206072,7.79
264653,19.635
165144,9.595
158507,61.26
250551,33.16
79580,9.29
8699,10.77
273484,38.95
46283,5.39
218190,35.99
140055,12.495
203506,58.79
77691,24.37
67932,34.98
197943,29.355
41246,4.385
104243,2.82
226258,59.99
121818,20.98
287460,4.98
219013,14.45
299135,15.37
54521,9.225
292514,45.98
30670,3.49
232339,10.49
118111,4.79
170555,8.745000000000001
274325,17.95
161721,4.365
93174,55.0
260568,9.29
43516,5.03
225319,50.26
269400,31.49
270081,1.71
70253,14.99
187030,11.95
251215,34.97
107250,7.79
81168,13.29
66329,1.19
29786,1.22
214713,2.07
275197,12.02
238424,120.49
94834,7.36
268483,7.68
187177,5.359999999999999
104745,21.795
216841,7.439999999999999
80318,26.24
34823,7.99
171328,1.41
273726,18.61
54829,4.24
215276,33.98
238255,25.99
100914,19.48
139521,2.99
262401,9.54
179085,13.96
150310,1.48
104167,7.96
177373,6.17
13551,7.3
57156,23.99
130195,50.81
86329,24.51
261101,8.95
40586,17.98
137988,14.95
43463,5.45
196481,43.32
115970,16.99
221845,3.29
186885,9.84
94320,27.75
241358,3.925
253546,17.6
185645,4.64
152509,9.69
164920,6.73
179891,13.94
146554,117.49
12924,38.245000000000005
141847,4.98
210637,5.395
157166,130.95
228825,8.515
243409,20.83
271917,23.35
1725,55.93
246796,24.065
17027,43.99
147973,59.48
129109,27.74
176254,27.99
180796,4.99
244029,2.94
27898,1.88
79672,5.405
243976,22.99
265557,45.74
16463,39.99
292770,26.495
249854,19.97
47904,39.49
270965,42.025000000000006
65357,3.69
195840,41.75
226758,6.755
276299,6.0
67935,5.99
247337,18.55
276771,9.54
114851,17.0
112475,49.95
78428,102.63
272245,8.99
218185,35.99
138008,4.99
73443,23.49
286954,21.685
289483,6.385
54274,40.18
231798,18.49
124090,49.345
58366,4.5
160923,47.745000000000005
17709,45.99
114211,20.79
9942,18.24
61502,3.29
146796,27.4
176462,21.26
117555,18.99
53631,24.99
277489,3.69
22305,3.34
235345,39.45
26521,11.39
160982,141.31
83906,80.36
260772,3.92
161677,122.59
111165,8.99
43917,13.989999999999998
284254,41.485
265752,3.335
138233,2.545
43156,63.46
44984,5.99
239768,5.89
118085,71.15
238419,51.99
70694,23.05
68296,1.36
289816,8.5
267086,22.99
155100,11.99
187292,16.99
21096,19.6
180829,7.455
52,35.98
26470,5.4
97712,8.43
34068,26.44
143527,32.2
252044,8.515
26465,20.015
136430,15.79
141811,13.57
16026,59.98
135170,60.495
47123,57.13
222965,7.11
228154,50.595
215827,38.99
271947,5.39
64060,22.47
57617,105.71
52148,46.9
186225,11.95
214620,3.47
195587,51.45
156802,145.41
254812,9.99
280913,3.59
290494,39.99
68501,5.74
281516,17.275
98747,6.49
10693,6.79
38223,24.96
195028,22.43
102543,2.49
225989,12.245
104598,7.890000000000001
246738,33.07
45172,28.005
82046,59.99
124673,61.95
28750,28.01
223699,87.99
261249,26.98
156479,13.88
39343,5.824999999999999
277407,13.489999999999998
237992,33.99
94125,8.89
258207,12.965
187590,5.585
258622,38.95
48841,18.595
292749,30.53
7047,16.99
69269,44.7
292273,4.19
4112,15.74
123763,14.46
48624,44.49
268813,41.6
274467,20.69
217518,10.85
259147,9.84
268943,36.425
206005,3.96
28355,5.49
130118,7.935
165227,2.54
102849,2.59
143566,18.13
250057,5.49
118729,23.99
186438,9.97
78160,4.19
241439,3.98
58805,32.42
168896,15.4
105972,29.98
52159,46.89
225830,25.0
268022,2.96
260709,7.99
124877,26.5
99234,26.17
127972,12.489999999999998
271317,23.99
99148,6.99
149041,3.985
162578,6.08
175512,8.33
97230,4.51
133379,22.5
50399,55.99
262724,9.99
153943,59.95
204411,30.25
146188,44.24
191829,3.975
56023,5.18
174908,27.135
137041,24.99
249756,24.9
210472,5.56
241444,4.875
47250,37.27
45815,7.34
82575,5.39
56706,54.015
174853,4.63
23433,35.99
168353,7.56
77596,45.975
74097,22.89
149981,27.61
289878,8.61
251504,26.49
61231,81.41
97870,16.19
13346,52.0
292839,3.72
265201,42.03
109691,16.18
4480,22.95
189247,10.68
117103,84.99
122736,28.345
117986,3.99
184650,3.655
71167,39.99
134694,14.99
54030,12.95
271220,16.99
100224,20.99
106293,7.640000000000001
232189,1.36
32145,6.4
100735,7.99
71234,53.335
227064,8.61
223325,24.99
211255,7.99
17327,4.29
130244,9.54
152585,10.99
93451,85.99
57259,38.98
9122,8.99
186932,6.19
119685,44.11
193630,9.54
141809,43.21
88004,3.29
145294,26.09
2999,12.88
84158,9.99
265676,38.99
248541,5.42
195088,49.99
103902,404.47
75166,12.14
900,23.89
6921,16.11
261264,12.99
21146,28.95
228613,10.99
91809,23.99
115832,13.99
59656,11.99
210576,2.5
69763,37.99
253102,5.59
269814,42.44
232253,73.27
232443,4.69
178219,13.49
147144,13.95
104024,10.99
37157,2.835
6899,35.99
260139,5.885
206970,2.36
268467,2.59
221399,7.25
50787,24.41
63115,49.99
101677,32.455
212760,34.88
96834,10.69
269479,49.99
197918,24.67
169211,0.99
139609,59.41
74461,22.9
271852,17.28
10463,17.99
124162,6.48
134566,1.48
23605,14.99
104892,2.69
50556,19.39
144808,75.76
143524,17.99
130961,13.335
86593,36.99
10766,69.0
33145,4.68
156831,181.68
23528,10.99
57214,17.99
72082,17.95
232452,17.99
131422,33.97
127629,6.9350000000000005
202352,19.99
288339,10.07
245313,14.98
224159,5.19
34892,3.64
61440,39.83
134852,9.98
131820,8.99
75905,19.44
240072,5.54
247801,26.98
107926,29.055
212402,31.28
289120,42.54
140322,2.0
285188,19.84
39291,7.1850000000000005
183140,41.025000000000006
91094,31.99
104780,27.42
244779,19.99
187737,25.82
13952,16.88
218100,3.58
115392,24.95
273781,1.5
129093,9.565
108925,39.98
280796,8.0
232558,29.99
14117,2.49
106510,1.98
117745,5.46
38663,7.49
266454,13.99
299009,5.43
149505,30.98
31125,48.99
254947,15.99
255610,5.99
69080,130.1
104408,2.845
275268,11.59
280731,1.24
88036,5.98
17612,5.925
260861,37.69
276093,2.315
255582,17.99
73317,39.99
235665,16.71
40481,21.2
194332,1.39
164321,2.2
86735,48.81
18999,18.78
27096,3.59
156486,2.62
100326,44.94
240239,47.48
136499,32.99
120949,38.2
158003,6.48
237912,2.84
167368,6.575
35715,6.18
157144,11.88
103471,4.79
227143,49.86
66383,39.98
185908,4.19
57917,17.97
76727,4.49
150491,4.63
74966,2.59
276865,8.99
111521,6.72
115892,3.685
289018,22.19
1370,29.41
36016,36.62
285128,5.985
237759,25.59
272172,64.99
64952,28.99
276388,31.74
141702,11.95
148763,15.32
88142,19.48
215693,18.63
19203,16.82
154462,37.25
138746,12.99
122675,2.49
65057,5.885
251633,11.9
228610,32.24
197351,5.99
238904,29.98
85551,2.99
202096,8.99
214812,54.99
102427,22.22
146639,20.68
297245,11.9
193974,7.65
137517,2.49
285551,2.455
74817,9.97
100199,16.29
188071,47.99
295038,28.95
71830,44.825
7627,19.9
230753,12.5
140117,67.99
292105,26.5
225252,3.48
264363,44.99
153980,1.99
158159,10.4
171587,4.68
50346,14.99
143448,35.99
13434,14.98
22318,22.99
112215,24.99
20814,72.93
73569,53.83
271358,10.74
231874,7.59
239960,257.45000000000005
63991,4.3
39383,10.98
94875,7.97
90546,94.1
146179,3.925
31910,24.395
242762,5.98
202167,34.99
176901,31.94
240720,21.235
191229,35.735
210688,109.98
166432,5.875
41227,24.9
72462,21.47
50886,14.99
61283,5.82
61219,21.76
50047,26.7
208148,43.49
113749,1.88
44426,14.12
20028,50.19
53146,8.0
16855,93.78
50351,29.99
228066,28.44
234211,5.12
239921,8.385
245815,13.64
243197,13.99
119080,43.99
128548,29.345
110351,20.96
247194,186.5
261759,28.99
267734,18.035
6689,4.885
124995,10.92
201985,18.95
165220,11.4
132207,4.69
85883,9.12
147223,38.99
105860,11.99
80285,12.985
20857,78.86
131931,9.99
12982,24.86
241740,120.23
175135,7.975
120466,39.95
203870,34.99
299153,4.19
238967,59.99
223934,31.99
70901,13.34
46442,18.62
103341,1.99
225224,10.86
217162,22.85
172478,14.99
37688,7.98
257957,17.99
82027,9.99
130408,10.0
64860,32.99
216274,32.99
20496,20.62
246454,13.79
225484,14.89
277156,2.06
189830,21.5
224710,14.99
263979,20.27
171831,15.99
253971,36.58
265690,21.215
238575,15.445
261182,51.4
166944,9.035
176613,2.69
158521,10.79
269535,8.89
283662,3.39
107827,22.99
286596,15.5
201972,21.99
114189,5.59
30709,29.99
208528,319.98
30334,4.49
203115,34.445
26945,9.49
267545,32.99
119102,26.99
64158,13.49
44651,19.99
151363,17.665
17652,5.48
171927,4.79
270503,86.13
165003,6.99
180180,8.87
562,21.0
188435,16.745
151480,88.6
117293,4.4350000000000005
8705,53.99
181245,23.82
28322,6.39
65473,13.99
189708,94.77
246280,11.99
223782,5.735
101305,242.98
46878,22.26
55752,12.54
255586,22.26
25985,8.99
287618,2.99
185463,7.29
260170,17.634999999999998
162710,11.085
102015,10.935
2153,50.1
147819,50.58
206190,15.375
275518,6.49
49403,38.89
231403,47.5
259567,44.99
61863,16.91
226582,32.99
282314,11.99
193299,16.02
282659,199.0
270868,53.99
23709,14.575
286402,6.29
194322,5.87
115001,13.0
213923,9.12
10109,75.98
209104,29.99
54730,26.2
164419,11.905
89516,3.765
226836,4.49
177925,44.97
203677,7.97
228107,14.99
57447,18.98
102322,55.89
245806,24.99
223343,54.59
212391,9.94
117694,4.19
72352,41.95
235143,146.45
107666,29.27
236048,921.5
77531,9.6
189358,16.494999999999997
291923,49.95
51330,14.99
253793,8.49
146697,97.46
107640,29.27
40630,4.76
275864,4.44
119400,6.24
156993,118.35
165181,22.55
230075,2.33
46231,36.5
118543,25.67
115402,22.44
130989,69.01
200980,6.99
282610,8.99
220307,16.99
190053,13.44
4506,6.81
273234,45.19
260145,20.68
51200,2.775
231148,14.7
161868,85.02
208720,52.99
191482,11.49
77890,19.41
282614,3.98
188285,30.92
181139,18.95
239699,15.49
201759,10.99
272198,5.9
164554,31.49
287500,4.73
257573,19.9
158860,4.74
159724,1.485
67708,39.99
116794,9.49
66662,31.99
195778,39.27
281690,1.875
223976,2.59
176043,4.19
105623,2.85
106631,9.99
22404,6.815
6057,5.49
194646,29.99
6164,33.99
193411,8.47
26229,41.14
282551,44.92
207335,9.74
21664,17.99
274922,11.99
190227,19.99
288457,12.92
136162,9.98
53715,6.49
26807,8.594999999999999
8440,3.41
124178,3.67
239473,3.785
186731,6.94
268167,4.99
81175,51.15
207732,22.95
65727,9.75
196705,11.59
220766,15.315
50452,71.0
128569,63.345
231996,20.53
95845,11.29
288862,4.29
146116,46.64
36101,5.79
205733,20.6
173644,11.575
89209,82.99
292637,59.99
136133,7.64
234103,13.63
105505,3.735
1405,45.27
59564,15.49
166157,98.82
240375,18.99
281934,3.57
283030,10.04
194660,7.49
86757,1.68
235908,24.99
65010,16.99
211165,20.89
171439,1.065
225248,2.635
20212,37.63
203843,17.99
161217,55.84
17854,22.93
191358,15.875
18116,37.63
79742,8.99
273678,5.32
40228,10.515
292693,4.28
4822,15.3
285026,5.39
125405,4.485
68003,7.285
12329,31.77
106798,3.99
227798,42.99
276906,11.485
265525,15.99
122877,49.99
274927,9.245
232272,2.29
1429,4.69
294658,17.95
108854,8.99
295928,11.675
48957,3.99
30403,20.79
60806,61.99
122728,7.41
187626,9.32
274066,38.0
15107,5.59
4964,25.945
125316,11.49
202297,5.905
271076,3.49
229137,7.88
154077,4.654999999999999
107292,7.99
284854,5.57
263907,19.54
29542,89.99
238433,61.37
189524,26.38
210208,149.0
227455,138.62
238756,24.99
273359,13.32
7426,3.0
188979,28.99
287493,46.99
54563,18.99
197243,4.49
277914,4.485
169647,3.18
156320,10.99
8365,14.5
170258,15.89
192224,15.08
52787,116.44
237929,69.99
290054,9.89
280417,3.79
173400,5.3
214803,19.99
79301,21.29
250750,26.76
109981,16.95
79240,5.890000000000001
143263,9.035
12916,7.735
231762,39.99
258535,8.56
197501,35.99
10343,24.495
130213,52.47
240217,48.49
276399,7.48
108294,29.33
225406,22.52
48610,4.495
159541,15.29
259355,25.36
224570,21.81
243922,16.99
214594,4.18
278558,14.95
24251,13.5
18832,64.31
102503,5.97
24187,4.99
261885,16.91
275969,3.05
141850,33.04
284620,16.65
111808,30.89
168898,21.51
219920,29.95
203238,97.6
105882,107.08
79136,10.24
149158,14.99
212982,4.43
50793,27.49
105242,13.99
23743,56.605
63559,14.16
84802,5.73
86281,1.0
182555,15.39
168064,24.99
133938,8.8
50205,5.085
55893,1.39
127189,7.69
280556,14.99
134674,17.99
107303,63.84
90308,4.39
176597,4.98
3330,24.435
147060,67.78
129234,37.8
250008,15.99
49016,9.44
8172,10.49
19712,44.85
224139,4.78
91129,56.47
80721,173.59
128252,3.63
269696,42.54
133570,9.5
118080,67.35
296842,4.6
100323,23.99
127912,23.99
137155,12.99
259240,5.29
136625,16.985
124210,9.79
234031,23.8
151349,33.83
30085,71.76
193770,10.535
242516,13.99
82369,7.34
101108,7.23
36935,12.95
173976,0.45
288761,20.0
25798,84.94
164488,14.89
117660,9.35
86736,70.06
122747,8.219999999999999
124179,3.89
33455,56.14
105902,18.0
210916,8.64
131391,7.99
167063,5.68
255970,13.93
295318,20.42
74401,94.97
131810,68.28999999999999
292489,7.74
285341,3.4400000000000004
75694,7.575
40261,23.4
164088,104.99
225770,12.96
94863,6.99
89593,6.755
111223,14.95
84625,12.68
157538,180.58
264769,16.99
129281,2.69
29965,8.545
160970,2.605
118195,9.7
76588,15.65
170215,2.44
21813,40.49
216870,3.74
240261,14.99
273223,28.49
72208,5.99
121989,47.88
141671,11.98
296926,4.725
152294,46.51
190119,1.34
206183,1.99
22640,12.94
13841,34.85
14241,5.85
285588,4.9
229961,32.22
20500,21.34
17729,52.34
100412,9.95
156417,10.015
59372,3.475
191597,33.8
126165,9.98
269063,7.34
249144,11.455
211410,52.99
109696,8.59
163615,1.99
24750,14.99
264705,34.99
74663,8.99
167330,6.88
72954,68.99
229607,11.99
208723,14.99
171956,1.88
209817,13.5
108458,19.99
207764,22.99
180503,37.39
7677,2.48
294363,8.395
6313,11.66
263576,26.47
58180,31.745
269722,6.84
19579,36.06
120793,6.49
92072,51.31
112226,3.12
108652,11.99
194608,9.29
216192,20.95
187438,23.49
30233,49.21
278408,19.99
166975,28.99
210547,4.98
58287,9.3
293258,8.815
30857,9.88
192545,10.99
206632,19.99
259800,6.49
28254,1.58
135132,21.95
8006,38.98
85485,59.03
86950,7.27
65061,26.99
153467,126.01
238769,11.26
6616,72.99
171672,31.545
67282,71.94
15333,71.99
86835,18.45
156028,13.28
169075,7.29
157297,105.55
275018,9.17
155070,14.489999999999998
140384,14.24
32525,6.49
220803,69.96
280593,23.62
150180,14.625
192018,2.495
78438,9.59
15537,29.98
182483,4.1850000000000005
158517,21.35
212452,11.49
20629,5.13
237587,69.99
292579,8.94
47492,6.59
209057,14.99
183295,71.67
105276,12.48
240462,27.99
102659,11.99
172140,33.99
106816,10.99
233643,144.59
33045,2.805
209917,11.18
55112,5.76
178188,52.49
64642,7.285
141676,15.99
286810,35.92
232364,38.16
24645,7.88
258185,29.95
270116,27.76
131814,16.99
160131,6.99
83389,11.2
4600,42.84
216043,148.98
34036,6.84
210375,8.09
8091,13.745
177403,36.99
130486,54.8
6536,13.99
10481,22.77
151044,10.4
131180,20.68
76924,6.74
195296,47.08
221574,9.99
102375,116.0
55844,33.98
256956,14.99
36769,0.96
293187,6.41
54192,39.165
23509,195.64
278211,3.99
289083,6.49
128277,6.83
290092,7.085000000000001
184353,10.95
67329,21.95
217066,34.8
60201,28.425
57055,58.99
175697,17.84
54630,50.08
190969,7.675000000000001
56916,10.0
58824,6.69
106445,29.94
288539,19.95
153170,29.99
176461,3.99
268418,34.7
297006,3.99
20201,93.46
48039,8.0
178639,5.84
254460,4.69
279803,29.8
151496,6.57
9360,22.0
252476,16.99
235541,49.99
79588,8.99
286711,8.325
64677,4.94
250258,19.695
250490,4.24
76283,21.155
271447,4.49
238333,17.64
186678,8.89
238807,77.95
220222,18.99
238413,16.99
65511,62.84
61619,19.95
65389,64.99
36611,7.99
84089,19.62
49465,10.485
180094,299.95
51455,29.69
41121,6.75
214659,2.0
31523,106.5
277158,1.59
41455,39.59
105535,47.58
230457,7.99
280981,7.96
51375,29.99
173238,6.38
265543,20.225
11471,15.62
164642,0.945
187764,14.09
199540,11.98
164992,39.93
170658,4.885
177107,112.93
240303,14.99
227132,2.0
146910,56.56
131859,10.77
247133,59.99
83883,17.14
260936,35.59
43094,6.49
64649,18.99
63857,27.98
26300,6.08
181050,14.99
6929,34.95
26420,14.92
181134,8.01
163084,12.24
35859,17.4
270953,51.99
48482,9.99
131628,29.99
135499,33.0
6976,49.95
285246,12.98
231149,4.98
263315,3.85
264880,23.99
269697,11.24
43420,1.89
35462,27.28
149623,12.99
82845,6.92
210090,4.73
291244,6.57
66311,63.48
4481,22.75
29982,11.02
114351,10.99
122926,5.5
279055,29.595
200984,15.98
182276,7.49
247622,6.92
188183,12.04
196448,34.81
107420,13.38
191894,40.92
154786,32.945
224642,19.65
106653,39.99
120888,16.99
87650,26.87
141853,6.39
158270,7.49
49486,7.890000000000001
291977,2.93
73412,2.58
51749,6.99
283084,32.79
178028,35.99
181277,7.735
50993,136.98
118946,7.7
273660,26.29
210369,5.945
151896,14.96
289533,5.46
228918,19.77
194561,92.495
291907,4.48
175247,4.99
73422,30.84
276012,8.89
197214,25.995
279356,15.085
108506,24.985
242387,20.345
82869,1.73
213581,16.99
122892,23.99
119154,17.39
121807,107.98
9394,3.965
85277,15.2
255429,40.98
11709,11.99
193625,7.73
253687,8.1
262817,39.71
13374,32.58
255312,10.99
71198,7.99
56674,2.42
111887,16.24
156095,25.98
268487,14.99
130631,4.99
49139,7.99
94228,24.95
152439,29.97
178004,28.21
90733,21.14
135544,39.99
12019,11.99
223973,12.99
225089,7.29
121398,24.31
112582,6.49
64553,12.99
175360,5.745
234110,24.98
122643,28.2
98997,8.93
36082,4.3100000000000005
266015,34.74
220123,60.0
135413,1.29
297784,28.99
131125,5.11
37284,20.99
55627,25.88
171980,3.89
183185,8.69
157755,23.525
109298,31.96
214010,5.48
285236,8.99
172998,9.465
127534,14.98
123697,17.99
59774,43.49
185201,6.49
139802,5.59
149257,3.79
266918,6.75
100321,18.69
177986,7.1850000000000005
78266,20.0
52295,6.99
67094,20.62
107783,8.01
265774,3.2350000000000003
243750,19.99
148696,128.44
6375,16.99
157026,83.01
173169,32.03
268275,8.0
274968,6.69
107143,17.99
85429,14.99
80022,9.5
110587,9.97
29189,5.585
180581,7.64
237653,8.1
228213,13.08
8102,21.65
170175,1.49
24515,10.25
286483,0.435
188007,34.45
208290,65.335
161368,1.48
263597,6.12
274749,1.68
45855,6.279999999999999
107988,5.51
20052,54.27
262720,8.54
77464,4.44
244145,3.365
217471,10.96
69340,29.94
196659,52.32
251745,69.94999999999999
225384,16.72
224735,3.29
281475,5.09
148125,16.99
141819,28.95
253744,13.97
261371,29.31
60998,6.985
257866,8.99
122895,24.99
53602,6.99
189818,4.55
229625,23.77
118992,14.99
269234,11.99
261011,11.465
212002,118.4
69887,10.0
259262,34.49
208177,10.0
79457,3.99
52482,45.42
220840,7.88
34389,7.99
233521,132.81
94004,10.045000000000002
24383,55.695
220873,38.99
295734,9.84
295082,1.79
202486,85.5
131621,29.95
199977,8.99
85123,6.59
50169,37.99
200799,15.495
250276,21.29
110535,12.705
70747,21.99
194877,4.03
186640,5.49
170512,15.98
49423,1.9
47654,22.18
290527,2.99
101414,225.98
8762,26.39
133868,13.95
263062,89.5
285059,2.5
41120,26.5
198169,60.37
292535,5.975
257769,2.035
178166,8.98
125445,17.45
162212,5.59
83656,6.209999999999999
185210,10.435
225618,1.22
120358,70.99
160550,13.85
74716,11.87
149164,9.38
181327,11.69
77958,4.66
250031,4.46
55803,44.96
113611,5.59
92834,25.79
89953,2.785
89107,13.98
208034,20.3
33989,2.98
3694,2.49
25107,10.5
59005,43.61
8747,17.99
109928,9.46
232177,48.49
56593,40.42
240895,169.0
111734,3.63
134899,40.99
13537,13.06
105572,3.98
121613,19.145
257253,81.76
103123,10.79
86201,20.71
91663,4.18
186079,18.95
5132,20.68
49552,7.37
205822,6.29
12514,69.95
138686,37.0
195843,31.48
279419,32.99
153219,22.03
257945,11.99
126742,5.99
4076,42.11
147463,10.0
272583,11.44
129225,44.99
20020,72.93
166532,8.49
273222,67.59
196081,83.99
78230,13.49
96272,29.85
212190,79.35
54469,6.9
36238,4.69
83450,20.245
116493,2.49
83126,4.79
90917,3.79
17634,23.5
237654,21.06
107047,3.085
208743,5.98
37250,3.99
156085,4.79
161241,102.48
26406,11.49
198787,24.32
69342,26.99
113281,12.97
279940,2.48
201693,42.99
156533,5.495
188987,4.81
220898,18.99
119311,29.28
150849,14.645
113560,15.45
278290,15.765
164531,12.94
113643,4.99
182427,10.99
219912,11.49
214631,5.38
263151,193.96
249549,2.2
83161,8.940000000000001
71133,38.99
170601,38.07
192409,9.25
38156,9.14
40678,26.18
7892,35.99
270995,11.29
101554,6.234999999999999
100677,4.29
60778,5.99
129477,214.98
160272,2.29
202895,2.48
50419,17.99
189574,7.95
16990,7.09
225911,43.44
37000,1.67
116720,35.99
157145,151.41
161266,95.47
18222,23.36
125716,26.99
77551,3.12
70932,1.505
33854,43.67
125249,107.4
279843,89.34
196132,67.05
211188,55.455
92780,4.925
53550,2.74
128669,143.08
26930,9.99
266458,12.49
12831,29.99
180748,142.0
161115,30.18
222652,29.5
104398,26.195
83809,31.98
171356,2.805
208503,319.98
231206,2.495
290352,9.955
38,3.89
297355,27.97
195875,48.62
105483,5.98
234834,6.945
135400,3.89
42895,11.595
89595,4.99
295714,9.99
177296,30.96
171260,2.07
185795,7.2
128274,2.49
191637,25.99
147030,56.56
222056,21.56
278163,29.99
228725,51.735
113422,5.98
251725,4.95
23926,18.45
237532,5.48
40219,7.99
283924,26.87
44540,12.99
42707,19.97
163400,4.545
150797,2.29
51334,12.99
190046,13.99
108216,4.32
295756,3.99
291793,109.99
276840,14.99
217340,3.69
47277,2.48
281430,14.9
173168,99.74
144821,10.535
242050,22.78
131775,14.96
171987,248.93
197923,28.09
17304,20.95
87321,44.39
270449,29.99
279828,13.24
102277,58.1
36307,31.520000000000003
14187,17.0
204505,12.99
203797,11.71
239581,15.99
221619,7.64
238363,32.92
266885,4.39
295947,9.59
175649,8.45
259312,13.8
33808,26.99
217525,13.49
272666,3.52
137600,13.79
267129,12.21
139200,14.96
243745,54.99
175525,1.39
197932,18.99
242619,5.49
27384,5.47
243997,19.03
66431,16.99
28132,0.98
149101,11.95
294399,10.25
166859,8.79
67925,6.99
225708,15.745
202515,10.99
174819,22.49
18040,72.93
297853,5.35
61017,39.99
57604,5.99
204668,13.99
268891,2.91
266951,23.99
141207,24.175
116165,5.49
74507,7.735
233058,45.25
127324,1.0
136655,6.12
254344,10.0
227392,18.28
203338,20.75
207897,19.2
20534,12.0
127071,34.99
75600,8.475
298727,17.46
630,3.31
210654,1.99
225478,9.29
273666,13.99
67634,11.995
151289,40.91
175022,23.0
146739,59.2
120018,13.99
34953,17.74
64554,2.59
78317,5.99
278941,25.28
77590,14.17
104345,32.41
167560,21.91
229624,21.99
170177,12.99
66861,33.99
37671,6.27
70384,49.99
31040,21.23
270987,68.495
35449,10.98
220567,2.18
10242,1.94
229427,16.25
206159,7.99
231878,7.89
119663,3.685
222475,24.68
146799,86.43
93707,18.0
272055,3.29
197261,29.76
21063,54.69
179731,16.37
206701,5.2
170890,15.85
269060,7.83
263487,3.57
2579,55.93
257088,12.375
212050,13.75
7779,20.695
3299,67.6
281502,16.95
276898,5.58
193561,17.0
288986,2.79
205746,8.75
28650,5.345000000000001
177009,12.985
174653,58.66
249855,18.91
268548,8.985
146186,28.48
46439,3.89
264212,3.375
149887,15.99
293670,9.4
68372,49.99
287084,14.14
115537,25.99
285770,28.99
226169,25.99
38562,4.99
29448,29.94
19093,14.18
150659,3.98
294900,5.0
147067,34.5
65793,24.02
203784,12.99
170250,35.79
44081,4.565
80424,105.99
210195,14.99
101913,7.99
170908,8.25
280906,12.1
127538,8.99
203795,25.44
186558,26.505000000000003
219845,112.97
116618,31.65
34536,13.989999999999998
119470,20.95
135735,24.27
32578,9.0
263034,9.12
105756,1.38
127523,3.39
116510,19.99
223956,9.99
137984,19.95
102604,14.24
39092,7.74
79666,14.99
196819,25.495
154372,3.69
123718,14.22
187120,11.37
203581,10.87
277716,68.9
59245,14.09
4659,3.595
20685,93.46
222599,14.55
154657,5.47
192784,30.3
158452,2.93
186173,1.87
25780,1.99
238800,43.49
255288,8.68
184411,10.245
7141,22.075
182573,47.01
155156,13.46
229572,8.14
26314,9.48
73299,139.99
226357,4.49
72904,6.28
249350,97.56
291106,8.274999999999999
124515,18.0
67993,2.29
96104,3.615
61641,9.99
131035,5.09
136167,9.16
291142,6.49
43590,0.66
292194,7.99
75020,38.98
44756,81.29
206700,2.39
123433,24.36
22713,19.99
190946,84.8
150058,8.49
68681,59.99
283598,1.48
21920,3.49
198907,3.49
125548,5.99
34567,33.96
6019,13.88
41612,18.715
207554,34.98
61049,20.54
222061,25.32
243751,11.63
273422,4.890000000000001
4339,12.535
198176,13.48
52481,3.69
281496,6.3100000000000005
34238,26.7
92243,303.12
57897,23.99
295725,6.68
40545,24.99
274635,17.98
174987,14.9
142473,39.71
24385,8.705
78026,2.78
233944,39.95
119766,8.79
47559,1.47
226724,15.95
63963,19.99
57800,41.85
280210,36.9
261308,9.25
95818,14.24
184015,2.745
252337,16.95
203131,21.48
198189,5.49
1099,7.99
155442,1.11
57075,69.99
21407,9.99
94781,7.69
264151,28.99
52380,1.84
136113,7.99
229944,6.9
230971,19.98
278571,22.68
53856,9.98
138263,6.44
292228,9.73
24925,10.125
236691,42.035
38699,7.439999999999999
189405,54.98
156929,139.38
142183,86.02
297378,5.99
187099,40.3
20675,52.41
100568,22.5
21772,15.395
115109,16.48
154048,2.64
263100,108.28
261568,1.84
120614,11.75
83155,26.58
106335,22.78
276303,3.42
118855,18.49
77726,17.72
29915,8.735
38095,51.17
98459,41.41
133677,11.57
255166,154.52
11263,7.97
63408,2.49
232915,35.99
93121,7.59
100739,7.84
16190,4.69
81564,13.96
184244,7.58
109055,29.97
35854,0.88
288792,14.98
295589,1.79
125260,7.47
148814,128.44
112281,20.65
225896,15.36
296336,36.95
154152,62.46
211910,6.9
25572,83.35
250646,9.99
264202,3.26
248345,26.96
159495,12.25
137798,14.83
117976,15.85
95549,107.97
283073,24.96
56322,11.83
78989,9.39
85732,4.39
205353,9.66
258041,74.98
179296,19.99
134933,110.0
141889,7.99
61447,159.73
148128,12.78
42339,8.97
84808,10.0
8773,15.99
130443,40.99
4148,117.49
21705,5.99
117509,5.390000000000001
3621,51.5
292254,4.49
240590,10.99
142028,30.98
288336,11.255
16886,7.99
157220,146.45
6956,16.98
44621,16.785
3109,24.99
48464,70.16
154031,6.49
190253,33.99
39245,122.23
34420,6.96
261449,6.145
101307,8.705
66518,14.165
68294,87.0
75814,5.19
209001,12.99
86420,13.99
211825,34.95
9458,69.95
230802,17.99
127697,22.95
215686,27.69
204242,19.28
247727,5.29
93731,1.74
296684,11.97
211572,21.93
118608,17.55
3719,17.96
67520,26.09
102942,89.37
259078,10.14
106768,15.99
75996,49.06
36751,2.69
152851,6.81
231909,9.79
226981,14.95
239484,4.32
157052,10.89
31333,22.49
277345,7.97
284525,3.79
196987,32.95
114320,19.99
185819,8.12
87444,17.36
79713,3.69
234338,39.99
245868,18.99
132836,9.99
4416,46.95
213490,14.95
242939,6.13
127143,31.875
55484,1.57
97979,7.49
131,7.98
219745,1.15
240221,23.95
67313,38.98
35474,43.99
238070,38.95
154651,125.66
86962,8.99
109664,14.99
112444,48.66
8811,1.11
264681,19.15
138341,17.5
290772,28.1
52530,38.99
15484,60.445
243647,6.98
124267,19.99
123841,4.83
11033,2.19
263219,18.99
265418,6.2
47824,8.6
225194,14.99
257378,3.75
48858,4.855
97034,4.82
253167,25.14
132697,12.275
63638,40.28
225367,5.285
92606,10.69
179191,9.43
188737,39.99
276749,3.12
172141,2.98
162801,58.44
257728,2.69
85274,5.59
6452,38.52
238741,29.98
182348,18.99
282321,12.22
230830,3.4450000000000003
136586,10.19
191658,7.58
217571,36.5
260318,48.99
260537,5.99
71701,47.38
171089,8.99
212424,6.6850000000000005
49971,50.71
89573,23.24
243385,7.98
150579,6.1
119182,5.99
271906,4.49
7695,8.08
160831,3.575
255926,59.98
99394,58.99
149602,50.58
19523,64.31
226703,5.99
132410,14.97
233176,19.99
187847,9.99
118598,13.815
175561,2.29
296788,2.09
188027,5.44
144766,2.22
111494,27.98
86607,19.0
145975,34.5
35475,26.8
105973,127.07
210762,21.71
254895,42.66
51288,20.07
64576,14.79
101874,9.38
244417,11.39
185891,11.82
20687,72.93
20412,69.99
17557,4.98
5775,50.39
287260,3.29
58231,6.0
33092,3.12
24706,131.91
84771,9.99
254993,7.96
171697,5.29
173504,3.38
13908,28.0
78307,6.04
178134,26.99
247926,48.99
159633,2.94
268343,2.385
94006,5.69
56377,9.78
297229,2.075
132175,16.95
130409,12.745
138722,3.79
244813,47.48
271892,6.39
94443,38.75
27363,2.885
284952,3.045
147185,3.99
31467,2.78
281873,7.77
77150,3.57
226852,7.99
132621,27.785
167804,8.24
195892,67.99
133871,20.02
120474,6.89
34665,10.7
104963,27.94
133643,104.16
104862,15.99
218170,5.995
97986,12.99
147036,57.7
139071,118.92
14900,7.575
284750,50.0
258668,15.95
55793,5.49
181015,18.99
295401,1.5
147886,128.44
289168,9.69
85032,8.84
273144,21.99
219281,5.13
250142,11.61
44141,2.505
14745,19.99
218495,8.79
247796,11.45
70406,3.74
253366,24.99
237371,21.84
211636,145.97
165768,3.29
61593,14.99
219928,79.95
152381,58.31
99763,12.99
291597,6.99
63143,9.99
192441,16.82
28749,7.29
259882,38.18
65321,0.99
280797,4.99
76293,10.0
289970,15.47
231474,17.99
257038,7.02
38160,52.59
236155,17.99
88010,9.99
101362,44.11
108510,18.645
167946,1.96
259997,9.98
95292,43.13
138575,7.055
14092,12.97
218987,0.55
272365,17.39
236542,22.99
140408,5.59
139641,12.295
19282,14.95
183853,5.46
106047,19.99
51886,23.99
296514,29.98
141125,3.39
178519,9.49
52538,29.2
279562,23.75
207475,3.99
30333,24.475
294842,3.12
162096,11.7
167629,8.49
44115,5.69
200521,35.0
43411,1.32
219836,1.79
101217,23.52
284495,2.86
97422,5.635
229520,6.72
25166,58.94
166878,4.99
104807,9.97
161746,77.0
285074,6.59
264324,10.49
21383,9.525
185816,8.43
157809,4.045
264226,13.48
174010,2.56
120203,30.96
196534,82.37
209839,21.99
215743,16.99
27253,26.39
34861,9.99
172898,1.48
217359,10.29
283272,6.34
200683,85.99
69610,23.89
226891,6.44
260143,6.324999999999999
52836,6.695
201616,38.42
216507,56.99
204791,12.99
208895,3.76
53992,14.99
106128,32.64
112080,8.91
268547,8.49
46362,35.735
143786,80.86
18633,7.58
153566,16.45
135228,36.99
40726,32.99
113237,17.869999999999997
42136,8.06
57857,5.49
60031,26.99
261836,5.49
274384,1.69
155411,7.47
257628,3.49
38792,17.09
93851,11.83
10072,20.49
234752,7.24
191806,2.98
204277,13.64
203883,25.95
224360,14.364999999999998
15829,11.0
273671,28.52
44771,7.67
110460,3.5
150617,3.29
22059,38.67
270328,43.4
36449,19.395
257666,5.99
111662,12.405
155201,9.37
262055,8.39
22182,15.74
238670,89.0
72787,238.95
136907,6.49
16243,9.99
126973,17.95
51321,47.99
292643,107.86
160838,5.75
107094,6.59
17918,19.6
176916,7.735
197412,18.9
283503,2.99
271961,32.98
131347,12.95
95226,9.99
102958,11.6
95315,173.515
131622,21.19
238933,3.0
296517,11.19
123232,16.82
124325,36.295
168758,5.6
84858,7.79
272637,84.84
149648,166.25
215224,59.98
268611,21.99
44761,84.83
109480,15.489999999999998
83193,6.99
68006,151.5
46648,18.95
54509,20.94
105816,27.99
68279,8.99
182657,116.34
297671,25.91
58520,14.99
204722,4.295
142204,34.5
252031,13.19
298379,21.41
133798,8.16
65092,7.99
71573,28.88
209024,55.99
138479,30.515
250191,11.7
111448,7.24
223767,10.8
145569,26.09
124278,125.18
110387,33.99
58094,34.99
219291,5.29
21748,17.99
160289,11.8
186044,14.485
137972,14.95
2060,52.61
282162,7.99
502,18.65
252738,1.44
210696,56.98
256064,14.99
42308,22.5
263139,115.47
125797,24.62
51307,1.0
277039,9.08
172581,55.49
135151,32.34
72633,5.99
130669,13.5
286243,68.77
218596,19.05
293891,8.935
265743,3.455
200373,1.98
18901,33.5
207255,49.99
298197,3.28
79685,6.49
235423,55.88
60902,10.0
74500,19.5
132234,7.87
172155,5.2
155114,32.99
250782,14.99
104764,17.68
59469,18.985
268253,79.98
57463,12.99
39969,2.58
289915,23.92
164548,4.96
265101,7.05
298712,4.66
269832,23.99
257840,2.99
265630,3.52
18701,28.905
49676,14.49
278275,6.945
232785,52.42
46007,2.29
54572,15.99
204336,16.99
8803,28.8
260319,15.98
120571,2.79
10999,35.98
278083,14.64
163547,4.56
226622,17.95
21934,10.99
126536,6.98
100579,8.695
121030,9.99
210328,8.75
85538,1.94
265259,2.935
143886,51.54
94177,31.99
256127,11.14
177421,9.995
180679,13.65
10022,14.16
56846,12.45
268307,31.14
203511,7.23
207463,89.98
235936,30.99
40026,3.5
288315,4.815
130201,39.99
288429,37.795
105498,7.59
217562,23.99
94355,11.06
230285,9.99
83900,143.82
204101,14.99
69552,1.2
245669,5.5
173541,3.19
58361,8.99
81640,7.48
59338,17.5
2611,35.47
204497,7.41
288270,1.99
96293,43.345
142422,83.74
235266,27.86
242764,2.585
104461,11.7
53779,23.26
239936,10.0
209467,10.99
259815,6.66
261375,14.98
92572,8.99
202121,14.13
25129,4.485
78373,9.99
255155,14.0
255263,13.07
92499,14.045000000000002
122858,57.11
132549,10.99
238352,2.49
196248,37.19
291517,145.09
81302,4.29
87286,8.43
13363,5.97
276190,3.12
12909,55.85
107253,7.5
47757,11.28
170060,26.22
83310,1.87
228258,9.99
844,3.56
158260,14.2
235643,13.99
66592,1.44
203772,5.39
159125,7.98
226336,22.18
103377,9.98
173430,92.72
126006,7.95
55074,9.915
75602,6.145
238888,23.62
24974,14.99
93166,5.99
156927,111.05
25502,81.18
92509,39.95
150280,25.74
101087,15.99
294953,3.78
245568,4.99
175142,3.79
275668,2.86
39507,4.34
227061,22.99
66154,12.0
118837,29.025
141075,8.45
271504,37.94
145110,51.54
131196,9.81
53635,24.99
131831,15.0
200888,14.75
103783,14.88
89514,4.99
165080,10.99
28050,1.0
166965,3.355
63946,32.29
53199,12.99
65630,22.55
73983,28.99
161965,1.59
283842,10.0
155381,22.235
283075,38.44
196308,42.42
131957,24.95
142165,16.77
173704,3.42
38371,3.29
27055,6.29
41469,17.14
274060,1.25
48540,5.49
126582,59.905
135618,6.8
93305,2.03
286527,4.385
249533,5.09
63136,18.49
117706,4.140000000000001
205811,14.75
161125,33.8
5336,72.8
281717,1.49
263624,2.89
294194,17.985
192518,40.25
64586,12.03
148777,39.71
27056,3.52
70139,2.45
83250,6.39
141713,12.405
204570,17.95
62134,23.99
109134,10.99
135438,27.19
112031,24.99
172386,69.47
229523,19.99
194480,116.65
96874,22.54
63700,31.99
266772,6.095000000000001
5776,89.55
14712,13.99
189025,4.535
117775,64.5
254432,32.99
78581,16.085
111136,6.485
19943,37.63
250643,11.49
5950,36.145
165711,26.48
142864,17.97
158286,37.875
169046,2.17
175694,7.585
283721,6.99
282211,4.87
254,1.28
249158,118.98
177419,29.99
246462,9.99
7214,28.685
156247,4.55
45935,2.9850000000000003
57261,18.93
140817,79.98
203025,12.99
106414,18.26
119041,8.26
126754,1.74
253391,2.385
33046,11.69
263763,3.37
197153,4.19
7256,59.99
132554,27.99
222250,17.98
292812,1.28
131481,29.99
31992,12.99
202080,17.49
119858,5.7
237533,4.99
193083,8.125
217528,1.47
233737,3.3550000000000004
58828,18.69
114950,16.99
17440,21.99
124508,19.99
114983,26.29
2660,24.42
99579,15.79
294560,13.6
1474,38.54
244461,11.86
120048,4.39
104342,15.99
103498,20.99
295,45.99
23237,21.6
102680,6.99
156157,4.4350000000000005
193071,26.69
238158,34.99
240165,80.2
248200,9.63
53673,18.4
24144,5.99
234193,24.99
29609,7.93
226587,8.24
27851,2.69
263785,46.35
157237,109.16
112090,2.635
188546,8.275
82465,7.345
28265,96.99
137772,14.98
14114,2.79
77669,24.005000000000003
23712,9.21
284312,25.465
198637,49.69
284297,2.91
10848,47.59
60781,8.49
143150,22.98
54076,13.89
155229,22.99
239829,8.29
113943,2.15
292020,9.3
135845,1.84
147199,81.28
160314,3.79
171354,1.74
202525,22.99
10948,13.2
171367,7.235
56253,22.78
126661,3.49
49018,16.49
19026,26.14
226747,28.48
213584,8.28
66436,28.06
298556,2.135
176390,77.99
106490,11.98
99375,21.99
15594,28.475
21228,66.72
205752,1.425
7271,56.3
173321,0.37
38497,5.29
69172,16.545
278469,14.225
34479,34.99
61020,49.98
229149,21.49
60330,17.95
133771,3.29
86269,5.5
15991,35.73
145799,21.895
210635,33.0
75159,23.99
216038,60.42
266461,79.49
23675,49.64
113440,41.15
37061,20.85
142869,86.91
31767,11.97
34351,12.215
11707,49.55
108636,2.52
69019,10.09
141979,30.98
187548,12.075
47661,9.99
151537,56.95
158520,8.934999999999999
64903,11.99
70137,64.91
210382,48.0
98014,1.21
66355,29.99
185002,9.99
198877,10.8
198130,72.07
206677,5.01
262266,6.7
2110,45.27
222743,32.56
47884,2.44
151166,18.06
104498,25.375
25930,53.59
280507,35.489999999999995
29720,4.29
45187,9.79
141086,28.99
176384,6.875
138356,3.125
115908,9.095
241606,4.69
70224,100.45
132506,11.93
245876,5.49
274767,3.2350000000000003
27665,10.94
275539,3.99
264240,2.69
222841,39.24
41155,35.99
110229,46.47
120024,8.95
164636,1.215
161750,5.88
172208,34.49
107937,34.955
255363,4.64
283824,5.19
63298,28.48
272305,57.99
84167,7.45
198190,29.1
109986,11.54
231522,11.99
32381,14.739999999999998
180569,10.89
39667,1.28
119298,12.84
53108,14.99
40485,14.44
240871,80.74
227028,12.96
32886,1.25
68397,5.49
88817,24.94
249766,25.99
96596,61.125
165533,10.99
293535,6.49
287185,27.0
280498,58.99
129167,71.91
58130,27.81
262278,32.7
265944,33.745000000000005
97971,7.46
275336,14.41
75477,10.49
100830,17.99
269389,14.99
160646,21.99
155273,34.405
2129,50.1
24319,55.47
108404,32.85
253319,15.65
14215,34.67
67423,26.72
11100,11.97
222034,8.94
46527,1.82
200438,31.99
9341,38.575
317,12.855
62153,35.49
45408,5.16
106553,28.99
272937,4.68
174955,11.99
193193,2.48
165885,18.5
118850,14.85
124680,5.49
186006,78.53
151326,12.19
251998,6.34
228487,68.5
232574,6.99
228050,26.0
179305,30.49
81705,22.795
87802,3.49
118588,12.595
41676,57.74
252831,11.2
135654,12.39
292274,6.59
147117,138.28
136729,3.77
85013,8.99
183317,6.86
155872,7.845
126139,16.78
149429,4.39
48607,23.08
263418,14.99
8335,5.48
218179,14.99
232594,47.92
211722,48.99
9988,21.99
114752,65.17
234682,15.99
67115,59.99
248542,18.49
18573,34.63
100462,28.99
278005,3.99
118596,11.865
139364,1.92
273901,86.99
195908,43.13
232496,20.44
150258,5.98
10029,8.98
275061,19.99
139218,22.98
54440,14.95
269095,17.66
237568,6.62
204270,11.49
282846,3.49
134357,4.36
89069,4.75
67672,54.48
84219,38.49
25389,9.48
141469,5.99
26306,9.58
133066,5.49
210506,12.99
191913,5.66
33965,18.665
258693,27.99
113370,15.99
58713,97.0
23970,26.95
10276,3.99
131193,4.725
138750,12.19
121983,19.58
271287,3.29
190980,6.53
163185,9.62
254209,15.99
95043,8.98
292801,14.99
231486,5.21
268858,8.99
177061,16.965000000000003
213017,5.23
248559,18.49
270726,19.99
148787,52.6
16245,38.645
92545,11.64
107501,75.39
59894,20.31
20260,26.14
263984,8.385
159211,5.48
185017,6.995
45335,13.72
68417,10.53
11827,59.99
6450,5.0
196075,78.69
106651,31.99
107038,19.95
113130,16.99
95656,3.98
241218,10.995
65507,9.07
240640,0.99
183997,36.99
145598,46.89
225489,7.99
46290,9.83
10612,14.5
257540,14.99
72325,2.41
103829,17.49
67049,6.99
263150,258.72
246014,5.34
154645,35.95
39808,13.1
233181,6.49
192045,59.98
267565,9.4
104602,20.99
128213,3.99
52865,9.39
190878,19.17
42196,7.48
70987,30.05
294969,8.93
90784,7.69
29741,62.815
82524,2.09
184661,41.5
39902,11.9
165349,5.984999999999999
52180,21.74
3842,22.46
197951,6.91
285748,13.5
47235,23.59
262601,31.99
251229,2.96
278851,21.84
95171,4.79
216046,14.82
65130,14.09
297620,98.49
245370,4.29
107122,21.5
264620,2.99
239822,3.76
6034,29.99
271225,57.365
126912,31.48
83381,1.745
10646,4.18
126916,8.99
86797,38.99
266707,10.85
146827,38.54
218797,26.99
101549,25.97
230334,9.29
9378,4.12
62965,16.015
287370,5.38
41903,53.065
287576,5.04
173874,53.0
246663,13.49
1570,59.48
78885,3.43
62920,19.99
37072,9.2
111659,29.89
177563,78.67
144873,56.01
13445,14.95
29159,58.01
123040,2.19
206496,21.8
68220,10.605
175534,59.99
82670,6.335000000000001
176560,5.775
204919,8.28
103925,14.99
286199,1.79
252262,12.975
281693,1.74
198913,9.51
219869,154.99
25319,8.735
296726,9.66
6897,39.84
46088,5.609999999999999
286115,10.395
39535,5.365
58523,17.57
58205,8.26
44734,8.0
270069,2.97
217510,8.98
205883,3.23
939,108.28
255525,7.7
231524,12.98
19707,23.36
83930,42.31
91010,5.91
267425,10.0
192791,27.15
61810,37.57
8227,29.95
252723,19.99
162875,45.65
241162,18.49
155690,8.05
149262,50.76
237785,12.95
43092,32.15
257270,13.965
16444,26.98
169902,5.82
109709,34.375
1834,55.93
124540,5.01
124711,9.99
30395,11.489999999999998
202200,16.99
257861,5.74
85351,7.07
283857,24.49
105220,23.99
244905,24.99
16369,54.99
60813,17.31
237881,6.5
159259,9.54
191491,2.99
98646,6.6
284923,8.61
203579,16.0
209071,19.95
9144,6.99
160715,18.98
55971,19.745
251352,4.12
151162,25.45
239355,6.0
95312,23.825000000000003
22598,17.98
58924,20.91
55858,30.34
163559,3.99
278000,15.46
98847,9.98
18542,3.39
79643,5.39
133213,39.99
196510,68.42
224887,9.88
2058,42.74
22033,7.49
118230,181.08
29519,17.99
166724,3.83
268585,43.99
79106,10.52
99063,17.99
181128,1.89
202413,6.79
65533,15.95
73553,5.99
116401,14.95
267477,12.59
156375,1.98
183178,3.68
192281,10.9
277320,5.73
172952,6.99
53181,4.59
19914,19.6
228153,8.81
5445,29.41
292413,17.98
283357,3.72
16033,4.99
82207,7.28
253583,43.82
194710,16.99
283437,1.215
154090,3.72
163404,2.08
70419,64.49
167666,21.86
8859,41.99
128342,18.99
183259,5.19
26511,9.43
236882,19.36
215565,37.5
143010,7.685
2032,27.61
262666,44.99
42388,20.225
281913,5.29
182928,143.76
190919,2.975
129034,6.04
198615,27.5
19147,45.99
152745,2.64
162724,4.99
130681,119.99
258005,20.225
288884,6.99
17064,33.95
21376,2.79
228084,12.745
133240,10.38
206696,7.0
91323,3.63
274,7.99
60141,85.265
225782,4.79
96235,72.935
76941,2.69
81220,3.4400000000000004
27572,22.85
30527,23.79
81181,9.864999999999998
282808,1.66
36009,31.76
269899,27.075000000000003
155540,17.99
91157,27.65
128586,41.46
17454,11.22
245287,5.99
280393,39.99
299347,9.75
90610,2.99
180877,9.0
154838,39.99
127812,17.49
165050,1.49
164263,3.13
81543,5.79
32560,9.99
279314,35.0
154066,34.74
147822,52.61
205749,5.91
215312,33.24
297472,8.1
244400,9.33
189452,25.59
120215,5.965
101152,14.99
212279,106.25
76135,2.78
207200,47.99
156094,10.45
134980,7.890000000000001
2265,18.55
229031,8.95
80526,21.5
206920,29.99
138108,41.78
280223,116.325
31136,56.38
161107,2.67
74691,7.025
133577,16.95
214678,2.0
291672,19.46
88221,11.72
197320,1.96
124102,1.56
778,92.98
28420,5.98
204822,12.99
24785,7.07
17964,44.85
43639,19.99
47240,4.99
131875,13.49
66502,64.06
163926,19.315
256007,9.99
184596,19.99
202465,11.49
190020,4.99
283509,4.99
102470,9.99
14290,6.15
120552,8.055
177260,2.99
295890,10.535
115927,12.185
107016,4.63
213675,29.99
161371,142.85
219913,6.22
164243,10.395
194358,7.99
254349,24.49
84882,3.09
70616,11.185
88616,12.99
230010,20.19
243925,30.94
25084,8.82
198750,13.920000000000002
86954,24.65
108837,13.29
61752,12.75
232289,98.91
98125,44.36
186886,1.88
280989,8.93
59847,29.465
72094,10.99
77793,23.62
35698,4.26
69930,8.185
27543,5.0
68999,32.09
239580,5.0
2519,56.56
228079,17.99
228194,5.39
293374,31.785
298579,8.43
214311,5.49
266702,6.99
219301,20.55
155667,3.99
210949,28.72
272554,4.29
21386,69.99
38597,2.53
138668,18.99
75431,17.24
172907,2.56
34251,23.22
210188,23.93
251860,5.915
137029,10.99
277232,4.99
6095,14.89
243027,2.78
9866,27.3
133256,3.955
114942,31.05
234032,36.0
108221,9.59
30966,8.99
144275,86.02
1309,17.794999999999998
57877,33.81
227326,29.0
2633,56.01
101114,18.630000000000003
287152,16.99
289117,26.35
63148,39.48
153648,12.805
281036,8.99
110758,28.99
259969,2.74
131390,29.04
124443,96.83
247171,3.98
258402,16.515
276281,5.34
97263,3.97
263813,23.05
192925,7.58
51615,7.98
132840,10.49
30262,5.365
64877,9.305
173318,1.99
279930,35.0
255264,12.99
266280,21.99
148875,59.2
41151,9.22
43948,6.99
1715,56.01
172655,19.95
211223,17.99
12038,1.25
274125,2.715
78030,26.655
125579,8.99
150479,3.29
255357,18.49
149906,13.99
234388,26.5
207872,1.19
177104,3.24
148475,22.95
18757,46.93
207100,9.99
216171,10.01
181436,4.87
33347,10.595
104982,37.52
101395,30.64
210965,63.07
156196,9.245
184517,14.49
21111,54.27
160641,44.995000000000005
35819,3.99
279800,10.44
53061,28.49
51423,24.8
191193,60.605
283929,23.76
113445,26.71
131854,14.99
112940,15.99
235653,38.57
141625,15.74
181253,22.99
141988,54.27
113039,72.8
83968,3.395
189303,1.7
284432,5.99
138853,13.99
236763,16.52
268038,17.06
229518,29.99
169339,19.99
255526,2.79
151401,9.99
165079,15.99
200402,72.0
236738,22.42
251185,6.49
185822,9.41
163372,39.8
245714,10.995
263820,32.99
225893,43.95
140853,18.99
296361,6.19
89503,5.87
282481,2.245
5935,25.46
168103,4.285
56454,21.99
69198,1.16
268386,34.99
195091,10.585
64188,7.435
96498,7.49
200365,7.395
8311,9.99
91121,28.035
124525,7.834999999999999
124513,19.645
131162,3.97
40239,9.49
108504,3.945
26018,49.46
121168,7.97
75786,26.66
202405,13.99
191255,4.52
266506,13.59
215068,25.34
194002,19.99
64853,46.03
247764,8.8
275721,10.87
116829,19.89
60400,12.79
211023,16.98
243826,44.99
94907,1.69
242109,23.99
196249,53.87
221777,5.460000000000001
208340,8.09
160702,9.59
119483,3.215
135929,21.99
176842,22.65
16798,24.49
114913,32.49
240336,7.12
103110,2.5
97529,35.89
259117,58.0
143571,59.2
6683,8.95
4100,42.74
185785,21.97
278455,10.99
76849,2.79
195733,62.26
231526,49.99
12075,1.6800000000000002
133665,3.24
154637,7.99
44848,34.985
285893,79.55
180204,13.24
139413,16.21
3773,6.97
153713,7.64
237973,22.39
283750,2.59
262680,21.85
85860,5.49
103315,48.62
32129,5.97
280939,9.65
104236,3.115
242369,9.905
180064,7.57
120572,21.24
182722,6.24
157448,126.5
270083,9.99
46413,613.58
122025,9.99
31271,16.9
114311,5.0
226474,21.99
7881,20.64
180633,5.29
239105,17.0
20888,93.46
37251,21.36
279430,3.49
86712,43.6
42878,13.99
53510,22.99
130862,62.11
48368,4.48
69679,11.58
283649,6.76
172213,11.0
206188,134.99
135757,21.29
88935,22.99
121654,9.99
277056,5.19
29628,15.26
9983,13.9
65855,1.39
17617,22.19
116697,36.86
293186,5.49
57013,59.99
33100,7.99
68489,8.49
224039,40.24
189855,23.435
63956,4.99
62343,24.99
7854,3.16
6114,5.69
295012,2.055
233031,17.99
6972,3.98
61327,9.99
107309,65.77
221671,9.27
52554,70.29
225033,9.98
193618,61.61
182078,4.97
40854,19.12
77662,5.99
87935,21.99
224190,8.65
195764,66.09
17789,5.34
177052,43.99
207462,3.0
172405,23.85
103462,30.8
283489,4.97
35226,2.29
10705,18.39
285558,13.12
27355,27.98
270671,18.95
12407,48.33
220315,55.95
192036,47.99
41884,2.39
157817,4.58
268029,19.99
111142,3.99
279613,8.37
212926,13.99
164916,13.7
103719,14.99
164817,14.105
266540,31.99
112992,24.99
200961,16.91
102084,25.775
111809,3.99
127755,1.98
166214,4.49
208230,3.735
21898,45.495000000000005
58948,16.3
163416,19.945
143245,13.57
141078,26.99
250051,4.44
268180,5.4
40487,6.98
5055,47.19
222040,17.0
226322,17.88
209706,12.37
126264,7.92
124163,51.95
133563,7.18
27125,4.48
239178,19.9
270474,7.88
280942,7.99
204034,19.95
13754,19.9
184795,10.98
179676,2.38
19791,16.82
282976,3.99
19487,19.6
20053,33.5
209464,16.99
247792,16.79
159438,21.99
27145,36.92
69988,34.99
15482,18.03
140576,3.99
256744,38.99
177378,4.79
142912,17.97
130599,8.99
91217,9.295
225591,5.165
97823,11.505
299310,4.49
102570,3.345
83045,1.57
227631,5.04
197427,20.5
23787,28.95
201403,16.0
284679,2.59
261907,6.18
267330,14.61
112984,14.49
116273,2.42
293605,9.96
247708,3.29
194351,7.99
133036,3.875
119811,2.59
146733,38.92
181518,3.715
11976,59.59
84987,14.545
233300,11.15
198757,8.49
287188,7.49
72879,4.19
295109,27.45
118687,4.55
159477,9.035
152621,3.14
104795,8.98
45224,156.99
119656,3.99
270571,30.73
125435,42.54
250183,6.4750000000000005
57590,34.18
188688,21.16
142259,29.41
183,13.69
182438,5.91
135338,5.66
174318,142.62
109174,4.8
5791,23.12
286609,3.085
189085,97.9
230766,79.49
76831,2.03
215246,4.48
183364,10.0
90110,3.62
63947,4.67
265385,1.99
141402,22.99
58006,19.97
85286,106.48
16386,46.035
261100,8.95
224180,8.95
246970,8.95
147615,47.775
109271,20.99
190993,7.84
112868,14.99
188143,118.87
116183,22.99
275030,36.49
156294,18.5
298044,19.6
157402,115.12
33987,5.99
241959,21.27
12973,44.27
180360,4.09
99717,19.79
275981,1.59
227063,22.56
105609,12.95
285405,1.99
129245,7.5
159365,19.705
295873,6.49
225439,14.99
6252,17.81
280360,3.79
167138,22.19
284240,60.9
222330,56.28
170090,14.97
189891,161.49
44209,12.99
236215,14.945
296268,4.99
166338,1.19
179704,39.11
79069,11.99
30911,26.475
108883,5.380000000000001
178136,53.49
107242,5.88
219766,39.6
286215,63.42999999999999
291578,34.575
298880,7.46
293169,3.015
287631,2.99
54218,12.29
190440,3.09
262166,5.24
258518,17.84
219428,15.88
68061,19.95
172960,4.48
11062,19.46
68088,28.16
197018,5.98
157716,18.99
73284,6.300000000000001
270915,3.97
5273,42.74
197353,15.29
68824,51.99
264835,7.49
57953,26.3
254491,25.05
267610,12.79
240216,25.95
131612,21.195
31330,6.13
135094,40.2
110773,10.645
264457,9.99
176352,5.69
272936,4.98
204282,29.475
129643,14.16
176725,108.66
144257,46.04
159090,2.99
26531,1.0
75730,14.14
46141,2.34
177861,6.45
197997,51.39
45445,147.85
78348,43.11
52580,78.84
138097,34.99
5571,20.685
168931,4.49
238040,19.99
51487,244.98
273977,4.29
188208,18.59
59467,2.89
128319,67.88
215092,1.46
273419,18.795
238678,29.99
85605,12.3
118229,29.99
24740,26.95
288428,16.99
35529,33.885000000000005
122193,10.99
175624,33.34
145209,45.27
39204,1.99
3516,67.06
185771,89.5
249328,6.07
60057,17.31
132655,30.37
105421,18.5
105376,19.95
50101,15.0
199605,141.455
79386,24.97
251059,9.28
145754,50.13
111919,31.39
146588,59.48
213768,2.98
11559,4.18
280805,4.19
102221,124.95
159608,29.99
39924,18.035
106501,8.66
104104,7.91
240006,7.65
176058,40.99
234958,22.79
162361,23.26
206010,3.41
54674,33.99
5954,22.49
60138,59.99
74768,14.99
297914,3.97
228149,7.195
15076,19.99
276808,15.99
58681,12.47
145427,4.34
206334,9.49
191043,8.58
242952,14.5
37686,27.12
28657,8.595
70233,10.9
190032,61.99
206387,13.5
193224,47.21
181560,5.984999999999999
178450,41.99
242281,13.99
115806,11.49
146650,39.71
230374,8.33
183439,39.99
90819,17.08
152629,7.09
101730,12.89
100114,12.75
146844,24.99
232786,34.99
261698,5.99
108254,8.9
42614,8.98
274213,13.62
143454,6.99
79032,6.73
124079,13.54
220353,79.5
221492,10.0
74485,17.45
34565,44.82
61144,12.845
83091,2.54
109400,2.19
30098,7.99
209703,7.75
247103,22.99
93803,1.79
32993,13.945
147947,46.04
92169,30.0
290931,53.12
166569,26.48
19905,23.36
116358,11.875
239739,19.99
8260,11.98
178046,19.99
237139,36.99
171184,9.24
61043,3.21
25066,2.935
258437,3.69
182216,6.71
210080,3.68
213034,21.99
190539,6.635
186916,4.38
117401,5.09
296694,44.95
69150,9.75
156962,32.985
204030,2.5
41217,0.54
138785,35.74
298634,15.49
158575,24.98
143908,81.28
221733,3.2300000000000004
194226,24.49
107934,5.99
12557,18.98
114508,20.29
283847,34.83
258983,5.99
143822,35.47
16227,3.49
212280,9.92
160874,46.97
183925,1.79
202806,48.99
36863,9.99
33266,80.615
43045,26.97
212861,3.48
284441,1.91
225542,5.0
65182,15.7
168997,8.01
104973,11.99
7891,34.99
145737,59.48
171419,10.5
70104,9.99
8546,12.77
159777,19.135
38364,16.065
15080,3.99
198041,9.99
174979,17.14
186966,23.91
180805,22.0
39825,2.79
200735,2.98
273421,8.47
177993,7.735
204394,20.1
268150,34.99
13494,9.99
143154,20.98
43726,16.74
23207,3.5
257175,1.125
290967,3.89
276703,9.09
111609,12.79
40286,13.98
119434,21.59
61832,9.99
236452,49.46
214269,5.74
229543,5.23
13656,1.99
67246,18.99
62047,4.24
262044,9.49
169556,19.99
148031,30.77
145402,5.39
181255,3.12
119027,3.99
245294,28.95
177072,24.99
292167,5.075
264135,6.75
200861,2.74
148482,8.39
30634,3.5
84789,12.99
155475,28.33
245825,24.99
267061,18.0
170146,13.58
100370,45.99
140821,36.79
235980,6.48
275566,8.965
206964,9.99
227068,19.49
285967,9.99
34573,3.99
286276,100.18
160364,14.19
292322,25.99
50349,81.18
10745,16.5
43942,11.49
71223,18.99
9055,24.79
221764,3.49
213910,6.565
299147,68.10499999999999
182754,12.27
17912,54.69
47527,54.97
45513,8.45
270235,3.54
48574,2.59
137651,9.74
285841,17.03
295534,12.87
109251,11.9
110237,19.0
185110,13.49
213876,6.96
169314,11.0
74633,23.92
99168,1.775
43306,44.19
72366,11.98
237227,4.98
265423,3.47
267493,5.15
32417,10.99
54498,29.98
249804,8.34
263719,16.8
19572,93.46
152782,3.64
162245,3.19
115601,7.99
126088,46.89
185876,3.17
299006,27.36
245349,29.99
111225,48.39
121894,5.67
103757,15.39
99654,19.99
81956,5.175
135786,6.54
15207,6.99
121121,2.98
234101,3.8
181709,60.14
83728,14.95
251509,31.17
68898,38.99
153513,4.04
37612,81.49
264627,36.99
257949,11.5
223850,2.82
278144,3.49
142361,29.13
97995,0.58
275168,2.99
3150,6.54
184029,5.33
235993,14.99
25478,5.6850000000000005
27458,9.99
205280,31.99
98068,15.98
205986,10.74
73976,49.99
259600,4.215
33165,13.99
75178,7.970000000000001
228102,17.99
101326,4.44
234381,8.99
116428,9.0
145493,59.48
128271,1.79
60935,4.49
148353,11.22
54548,6.5
7001,1.7
290056,7.49
116005,9.955
279219,3.98
211094,14.98
99681,64.1
288915,11.99
153714,24.81
251739,11.99
211714,12.99
77435,6.89
119032,14.99
95006,7.79
212216,155.99
81048,1.54
269356,3.735
212034,80.49
46941,0.98
215644,21.12
139386,35.19
228736,11.98
269450,4.49
259323,6.99
100058,115.7
137891,3.28
150391,18.25
208649,16.95
85355,4.98
246783,9.74
37280,21.79
130870,13.99
296469,15.69
64010,69.98
291886,4.74
56522,9.99
123176,59.99
176537,4.0
248955,18.99
214588,5.97
14374,26.98
151132,40.99
252431,1.0
211329,14.99
80426,15.59
73813,51.45
78762,2.97
214973,5.99
64185,1.25
19022,93.46
11019,8.754999999999999
80019,11.03
213039,14.49
173298,5.24
156153,1.4
170887,5.88
241029,23.71
175543,5.79
59969,14.99
29442,11.585
119973,5.44
82835,5.68
145615,15.32
227004,66.99
252930,5.68
274219,12.78
128889,115.75
113486,48.65
244078,34.95
160611,47.72
10796,12.235
133885,18.39
52616,5.5
199017,18.27
79750,14.92
130428,14.9
37228,7.59
163357,7.74
290390,12.79
54140,21.99
226776,16.99
109016,31.99
123424,4.79
30430,3.49
59731,153.41
238323,5.615
61833,165.5
49653,9.98
193294,15.85
161053,82.49
131905,10.0
121368,139.97
5250,14.605
267690,14.97
220802,16.95
239469,3.77
110518,40.25
283603,5.29
95073,19.39
146029,51.77
42700,8.86
44251,32.39
143002,13.99
259180,14.42
56971,10.33
67457,14.27
87291,4.97
144197,11.99
278212,18.525
104724,70.0
234688,15.99
281299,32.99
175950,26.09
38971,88.11
259719,40.47
46864,34.11
152800,3.69
197110,19.99
139112,2.99
280005,14.99
121577,65.98
231654,72.99
229629,23.77
284987,3.89
229972,79.65
263702,3.99
167321,2.3
228841,24.99
227182,99.74
167786,8.620000000000001
86561,8.3
143616,46.64
155618,5.48
55138,202.845
245856,17.55
271881,15.29
96812,56.72
231062,65.99
95966,32.99
61973,8.99
148947,11.07
31671,34.18
221564,9.99
111217,9.99
190170,23.86
51142,19.57
60126,39.99
18512,9.97
13098,15.465
9397,39.99
28079,15.025
121306,20.99
28336,1.15
229568,10.99
132593,15.5
292031,7.99
162213,6.69
229751,14.99
9656,14.18
67175,22.99
185170,4.71
286307,9.21
150034,5.720000000000001
131977,1.49
15902,24.69
6136,19.7
286731,9.495
288364,3.49
198334,56.83
151513,5.92
47679,42.51
142132,18.47
209841,73.8
120322,129.345
24522,46.59
46677,4.12
32455,44.53
133705,14.63
122564,22.28
38083,16.09
101140,207.98
219830,20.99
81336,1.59
83261,6.51
127596,11.955
98555,2.66
85048,8.71
182474,2.14
194198,3.29
60502,77.99
163818,2.84
106841,44.0
253654,5.665
44962,12.45
286812,70.99
1300,5.545
62048,13.99
298005,1.285
37505,29.95
153661,2.19
296638,23.01
1470,59.48
233511,79.95
25666,1.37
28841,3.45
49299,3.89
82395,13.89
297840,16.99
199576,52.76
203832,2.49
252991,2.29
266429,7.93
68980,59.94
127945,16.47
13921,16.28
16340,25.99
58986,4.13
138705,36.05
3151,9.99
266244,24.915
86889,97.34
71770,55.08
211587,147.99
288494,7.744999999999999
93236,7.039999999999999
277416,4.0
50381,16.55
260422,26.595
7780,39.845
87540,16.99
202688,24.47
15249,24.99
289328,23.95
160133,7.31
204612,7.68
147806,20.08
45086,14.99
242522,44.48
290240,1.79
60546,12.41
200632,42.915000000000006
193456,12.53
201522,19.94
156001,3.89
17301,1.27
58595,29.77
153749,10.49
256400,1.665
78741,13.565
159595,30.99
200004,8.15
163371,24.97
102866,9.885
270126,7.02
218905,34.99
206839,26.09
246988,7.49
103856,10.99
156653,35.54
190691,1.79
33789,14.97
5164,86.91
213218,37.99
136044,22.99
8569,12.68
196817,36.89
181537,3.285
74122,4.01
45488,3.39
284799,2.19
249446,1.0
237669,12.28
126464,3.9
76707,2.0
871,79.99
256628,7.34
46910,8.01
59438,21.880000000000003
67901,16.1
217055,12.99
110869,16.99
76399,34.75
68413,15.88
56271,12.95
126856,4.99
241487,19.42
524,70.1
261706,15.259999999999998
184474,8.55
278526,73.19
70238,16.98
114729,7.99
98587,4.98
211892,13.605
219527,9.99
177683,8.54
187957,3.79
180998,18.99
206226,13.49
73954,48.07
34269,55.9
30283,15.87
130106,20.38
32269,2.44
230472,16.07
14881,12.08
285984,4.99
166943,24.21
171179,9.12
100900,1.78
203138,57.99
170415,10.52
74131,18.81
265534,12.99
43279,19.59
158629,5.33
186468,29.17
144908,34.81
94368,11.99
135871,13.62
65825,9.99
250424,5.09
222451,10.9
285746,25.65
67398,5.86
251855,26.24
62569,12.16
292572,6.82
280250,1.23
47398,40.99
256892,13.77
121904,21.99
270713,2.69
83776,27.99
12056,0.655
276635,5.54
13814,16.99
58096,13.5
141213,29.99
11256,7.99
266451,7.99
81538,1.99
75062,4.79
165275,7.495
279086,10.55
233088,46.99
172683,22.4
261431,61.055
265627,1.49
275600,24.875
243053,7.89
91114,19.41
62607,21.735
4445,14.89
163721,5.960000000000001
279615,3.84
21402,1.72
50295,20.825000000000003
28264,8.92
68395,21.25
22028,9.99
151093,68.985
286583,8.05
5995,5.69
238778,30.59
86197,18.99
90072,17.05
194375,31.75
172006,4.74
172292,14.7
189402,13.805
298369,39.99
5323,16.77
160479,49.45
289913,10.8
111108,3.12
287893,15.43
235503,129.69
162009,121.04
65739,11.99
236259,48.95
166117,44.315
264261,3.745
171463,4.48
246361,48.56
172541,18.565
246468,11.99
284587,3.255
207501,69.98
278683,48.68
17806,8.735
286277,13.27
139680,50.085
103847,34.99
199536,1.19
287329,8.99
175431,35.0
52162,4.99
184269,13.86
162903,22.72
4715,5.49
67787,4.71
280168,9.62
72186,58.95
233389,4.84
216466,16.89
20211,64.31
62488,15.75
182192,11.04
96733,26.95
36161,5.445
33047,15.99
207736,36.59
241737,17.15
33194,2.99
170095,12.07
447,14.99
137723,7.37
276272,4.48
254919,43.475
175710,10.99
295825,10.73
62466,11.48
221475,11.99
14122,5.02
292229,8.78
66407,59.99
51379,26.95
48272,8.97
277471,5.635
17613,32.76
112190,33.78
33670,7.76
248272,16.0
51081,22.99
96876,14.12
65660,16.59
89619,7.98
101240,226.93
24203,12.95
206541,3.98
16606,5.89
39617,44.83
182486,1.46
32674,31.7
285381,18.335
38808,10.34
94768,10.73
167654,41.0
178447,11.8
66823,9.99
174520,13.12
151556,230.99
91302,1.49
283229,36.94
235023,4.69
61675,9.99
144256,46.64
236903,9.99
266688,2.49
88536,16.99
103754,34.16
215751,11.39
211394,48.37
84290,22.38
8522,12.99
267595,31.95
36970,19.83
64593,17.99
266705,18.99
161093,99.92
218612,11.99
211105,5.99
60337,54.95
121941,10.42
80264,8.99
159671,25.88
254781,6.49
211673,56.99
55022,12.49
141284,2.35
174734,11.9
258737,4.36
87537,22.69
25023,57.975
225777,5.59
78967,22.99
86080,8.62
232874,20.57
155681,9.99
20876,33.5
17234,22.99
53470,42.95
195454,42.92
276511,2.87
224948,16.99
166741,20.71
191307,25.31
22825,6.1450000000000005
18991,19.6
170805,47.98
247225,143.38
273990,3.99
48319,2.14
62547,14.99
31555,22.39
291719,16.84
31918,5.19
142708,46.89
202082,9.99
204351,9.22
33,5.59
263355,3.72
173042,7.935
177521,13.7
170686,3.54
204998,49.99
171095,23.07
75554,14.99
275315,4.19
233490,24.99
43326,26.02
125390,60.93
252692,19.99
63349,17.68
148675,7.53
77470,45.72
34154,16.99
297891,5.85
113950,19.82
239736,29.99
202418,7.199999999999999
18125,52.41
156179,1.79
10309,4.94
24132,24.98
49127,8.49
41671,5.19
46755,3.1950000000000003
191966,5.98
211406,84.34
183193,9.99
63437,32.88
256932,1.16
194948,4.89
216405,9.49
246702,104.0
31839,4.93
205703,3.98
49122,32.99
192270,8.49
21662,18.99
280616,48.51
151626,30.7
210374,4.79
233718,18.99
155473,27.98
270175,8.0
46337,19.95
251239,4.74
21465,19.95
268678,14.99
171485,1.48
63849,13.49
144638,2.79
114583,33.56
8861,4.24
104910,34.62
263989,23.99
133497,80.98
60613,41.96
242496,5.29
94414,32.99
35365,5.93
205554,18.99
179312,10.31
78735,11.285
249548,6.58
243854,66.99
72994,11.79
178641,12.864999999999998
28589,3.4850000000000003
289842,18.96
155619,2.98
11909,1.57
272309,18.61
226517,2.84
84586,2.635
191744,13.99
73602,4.4350000000000005
103200,14.99
11828,6.24
21941,9.74
291993,3.89
285837,5.49
235822,5.04
299166,10.91
222411,16.19
278871,20.99
116297,18.99
97229,6.295
266728,23.84
278714,58.295
139477,21.41
146039,20.68
278439,24.37
275298,27.04
227626,14.99
53473,83.41
190893,56.82
76541,5.72
256100,58.76
136284,4.055
175028,4.99
288598,14.435
215512,39.99
286139,1.59
176045,56.09
282345,4.99
263307,3.97
74788,6.73
30227,3.34
96206,23.245
72340,16.99
60179,3.05
273380,4.99
68362,47.49
43992,9.98
33947,16.49
126330,4.59
73225,40.81
21665,30.18
264503,15.895
58154,1.99
131770,14.96
119489,28.455
150202,11.9
219878,21.99
79081,36.46
78538,83.99
231775,61.96
63516,7.49
111449,29.87
87380,8.825
287404,3.49
35735,18.39
139694,29.99
259481,7.640000000000001
53718,41.53
217645,109.99
245839,19.95
217020,20.55
290252,6.49
22439,15.99
180960,11.99
255308,4.19
12067,69.99
42540,15.94
243531,12.45
209119,20.99
187064,1.49
178690,9.24
66675,5.89
276368,10.355
197113,19.99
92275,102.97
72467,29.99
141575,129.99
285733,6.08
151270,5.61
210671,32.9
200618,24.99
78982,18.35
223732,4.65
252302,3.49
199835,18.39
174628,6.195
78482,25.245
210529,18.59
50546,71.49
22872,17.37
170408,5.105
278972,4.035
136926,4.36
254831,0.98
274382,76.99
219410,171.99
27170,1.34
11392,13.99
21358,1.59
224815,5.75
249587,8.935
283018,7.905
140581,5.98
67167,43.7
85492,169.87
205983,9.74
149434,18.98
235666,5.7
201545,7.99
288684,20.15
54608,57.92
276866,8.02
296318,6.365
14002,11.995
115745,17.49
132373,39.9
291850,9.485
4711,6.99
187235,3.84
99272,4.75
270653,45.76
211551,5.18
232495,25.53
17766,38.99
152494,31.91
66884,11.99
295630,36.795
243096,33.48
157510,161.74
129329,39.82
115276,29.99
14878,7.19
184393,25.88
27999,6.31
129952,16.544999999999998
261936,5.92
149649,4.97
17285,6.390000000000001
105674,23.55
50988,40.98
216593,51.66
87785,10.0
160175,28.89
282463,1.87
71021,19.99
257142,28.555
267519,26.425
197517,31.95
31814,3.99
291645,7.59
276804,2.59
192767,5.640000000000001
187032,50.0
282001,3.91
47283,32.99
146818,55.93
164620,65.03
54525,18.99
287683,46.45
58406,6.19
97872,19.39
276894,3.61
296261,7.59
52931,128.77
214518,24.98
258607,17.7
177532,14.99
144503,9.95
261404,63.95
284822,9.19
116234,28.47
30109,9.895
180925,38.99
77880,13.95
262515,26.340000000000003
112896,16.88
288829,13.75
99019,3.54
137780,18.5
30707,14.88
172382,2.095
214731,2.07
92111,9.18
85724,4.15
116007,37.545
112163,127.56
183682,87.26
44654,3.34
270258,19.27
63487,59.99
12893,16.0
181021,8.5
109278,6.29
50928,6.49
40734,19.99
71674,53.31
268748,38.99
48633,3.39
45287,12.235
141190,40.15
206703,14.99
231945,13.48
275695,16.24
289164,9.39
275299,5.835000000000001
157496,54.22
23339,25.29
231756,18.79
275023,9.17
134209,6.59
101842,19.99
298493,15.489999999999998
64934,49.99
290095,27.94
141933,8.855
235255,131.9
106810,14.99
25260,49.21
248898,27.99
192494,12.01
99620,12.5
49990,4.6
50736,19.99
215462,15.99
15262,21.21
183841,3.34
277161,1.63
175789,18.8
131968,7.79
215391,36.0
47096,42.485
241460,4.99
171515,3.38
53099,12.96
62083,29.99
270878,18.99
124669,56.99
183105,10.875
285464,4.99
49737,17.55
220451,28.48
21891,11.83
216182,10.0
264677,8.99
137249,7.19
230244,6.71
120911,6.99
219620,6.49
145462,16.52
149769,11.39
97314,4.99
212950,27.58
283199,43.94
261458,5.145
7260,55.0
236416,39.99
67851,24.99
268242,40.99
124690,10.94
86331,3.96
170432,4.99
181829,2.73
68989,6.6000000000000005
203434,123.0
267961,4.5
187088,12.99
292894,3.2300000000000004
129876,27.965
56002,16.925
20485,44.0
156909,34.9
263375,16.14
250221,37.125
214534,20.24
109919,22.4
137864,7.29
44702,14.99
71614,5.78
203119,8.73
22311,16.99
204684,2.99
123706,2.99
282749,8.065000000000001
156703,257.14
263529,26.09
213274,9.99
127592,2.58
240352,39.99
86051,6.55
170557,7.96
18846,72.93
158306,8.99
224002,10.8
53594,8.49
180464,11.08
255973,36.99
83361,4.09
65987,19.95
127173,44.47
239861,16.99
124510,9.33
78795,3.16
235620,44.7
236236,7.0600000000000005
188369,4.635
138965,5.99
215083,53.99
190744,5.49
216548,5.12
56487,78.99
116820,12.99
257180,24.32
108823,3.335
194400,65.23
23523,39.99
106868,14.19
138020,59.91
120892,7.484999999999999
251359,4.18
16653,15.0
32169,55.4
76137,18.99
188095,15.99
79033,6.12
128601,30.69
258231,41.84
58622,37.04
10899,39.97
195187,53.36
238418,12.99
115621,3.31
263838,39.99
104859,75.99
277864,14.58
111941,82.6
225715,37.99
48090,14.79
113357,109.99
17944,16.99
22240,8.715
32702,26.215
235069,22.0
201029,16.99
119971,2.64
187927,3.4
181025,2.48
138121,112.0
88160,3.895
262133,9.99
209298,20.99
105358,19.565
147539,8.79
68458,31.02
60509,29.99
178129,27.2
292196,15.739999999999998
134426,9.24
42296,27.99
158580,4.485
275952,4.295
80017,14.24
255753,10.59
55042,6.99
239637,35.49
91590,3.39
25411,3.49
16270,6.99
148422,20.61
131254,21.0
47251,38.44
224466,13.99
236745,19.99
147293,1.24
32055,19.99
205200,34.99
173959,1.24
200315,50.94
255269,6.08
79901,2.645
156615,67.25999999999999
162916,2.67
2458,15.32
89171,8.16
131945,32.49
251443,13.99
126585,5.59
285598,39.45
275697,7.585
109163,29.49
245083,5.49
62384,4.49
44271,17.98
278636,19.34
93319,14.705
135028,38.99
19087,32.99
94620,5.99
13604,7.8
56368,14.49
21903,11.49
43879,7.41
224096,14.98
37782,122.23
106714,3.48
126325,2.98
171455,7.33
186850,4.38
149361,35.0
73855,21.145
265912,38.38
108630,1.98
269321,23.76
74579,37.99
66052,30.9
20623,6.74
278249,44.985
280089,7.675
49295,2.99
13881,117.13
88413,11.95
129455,39.99
203739,22.86
17189,1.33
275470,24.46
65397,41.34
12221,27.99
132295,73.48
98877,279.0
61603,1.89
38558,18.21
101954,2.7
277248,2.54
49209,12.99
289520,14.335
232288,11.19
284681,8.99
292591,1.125
150225,59.99
258062,3.49
185440,20.73
209404,38.0
21972,24.5
12255,19.97
18992,33.5
196160,57.97
167699,6.45
234130,2.19
74703,52.99
246498,14.98
187022,7.25
225357,1.94
270439,6.24
97498,12.989999999999998
250155,17.945
69841,11.24
283732,2.58
142396,30.83
56799,35.88
176735,13.95
272450,79.95
225471,56.19
200680,9.84
109764,136.49
260974,1.99
212555,53.43
120948,44.92
182585,32.74
68271,121.38
235467,36.52
24724,12.98
204442,34.5
13285,6.0
102956,44.96
17701,6.970000000000001
178375,28.99
142657,20.08
284983,6.27
24476,12.8
201155,4.96
263475,32.49
123530,9.49
87829,4.79
146546,55.93
146651,51.77
110432,15.49
70293,16.99
177178,7.98
257863,19.99
208634,4.49
84483,15.04
247734,2.98
282984,7.17
289775,36.35
187158,32.0
161046,136.33
175645,14.5
101486,28.99
73346,14.98
268951,6.7
199005,73.83
156364,14.99
30744,15.48
250390,3.69
283012,9.32
71052,10.0
235489,33.46
219658,78.99
135576,19.99
94639,19.195
90614,7.99
205269,12.14
174602,6.28
254913,10.25
121979,73.98
26892,13.99
204594,39.98
194026,10.99
196533,40.08
65892,8.79
290616,28.31
63399,18.15
92037,6.675000000000001
28218,11.77
235688,21.99
123226,8.99
167347,19.99
182498,5.98
243179,117.93
20909,37.63
101330,4.39
75317,3.25
200532,1.69
78036,2.385
178259,4.685
271010,6.47
27457,1.99
243452,4.99
27970,5.99
70159,18.95
151256,3.64
238414,8.52
79802,3.79
247637,28.4
27165,4.49
295445,29.99
149863,3.68
176506,3.0
172360,11.99
194107,3.645
246051,11.0
98405,5.12
28924,4.98
53656,23.6
251613,23.13
202502,23.99
265881,19.88
256981,6.57
19360,64.31
67424,22.41
15220,33.49
200880,14.54
31597,62.95
50332,26.95
260864,7.99
294171,55.0
281365,49.99
297528,62.99
142365,42.74
159730,8.39
12003,9.95
224704,16.99
269016,32.22
292962,3.675
99552,99.22
233739,4.44
31413,3.99
73051,8.41
114535,19.99
60635,18.99
265198,24.53
117505,17.4
254096,14.93
203000,3.59
192424,15.92
78047,2.99
270911,6.95
231736,27.98
72437,20.74
76319,29.99
122666,9.99
261737,51.56
240258,23.59
150764,24.92
31613,17.82
283591,33.99
13226,9.9
192578,19.985000000000003
42476,4.09
192954,5.94
216645,10.3
186414,6.49
128911,7.335
49150,9.9
73413,15.99
126158,12.5
28301,23.76
50231,6.99
285643,9.95
150376,9.79
252005,8.12
156763,153.6
12348,14.99
181797,7.49
148392,59.2
29776,14.99
105689,2.58
146872,50.58
117268,29.43
46859,7.99
189615,3.34
114243,50.9
242263,7.0
270798,4.84
145095,46.89
146084,128.44
263935,8.23
9883,13.62
220508,2.38
55401,10.99
259603,20.65
227065,25.0
142166,57.7
160526,119.43
218227,12.95
82049,2.94
154364,14.245
7149,14.58
8444,37.99
104172,63.24
107379,11.99
71282,6.29
129214,2.49
45274,6.99
247005,14.06
90000,4.16
257080,16.78
202224,24.99
198543,27.71
192868,45.99
243863,23.95
104837,11.69
298402,9.24
2943,9.95
225411,5.78
20370,15.7
241093,11.05
136163,68.69
164072,14.95
98204,3.29
175476,5.46
105955,6.09
180342,29.98
229411,47.49
165363,4.69
64499,17.31
162652,35.55
202762,19.97
97736,33.68
20113,7.99
34607,4.24
250539,13.025
198122,11.025
249884,9.99
238851,9.98
195698,109.47
19708,93.46
294056,13.895
44910,3.13
117348,29.99
41691,1.98
177713,24.26
192001,12.49
14660,4.99
151205,4.74
29619,34.81
107711,48.55
19482,19.6
202853,90.0
294361,6.49
187269,12.145
104736,25.98
167997,12.75
214208,4.24
154405,7.19
292521,14.845
12871,2.68
18120,64.31
177482,8.5
49978,10.99
16655,21.465
199681,12.39
57025,39.99
237515,5.98
55297,3.49
13220,1.99
83861,13.55
95722,6.49
99496,61.99
283425,4.1850000000000005
30878,44.99
62236,3.99
199341,9.99
84628,12.99
221784,2.38
2324,50.13
143593,26.235
122101,10.0
177724,22.46
239830,74.49
13966,28.0
104338,14.685
141960,2.885
46997,40.99
171908,30.94
18858,33.5
100191,22.46
159227,47.29
25549,12.795000000000002
6306,39.03
135932,19.99
194171,5.74
248232,37.98
288888,50.96
153839,32.49
268993,3.71
52131,11.99
149585,45.27
27484,8.82
196917,5.9350000000000005
184580,7.59
87452,9.99
291350,17.49
285659,20.0
259132,5.19
22555,21.48
3646,140.75
284632,0.5549999999999999
267749,20.91
14594,19.9
172482,7.0
27324,8.0
93994,12.81
254158,22.98
85906,30.950000000000003
143649,35.47
15044,34.2
51025,26.02
234487,15.5
677,4.99
175337,19.49
6830,27.39
151648,9.99
53144,14.99
241250,14.99
50062,22.99
189250,15.745
265149,2.97
239836,21.61
169880,7.44
261607,49.65
71349,54.825
199998,10.99
270672,12.595
236901,19.99
123025,7.96
199829,17.96
6051,13.95
220081,2.89
54679,54.2
7884,17.3
261565,69.99
169652,9.05
97795,16.189999999999998
198888,61.0
129098,5.74
77030,33.5
180355,5.0
291416,6.84
58135,49.96
264050,13.99
79110,5.89
189106,10.99
89039,16.34
67149,38.865
62713,15.99
290442,2.75
116823,14.44
214710,14.99
120439,49.99
57584,10.5
187301,18.79
95410,4.640000000000001
26228,4.17
94167,14.99
178096,2.22
64486,26.99
249190,149.99
215685,13.01
128336,1.98
290743,86.97
122159,18.39
60325,17.28
164172,26.835
178717,11.29
38771,8.08
176359,12.99
248757,109.0
180902,4.49
261943,24.99
185286,2.99
173817,64.895
156079,4.89
141138,5.99
145570,56.56
115630,36.99
17088,18.98
295057,5.89
179851,10.945
128400,7.49
111764,18.99
247242,22.0
25539,42.65
87545,9.99
49302,52.0
276028,8.405000000000001
9493,31.9
217695,12.96
15751,66.91
27748,9.43
23147,39.0
21145,50.19
140474,30.22
115762,12.99
15263,59.65
245879,10.99
214945,10.99
292219,4.15
289709,28.625
200677,14.47
265664,11.55
266392,6.24
189308,7.48
276057,8.03
298890,98.94
169988,4.824999999999999
206842,10.8
169929,23.005000000000003
160837,29.95
178223,23.475
164880,2.44
259569,16.86
171670,9.25
297272,7.515
276964,4.99
277126,1.0
29359,26.95
30250,10.705
4423,1.99
227594,26.99
32990,11.0
137899,4.92
105455,14.51
170819,15.44
272982,38.47
61483,5.98
76263,0.89
47487,31.52
201502,25.49
236825,7.145
1642,38.92
40987,3.445
72641,3.0
111127,2.32
6903,39.98
231052,65.99
188794,2.9400000000000004
57720,16.585
56211,7.56
227602,79.99
81334,7.935
287013,79.47
66074,18.605
196055,47.89
62264,4.075
244239,20.2
245143,24.45
227789,9.49
6368,10.29
254649,2.95
125910,8.98
220376,7.99
172908,21.7
2089,55.93
257747,5.99
281084,11.98
246511,42.99
194852,16.99
129714,16.9
91742,11.235
44293,29.98
228220,41.49
53929,26.47
287207,16.48
287270,13.99
35099,39.99
14565,7.7
209079,9.99
172940,1.97
196642,61.48
183314,24.4
10281,22.58
162303,49.265
253103,2.19
56530,57.94
197975,24.11
75435,20.9
241734,14.99
264698,3.79
251411,18.55
107646,29.27
195299,146.82
2031,52.61
57195,137.81
195150,55.9
68018,81.49
108313,51.45
7327,2.48
194034,15.465
69955,89.99
276377,2.69
295683,16.0
204916,8.99
18051,16.82
157881,12.99
65040,8.99
106336,3.47
21041,64.31
122732,59.99
30784,3.71
289608,10.29
8771,8.98
242614,7.23
20969,23.36
201042,259.99
210764,9.49
186942,10.49
294219,49.71
184564,29.99
238861,14.88
294920,1.89
159988,14.95
90989,19.99
256804,17.29
282787,2.9650000000000003
123645,17.99
14007,1.41
218095,11.99
200786,10.0
247742,13.99
74895,18.95
285097,11.8
1527,86.43
9112,8.95
24407,20.99
274392,41.99
75901,34.18
37461,3.18
204945,11.475
215940,85.24
170732,3.99
138098,44.99
35101,10.0
184250,29.99
65221,17.99
25708,3.98
28182,6.71
10578,35.03
243515,8.9
220109,86.54
177134,26.225
145691,76.44
159088,4.475
183174,9.99
58199,9.99
195009,22.27
222319,139.44
116343,27.99
94147,29.0
88770,5.9
10596,11.175
279528,17.95
87715,34.99
131637,6.98
263810,9.19
205169,2.38
220269,5.39
167655,39.995000000000005
4680,23.51
10659,1.935
35490,18.33
236284,14.79
163232,12.98
182250,46.4
64150,17.99
253529,5.4
111342,18.18
187298,3.69
95730,19.99
208327,10.99
182805,7.83
225581,30.9
34147,6.68
55642,140.96
15624,15.49
63051,25.4
193584,3.69
75297,6.99
136756,2.48
278566,10.0
6873,27.99
137083,38.99
45021,2.44
296061,6.305
91029,2.9400000000000004
40098,8.48
78265,17.0
150698,17.61
235880,12.99
45332,7.01
22052,20.71
36704,6.475
81729,3.24
154004,16.92
20170,64.31
58995,37.475
18492,4.99
279660,10.99
256231,11.99
179066,4.99
33307,4.26
229447,47.99
82110,8.145
188808,4.29
258162,3.99
165790,27.99
220405,19.95
7982,2.98
196191,62.71
63585,5.84
53158,10.29
189840,43.58
38129,5.79
55884,84.99
136451,45.99
201600,15.97
154801,35.97
73192,1.0
44611,8.3
126246,7.49
108691,13.41
99648,15.39
187821,17.79
207594,15.99
220656,92.63
203410,3.665
272629,11.875
72001,7.885
180909,10.29
45293,6.51
117625,54.3
224436,14.87
114880,26.15
272302,35.105000000000004
73745,7.98
111405,19.99
254778,5.32
233552,29.99
88764,5.325
108688,64.95
44195,3.88
201421,45.98
20844,33.5
123686,16.7
206887,22.99
247150,21.98
293085,0.5
133860,19.94
221260,19.97
61289,16.99
109708,29.99
276063,4.92
73407,229.99
188524,19.83
158922,32.93
156934,127.73
271240,5.54
126791,81.845
138695,39.99
82118,12.9
150462,33.99
245895,31.99
229029,13.99
296120,4.255
269094,12.195
187983,18.97
200708,17.99
44098,9.135
289261,23.02
8794,59.95
254168,10.855
199348,15.59
2888,33.99
10378,29.99
260992,16.85
29062,33.16
110512,4.97
10580,31.64
231668,4.29
131683,38.49
266334,10.85
142345,52.61
53998,2.19
179336,7.75
274766,1.99
98454,82.3
262283,12.3
226095,6.59
196808,29.950000000000003
4900,6.65
224671,14.95
107789,13.37
36957,7.98
5380,173.24
147880,59.2
99308,29.99
159835,5.99
42677,3.12
230117,16.95
26462,33.93
113138,13.72
67794,4.72
77419,6.08
294905,2.2350000000000003
224444,8.98
131088,6.74
112657,4.99
175155,22.99
71429,94.97
290525,16.36
114526,9.34
235373,30.37
222938,22.95
36747,7.345000000000001
228529,14.68
186809,10.33
217408,39.99
93123,8.48
194098,1.875
194981,6.74
31739,3.12
6541,3.69
4653,38.34
103884,8.95
291909,18.65
295876,47.99
260806,27.99
47327,1.59
148477,30.525
113600,39.99
32904,69.73500000000001
36060,14.99
286335,8.49
126779,109.545
131278,11.99
90801,27.39
279594,20.2
247645,1.0
24583,10.49
47953,5.9
234967,13.99
245075,61.99
205970,34.91
118738,16.95
153788,8.695
150147,13.1
93244,4.99
91996,22.345
169054,107.49
241001,24.99
1964,55.93
203962,16.43
17635,46.99
125380,12.99
243829,14.95
47450,6.359999999999999
76866,3.98
179029,8.09
159324,6.19
126928,4.24
186587,8.745000000000001
221245,12.0
223974,3.18
156536,10.21
46719,45.97
120995,30.99
274999,19.235
108338,7.99
92222,24.39
35901,22.39
66248,153.645
295188,27.95
140440,5.47
196718,5.18
89036,13.99
203961,6.24
315,38.985
29484,11.88
22440,22.645
110101,3.46
9575,14.99
71208,46.99
148799,53.31
59579,9.91
34092,5.98
246731,26.89
286766,64.51
235751,6.16
224932,1.79
292700,2.69
20404,5.99
152283,29.12
23479,389.46
109013,45.5
141589,19.99
18132,37.63
164968,9.99
4654,12.5
177671,41.99
7916,19.0
11088,25.27
188223,6.89
199318,67.8
257022,27.6
24823,3.88
167316,62.28
209103,20.95
264687,46.425
292333,19.95
134143,17.33
113110,2.39
184024,19.105
33069,51.92
215883,12.99
248195,8.1
91259,2.24
168563,7.37
159318,30.49
132081,4.98
182881,79.87
130891,10.19
84952,5.895
116280,75.0
210316,1.68
140918,20.99
235332,119.64
283831,4.79
112393,60.99
225193,14.39
285345,2.69
23581,10.99
158891,38.595
116587,67.64
80964,4.390000000000001
74997,41.24
203859,44.49
222211,34.99
76956,5.0
220891,12.29
247537,12.95
237605,15.2
220663,8.28
293093,35.7
258320,58.93
156954,1.78
189094,5.79
22428,6.18
80088,10.99
117224,12.3
112300,3.89
131623,40.0
96959,38.25
81925,6.79
171648,9.195
202790,56.99
75824,14.73
11185,18.130000000000003
124981,7.99
39217,17.29
152841,4.68
48176,17.99
68961,38.6
170402,125.07
274817,3.18
212453,0.78
169936,30.02
189207,9.995
203033,8.99
287448,8.204999999999998
218590,12.49
224719,199.99
249143,27.29
87435,35.99
176895,2.83
102696,19.955
58162,10.225
3744,22.99
206266,79.99
155073,8.98
185690,16.99
10536,2.59
207817,3.35
22807,7.145
193919,6.53
148599,3.7
293555,4.49
6190,5.84
69147,34.99
98148,22.18
241699,10.99
224885,10.98
13706,18.4
239391,28.49
63139,8.02
143111,2.58
136387,3.79
240257,48.485
292699,2.38
174101,29.98
21072,28.27
111991,13.99
75039,25.85
143506,14.95
7935,9.99
240887,24.49
73028,31.25
212432,35.82
43321,24.31
199104,3.43
267880,17.52
247546,17.99
199666,4.5
116497,5.98
44071,5.925000000000001
251857,16.99
184407,9.8
63096,12.17
80412,31.99
178556,64.46
170186,12.08
142169,117.49
139151,8.97
224675,37.16
140534,37.98
268205,21.99
244871,9.84
235597,8.99
69801,25.31
2814,6.43
60425,34.0
81222,26.99
61050,17.34
268453,2.59
44646,12.5
133700,6.98
298199,2.54
256001,21.86
105448,21.74
124308,40.59
48347,3.89
28772,28.075000000000003
149269,34.5
266095,5.89
86837,23.99
91532,18.49
105283,59.04
144260,42.74
254918,29.92
187305,10.74
174248,9.115
240450,47.99
148085,2.87
135424,9.99
112677,4.04
259169,4.1
34905,39.25
133974,14.655
99800,9.19
188322,15.275
55489,14.47
146228,25.95
60189,17.98
49951,14.085
68331,2.79
80829,23.93
270729,23.86
215110,12.99
8526,12.99
268252,12.99
282840,2.44
26979,15.25
112253,3.52
109455,54.99
137485,9.48
212477,16.52
256907,22.95
192674,7.04
179781,13.32
206889,51.0
128922,6.29
274298,9.89
15186,17.63
44070,2.79
91603,5.27
4168,12.62
8045,48.0
296171,1.5699999999999998
196702,12.37
17363,28.135
92891,14.21
52371,39.185
96475,8.73
26943,58.1
273012,4.49
238536,17.0
63236,46.99
185132,33.83
206261,6.38
634,21.49
5366,2.78
237348,24.99
141089,9.88
94396,5.54
156748,94.16
269174,12.94
211340,14.99
45136,2.295
173474,1.59
172802,3.59
181177,35.95
41563,3.545
240535,12.995
41427,3.545
22117,17.95
279111,14.715
173750,9.62
99566,112.0
154379,17.7
774,11.99
163132,5.99
47503,3.64
111563,12.95
96530,24.99
195188,57.19
220262,39.99
166753,2.965
157151,108.82
78476,9.99
73668,3.29
121215,13.49
142803,56.01
123063,28.34
166755,25.99
210029,19.99
142936,141.62
75368,10.99
98201,1.33
207911,29.1
278190,13.95
170103,10.94
115299,10.0
42346,25.495
297211,2.08
278865,8.1
14587,12.0
284369,5.720000000000001
257816,3.48
293463,26.31
52297,8.685
273786,13.445
25339,16.939999999999998
213193,18.5
106,18.98
126699,7.23
240249,72.99
291424,20.99
177094,7.879999999999999
155455,2.99
71382,27.49
118492,11.99
62379,4.19
37718,5.26
52880,27.465
110897,1.765
255963,7.24
168736,4.94
70236,22.49
173183,6.99
238043,28.7
200260,4.734999999999999
282409,3.89
230886,28.845
91520,3.59
297426,1.62
54503,4.79
290293,6.89
219205,4.140000000000001
211287,59.99
49475,1.22
59326,4.09
229218,12.0
2746,50.13
190786,15.49
62595,4.5
223575,29.99
293453,18.39
40182,6.58
39165,17.884999999999998
47430,7.48
133845,38.99
192835,11.69
154485,7.355
194050,9.5
151717,2.99
218194,33.99
67482,3.99
178840,28.99
109086,59.97
219594,1.08
287957,46.885000000000005
91775,12.0
109019,62.99
60746,28.01
52418,19.74
287453,8.49
77467,29.94
60253,32.06
146887,50.58
147417,38.92
120847,29.99
98307,22.01
207210,47.99
115159,34.0
276009,10.36
224651,13.99
148906,22.99
104231,11.79
241576,39.97
32816,61.58
254521,11.04
2346,141.62
227237,9.81
78594,12.39
261747,6.79
248930,18.99
298103,29.34
266246,14.95
299071,18.99
176267,26.51
70516,5.57
222870,28.25
22688,27.99
123988,19.6
56952,2.96
234833,27.99
201697,39.99
253909,33.96
86286,1.0
272778,1.99
11961,11.74
68145,12.95
2556,20.08
16955,44.99
30596,7.68
201526,32.0
200246,33.99
127843,9.989999999999998
2251,35.63
128719,3.215
70811,17.775
10163,11.99
5216,15.99
134772,23.5
219094,2.75
213667,12.995
168356,0.43
260068,6.74
145980,68.14
203615,5.99
183546,14.99
277903,39.97
196587,134.51
258872,5.99
27975,1.69
266047,11.99
233493,33.7
233834,35.0
247532,9.21
267151,21.99
93517,22.08
137942,9.94
156797,97.47
60054,19.81
159519,0.63
82664,10.56
280143,16.98
113794,19.99
192372,43.475
200218,1.18
96776,12.99
15161,19.58
10389,17.99
31190,2.365
165329,3.99
261631,39.99
294499,13.62
27493,93.99
280190,47.24
10887,39.73
6168,183.25
99322,21.98
72688,9.99
166143,66.765
151939,1.78
53908,10.11
297931,3.29
176554,12.99
99640,19.99
158283,9.625
67971,25.95
253906,10.29
243390,22.99
246338,5.065
245578,39.99
239554,23.19
161292,56.94
278183,35.975
86282,1.0
157414,118.41
171122,25.65
225301,7.5
241799,14.95
248248,11.84
105565,13.77
199018,24.99
286680,11.7
293906,5.98
74057,24.63
168058,2.12
120686,98.99
20319,50.19
292135,10.6
72680,20.45
61642,48.52
19950,64.31
283340,5.37
271775,7.03
198608,7.49
281990,15.74
79893,2.8
259247,5.49
76260,5.97
126857,18.45
41963,9.0
107194,4.38
149833,39.71
3583,147.89
134068,12.66
206595,24.99
226501,29.99
12985,11.39
222656,8.99
137849,17.055
60449,3.62
5659,15.32
52782,14.38
82973,6.0
127775,102.92
125054,18.65
159301,12.42
54931,13.96
196112,56.28
8321,37.99
255410,13.99
96629,23.49
69096,14.99
227950,19.99
65177,3.29
34080,4.575
4632,33.33
262669,48.87
18300,10.33
242486,15.99
239550,1.48
138099,45.0
222013,7.805
211721,48.99
60472,78.99
25810,11.33
147229,30.83
64987,19.99
179199,6.59
141490,11.99
251217,22.09
112200,6.5
10508,32.99
69840,55.99
104242,21.67
117856,19.42
124699,16.7
247833,105.98
25961,6.62
257765,3.49
110477,14.26
93622,22.99
110372,9.055
120875,3.985
58775,43.49
262924,19.74
39747,15.99
210009,12.59
162555,4.445
287046,4.87
251822,4.890000000000001
116621,14.16
180879,8.64
5090,29.13
110457,8.8
142460,86.02
239059,5.96
269948,5.89
11245,9.99
50550,19.28
298479,8.25
268148,16.96
152987,36.23
114733,95.88
202879,21.99
81446,3.34
199111,8.73
63573,30.54
295105,2.39
85101,8.98
69858,4.49
274055,1.29
129627,33.05
291615,8.64
221568,9.52
1111,39.99
27085,6.74
59342,8.17
269030,33.99
72083,8.99
32019,114.99
12129,9.99
224070,3.46
196242,39.27
194736,12.88
60862,9.99
133493,18.74
103704,2.78
164055,4.73
246488,29.72
82393,22.99
44328,4.205
121519,14.47
30534,33.49
168651,43.76
235225,30.37
244842,15.49
66574,31.59
186330,11.49
135429,12.0
225392,12.725
231932,21.99
44306,11.99
203939,32.26
35021,6.045
17415,5.67
173638,23.47
188901,2.79
89589,103.98
263955,10.485
124137,13.97
112198,39.75
50745,26.34
164348,2.79
108638,67.49
42826,2.38
158515,38.335
255649,11.61
290771,28.195
154412,17.99
239567,34.06
251188,24.19
197771,35.02
97082,18.79
44862,8.345
72676,31.39
213994,65.2
19007,64.31
293930,9.98
195434,35.0
270502,4.2
282236,1.94
116577,7.98
167344,22.49
243143,9.95
121039,7.49
104300,34.5
30889,6.49
21189,4.49
255959,28.99
61274,11.98
170702,17.435
51627,13.99
50174,54.49
91026,58.99
101786,0.48
123702,16.12
153982,2.76
160940,9.79
125244,6.39
122710,38.49
246572,26.99
91479,10.0
199581,20.51
127461,13.99
132548,15.794999999999998
178311,11.745
200297,9.99
226047,16.89
75065,5.49
48730,44.49
226960,12.98
124846,1.72
227922,19.99
230270,9.99
10733,18.28
62073,10.99
68073,13.14
53950,15.92
110195,118.7
278650,14.9
209187,22.0
102464,2.99
265901,15.5
173490,27.43
202881,12.99
166081,6.04
176382,19.99
42922,10.99
155314,32.46
130153,9.55
17380,23.5
74193,9.79
249033,35.02
198357,56.22
207000,7.390000000000001
126311,2.39
222459,10.0
135199,4.59
269863,32.0
276542,6.14
180243,7.939999999999999
25638,60.14
137859,5.39
20657,19.6
14167,2.96
291117,4.46
271848,10.705
208725,21.99
120618,134.7
11269,26.34
241123,3.49
277351,12.46
156609,163.86
65668,21.145
211974,14.95
133013,5.54
168789,12.8
211065,16.15
122843,41.925
233835,45.99
224435,4.97
278280,50.22
120924,7.0
262791,19.99
286182,70.49
228157,29.13
72543,13.99
242702,15.989999999999998
231023,11.72
42814,51.57
12077,11.87
142627,51.54
7372,4.29
260196,3.98
250621,22.82
250089,30.89
79184,6.865
229926,5.97
64653,12.49
180002,7.74
111265,31.31
32536,6.74
75034,33.24
20294,93.46
44705,8.485
33770,13.13
272021,8.5
160678,1.37
88742,2.99
84594,6.49
201234,3.88
262656,29.79
261902,9.98
22590,6.79
68973,78.99
64789,14.0
177697,4.74
208918,60.0
177365,52.49
2011,88.39
116706,83.14
218519,9.99
234043,22.99
90869,5.14
209196,4.97
189155,13.5
187414,6.0
74595,6.525
60208,7.735
178459,7.24
10880,10.55
124666,8.49
149045,27.61
25334,16.965
131194,8.99
243992,31.49
228867,15.87
201848,1.99
48143,5.3
279596,2.39
160900,67.99
129454,23.71
119364,4.79
112611,20.99
94642,55.97
146645,26.09
252184,16.19
112999,5.99
224142,4.48
66242,18.72
283371,1.79
292468,31.090000000000003
3451,26.96
80261,10.0
295238,8.335
249305,13.99
226243,17.95
234959,23.99
54130,7.95
222967,4.2
198480,3.49
24429,9.38
228887,5.99
256575,6.99
294408,27.46
181174,99.0
221463,2.5
254221,8.89
41898,2.54
210561,1.69
154605,22.0
275590,3.88
63752,13.0
107034,37.99
162522,3.22
69632,8.975000000000001
160336,13.81
32404,3.935
221263,28.56
278843,26.425
177676,25.2
181870,18.95
2721,35.47
64509,14.35
201454,20.79
224377,17.32
22086,2.49
185484,27.37
232229,39.99
101118,11.34
143576,72.8
259518,32.8
155544,12.485
99343,5.4
192565,15.47
297533,5.64
159215,7.34
167682,9.29
150477,8.49
299247,28.98
51430,8.120000000000001
2084,83.74
287191,6.76
163954,5.96
156969,151.0
67154,17.97
135240,11.99
62892,21.99
76813,5.45
5289,76.44
189428,22.78
205491,11.87
66564,25.06
140265,4.96
93916,6.29
180939,11.99
22001,24.99
295071,3.98
249060,20.49
220906,41.99
157418,159.54
272597,14.96
159538,14.355
51163,9.0
141644,15.99
132318,39.99
240774,46.99
56185,10.89
112523,37.29
147288,88.39
226234,79.99
85801,11.63
0,15.355
10258,29.99
228537,3.99
31054,18.21
278746,51.31
230566,59.99
79790,3.57
113006,13.99
146438,86.43
61376,10.06
123920,17.95
101014,14.85
91844,12.835
73610,12.985
215011,54.415
295513,8.49
58395,10.99
83494,6.99
63985,24.0
154461,30.99
255446,10.49
95015,9.98
214922,26.975
7608,25.99
181535,7.57
54186,60.25
62159,14.1
102884,13.48
38980,12.29
100926,19.985
162621,9.96
182815,10.15
42450,9.985
140738,8.45
77561,20.12
174965,16.65
88450,8.99
208047,46.95
74901,13.99
221103,28.99
183482,21.24
109297,11.99
21173,29.93
267029,35.09
279240,33.72
214134,35.98
195886,65.5
189867,10.49
228253,9.98
4313,8.49
89801,1.975
63017,15.489999999999998
272418,12.715
56661,5.0
289369,11.49
137544,64.945
76005,1.51
91240,12.19
133184,24.59
170113,3.13
275069,4.455
91547,10.12
163026,5.2
194133,27.99
204979,33.96
248564,19.95
232543,51.995000000000005
227327,32.46
82679,10.99
207451,36.49
18246,93.46
33267,7.9
206626,15.99
169212,10.57
18359,64.31
97284,3.58
66315,19.98
147756,81.28
173236,3.99
13201,27.98
279266,3.645
130342,26.435
40244,6.39
255377,2.99
156641,288.58
47849,27.625
283293,5.135
205888,6.98
147242,20.08
41332,6.48
77574,8.0
217086,18.98
58795,4.49
250289,18.45
204328,10.9
20120,7.82
151650,13.99
37354,32.99
246383,19.88
75864,4.890000000000001
294872,4.48
258997,5.94
15666,10.78
142799,59.48
277087,3.645
141751,8.64
183232,11.49
8728,7.99
194944,41.47
234760,18.79
18001,45.51
10783,12.64
13518,27.49
283820,19.25
103872,16.99
213574,13.79
244808,46.79
264350,42.2
17514,61.98
134472,31.71
32561,3.97
87764,6.62
193764,17.22
221430,17.485
116017,38.99
216868,38.1
103871,6.890000000000001
33880,19.33
171567,34.22
107513,5.59
245499,1.32
294871,1.47
264530,8.975
211231,55.07
127206,42.99
113509,7.99
5226,19.99
204443,27.85
94184,4.87
14020,15.8
98323,3.59
148637,18.47
117054,24.99
33148,37.64
70822,3.99
228042,1.605
6565,5.99
146538,42.11
23702,5.99
132860,11.745
189647,21.9
223688,4.46
185504,28.07
189355,7.42
216059,16.49
117422,13.88
135095,8.76
31823,7.65
217864,84.28
251177,62.28
247790,12.98
60045,24.99
95526,4.49
279673,37.85
112471,21.99
47851,7.404999999999999
286840,14.39
33586,18.04
59094,71.0
128288,3.3
100105,15.23
52070,35.49
99098,7.49
91675,45.19
58223,46.23
27876,8.86
156991,94.16
296608,3.98
77877,72.71000000000001
174262,4.29
152819,3.28
168687,2.09
97072,3.49
207955,38.99
62299,10.99
85110,6.404999999999999
255161,87.13
189677,9.62
49819,8.99
103097,2.18
233260,12.79
65767,2.5
196371,52.0
239284,8.3
133361,51.99
270849,18.99
109992,64.99
264076,8.5
146339,29.71
255040,5.89
236123,33.99
186346,16.95
245998,72.99
173974,3.42
253100,2.64
259995,3.0
259885,51.18
117723,4.755
75033,87.93
127862,4.825
149278,52.61
251908,3.375
78669,3.61
191231,2.61
295672,3.7
171873,5.92
123079,11.760000000000002
42934,80.30000000000001
246152,19.49
270639,8.99
83958,135.88
230023,5.29
288045,37.45
257006,5.77
127625,11.35
93050,14.57
47458,4.99
47659,14.0
191761,4.54
152343,27.78
3426,6.79
182408,8.99
144880,23.56
117883,32.7
26703,3.99
99363,19.98
241308,11.6
114525,5.84
149247,7.88
109747,13.29
40613,21.0
156264,9.22
184285,7.29
291087,7.49
257634,12.99
101363,12.99
261045,6.85
118202,14.14
156663,57.92
117721,26.005
110968,9.0
42076,11.99
237276,4.495
180320,26.99
255717,43.45
229670,18.99
125333,7.52
282921,6.99
12250,11.98
189316,94.16
32939,30.99
244534,32.42
58532,14.99
100603,7.72
237580,6.785
15288,14.99
263610,11.66
12549,14.99
133346,24.99
51581,33.17
131670,27.87
265404,59.99
185489,67.49
6990,14.99
24322,13.46
289204,6.99
171360,21.5
28731,15.19
132835,15.94
283391,4.79
200669,28.99
80444,19.245
25617,13.25
83863,49.5
270609,15.195
115489,16.025
210348,48.99
125923,17.98
225772,23.49
80346,40.73
298290,1.87
123394,7.99
42905,13.99
200148,7.99
275778,2.79
257340,19.99
39929,51.94
249603,2.24
33423,21.3
143249,31.95
243296,16.080000000000002
161471,87.48
295741,5.87
116454,20.405
284027,27.76
114512,32.99
263676,2.3
284194,6.99
135054,71.615
48660,6.59
218578,7.99
198585,8.13
80786,20.145
167662,24.99
18446,44.85
145418,21.155
184722,3.98
235172,30.37
249788,22.99
133644,5.11
189115,9.99
104220,34.78
215294,5.23
69140,24.99
160478,20.45
46325,129.69
172426,6.88
256829,7.49
10393,17.99
64852,38.49
276666,5.04
54485,98.0
231234,8.98
64760,12.66
25290,28.95
146492,35.63
2006,50.58
63648,29.99
65677,22.97
18363,93.46
262802,26.95
116192,9.99
238529,32.97
23158,34.945
286778,1.33
260970,2.25
298820,15.47
256119,37.99
90830,75.65
77090,6.94
6516,40.0
280675,3.24
143234,28.99
70868,48.99
129751,5.74
232358,41.34
156098,20.15
206590,24.0
62869,28.48
220151,12.97
81111,35.12
159366,11.0
208555,24.085
238666,57.99
55915,20.98
7443,20.24
200962,9.43
25933,4.19
97477,5.0
2605,56.37
250828,13.66
178715,8.4
273082,4.965
232858,3.88
60779,5.0600000000000005
246723,46.99
253707,14.9
224056,129.0
167134,34.435
277503,11.97
25236,13.91
103555,13.989999999999998
198775,1.58
274471,3.69
74023,61.5
276940,22.68
229287,7.47
105321,9.99
111821,29.99
60441,3.59
119883,4.59
263200,5.69
6503,8.97
103584,3.36
65960,22.99
172562,8.51
214904,11.98
189590,4.99
294046,2.79
251999,23.09
286689,11.24
240685,36.99
126650,20.99
107244,40.685
23713,30.28
214113,13.995
103365,16.49
7059,2.88
205857,4.59
234621,13.99
179164,6.99
68328,2.69
118734,10.39
89409,57.99
175815,29.99
37797,6.49
15175,5.59
184652,22.97
171794,24.49
248287,11.85
263073,198.85
109063,29.18
122701,104.75
73842,12.99
31291,125.22
210347,44.99
75751,4.48
96259,12.63
96337,9.99
170306,39.99
247669,28.41
163835,28.5
180955,10.95
28102,1.41
92405,93.21
214288,6.59
192547,6.19
1275,10.99
199236,24.95
187592,14.99
133364,15.99
144684,2.0
263814,70.87
20094,78.86
349,28.49
221639,36.41
166034,26.91
145728,35.63
286591,9.285
106533,23.41
266276,27.48
256440,5.13
210951,24.99
227125,37.21
168522,7.99
128234,4.55
11513,31.705
207863,3.84
97281,2.49
264168,5.29
132256,54.99
265753,4.78
36590,3.49
182729,18.99
203907,9.99
241917,16.99
5059,3.48
119944,22.99
61712,6.98
262993,37.865
115287,28.0
218581,3.42
24159,15.825
244904,11.25
227006,69.99
193406,4.99
146773,97.46
125453,15.99
162220,2.29
127475,3.685
42939,27.63
28510,81.005
3165,7.25
74089,13.99
93668,6.49
254125,9.0
205182,9.86
7144,80.59
264299,0.99
76470,63.99
290996,49.49
146425,77.99
147549,9.885
244823,236.25
197656,33.99
162881,49.49
30740,5.29
119347,10.49
7384,8.73
149396,39.71
283528,3.61
236721,53.11
15001,18.61
196689,7.99
63194,7.78
4637,16.99
129937,128.83
23444,4.19
90060,9.99
293088,1.48
276631,1.84
223794,11.88
268657,33.99
252967,11.69
135231,30.405
240532,9.35
55477,18.41
230531,14.99
110487,19.74
272873,27.49
143844,97.46
54161,7.640000000000001
72837,84.99000000000001
198229,6.27
262022,5.79
176098,37.375
69704,10.98
40411,3.71
245257,44.12
293923,13.98
147757,38.92
273084,50.22
104783,14.9
77640,9.51
114544,11.965
74009,9.18
227034,23.95
77739,2.98
163504,108.66
26586,4.59
190667,4.795
44788,33.975
154401,32.285
172423,6.82
288903,14.41
262795,9.205
286606,5.27
232771,8.99
296300,15.29
6106,16.18
232607,32.495
131343,2.875
18464,64.31
142374,88.39
154369,26.34
165946,3.59
15577,2.79
113724,13.12
93076,32.95
279427,15.89
258575,12.61
262804,17.39
227298,31.99
147997,27.4
163150,4.640000000000001
82923,2.72
185571,8.74
67288,62.99
263428,2.54
12597,14.21
130492,4.44
279366,7.73
221480,28.41
296328,25.0
33173,8.94
72142,115.95
35379,11.99
99002,15.63
286830,26.91
152426,24.16
127091,2.5
109460,29.99
210022,11.97
107202,27.455
12490,32.99
265422,7.24
68889,31.99
79630,4.835
290585,9.755
120182,2.985
199797,5.49
69618,4.79
19927,93.46
268629,11.89
18860,26.14
123143,34.99
101662,2.935
226846,4.34
94811,5.15
25010,9.99
227861,14.99
183627,14.31
142605,56.56
118148,50.22
131978,12.07
71335,5.48
205709,13.035
231504,24.65
186920,2.49
110224,18.99
296893,3.125
220976,8.185
68044,34.49
10131,5.0
139128,11.865
262416,5.99
169990,2.625
235353,41.52
70586,14.98
14962,17.85
205988,37.06
73765,5.835000000000001
65041,126.98
20648,65.18
280536,10.04
131580,18.49
185241,5.27
89545,2.89
195129,3.82
285296,3.99
289128,9.69
79491,7.5
130384,6.99
108206,14.99
251211,2.52
201124,3.99
83077,24.49
71725,20.88
11895,27.0
158035,19.61
85462,4.49
211857,100.4
110763,11.39
191861,21.155
167015,3.82
91632,14.625
47994,5.390000000000001
271503,21.97
248218,12.78
243938,35.59
65889,36.995000000000005
249909,10.91
71228,26.29
265653,23.99
212374,29.95
27769,14.68
211966,114.15
98262,8.35
150515,4.99
292933,24.075000000000003
183301,2.0
168125,18.99
193681,22.99
221322,4.94
156467,19.76
56594,10.295
200485,19.99
61725,15.54
200368,12.49
135607,43.99
201021,6.63
246640,45.94
186105,48.29
213866,33.19
123628,17.99
52564,89.97
84265,5.3
233168,18.68
129815,16.99
284565,2.5
75935,18.88
251706,21.49
76681,12.98
1599,72.8
12580,7.390000000000001
275456,15.89
89531,6.470000000000001
211625,136.99
98522,32.74
81946,4.255
74110,6.79
172955,21.94
171557,2.79
235866,96.98
286327,32.63
38121,3.99
293077,2.96
150824,18.97
162310,10.99
290236,7.41
70194,74.95
19402,37.63
62870,21.0
73530,40.0
72244,4.99
63246,12.28
134126,3.49
144161,28.23
241350,6.1850000000000005
14635,17.47
36480,2.09
136396,31.51
264825,12.75
268406,8.425
135617,53.47
277505,3.4850000000000003
291902,8.14
88416,21.99
248142,6.29
150738,11.39
26398,4.485
152121,25.47
131030,45.99
48579,6.99
247410,20.99
242216,17.2
95775,9.985
19811,33.5
44318,1.56
72658,27.52
184328,19.99
28255,93.98
29351,9.9
291963,11.24
173556,3.99
234925,19.25
251696,9.1
134495,48.55
87092,5.78
167013,32.49
204926,21.78
134617,14.98
161559,5.13
188067,11.34
291504,5.09
38614,52.935
284936,12.81
131115,5.0600000000000005
176063,18.99
210099,39.88
173197,14.11
10894,17.87
212671,13.85
147534,5.35
283204,32.12
93002,11.99
71764,4.79
35718,7.94
39743,21.47
123924,45.95
94849,3.79
101966,1.99
267912,3.79
266917,5.835
82574,4.505
122024,12.49
180603,12.595
38221,10.68
68853,25.0
166437,1.86
31410,5.21
29367,12.99
79642,3.46
193206,6.29
41201,5.735
250161,6.82
242996,57.99
98585,5.61
245448,2.49
200456,8.88
118321,32.75
139366,33.0
195414,51.13
167671,6.25
191631,4.42
264676,12.239999999999998
195525,157.72
291029,47.02
197546,7.99
74637,23.96
195706,74.67
23416,22.99
294376,30.545
106224,8.97
116484,11.82
114584,3.68
121641,30.39
79743,8.33
63981,9.175
144690,7.470000000000001
30922,49.475
128063,5.91
176075,12.29
141496,5.33
72388,3.89
294566,6.38
47432,10.99
148198,1.39
37152,0.78
251124,5.74
278505,1.87
76617,2.58
137986,5.365
167598,5.27
64604,7.29
277190,5.45
196206,61.07
102610,42.99
105369,26.48
122719,34.49
113176,32.95
255574,10.52
279443,13.69
246554,4.915
85750,5.75
287286,39.95
35078,2.7
16873,4.18
240848,44.86
245260,5.78
125660,39.99
297034,22.99
42336,120.99
264541,8.975
26394,84.11
171321,8.725
240533,5.79
5171,46.89
107602,11.58
272625,14.14
86065,7.35
88067,2.29
82800,12.84
285826,13.935
49845,6.01
141157,55.99
27207,5.99
263342,37.56
74759,19.94
212727,22.99
187687,16.0
65398,13.49
286784,24.99
227836,5.49
100742,3.69
159237,6.13
24530,37.92
261827,5.985
70018,7.27
182231,26.15
54803,4.74
106503,24.805
203721,11.98
48521,3.82
267582,6.98
5169,77.04
72257,34.36
4468,21.99
58630,1.67
252854,8.485
32727,22.95
297979,5.49
166242,94.29
56883,74.99
296392,12.99
283095,27.25
153413,3.48
141839,38.07
170639,9.25
51788,16.99
231315,36.99
263408,1.34
226232,208.81
103600,8.99
112055,204.6
190436,111.04
11758,12.95
161627,14.2
240473,16.39
38183,2.82
196039,30.16
286036,13.79
70034,29.99
94936,10.98
250941,53.885000000000005
148340,2.98
6624,30.4
188403,2.99
40749,22.78
244949,15.49
173865,8.98
246249,31.09
235961,46.99
257749,5.805
255912,11.99
26822,73.38
279667,37.66
250538,22.99
203068,8.75
148911,17.145
212488,1.365
124551,9.89
39215,4.975
589,12.39
194502,4.73
168943,67.99
188177,19.36
46946,1.015
33447,28.69
124620,20.745
195917,121.63
164324,4.48
238503,9.99
23973,29.88
132513,8.99
291282,4.46
116161,25.99
16253,7.065
57448,10.89
291803,102.98
81750,10.0
259130,2.745
21195,14.99
110735,3.99
263668,13.85
101348,54.98
243609,52.27
215718,2.18
60429,3.49
116294,4.279999999999999
122076,29.99
154274,13.99
73618,4.99
220744,46.99
242673,1.5
60003,5.470000000000001
110012,1.96
137838,6.49
135917,12.99
22287,26.95
151139,7.97
214044,7.99
27969,7.515000000000001
113658,22.81
169082,29.0
107621,6.99
165915,30.99
10520,10.99
166522,12.14
4441,4.82
157595,99.56
84328,4.24
293846,10.49
54561,88.33
12876,1.99
228600,6.99
269253,41.0
33504,56.49
99237,9.99
73069,14.99
248732,25.98
201411,179.98
65929,24.54
11803,10.47
273290,9.96
145591,29.41
86886,9.0
81225,56.86
233029,2.69
45618,9.99
5103,46.64
150198,16.74
200718,8.83
140173,4.37
91910,27.95
16289,5.665
227664,10.99
644,10.685
213673,16.95
283194,23.24
207626,11.12
287813,8.045
286638,9.665
159919,6.52
291276,4.59
7323,35.99
47457,3.98
288685,8.99
284621,7.99
162792,4.235
257392,28.41
273168,70.99
299039,32.49
64784,14.99
169283,1.32
112185,10.95
217099,15.99
159494,8.545
257568,19.19
90070,3.99
284103,6.49
201884,5.17
117579,39.99
138147,5.220000000000001
249745,16.485
281828,3.99
77543,24.0
295144,16.82
238626,65.94
228032,7.99
214789,16.79
204575,16.64
152068,26.21
216887,0.99
137949,28.73
199669,3.245
36110,5.79
286008,37.17
284269,6.98
275278,9.99
263784,5.99
186301,18.49
250294,14.19
1707,56.01
43906,10.88
115327,8.87
230642,22.9
18584,6.85
299202,4.525
183057,22.95
93478,11.85
246833,1.24
42715,1.59
268426,9.99
281915,4.74
13813,11.99
23111,13.75
144472,11.69
295515,11.08
275187,2.67
150060,45.0
87358,28.99
70893,8.28
98763,6.94
159751,2.04
79939,2.89
48400,2.905
137051,18.99
214990,36.04
63498,11.99
78136,5.94
260348,2.48
145671,77.04
141201,10.69
241794,36.99
180284,4.75
105243,39.99
160180,15.795000000000002
212627,0.99
17190,1.5
197209,11.99
258412,10.01
77560,14.42
209671,18.99
50458,16.99
64089,15.0
135926,12.0
198507,26.98
167238,65.405
198292,9.31
82505,3.255
126216,22.99
165004,5.109999999999999
116109,94.99
136583,3.16
152993,2.8
172694,16.92
144361,52.61
55328,17.99
235660,24.99
94884,3.58
177979,2.99
99222,2.58
62378,21.6
82264,13.49
210504,5.99
274756,6.105
200490,29.99
151593,3.29
195033,5.975
218229,75.39
279473,32.36
209690,33.0
28204,8.135
160384,25.42
44558,5.29
227205,10.0
288022,7.74
85381,9.98
197093,22.99
114833,35.99
167354,1.505
216626,67.91
140874,8.54
229631,7.875
13592,7.69
299298,10.49
235120,116.8
191363,4.5
52251,3.19
261281,39.99
173599,53.99
198028,48.98
178212,19.95
84444,7.8
1983,57.7
90499,21.47
135051,18.99
18529,3.19
297933,1.985
286077,5.84
253386,4.245
28809,9.31
189795,22.305
297835,27.99
190670,4.67
57765,19.99
229526,18.29
92791,22.67
29245,5.975
290521,2.19
129734,9.89
129209,4.29
274184,14.49
118980,83.99
68660,52.9
130667,18.71
129302,13.95
226873,3.99
157173,131.31
259461,4.89
55895,11.49
263344,4.550000000000001
53804,8.95
36889,129.32999999999998
13903,17.99
198104,26.95
289009,8.38
223392,13.47
170096,33.475
213196,24.3
263099,206.64
122406,82.0
283651,1.98
207907,9.29
10406,9.975
245020,40.99
133490,14.99
64100,9.99
46765,4.99
143878,29.13
91758,55.0
220814,12.99
235420,44.79
45539,8.01
207956,37.99
296373,10.1
39448,7.07
259416,6.98
82516,15.1
199721,108.84
248100,13.98
238277,29.99
135818,15.99
239439,8.95
181340,10.52
84026,5.97
114874,8.79
295298,44.99
127214,59.99
164749,15.71
211681,70.32
98600,49.0
280127,4.5600000000000005
51941,38.0
258988,7.99
74471,21.81
93001,15.035
34444,6.49
135694,12.59
82547,3.12
290638,41.89
153104,9.86
94112,6.09
93736,11.31
180442,131.8
98388,53.41
98024,2.99
205632,12.99
49306,9.99
158449,13.95
236601,34.82
6389,7.49
249751,15.485
173695,6.545
40614,2.99
140138,9.97
140722,195.06
249388,5.99
273405,24.455
24030,7.13
181473,12.87
36068,4.43
236867,9.85
139485,2.29
238060,10.625
214903,52.98
160136,9.55
246999,31.52
281572,1.59
283678,70.96
274540,15.12
92951,25.99
74749,62.49
8286,29.95
65943,2.89
133475,41.445
155745,38.265
101423,231.98
18812,93.46
262073,18.99
71175,13.45
219386,13.45
287885,10.1
221019,20.0
207659,24.42
292022,24.99
172011,5.66
22237,14.99
16409,22.455
170728,6.33
123398,21.99
95021,13.48
124397,89.99
202298,10.97
38245,2.94
250188,125.48
152669,10.69
76304,25.99
135936,16.99
160560,14.99
293635,13.99
118743,10.81
132924,12.22
235155,18.37
118921,14.99
138849,10.0
113842,14.489999999999998
170475,34.99
227960,199.99
276909,40.49
201726,41.485
277047,8.5
72330,7.5
166283,14.07
218758,36.36
57099,33.99
2362,53.01
251079,8.99
187515,13.27
86183,81.18
275660,5.99
67665,43.99
218636,17.75
80589,19.99
196359,17.39
100401,14.99
275835,18.965
266376,39.03
281265,13.99
285516,5.19
288817,1.25
42888,75.99
100484,5.35
4373,17.99
146984,81.92
35909,1.785
182164,12.59
251088,32.9
275131,26.25
81284,5.89
144360,27.4
254525,17.34
181936,36.99
160410,9.42
266381,6.48
173971,3.42
92742,2.94
81812,8.16
154664,14.99
169566,5.39
148173,2.0
231555,59.99
72651,6.29
293679,16.99
85244,14.49
11550,4.46
105913,25.55
287606,12.99
86154,21.27
25701,14.99
163908,10.485
105660,3.825
146417,56.37
141264,8.475000000000001
175774,12.99
43191,20.35
152534,27.69
77845,35.08
53403,12.1
130547,199.0
45288,1.72
65811,76.48
114475,22.5
114250,12.68
245286,26.87
222454,29.99
235508,32.77
290188,20.99
149526,86.43
265162,17.0
53392,159.96
204219,12.84
172896,2.48
135448,12.99
41935,12.09
256370,1.4449999999999998
223120,50.97
270053,3.655
8751,19.375
78644,20.445
47028,109.96
22074,15.0
165468,78.47
138976,9.0
269996,14.495
19906,50.19
113484,12.72
147676,46.8
169489,19.9
16118,69.95
131216,11.43
136706,3.9
203424,39.0
227780,1.42
198584,5.79
88879,6.72
255390,14.27
147725,86.43
220659,10.7
1027,3.49
19830,5.555
264303,7.985
106488,3.49
249518,2.69
148827,11.52
255800,36.49
57291,41.99
21501,4.74
205223,19.45
110228,56.99
10471,19.99
147366,97.46
198834,5.37
127580,14.54
226533,23.04
39750,12.95
264236,14.88
163684,33.88
243029,16.99
167340,26.99
247694,13.99
149851,18.55
253053,4.5
257537,12.99
38380,12.035
92012,29.99
186532,3.2
30097,14.99
108851,16.8
152998,16.24
274979,23.35
50733,74.99
13912,14.99
34961,17.025
100376,2.99
36443,21.29
89435,9.29
233290,13.74
40167,4.255
4813,19.04
243214,20.95
256327,12.82
297451,163.88
45687,6.39
118478,70.11
136369,8.99
124543,16.95
66944,13.88
274481,11.99
79424,11.825
3848,7.87
90699,46.99
2363,77.04
161078,163.09
65629,15.9
78981,12.62
97495,15.989999999999998
51846,20.34
252079,38.99
12533,30.99
114394,31.99
202859,7.99
174351,4.635
204949,1.62
67538,12.88
218357,25.99
277560,4.49
31165,1.94
279435,3.43
94638,30.435
213077,6.24
245932,12.99
192724,11.99
41122,19.99
158265,5.16
60908,29.25
173155,4.48
220176,19.99
32465,32.21
131358,5.47
114457,32.95
243440,23.0
191399,6.9
219307,14.88
83459,2.99
6715,2.99
279583,14.99
210752,56.98
277385,4.635
81760,7.705
156377,10.19
169205,3.49
146707,27.61
148652,30.83
278601,12.0
52849,6.79
281296,6.41
18275,54.69
166031,6.41
178298,8.79
20944,16.82
168167,2.99
79007,5.79
276689,1.735
230577,40.99
102711,8.15
236964,14.52
197512,26.31
25032,20.75
130322,4.34
30276,6.29
155219,57.5
282802,11.215
39432,48.99
2715,58.69499999999999
210992,47.98
86194,81.18
98049,9.5
141250,16.99
147127,12.12
299165,7.98
91001,24.39
128570,30.99
30259,3.84
230337,18.99
74566,13.49
142678,35.47
134685,82.17
223533,4.48
145396,5.390000000000001
156854,194.29
252963,15.0
217147,34.63
215728,26.98
288185,14.635000000000002
237356,7.99
141012,6.69
182561,12.905
135434,8.98
231783,29.99
212406,43.3
186702,26.75
55207,7.125
151398,8.6
153564,7.27
194907,38.95
70576,2.99
211222,10.99
140975,15.645
29768,4.79
163034,7.66
19200,37.63
66482,33.04
61157,4.99
223052,14.99
45556,13.49
21674,22.87
217722,2.87
141114,11.66
188589,5.33
260747,40.22
199873,12.57
165125,6.69
286466,3.635
226832,5.44
8745,3.64
80036,3.79
62758,9.98
125996,16.31
185332,2.39
86813,4.390000000000001
167119,1.56
134195,16.99
28850,2.27
47597,2.98
224583,9.4
48988,9.5
277395,11.025
240266,26.465
67991,3.79
28925,19.99
55332,111.95
92777,2.98
236469,2.99
12382,26.24
204471,4.99
102297,49.14
155763,6.71
122284,4.49
87013,12.95
268874,31.51
272378,13.66
70667,20.99
261548,21.99
89260,4.975
272079,5.99
153531,10.87
143911,29.36
197514,20.18
234974,12.99
293149,74.7
160093,24.96
55964,15.1
41453,2.99
137633,6.83
203006,16.78
91953,30.99
176667,4.99
67616,39.91
136362,10.59
297118,27.58
250601,158.25
90310,3.58
174260,6.27
160926,150.22
213468,19.95
102087,16.99
62199,5.96
125691,19.99
235103,50.4
250679,20.44
176941,53.37
43123,46.0
98341,47.79
259576,29.725
237070,69.99
6160,17.99
232719,14.99
30918,15.38
232962,25.82
116319,16.99
223745,3.0
195688,93.5
124709,5.94
259302,10.25
50041,6.335
50580,4.09
89014,3.08
99658,16.99
263521,3.57
130645,119.99
1589,38.54
169059,3.73
142185,56.56
85606,4.79
128371,7.99
58509,4.72
5437,72.8
82652,2.29
218869,46.26
292991,7.87
730,16.99
227240,23.11
85565,3.46
128289,4.95
68704,26.99
17867,9.19
117150,6.49
155462,8.9
249277,35.69
53844,8.49
29277,1.92
189536,5.65
73548,10.35
70925,11.99
147050,45.27
189679,12.99
85729,4.655
82405,3.69
158101,3.99
87163,4.279999999999999
117607,29.0
180135,28.99
13034,23.4
304,10.79
115821,9.485
155048,9.99
288551,4.74
287960,57.18
120917,6.29
148580,88.39
40977,25.19
30285,4.99
70710,4.69
83823,3.38
245463,32.99
120090,16.13
199177,72.88
72222,4.495
100119,12.99
145865,8.4
135097,36.95
174153,238.61
262700,27.04
105733,26.95
73715,7.49
154227,8.545
118803,32.98
121090,21.3
198748,24.97
68728,25.99
222269,24.48
136108,17.35
170015,49.45
105430,5.38
184664,27.4
246739,38.41
147559,1.99
103592,1.88
184624,11.48
175065,8.8
44812,7.07
137716,29.46
143688,30.83
228837,15.87
165649,3.33
16803,30.5
33731,13.99
177961,7.98
61999,6.11
24570,16.979999999999997
255451,10.46
221192,6.29
294848,2.99
174116,43.92
20291,37.63
18938,79.95
226003,11.99
69285,5.84
290846,6.49
42456,12.86
198651,9.0
297823,17.99
220830,8.88
51433,4.65
11530,7.13
24277,6.79
6438,7.68
206427,39.98
220032,10.79
35675,3.905
230424,39.49
141136,19.865
72223,10.99
222427,81.49
15697,15.9
177347,13.99
158935,67.81
76902,27.99
190915,15.55
241742,4.39
11458,6.15
162410,1.68
229229,12.99
159243,4.77
114546,6.88
263267,23.99
163507,51.99
14000,9.465
92948,8.99
228399,3.39
147138,4.96
222362,5.74
214683,19.99
76512,19.44
193855,20.235
36143,3.39
195326,44.65
63895,19.81
246821,12.99
216179,14.45
244224,15.0
231096,53.31
29634,6.74
169166,21.09
82601,4.1
22135,1.88
279413,43.62
147339,86.91
197391,29.3
264,6.17
20102,33.5
207246,26.99
130365,3.39
283803,5.49
25002,9.3
246400,4.99
297121,22.59
183093,2.865
254203,4.79
2294,35.63
242078,9.99
273036,10.605
255774,32.5
137107,5.38
61577,83.99
17329,22.99
211827,8.99
63694,23.99
193478,27.33
164091,14.99
202439,43.59
262551,58.25
29690,1.08
258857,52.22
12713,25.99
221573,9.99
150955,8.775
61823,13.5
241089,12.495
246304,41.74
206031,5.61
266667,49.49
295377,21.99
192904,18.99
233758,20.04
133850,44.99
275865,5.97
182823,13.99
193748,11.18
296242,5.09
138061,34.98
252111,22.96
43721,16.945
119851,13.33
211448,51.84
105282,8.79
176700,4.26
263643,23.66
281863,2.53
158552,13.9
20303,50.19
156853,115.01
3211,3.99
23739,3.58
70286,10.38
40217,4.19
190004,3.25
93284,11.4
10137,34.99
83141,3.33
44419,32.99
260107,26.99
205425,8.99
164054,2.99
187727,40.985
5810,189.98
157787,62.815000000000005
177517,16.99
46340,22.22
194312,17.98
212787,21.495
234445,17.99
180181,18.99
211353,9.99
99980,2.19
238983,3.975
272223,38.6
186134,9.99
37127,1.885
170239,2.99
74015,41.0
196752,4.135
217014,2.64
204502,16.99
116086,46.0
274917,17.8
190206,4.79
256270,29.145
286173,53.62
83811,4.48
66199,6.61
104125,7.88
214215,16.98
151868,15.81
50814,8.98
252173,4.39
129839,9.760000000000002
13704,27.75
50788,102.68
9724,7.58
47550,3.84
217124,14.989999999999998
259141,23.71
193218,3.985
119202,23.99
188670,28.99
132573,85.96000000000001
94622,6.59
149684,52.61
1413,59.2
189352,39.99
9671,66.75
171681,2.455
6029,29.99
25397,19.875
179738,9.99
243358,44.95
58588,12.98
55647,139.94
190073,7.59
296488,12.99
205566,4.78
184823,36.9
282343,2.74
152163,48.34
230223,56.49
75652,11.36
143781,59.2
242319,59.99
276129,2.04
275266,8.99
124885,137.49
155026,13.44
10866,18.99
74364,35.49
282672,49.0
285354,14.5
173924,1.225
156618,67.99
121708,40.39
30625,1.99
231959,9.43
36053,5.49
84164,7.38
290304,4.99
98875,149.0
2319,68.14
233595,19.65
108799,10.08
111624,114.99
137734,24.37
289224,11.375
194839,4.49
260524,7.29
233286,5.13
231253,8.98
273581,7.99
192417,29.49
101109,3.12
55538,4.85
5404,26.99
198283,68.97
169414,4.84
3418,6.365
287704,8.3
233611,5.49
170997,25.93
297186,10.905
61183,30.91
215421,32.84
108231,11.92
216362,19.2
3164,9.49
56200,99.99
222641,15.915
148962,50.13
235867,76.98
41693,6.98
20152,54.69
166077,6.415
9830,21.36
144591,4.82
252824,11.26
176054,4.145
50743,14.99
185492,2.99
154007,8.99
81555,9.44
153292,9.49
234142,4.145
289806,21.94
165364,2.98
145230,20.08
131205,4.73
79041,10.14
122789,104.75
118662,15.495
132178,6.28
194244,12.49
152620,4.66
126516,13.47
115918,4.79
232544,42.98
219542,7.99
233040,60.935
121122,9.735
214894,26.98
192601,19.99
199128,8.5
138995,9.07
197015,29.99
128611,26.63
261611,37.35
135472,15.67
284559,2.905
236366,14.99
157760,15.39
255893,9.495
61311,71.99
238291,29.99
189241,55.28
197208,16.99
170996,28.59
242095,21.0
41978,75.99
245056,52.99
60620,7.24
283791,3.49
87884,1.19
35980,27.58
115716,25.99
236660,7.895
187701,4.12
281720,2.29
281106,20.16
241311,14.49
37776,2.53
3220,6.57
181414,8.82
192750,7.12
125305,3.745
48810,1.89
171679,3.64
170588,15.49
204088,14.94
111007,16.18
6724,57.5
186238,11.0
163583,5.58
30641,3.145
296746,24.99
143407,8.27
216344,1.38
71439,11.85
85669,5.74
295779,11.47
35194,1.89
202792,4.99
99274,9.68
166580,44.98
37385,6.99
35603,2.705
61112,3.79
109726,3.78
172060,7.99
127964,10.99
233224,66.99
51815,8.495000000000001
110208,15.62
153537,30.8
291216,13.99
60759,13.55
60752,7.99
169751,8.39
274286,11.9
119205,17.99
125785,49.95
156011,25.9
160557,6.13
26936,4.39
190418,15.38
423,14.9
21097,6.869999999999999
257499,5.59
31988,11.52
28189,14.99
266447,6.39
283810,4.640000000000001
111247,15.35
144252,80.86
234442,6.995
98771,7.48
255696,6.74
211166,28.77
2103,34.5
134705,40.19
93530,74.68
156160,1.22
52030,3.49
199573,28.99
184607,8.46
279323,29.745
242224,19.99
204833,10.5
204682,3.12
121796,122.98
228654,9.99
37995,4.52
223001,36.0
48434,4.59
288325,3.36
95328,4.795
108488,73.92
108918,11.505
217545,65.99
113710,56.25
297428,2.01
142313,56.01
158225,40.285
227905,1.9
242187,6.29
82939,9.435
134077,25.48
289044,8.95
186676,24.99
36616,21.395
208026,14.72
129797,7.17
158257,9.24
180718,7.49
82768,16.99
242384,4.19
146090,24.29
242914,4.79
20980,54.69
43269,1.49
73753,127.86
96045,38.69
68037,35.46
46204,6.49
65782,9.0
221629,9.125
239862,16.99
30537,6.69
36140,7.53
45726,5.95
159250,40.375
5858,12.99
26554,33.455
264281,3.535
73456,12.99
21799,1.68
172771,4.99
258074,1.84
45397,4.46
290311,2.53
260791,4.52
89499,6.09
199410,3.855
83032,21.88
272543,19.99
226810,439.98
43101,5.64
198010,2.99
285063,3.99
101533,54.88
59114,12.0
229951,13.75
3912,7.19
86658,34.51
179230,35.99
181097,16.245
59169,41.215
125602,2.89
241065,6.575
3982,21.52
77707,115.01
85083,15.99
47693,10.99
104426,111.99
114502,74.47
31813,7.74
271070,9.49
196420,32.99
13273,8.555
259785,40.2
289475,8.64
154324,25.635
261068,30.99
135131,2.02
270863,46.99
70769,37.14
34879,9.29
31197,5.49
84075,2.3600000000000003
105663,3.77
211446,67.99
175791,2.53
45374,10.97
228667,32.19
198653,6.49
236044,3.99
146002,141.62
210964,6.99
185190,12.99
34632,7.36
162090,6.19
237236,12.75
263969,12.99
124963,22.99
107160,18.0
213033,167.99
29054,34.78
82550,2.94
27539,37.99
120503,40.39
133794,13.42
33019,4.49
282124,4.59
55992,4.89
92244,2.6
123872,7.49
74906,10.99
155139,43.61
217973,63.76
186213,5.99
99433,35.69
240844,10.69
194179,14.99
215864,4.96
71690,37.94
287021,10.94
123790,7.99
156799,157.03
165218,1.97
94462,0.98
267534,6.215
204683,24.99
68262,4.75
65659,16.115
290038,9.815
181697,12.455
878,219.99
18981,4.49
231908,79.99
147425,80.86
196633,56.1
129540,8.14
284556,2.82
240873,6.05
55596,13.25
194584,4.99
145510,35.63
237242,23.93
254279,12.48
272588,28.84
13331,14.330000000000002
14839,19.05
120799,9.99
76836,3.14
111845,62.49
160391,15.89
144536,10.63
283775,18.68
186697,15.94
57750,21.92
298844,36.495
238311,10.0
132975,30.0
117251,34.99
93845,6.59
44444,3.98
163490,149.89
295682,24.23
76154,5.69
174709,4.735
136222,14.46
150418,21.34
248295,4.99
46008,32.76
252408,6.19
40054,4.94
75517,1.34
199174,2.07
201216,16.5
74029,36.08
253040,11.99
36737,10.45
23131,7.145
200424,4.48
117730,44.99
228132,29.65
155203,13.0
131456,5.66
202321,7.99
88489,82.79
105451,51.065
25214,10.0
107787,15.95
159100,18.91
251252,1.84
255163,98.56
236812,33.74
24010,36.99
10491,4.42
240949,15.595
45480,15.87
246675,0.975
158975,9.58
167471,17.805
55980,10.84
250798,15.36
197024,17.99
104279,8.99
102935,12.645
78127,9.98
115415,72.99
258854,19.95
253032,2.58
123575,13.99
191671,16.99
162317,29.450000000000003
15653,3.99
77348,1.49
71306,19.0
41994,5.34
2856,3.49
132880,47.49
229356,31.095
198914,2.05
267936,7.605
16275,8.425
184563,8.74
100594,3.99
417,15.95
203399,40.99
243928,81.18
284485,3.37
16730,8.99
47740,7.99
210603,6.99
50830,22.98
85953,36.99
188459,7.99
48150,6.845
184796,21.4
192075,10.65
3525,49.99
227978,6.74
177935,13.62
261352,17.99
27718,9.69
12355,17.5
249213,5.54
93645,15.985
299383,3.245
157177,137.94
58648,30.0
101219,59.99
213851,18.48
146345,12.79
241780,26.27
239914,10.9
11152,12.48
236047,10.24
111596,5.44
1356,46.89
168042,14.54
270512,12.64
12466,35.95
106713,8.99
58021,11.14
288560,29.36
18270,1.99
112500,15.34
55259,40.0
155777,4.99
142845,18.55
162708,48.07
5763,6.59
28993,61.68
120340,14.12
158674,9.07
38399,5.47
243203,21.79
112127,56.0
172863,0.98
57436,1.29
291374,16.87
295778,12.16
7643,25.98
145601,46.64
278618,38.99
191985,3.835
200843,29.99
33631,9.8
121197,12.98
259255,33.84
268661,19.99
290341,5.995
220824,5.495
60440,3.33
239313,42.95
287190,16.0
259507,20.0
93528,4.56
232793,2.79
132386,68.35
287994,7.23
95850,37.18
50914,8.49
97922,3.64
168646,94.74
143607,76.44
215299,1.29
54052,14.99
120276,28.88
217686,4.98
135305,16.79
193794,14.99
119315,8.44
12633,22.15
178410,8.195
115191,10.99
46332,85.42
198447,7.45
28724,8.42
278949,64.99
40897,17.76
265461,7.300000000000001
130627,3.75
240981,7.45
61898,13.16
213276,50.99
198533,37.265
262277,4.205
155684,20.99
157659,25.845
40634,22.99
240046,33.89
32060,14.29
77996,7.890000000000001
267777,3.99
79663,4.535
140989,33.0
73557,22.83
277453,4.385
151811,7.24
90624,21.95
95955,29.99
280149,15.075
206501,66.98
242002,12.935
73907,70.77
143142,24.99
50145,21.99
88877,7.49
101485,39.95
60236,9.99
253208,5.42
236098,28.99
243796,24.95
41420,1.69
197056,10.67
172995,7.18
198396,12.39
126481,4.585
6665,7.435
47188,12.99
156828,181.68
5116,56.56
13961,8.59
169915,99.95
298190,13.21
3228,8.59
167765,6.84
200838,2.825
174158,32.725
179468,10.0
43645,7.29
12245,14.99
128163,34.99
54372,5.64
123386,16.99
219124,31.99
237679,10.99
205534,57.99
199150,9.98
277055,4.17
135942,17.99
142566,34.5
261930,29.89
84758,20.115
46565,13.95
227853,35.99
11999,11.98
218076,7.99
57411,12.77
159953,6.98
269993,5.17
61288,41.99
149802,16.99
54269,30.49
101327,1.9
214132,16.18
118252,23.76
204858,7.405
119359,31.99
93894,21.95
112108,11.24
24437,11.49
234383,8.99
80916,30.79
243716,21.99
26540,3.49
298583,8.635
167683,3.16
144453,3.83
248705,12.78
45587,7.99
158241,2.83
90085,22.495
166407,9.92
6669,4.99
55809,14.365
234344,10.83
175798,15.03
265850,4.78
266928,4.49
34602,35.98
88133,13.99
183693,39.95
251500,2.44
29766,71.76
296304,9.99
293495,16.49
58255,2.935
11144,35.82
100240,10.9
47222,18.99
102538,6.83
118785,22.0
203327,61.99
294938,3.665
213995,44.01
94337,21.74
98846,39.99
274426,8.98
22134,1.49
71078,40.99
45912,8.415
275974,3.665
176008,2.04
267660,1.59
142454,76.44
118418,17.12
110096,38.335
200978,99.98
212729,21.99
282407,8.03
178910,33.32
98830,189.99
144696,4.69
286938,23.69
78604,23.99
242132,34.98
240958,18.99
208591,52.42
271464,6.4
134999,32.99
286443,5.135
288034,4.765
4020,159.72
84251,4.06
220341,8.95
94159,9.99
177845,72.85
50563,14.5
211438,57.95
251430,11.4
84232,49.99
298459,13.99
145278,56.01
121028,30.98
281257,17.305
259265,34.49
43875,12.95
119951,23.99
28513,10.99
36588,6.390000000000001
256577,14.175
226481,14.95
222166,32.0
11044,16.63
274379,35.0
200891,14.54
183437,15.74
190343,40.54
274031,3.24
212017,79.76
40366,2.39
169698,12.18
276424,4.28
281987,0.785
286874,41.09
219069,20.99
155116,8.31
212291,5.79
37581,34.29
107168,31.88
238868,30.99
157894,2.9400000000000004
229653,38.0
103626,19.99
63350,12.365
271144,19.99
265375,36.99
65068,18.73
25181,2.99
250977,7.88
70079,62.99
35080,55.0
217275,4.29
224991,10.98
57787,24.44
142455,45.27
84945,3.33
144992,59.2
6083,31.99
227692,8.29
21740,6.98
258486,11.54
294096,54.96
188839,3.86
285149,10.44
27123,6.88
112495,22.495
24983,7.99
34015,20.39
180620,3.56
75723,12.72
75084,10.94
15439,10.0
10379,4.38
269859,72.75
173456,7.96
109464,11.915
294557,15.99
80281,16.095
143473,9.52
135367,5.83
200054,15.34
173654,9.885
94593,18.93
109504,21.13
57424,7.93
276391,24.99
20550,12.0
70216,23.03
42487,49.46
100522,14.9
149936,50.0
216431,38.07
235438,29.38
162196,7.485
44676,10.5
256934,56.56
27163,2.925
39079,9.5
27687,9.565
194529,3.89
259133,5.89
174715,24.75
46874,7.49
155272,22.0
197356,6.79
50963,390.98
140797,19.235
165020,1.62
206648,19.48
41643,8.395
160439,49.86
56460,43.23
253522,1.68
122988,8.78
56564,18.95
9847,81.41
107367,29.8
20697,33.5
129292,6.8
75702,16.49
279561,57.46
284709,8.32
47108,79.96
78651,14.49
22599,10.12
121273,9.04
163195,81.49
88136,13.0
212859,9.59
296191,24.24
171964,3.99
62914,17.99
205054,5.135
238228,7.99
259667,29.98
146881,4.68
271406,9.78
3368,43.49
161569,48.3
268213,3.99
225853,18.49
235401,42.94
23637,19.88
209256,1.49
237749,28.99
97241,80.06
231192,17.59
95157,6.49
108461,11.97
108517,8.99
103869,10.495
168701,6.64
254213,8.49
88793,17.5
95376,66.84
137515,5.99
96208,2.97
21336,7.99
12687,3.5
97899,7.31
170403,4.94
255559,12.16
254728,13.15
116431,19.405
3026,44.99
37119,3.64
240428,38.49
289285,10.575
164665,18.745
148705,88.39
244054,379.0
24689,11.22
96248,55.22
197476,13.12
90913,8.995000000000001
174095,19.99
236026,28.79
60200,31.5
290010,12.0
143837,77.04
137377,1.54
11066,21.57
252952,2.89
112370,11.25
61871,106.0
202090,34.99
233001,2.48
166470,3.645
30756,32.205
160319,28.285
157202,134.71
172725,18.99
90891,59.77
195158,41.75
85215,21.99
42234,5.63
239780,45.75
117915,5.46
117035,31.98
92760,26.99
296503,31.005
15644,9.45
81928,12.98
41553,14.88
8189,14.505
6868,23.28
95593,3.98
23653,29.98
69307,28.975
166315,21.18
206175,7.58
196194,43.83
20128,26.14
172742,22.46
240185,6.79
209414,34.99
239119,11.96
184002,2.935
264369,7.6
238858,14.99
254058,1.98
25225,14.95
166165,10.4
100853,36.85
33158,5.18
281629,3.68
284956,25.74
75540,4.640000000000001
214653,2.245
246684,8.780000000000001
198903,14.39
122092,4.28
219522,12.99
198305,13.005
13387,9.92
175328,25.99
218915,12.0
103165,9.99
140037,135.12
297373,0.97
276519,12.0
261280,9.99
196307,65.68
236448,2.48
57228,2.635
42066,4.55
246053,8.99
29844,139.0
292519,9.0
164790,3.39
171857,30.05
73411,129.95
100111,4.675
102827,19.99
268956,3.19
171363,12.58
267407,38.88
270085,4.49
82142,18.63
120349,37.7
132118,12.54
247297,30.98
186617,11.75
125271,1.935
264128,19.95
14708,19.99
108969,69.99
47170,4.99
238685,14.3
60314,55.99
145115,52.61
271029,14.39
91538,8.620000000000001
55888,1.33
12858,14.96
285340,1.56
256890,37.29
246816,31.49
123377,9.17
205105,4.79
91998,14.99
295161,4.44
47675,7.14
250778,26.95
4289,35.63
293414,59.99
90340,2.28
242450,17.99
215436,59.98
2588,35.63
37465,1.53
283091,27.53
22758,32.99
255851,1.25
16850,57.87
30226,49.84
192516,8.18
268330,4.79
135653,12.465
4044,141.62
250362,14.95
113987,5.98
146555,34.81
99880,7.67
208525,169.98
230821,17.99
54910,12.86
160577,101.99
267483,16.99
112595,82.95
97349,16.99
175988,16.99
4869,33.135
93427,6.595
83673,22.0
19045,29.59
249008,46.26
3715,26.96
249041,93.54
109458,22.69
124958,22.99
142909,81.92
198861,3.48
262149,9.85
28241,6.295
233124,8.76
48467,120.99
28052,3.99
190015,5.09
280664,17.205
195349,42.78
2905,16.75
37517,4.49
45336,36.875
2342,72.8
103214,15.485
86127,41.99
87190,5.140000000000001
60065,5.390000000000001
269656,47.48
86841,11.9
31388,2.18
298342,4.38
59240,3.29
165528,6.99
79604,13.14
22835,17.98
149721,57.7
166363,5.19
172601,7.99
199360,10.99
17996,33.5
114693,11.99
172177,62.74
56432,34.99
163336,10.99
295324,12.155
157982,10.64
269990,18.39
87712,12.95
113800,19.99
163431,4.98
17342,11.99
20518,17.1
266228,1.09
281633,18.495
58657,18.24
293292,6.640000000000001
243294,49.99
81421,1.13
109115,4.14
277049,3.625
262980,12.99
109857,10.99
198980,12.99
82250,7.82
270657,0.52
122259,28.895
19252,25.16
81885,2.19
36837,13.455
180058,15.99
174232,1.97
259835,20.33
45673,4.48
113468,13.99
223405,37.45
284456,2.12
148655,46.8
291782,164.85500000000002
51885,21.99
31175,1.69
101328,8.29
204667,14.25
285154,2.99
67788,44.98
101646,20.75
21370,9.99
193238,30.06
122807,3.19
177362,147.14
15260,12.79
212719,18.99
181747,7.569999999999999
55751,8.26
272008,8.99
23682,6.445
104365,11.99
208714,5.99
104193,9.01
165038,1.29
145157,46.64
136831,7.48
66438,46.82
222756,9.755
190287,22.95
40788,7.98
277756,4.19
203097,7.98
91406,45.01
184264,9.99
204842,23.98
23587,144.48
232747,11.49
69666,24.94
221213,94.0
23458,62.59
127955,12.98
4865,15.0
267212,39.95
281000,23.94
220876,9.99
72351,14.99
245631,14.99
274779,1.24
12761,12.85
241275,26.06
278515,12.11
57586,46.19
5753,6.79
217656,3.73
76808,6.99
258847,1.29
76165,22.99
211523,1.4300000000000002
265616,5.24
18799,50.19
12622,1.38
169186,19.99
257738,9.94
77884,53.76
12963,37.67
114470,2.74
29514,3.49
286892,19.99
286271,15.989999999999998
54403,12.07
293939,13.395
208097,6.39
296993,38.120000000000005
227910,2.99
198516,23.98
36973,26.38
206475,23.21
36170,5.6850000000000005
119688,4.49
55290,23.25
50363,19.99
203652,94.98
284339,2.97
90171,18.26
52233,21.85
57515,18.23
206292,17.99
162329,37.07
20916,33.5
267861,19.9
22771,13.355
105256,9.98
789,7.99
279232,2.54
58768,2.39
250754,4.48
111029,5.48
208665,2.79
293321,26.065
3711,26.96
266699,13.98
282935,3.84
1899,20.08
79879,20.23
233666,30.38
224664,37.485
190519,2.99
158371,3.265
6296,10.0
248258,11.85
180106,18.99
263867,5.58
255030,69.98
202892,1.17
172614,230.89
64192,52.89
199178,4.59
263980,8.99
134669,2.69
150770,24.92
109357,9.98
136058,6.99
261466,64.99
33075,5.71
200773,11.99
271962,6.99
280358,4.49
5762,6.935
84601,9.99
37038,3.245
220706,11.8
259902,35.23
287622,2.79
133935,47.53
192481,36.75
75383,5.24
282729,1.89
298,14.59
18298,4.29
56123,36.99
138106,13.0
191673,1.74
114305,4.755
150394,19.21
29208,14.335
239907,9.25
154331,5.99
298099,3.99
80623,11.95
109733,45.65
124623,19.12
238558,20.7
138143,48.99
182569,5.53
135271,11.99
295333,5.49
158153,10.99
248023,4.56
139061,1.99
244974,39.95
40292,5.255
263783,5.29
294689,7.88
235238,30.37
125356,30.05
2893,9.39
115379,151.06
252579,21.99
20677,32.3
152544,56.53
183400,41.53
248825,32.45
171078,14.0
137384,8.735
229727,28.99
240907,5.97
125838,3.49
296784,2.075
96280,42.99
198551,19.47
229634,9.49
98085,28.66
116366,10.95
228388,37.31
20316,54.69
215219,84.98
288722,3.49
85792,14.79
246761,15.489999999999998
40055,7.19
143205,21.6
134854,1.99
255718,40.99
128226,5.48
134518,4.140000000000001
142758,80.86
261557,27.49
78693,1.48
295046,1.34
5863,30.97
202937,7.99
268780,26.95
296637,33.49
169868,77.91499999999999
68252,49.05
234689,37.48
150504,22.975
150276,99.93
89270,5.29
291965,3.0
139537,6.99
80973,64.86
275738,5.98
154709,14.46
1988,56.37
283642,5.0
214819,5.95
27317,4.73
248548,79.99
71055,10.665
59378,7.99
109636,5.77
58800,12.285
66339,8.44
49038,7.72
254672,3.59
259927,10.99
269576,7.774999999999999
252929,6.105
235525,59.99
198417,38.99
204138,45.99
250970,6.44
43285,24.975
184656,9.99
211089,23.78
26542,29.99
279181,17.97
21321,13.49
40448,16.88
269735,19.975
280274,14.89
252021,20.96
101726,16.605
248897,26.99
136838,2.22
3940,6.955
66239,21.91
276312,2.88
78775,6.4350000000000005
10562,29.99
152731,30.395
11153,5.49
235198,18.37
267602,6.78
95188,18.03
29972,7.49
202866,7.99
215602,4.68
38775,4.59
196270,48.62
51640,14.97
36496,14.95
39719,64.08
198320,26.99
244276,15.634999999999998
288252,40.49
251191,4.3
30229,5.99
155612,9.3
60532,19.95
64261,91.99
242036,81.18
136518,9.9
45029,9.215
101372,9.99
116765,28.245
297601,224.11
213971,29.81
168426,4.39
189427,21.27
155437,199.0
144224,47.0
251353,5.36
92138,24.99
8630,8.99
53936,123.64
36885,11.06
227796,12.99
238410,16.49
177853,28.99
271821,1.99
140615,68.49
211854,46.58
102962,4.59
144910,51.77
228086,4.28
82471,3.74
222488,29.99
126151,16.46
216753,17.94
143811,18.55
190917,11.0
221836,3.4400000000000004
192297,11.89
161691,127.69
5685,8.375
73209,27.99
135516,17.99
127495,10.205
285298,3.995
30723,19.99
172012,9.65
293310,40.89
114190,38.34
133372,61.94
163857,4.09
73949,55.58
110772,46.47
83257,7.19
102782,14.99
227071,29.99
151753,6.220000000000001
282238,5.74
250122,14.94
249889,67.99
223105,48.89
234432,11.9
225632,15.99
137160,30.06
63226,5.475
133651,10.49
5972,28.93
280696,20.845
137805,22.87
239089,5.39
38322,31.165000000000003
791,11.49
258448,13.3
37543,16.85
277860,3.49
161092,24.025
259763,6.725
188173,8.49
88776,20.95
14084,8.12
151777,4.87
207947,31.95
175419,3.875
50253,52.98
212393,32.99
297403,4.49
276430,8.96
134128,27.815
73725,12.99
71599,1.535
8085,6.99
158094,22.14
163285,2.84
141686,13.95
46886,10.24
230992,92.99
258670,6.98
101233,17.99
169149,4.225
257047,23.8
262681,23.985
75708,158.21
22276,24.95
115936,44.95
208057,19.99
72497,19.49
190259,12.79
168043,13.19
60142,19.99
292542,10.6
164574,8.99
70513,14.99
189221,25.145000000000003
216074,24.39
153678,9.95
82932,21.77
123026,20.99
14577,19.99
25396,15.15
75871,9.98
217928,46.4
251577,5.78
130741,58.99
187809,1.87
85835,8.84
264981,15.32
227935,11.2
113023,26.12
286395,12.96
260759,8.350000000000001
99134,4.31
7870,41.49
154863,11.09
293322,12.5
228804,5.29
52854,23.5
82918,1.53
102954,8.49
285481,5.640000000000001
3327,5.49
17216,6.26
109250,4.49
150369,49.39
296701,12.36
248831,41.99
123029,8.17
218632,24.99
39644,7.24
107534,2.49
81007,13.63
100963,14.96
188768,4.52
200343,39.99
46938,32.43
44127,8.63
272914,691.16
200759,31.35
229835,19.34
118846,22.99
222278,16.99
148116,5.51
43596,5.48
193483,19.65
195247,54.36
244580,29.88
269752,4.39
192155,29.99
191554,28.48
62761,17.44
239661,34.7
37003,4.075
118471,7.99
288798,4.49
25041,4.29
214131,1.56
247151,23.98
218017,1.34
110,3.79
191796,3.0
97856,30.8
291189,4.09
16303,23.965
120052,59.07
71578,16.75
93221,40.84
247836,11.19
117010,50.99
162835,72.44
255676,19.99
206206,4.98
210404,29.49
107869,13.9
245473,25.69
158602,11.76
125018,54.0
286275,5.0
263110,107.24
260218,18.0
186820,4.99
164539,3.675
255994,14.99
20617,12.25
261792,24.44
2557,30.98
76220,14.99
166867,1.63
34300,24.91
224621,56.99
53443,13.99
125140,7.99
187943,16.0
162535,9.29
161349,4.885
70613,7.34
176496,31.99
133197,2.09
144772,2.795
219034,4.79
273415,40.17
63676,84.98
286699,5.09
123292,13.99
162907,2.8550000000000004
101239,11.95
48681,40.38
103440,15.0
234600,18.95
116289,10.22
243736,6.88
161148,102.415
52333,19.99
69048,41.04
252621,7.375
294387,2.59
16540,6.69
56930,4.48
229018,18.51
194810,3.79
106363,13.835
72379,34.97
43151,18.59
208601,5.22
227194,3.7
29918,3.99
150979,5.96
265580,32.39
49697,8.99
149635,12.99
73241,178.04
195120,9.99
236156,19.99
64644,18.99
139297,71.99
169618,2.69
207099,24.5
183772,23.395
151681,15.185
224759,111.13
179438,4.89
77426,4.895
242809,32.95
235035,7.28
208120,10.995
173967,5.22
160150,6.39
234811,10.0
3577,28.49
277240,17.95
242519,7.99
254318,48.6
3161,48.87
133600,4.99
203259,17.95
292893,1.89
139159,29.395
28545,35.99
80105,3.29
252677,11.565
215086,29.99
224264,22.68
22003,24.99
228657,30.37
7360,14.485
44243,1.615
199490,13.98
114570,29.99
19638,14.09
122291,2.19
3143,46.43
216864,6.39
90160,28.99
125197,23.28
132007,2.17
3341,23.99
216042,56.98
66088,4.449999999999999
166809,81.94
113107,28.55
156090,84.79
247607,2.58
209802,7.485
17336,20.0
294059,1.75
188744,24.99
94042,25.89
105271,8.99
23978,72.35
293849,7.49
32390,6.6850000000000005
79099,3.59
176321,1.0
244067,1.86
288638,7.92
79009,46.49
134498,35.43
127753,68.9
280363,51.99
227334,15.625
37933,3.19
235000,17.99
255966,82.99
64094,9.99
174481,5.0
156915,74.69
139845,9.99
175940,11.08
191096,4.16
267905,21.880000000000003
112576,9.99
185430,8.85
252874,9.59
78609,12.99
123954,11.99
144963,86.91
104170,37.99
220365,24.87
30866,7.49
215366,2.18
199427,13.5
169523,7.65
269874,22.295
230887,12.99
122708,4.45
265343,50.8
218457,17.99
44875,19.99
95251,4.29
270885,58.99
150465,19.995
120716,13.88
251576,8.99
85624,9.36
293133,37.73
100027,8.07
172780,4.4350000000000005
64386,4.245
80768,10.95
137997,47.42
155052,9.11
239696,30.0
186,3.345
252423,1.29
5671,2.98
93665,3.6
94436,4.93
66408,59.99
36057,8.99
20111,79.99
174512,4.99
147600,5.48
126770,2.4
99031,20.69
202581,9.99
164654,10.0
262330,17.98
166131,1.755
279574,63.91
200818,56.99
163381,10.0
43302,19.99
177034,7.39
270491,9.39
146058,18.55
27770,58.99
253203,6.22
52423,35.99
174905,16.99
139422,15.17
218010,11.99
213632,10.99
279233,12.68
117980,29.37
265133,14.59
97501,18.99
241848,1.9
136823,6.99
96196,5.29
291542,24.99
52795,22.52
85405,11.86
180214,10.4
2423,46.89
46416,98.99
237355,84.95
165721,26.48
85270,27.34
136808,20.665
170193,4.79
117119,17.99
275078,7.96
264133,7.95
195971,50.88
114366,11.99
127825,56.825
254805,49.99
98167,2.37
259388,3.98
248145,2.62
71640,69.99
238064,37.49
285273,27.075000000000003
223377,31.98
59424,5.550000000000001
55782,20.11
85131,10.99
54475,7.88
177737,8.03
57482,26.9
135863,9.425
211564,22.99
75744,125.41
60420,22.89
119013,8.89
127345,25.79
59699,42.0
95346,81.66
235838,6.98
121662,10.84
135267,10.0
33348,19.4
193040,5.19
172904,1.48
194323,13.49
9508,18.27
280525,6.04
28472,36.89
257811,4.99
137495,16.99
95131,26.59
184709,10.79
4167,26.935
166940,1.87
278543,3.79
92211,24.48
110642,3.99
72165,18.88
107185,8.875
296798,57.215
39503,62.97
249777,16.55
50213,9.5
233861,7.66
64301,9.99
229323,4.0
9886,49.99
54132,43.59
143471,6.154999999999999
62542,31.99
265331,18.365
152468,21.81
171945,6.48
53712,22.32
151564,14.84
88976,7.65
159256,7.975
67686,19.99
62552,44.6
12315,10.99
76048,13.96
104210,48.32
207576,7.155
143258,6.99
84352,12.95
286998,30.29
108923,9.59
179495,14.96
111674,10.99
41695,10.99
13587,14.99
244211,8.69
183923,4.17
41796,7.13
25431,9.99
231520,119.92
182217,46.4
120941,16.99
77136,7.075
39197,67.49
48812,5.99
14358,29.99
286571,3.99
6344,35.99
154913,9.99
195675,34.12
255162,435.99
42007,9.43
154142,2.1
294841,2.19
252200,5.99
282163,2.99
43294,13.79
98009,3.34
108524,21.99
95469,12.23
42868,8.0
139231,11.99
27525,66.56
164879,34.99
191982,1.705
209764,13.97
262301,97.18
146287,4.59
175605,12.99
133350,19.99
206983,14.55
191247,26.88
95805,7.67
226461,18.99
170006,6.07
103149,17.99
243845,12.99
117935,9.45
53557,24.99
55756,197.17
81600,9.53
291437,44.99
108525,5.99
89200,26.69
210333,1.21
166091,14.24
156910,116.23
181469,2.79
175880,12.45
180236,42.95
274237,86.99
207917,15.49
170105,11.37
140723,17.869999999999997
84567,16.39
193375,27.2
209372,17.965
67978,3.055
114536,4.69
43730,19.99
203452,44.99
155886,1.89
386,15.91
246006,2.79
207900,24.98
181610,62.99
13309,7.23
39408,22.04
205370,42.99
70468,32.99
188681,28.17
180129,33.99
88699,10.0
51415,32.95
39441,7.665
7603,34.0
296709,19.17
82374,5.08
157265,128.58
262089,19.99
205928,7.065
223510,10.48
292662,1.92
2847,15.47
155296,23.965
248098,19.99
252595,5.99
16564,25.595
8567,25.85
37806,13.39
195508,48.06
14142,25.0
230276,57.6
28663,7.640000000000001
290465,27.965
59396,15.95
197169,6.89
87501,20.7
45795,4.29
72625,2.285
175246,9.89
91423,4.1
214823,4.94
79668,40.045
114519,29.99
247874,19.56
23520,12.0
92183,1.99
53891,65.27
140078,3.79
127361,12.3
263278,6.0
180003,13.12
15403,3.99
190306,4.84
281195,3.485
259823,7.2
84356,4.13
87250,4.8
115306,14.99
232427,45.44
239498,59.39
132037,23.8
148877,29.41
47167,4.49
146939,16.77
212300,21.24
234785,69.99
105771,8.915
164423,9.435
255126,9.53
160625,12.375
154258,1.66
37435,2.97
121856,9.47
296228,27.99
38873,17.29
108772,10.01
224087,3.76
22155,75.98
48397,12.235
283727,8.39
113004,14.99
175445,19.99
122244,14.99
290412,12.2
241984,30.99
261610,41.69
6872,66.99
237143,36.73
225394,17.055
170016,76.58
235340,51.1
281916,3.99
267122,14.79
186465,3.2750000000000004
76186,1.74
190397,7.49
175788,2.99
272915,3.7
228515,7.1850000000000005
174256,19.99
66737,28.88
281280,48.265
54554,22.81
288391,34.9
39817,12.185
63025,43.68
160843,10.85
166925,18.74
137306,12.47
226799,4.66
35384,3.0
141121,20.01
100342,8.99
201928,16.89
48613,13.275
226472,6.88
147739,117.49
143691,56.37
83430,48.52
85983,3.98
159556,12.49
108044,23.99
248131,33.94
240151,69.95
190795,37.07
212290,36.0
142745,26.09
298742,7.58
182563,5.79
292895,85.62
275747,0.89
153603,6.99
34450,32.89
133959,18.59
157924,11.2
51320,15.0
280501,8.99
166699,8.99
17915,33.5
206509,33.99
166610,10.0
83825,2.62
251902,9.99
81813,4.12
118944,17.99
45084,58.87
227698,4.13
29671,8.99
254674,1.75
151112,7.28
209515,31.99
62644,54.8
201583,39.37
162177,3.94
73498,21.99
24353,8.325
278391,34.49
194639,22.64
3932,188.74
172431,13.99
114947,24.49
113084,39.99
163916,4.09
287128,18.57
286815,45.53
245574,4.46
262555,9.59
161358,4.49
265021,13.99
271930,30.0
155011,2.09
295309,55.31
126777,2.98
266991,14.98
281669,6.23
157149,110.625
12177,18.49
167751,11.98
197602,16.0
125547,24.57
108657,5.19
285795,6.26
226658,11.93
284634,3.28
156096,23.49
229319,19.99
235868,173.98
136944,5.99
174388,20.49
155652,6.66
162616,3.99
138424,54.7
803,27.39
163012,14.99
23683,28.84
155534,34.99
262059,13.99
29799,8.99
234795,8.99
6869,7.31
202829,29.99
62111,129.0
32917,55.0
220946,199.99
275348,9.99
147296,10.99
167262,9.704999999999998
220098,9.73
96634,1.79
11540,37.45
108536,67.9
161485,185.79
20206,78.86
117843,9.99
1550,55.93
80403,47.995000000000005
280243,5.98
228856,16.43
85979,2.82
179057,19.51
47636,16.15
283595,3.985
218493,16.56
249497,11.825
207669,98.98
105415,26.48
287822,77.96
257158,2.49
62197,44.95
139327,3.655
11105,3.24
233549,15.08
4272,4.49
132859,11.49
138952,4.28
281112,32.42
36133,3.89
1798,72.8
158209,4.97
24171,2.48
142510,77.04
136426,1.725
209752,0.98
106378,20.99
5793,1.28
203375,71.35
236351,38.49
107798,17.99
230157,23.73
209575,22.91
133773,4.08
171127,12.99
66649,5.89
147271,86.91
223919,5.45
251236,7.2
119598,22.24
184784,1.59
94139,3.755
164160,10.77
116780,9.49
139578,20.0
282419,3.99
295579,43.95
155168,75.99
243102,27.24
71346,10.17
172968,16.99
207727,9.99
151724,7.1850000000000005
10941,5.79
280467,41.63
35217,3.59
171032,10.3
13195,4.99
259310,9.94
20352,54.69
265567,5.59
259060,5.54
254853,27.13
166024,4.87
128731,2.49
198778,30.94
235828,5.92
145540,117.49
201786,24.99
227556,23.97
6533,23.56
161234,56.12
139584,17.99
80992,26.58
137669,22.99
29538,18.945
124511,4.29
67491,4.62
144383,30.01
257941,4.735
266293,11.6
74675,29.99
65663,38.99
268915,8.1
211112,7.140000000000001
49121,19.23
226899,19.99
62859,24.93
116344,17.98
279841,94.97
215442,9.05
227965,29.39
224247,2.78
119183,9.99
222295,18.99
78330,1.48
60492,124.99
257856,6.49
183877,7.365
134872,20.85
14699,15.9
259263,34.49
105456,23.28
103572,16.99
144497,6.99
288623,7.88
239069,44.49
225900,43.95
297124,18.24
218546,12.95
145279,24.42
15951,4.975
164783,62.3
54036,12.95
157328,101.57
231225,0.89
19291,64.31
76079,44.195
104293,16.99
259110,27.52
100558,19.0
267461,35.0
195723,83.6
121911,26.99
144540,3.28
213616,34.99
66369,9.98
254577,1.39
122410,9.99
9783,19.99
23464,119.005
295341,3.69
206623,19.99
140247,1.59
191887,12.74
69250,57.23
272209,9.56
254131,1.36
125313,14.8
169073,29.0
212681,3.48
103763,17.94
58264,0.99
42218,32.49
14618,20.99
251160,5.845000000000001
223214,2.46
266253,4.39
190157,10.99
176183,25.41
46177,2.0
234838,17.939999999999998
88795,3.89
225115,29.99
205578,12.99
200217,3.99
50983,174.98
19561,93.46
221977,21.27
148305,65.36
9997,8.99
71759,16.09
130784,5.79
171348,2.68
206551,52.99
33175,8.53
172063,43.43
282959,9.95
281700,2.59
91966,28.93
250996,38.34
115695,14.49
220668,9.98
282222,3.565
129342,13.15
176984,11.64
53568,105.65
179960,17.08
263502,28.0
218173,22.99
123070,30.88
27783,4.640000000000001
33362,53.54
262382,170.99
71585,6.625
281258,10.95
139820,19.49
198512,23.98
134858,7.99
238820,10.95
138486,5.49
252838,5.39
245254,6.99
203590,9.99
51789,17.99
21289,9.4
211102,10.49
227431,22.34
151579,45.0
22310,21.99
17602,16.95
157290,100.75
292569,43.565
254890,1.985
100856,6.99
292436,29.98
142930,46.04
87582,39.99
57571,69.99
265873,32.99
18693,6.945
19869,37.63
65662,10.97
95270,9.25
258599,6.68
236146,5.79
244448,49.99
37890,112.49
103035,5.24
7840,53.19
41389,8.99
169037,9.99
173454,85.0
13002,4.39
149973,16.77
127586,11.985
29979,7.47
12397,34.99
9221,1.29
229211,18.495
87782,7.68
94724,32.005
114934,13.9
44836,15.4
44957,1.49
55323,17.49
169555,19.99
19038,9.97
77873,3.49
186027,10.0
73898,50.94
290874,4.59
31730,5.99
232685,12.79
65188,14.0
194309,16.13
122533,17.01
143337,8.325
157713,8.95
14014,2.99
275249,62.93000000000001
45966,9.785
148210,4.94
151423,71.82
60764,9.99
97621,12.85
100418,13.15
198656,5.09
37956,4.140000000000001
282643,3.39
154727,16.0
134329,152.99
63582,8.135
191342,14.2
75991,6.79
248369,16.99
247863,8.34
158855,29.745
185914,3.635
154511,1.99
266180,4.99
142051,50.1
66053,11.44
150843,13.49
123866,11.49
200314,2.59
149884,117.49
64674,11.99
139671,39.99
215755,60.0
95957,43.9
56217,34.51
250792,10.59
82240,12.74
90490,78.19
267937,34.5
51273,9.97
282801,2.99
123479,46.99
137895,14.95
274943,9.35
218548,11.65
262619,0.99
225379,4.5
86121,8.97
211518,12.99
258626,30.9
262844,88.36
130695,36.99
5402,38.48
199782,6.54
50826,22.91
34227,9.98
284226,18.595
195479,40.99
255697,7.595000000000001
38957,15.4
183372,28.99
25763,40.44
287642,1.79
53176,12.99
266613,10.59
107124,14.975
35448,6.98
59177,81.46
214783,32.22
182096,44.99
277660,19.885
67956,10.99
116653,1.99
102125,8.99
59045,4.59
176244,18.99
125572,7.195
178670,9.95
19792,19.6
158767,15.71
53876,66.49
173200,16.975
95809,6.38
62296,25.2
265000,35.62
123340,15.99
187112,28.99
1860,30.98
183170,9.37
124984,12.6
202765,1.54
8207,27.99
143526,13.99
20602,38.9
167034,32.41
220657,119.99
241471,18.99
275294,5.09
193977,3.99
207713,4.82
149015,15.47
3747,12.99
48987,6.245
163579,7.8
117559,6.98
160254,16.955
196509,72.2
119280,73.37
72962,39.95
133067,64.99
146473,53.01
170029,15.87
113946,74.2
161086,73.32
170551,5.195
218104,16.99
5887,3.185
290500,10.99
110926,17.48
245472,12.48
40427,27.58
39627,9.745
245563,12.99
282111,5.640000000000001
274664,6.79
294886,5.335
11155,15.74
97007,37.43
39947,20.58
215522,17.0
233204,19.65
25033,19.77
202126,13.95
164383,1.0
223209,3.28
269933,9.995
298055,25.02
158952,21.64
136872,22.88
204561,8.31
280492,12.435
26380,44.89
209893,7.99
218719,29.97
101205,25.93
154221,66.7
115915,34.98
49287,7.09
128220,14.99
53407,12.1
147096,5.89
194205,13.99
83346,14.99
123494,31.5
43548,15.785
51983,26.0
209296,121.05
105807,62.95
12209,11.985
139862,24.99
174208,39.99
228364,25.450000000000003
216020,5.995
134729,22.95
176528,28.99
62848,47.955
143939,38.54
261210,8.48
144565,9.355
116613,23.99
413,17.96
260130,5.99
163147,17.99
276179,11.46
66367,8.47
151447,14.49
232428,23.55
233057,5.87
201538,13.99
108751,17.485
35628,10.865
61701,9.15
25007,17.37
180272,14.06
237030,44.99
218966,39.36
216595,33.75
72923,4.99
61166,2.435
151610,3.79
150828,11.1
173537,10.12
28501,94.975
206909,2.49
268937,4.99
120188,34.99
237130,14.95
234294,20.49
205650,3.98
159427,9.99
10390,17.99
144706,4.17
151946,12.49
132566,5.99
211861,68.62
216660,52.7
61760,13.13
298650,22.395000000000003
39267,4.32
23647,35.9
212460,5.145
39226,7.09
285371,2.59
222450,29.99
112196,19.49
188621,19.36
101718,5.79
158190,16.28
58512,32.49
274730,3.88
281860,29.99
26054,10.7
26095,6.49
100204,22.05
213386,32.99
292289,21.0
274415,4.345
24991,22.0
128818,10.88
59881,39.99
98807,24.99
133774,20.59
218234,72.59
71397,60.84
63809,24.99
12227,41.13
17768,12.99
203351,29.99
150152,16.99
169433,45.99
222710,37.24
39874,2.24
43432,22.49
25781,3.75
234475,3.24
201191,16.99
209981,8.49
49939,10.79
137189,24.33
29848,48.43
296129,4.85
154423,9.99
200559,8.99
198978,12.93
138390,54.7
213201,7.56
201542,13.64
87662,29.95
73344,5.390000000000001
53860,14.99
143672,29.41
472,4.49
195681,45.57
130740,7.87
239412,3.29
209392,8.89
64855,36.95
2796,88.39
116826,4.49
281584,11.355
264525,17.98
264719,60.3
109989,30.99
193917,42.71
97846,29.04
3389,14.96
217900,6.1
150972,2.0
113208,51.45
152752,9.0
26446,29.93
189851,23.99
24644,9.98
23905,8.975000000000001
226733,29.98
102994,22.98
167767,13.68
67032,7.56
296708,25.05
66419,48.36
210632,26.99
251943,39.99
180331,9.99
279978,46.61
39289,6.12
144065,29.13
123979,9.99
119444,4.78
148968,31.99
120099,12.69
143678,38.54
74223,28.61
276543,4.94
2392,18.47
243024,17.98
279805,99.87
126619,118.99
72678,7.625
150516,14.0
290202,19.53
203805,11.98
268303,14.28
106428,9.73
194086,13.99
44483,3.79
272152,1.39
202717,29.99
65959,13.99
250242,3.19
69637,27.99
11776,49.99
36805,31.99
201143,39.98
154686,11.49
47483,60.99
58922,9.01
50634,5.465
222063,21.48
89255,35.99
259080,3.13
220641,10.78
204513,7.745
221993,5.19
27781,14.26
88504,4.59
55738,3.69
188919,46.36
271260,22.24
206491,47.98
151287,13.99
289593,12.155
111682,28.97
11789,2.78
183713,76.14
198821,13.35
174596,10.22
223366,10.99
267397,5.865
98134,14.0
50086,20.24
79595,5.68
39798,2.38
35235,1.25
56656,14.0
5114,38.92
94477,4.81
20150,64.31
243737,49.99
168690,4.49
239336,1.98
62889,26.48
34873,78.95
284492,3.22
142748,27.61
289319,4.065
180343,11.49
231777,28.74
67962,7.49
121308,12.97
5644,38.92
210588,32.95
181659,8.99
43681,41.1
15645,14.985
166713,7.44
46868,6.6850000000000005
92973,1.77
88443,123.0
141655,11.98
66108,47.99
65598,13.99
238190,16.59
280304,24.35
18218,4.79
198142,15.975
75269,17.39
85062,18.91
54948,77.445
233525,12.24
54085,16.335
258128,8.245
208761,130.62
89476,59.17
98209,8.06
295013,3.98
169445,13.35
12272,26.82
153143,14.97
21202,51.33
122314,10.09
74163,65.195
12066,59.99
223714,6.95
136810,7.23
201373,23.59
77433,5.67
279915,12.99
275077,4.67
154480,8.72
196067,100.98
255781,49.52
46045,7.925
5106,56.37
273486,17.9
239952,9.39
125063,20.305
84707,43.99
101500,6.99
269623,36.515
102431,12.13
161737,81.24
66350,69.99
156782,117.72
159963,11.99
72999,9.99
71408,12.34
249116,5.59
204292,17.99
55890,1.745
276340,4.49
208954,12.99
157571,75.73
166968,4.94
208220,114.98
33515,8.37
254179,11.17
105222,9.99
61163,3.89
126671,6.359999999999999
153772,29.1
294634,2.77
131321,5.98
10206,10.3
210361,6.34
151145,7.6
264510,16.875
266696,1.94
87200,16.79
57471,21.97
288266,7.34
256340,1.89
9426,18.9
157154,144.18
295356,4.86
257196,1.48
184219,17.99
73430,3.98
167522,9.99
111505,27.98
246348,5.63
279096,5.79
10000,9.99
55815,5.215
103044,31.3
294896,1.99
294626,7.98
132768,11.99
143422,49.32
75752,24.14
124874,5.12
21021,32.3
119038,16.41
225415,7.95
145972,24.79
79153,31.99
182193,4.57
282513,1.85
203293,9.99
108232,2.69
243421,19.99
262243,71.15
33659,6.81
124817,22.5
15580,41.99
153959,4.449999999999999
177689,27.09
32302,17.494999999999997
264815,13.99
190117,2.49
196666,129.76
81869,4.795
31662,7.3
298832,27.495
50495,18.4
64974,10.59
221408,61.24
57662,5.49
113778,12.99
171436,4.99
163959,6.01
24472,13.81
63958,16.89
154365,21.98
135910,15.99
217350,4.19
41880,21.64
53079,5.640000000000001
114365,58.93
241419,17.99
106790,2.14
250374,9.875
96887,4.38
210160,13.55
121669,20.76
108641,21.99
35336,18.8
184392,59.99
272938,9.19
135632,14.99
191386,13.29
69629,10.49
223054,49.99
147930,59.2
230936,24.98
139397,49.75
95016,7.439999999999999
14689,4.49
48930,12.9
219514,24.99
126591,23.79
68719,25.99
239593,54.7
983,36.485
113421,7.29
70830,17.98
281079,15.95
69880,11.99
112735,49.95
134243,11.405
204061,8.0
187440,8.39
266036,5.48
289804,17.42
194642,15.49
65308,19.99
139532,35.935
194526,9.89
118390,11.88
105225,9.99
22767,22.95
196850,16.555
22447,12.09
105642,38.98
202323,2.19
74402,3.905
79117,5.635
30557,14.99
38927,11.69
85928,24.325
198746,9.155
275326,3.99
127292,118.43
24690,16.07
27874,19.99
162308,15.83
70196,26.72
134160,19.8
243111,2.79
160000,11.98
24917,25.95
1582,68.14
11206,21.94
194842,6.47
275355,102.42
256109,35.29
129382,14.0
46860,24.99
185446,138.43
263253,18.39
288431,32.99
262631,4.0
277647,5.235
202279,48.9
298486,24.99
193676,12.99
105929,23.99
290065,6.59
227599,14.99
10373,11.94
244550,30.99
108360,16.485
124358,21.0
47475,26.99
228771,6.85
246020,17.49
69819,46.705
179190,83.63
144166,41.985
123849,16.13
264655,11.965
5614,18.55
214163,12.98
12161,3.39
285185,8.175
292237,4.09
72349,5.654999999999999
29391,17.55
120128,43.635000000000005
219009,14.45
222200,15.99
7475,29.74
84556,2.99
218890,14.8
78159,10.29
159293,105.0
110478,41.35
27090,7.29
153952,8.63
213051,24.82
291361,48.99
12979,17.64
246297,3.19
111894,2.585
273505,19.99
268175,29.95
299353,9.61
49822,9.49
61137,4.43
274691,9.55
173551,17.475
270645,22.27
1554,18.47
108478,16.99
211502,54.35
163386,34.07
70992,15.905
279216,33.72
70113,40.995000000000005
289098,27.005000000000003
29878,7.99
11958,1.41
91149,38.81
101994,5.265000000000001
185498,6.68
108887,14.99
225120,12.06
81790,4.39
17875,11.96
21660,147.01
14652,19.99
66692,54.98
94758,19.68
35376,4.79
114148,31.99
34242,13.44
55581,9.41
279268,46.49
144321,35.47
260998,30.87
39703,9.68
127015,7.99
41754,4.55
52090,63.99
89333,6.665
246930,12.64
106304,26.91
220717,65.0
35159,30.745
119281,51.8
173139,2.79
22446,18.6
281923,4.66
109791,5.89
199968,5.27
199424,12.2
147639,20.27
40691,6.495
175136,16.99
266209,12.63
37188,3.97
31019,7.99
51145,14.9
272272,2.49
48658,3.12
39868,2.76
40438,42.49
263910,4.35
120049,35.49
283241,26.92
33483,3.815
190486,3.5250000000000004
132704,64.87
146316,24.99
264032,1.745
237264,17.84
107957,1.99
152017,46.51
283082,27.56
187564,16.53
173629,7.25
241976,34.94
80944,9.38
5308,17.97
61298,19.57
16470,7.12
52721,41.99
5818,29.99
269208,15.51
107400,25.745
124793,29.175
106981,37.99
180365,76.34
20087,64.31
44644,4.57
38660,6.45
116150,23.99
195066,10.47
163569,85.83500000000001
128315,7.84
158187,20.22
106720,8.99
129705,0.42
268639,10.375
176582,27.99
147119,3.13
280453,5.695
98169,2.37
254309,9.37
281875,22.445
1398,38.54
1790,86.91
258541,7.29
78838,24.99
284104,6.19
17864,19.99
193014,19.99
57693,5.390000000000001
19450,33.5
75753,12.5
212929,68.99
22654,9.35
135683,29.99
270922,109.0
83858,28.37
76053,1.51
234372,1.58
117650,17.25
135490,39.99
198103,48.99
177081,9.19
153580,20.67
44983,4.1
281894,3.98
7829,38.99
295648,2.99
157254,73.19
75685,17.08
53809,38.99
275771,10.0
116323,3.49
252144,83.07
104333,3.99
238309,1.25
236134,5.99
79182,28.3
38041,4.390000000000001
37060,16.02
4346,14.43
67501,12.37
83964,115.16
208441,17.25
48746,33.49
182425,4.37
121505,18.38
284337,3.67
250157,4.79
279619,3.335
93524,37.88
162517,5.49
33233,8.115
216409,216.88
249205,1.3
221933,103.9
263771,15.065
138545,9.99
199467,47.55
100259,13.88
235946,13.99
68706,9.98
94866,5.415
129591,20.69
167405,139.11
45199,4.04
45721,23.44
283122,25.92
18560,14.635
151158,5.69
130394,31.64
71159,10.99
83419,6.18
195828,40.65
245768,20.29
294006,5.49
163873,27.735
269215,6.99
185261,11.13
115662,79.18
211351,16.98
268777,14.99
147851,34.81
173871,1.08
198594,23.8
173068,4.585
138157,8.85
293367,7.95
32599,3.82
42244,4.79
146581,68.14
243217,34.49
185748,11.45
35961,4.56
219004,11.99
275076,6.59
127780,23.99
258577,7.49
91379,13.915
91173,28.945
22174,71.38
192769,10.99
218884,14.99
162149,17.75
66378,11.55
85872,3.26
121895,37.79
119507,5.695
109892,14.99
79708,14.99
218015,49.99
28003,7.73
239147,8.99
15947,3.99
25182,1.42
258805,25.46
195124,12.02
117134,29.99
118966,9.31
170825,11.85
87665,2.0
15799,5.14
65340,7.545
178831,90.95
92472,14.99
51212,19.49
198548,7.145
123101,13.31
42770,4.87
88285,2.595
157640,75.31
180381,12.99
253549,44.49
232247,1.99
38772,6.6
290303,7.54
272023,3.29
243032,2.24
269022,18.99
50649,12.145
102872,14.485
29839,5.09
38373,3.79
25047,13.99
168581,13.06
43630,16.895
274788,3.69
70433,64.37
47799,16.345
296366,29.29
89870,13.97
149600,38.92
213414,30.5
287646,5.29
34488,6.775
122962,11.73
230510,19.99
176020,2.585
205359,15.97
285891,14.38
119742,9.99
133920,5.97
86902,6.245
183315,8.91
42324,4.425
195202,57.01
200526,5.955
270019,5.19
3945,15.79
56369,6.32
83453,3.13
218678,9.97
138531,21.915
15149,3.34
79972,7.195
286755,31.58
52765,9.99
126102,18.6
192172,84.99
143476,3.69
113338,36.95
67652,8.99
125558,1.99
254633,3.79
280734,43.96
154413,6.42
169974,17.8
152453,29.3
252581,10.06
64813,3.83
223531,30.99
36096,3.12
149605,50.1
111854,7.07
166706,19.94
287586,1.89
144732,1.89
268827,5.99
83263,17.49
64036,14.29
233013,59.99
200501,14.47
226540,60.73
130357,2.74
226124,28.97
20226,93.46
41987,2.905
26278,2.595
126129,4.89
288194,45.99
43060,79.99
24487,13.985
21703,15.95
195727,319.73
124382,12.99
177512,3.89
248941,23.0
137134,18.77
197558,9.95
102392,16.31
153501,43.8
279389,7.45
231290,14.95
242701,18.0
72261,14.99
192819,15.4
84470,7.49
158443,12.63
210719,18.2
102232,46.25
77692,57.01
31396,1.32
13817,12.0
68953,27.02
248278,12.78
122051,14.99
213650,9.04
179148,5.19
31647,8.945
289468,3.71
129572,5.99
23124,2.98
196485,65.63
293040,41.715
190493,3.59
251069,43.68
76462,13.45
175640,4.34
271376,27.99
141131,21.46
169257,126.55
163133,6.33
1124,17.99
163671,7.97
21201,4.99
201752,34.99
187929,44.95
38016,64.86
232445,48.0
160148,5.99
217012,7.99
276540,2.08
133384,11.31
68817,3.69
200889,19.985
285313,3.99
185797,21.99
58183,5.49
148990,31.99
41180,20.98
187788,12.94
43536,3.13
280554,62.49
187410,65.62
59190,47.99
76940,51.15
43550,16.99
33564,28.48
112464,13.97
240649,31.99
237191,13.95
267482,14.99
14993,26.97
105331,28.0
93320,4.57
193138,4.01
257338,11.29
46836,28.46
227859,16.7
129041,7.59
48593,11.045
132179,8.99
294195,49.99
175601,20.49
278225,34.94
166606,13.8
40951,9.99
8355,7.99
245220,18.99
114679,2.99
276162,9.29
80007,7.26
39527,96.36
186898,5.7
88751,6.99
248974,9.96
121370,29.99
4205,15.294999999999998
63611,40.0
118765,17.99
124113,32.95
91570,7.99
262563,28.95
143601,81.28
192008,12.9
228808,15.87
113111,17.99
99673,18.99
116919,46.4
230999,7.99
30522,4.92
134050,6.99
164862,17.44
108868,6.04
62645,12.75
49092,14.99
230038,59.99
219261,12.49
106640,9.99
15820,14.995
9960,17.99
22859,12.98
104937,24.99
195450,58.25
69390,54.95
252087,8.74
289193,11.165
133318,74.28
63657,12.085
21892,3.535
165424,10.85
259813,37.99
201701,39.99
202782,6.24
79246,4.03
249199,6.49
114298,1.79
181404,17.8
219457,9.36
19355,93.46
255412,11.485
270273,3.94
146169,3.98
260503,16.015
25004,2.76
215520,9.49
152388,11.95
122316,88.15
131268,24.99
65038,7.99
229215,0.99
196888,24.12
107953,1.99
164064,11.99
178326,50.17
142586,16.77
90573,52.77
66620,17.99
121843,14.29
48939,5.74
188013,34.72
268390,33.69
195031,34.99
165772,5.96
149137,42.11
224163,4.76
167184,2.08
245846,38.495000000000005
270996,11.785
157905,2.6100000000000003
226390,2.64
204623,23.36
55599,62.99
8901,76.0
233989,30.67
79631,7.58
155755,3.54
220241,78.18
70487,101.47
160734,99.59
142779,16.77
18128,93.46
123636,8.09
297312,7.99
292947,1.33
183176,103.18
15539,13.075
189377,26.675
275323,6.845000000000001
221915,4.62
139230,10.0
140008,15.485
88476,25.99
9299,41.99
182804,9.53
260829,3.83
1467,72.8
155329,8.875
247461,30.0
34794,0.5
204086,14.49
219151,17.055
23300,23.99
93847,6.615
108970,32.67
122312,12.97
83464,6.99
225583,15.99
44600,4.48
203915,12.99
161388,11.25
89651,11.94
197281,15.89
208635,9.99
162847,95.08
163115,3.01
44867,10.99
286628,37.13
1680,38.54
39992,2.19
132660,11.99
167480,4.77
96928,7.615
87264,11.14
239446,3.89
266899,16.88
205288,14.83
105030,36.8
60979,3.69
51668,42.93
22862,16.95
270732,10.575
226513,79.99
115382,3.48
235732,32.95
147897,86.43
81528,1.56
56392,35.97
20897,50.19
213805,28.950000000000003
106508,8.82
899,19.97
3578,6.62
160417,16.33
91299,15.36
250639,10.885
293047,38.98
234038,18.28
147971,26.09
289908,43.22
170021,1.84
271538,31.0
178336,11.99
14076,3.48
132834,6.33
63599,14.94
62208,25.48
144489,20.98
217760,18.52
45236,9.0
264284,18.57
108628,2.28
215237,59.98
126904,17.64
92135,19.11
94686,23.99
19230,64.31
61051,51.0
47421,2.285
277736,18.28
136038,4.805
207407,6.99
98143,22.18
141371,7.98
269812,4.62
286675,8.66
140913,17.99
181818,1.96
51562,2.615
296765,8.795
5098,128.44
275730,11.62
258587,7.99
226264,31.61
165167,6.225
113284,19.99
1647,59.2
243295,21.46
77118,5.24
65649,19.94
292707,8.56
161433,21.69
198030,8.99
161835,30.99
117007,14.99
270841,41.99
181899,9.46
279752,11.12
167857,22.99
12365,13.97
156729,158.01
123356,6.8100000000000005
262436,39.99
4417,57.53
136905,49.82
3314,5.91
185845,6.1
72751,21.65
46630,2.49
69805,3.19
184041,5.9
220843,12.88
224365,24.48
286521,8.35
248334,39.61
295918,5.24
170842,7.13
297488,10.18
167363,6.33
25661,17.99
294106,55.99
53249,4.74
258603,4.44
189070,17.0
137078,3.72
122087,29.99
252568,14.41
103552,8.0
289876,18.81
172480,1.25
200800,28.95
31140,48.49
166004,48.52
86990,4.49
182784,9.36
178896,7.225
210252,16.81
35039,14.9
267045,24.24
21641,31.99
243956,19.03
238824,12.695
232608,24.33
288785,4.79
253527,23.55
137736,26.795
105407,48.98
245520,13.99
195306,53.77
87381,32.84
46711,4.99
221067,22.14
154435,13.055
225473,21.22
85403,7.245
290584,9.6
196337,83.6
64163,13.97
292971,46.9
29692,63.88
49865,42.94
148508,46.04
12603,2.46
264648,39.5
291009,17.01
165896,24.97
99784,2.9
47983,2.79
225331,60.0
133688,1.94
276454,3.865
30040,11.95
5438,56.01
132333,25.25
150360,11.88
160446,3.49
20972,50.19
69499,5.89
196672,75.39
163310,5.61
26550,4.0
147808,17.97
128418,3.78
252494,3.495
150695,39.49
264875,23.99
265354,73.99
135598,7.54
158129,10.0
298354,2.14
171815,8.99
169534,3.59
76247,8.99
282543,3.49
294033,24.96
120692,29.99
135822,7.24
30142,5.78
38141,96.36
60058,29.705
34275,9.79
134551,36.74
2409,29.36
152075,23.69
281160,14.49
165577,8.99
230730,59.99
299339,5.29
149841,55.93
207818,18.99
74881,10.46
172622,91.26
79135,12.05
154498,6.78
41972,4.34
85728,4.77
69923,6.78
11233,7.81
101049,5.99
83195,8.225
246560,41.0
289778,112.37
104839,11.99
177906,3.0
123393,8.29
146141,59.48
153255,4.79
107651,15.99
75456,9.94
87660,22.95
285486,5.695
203278,34.84
174251,3.125
93158,1.49
39413,61.49
64524,44.99
132851,10.51
59639,18.595
59084,74.95
15920,2.99
145025,20.68
255218,4.99
163058,4.95
242385,3.61
195168,58.25
224364,23.38
190069,26.99
238345,5.735
125895,8.98
955,58.48
66072,27.04
127913,32.355000000000004
174500,22.99
58680,45.88
39017,4.08
190196,11.19
74689,22.05
251755,16.88
271431,14.0
2143,126.3
220271,18.48
172936,4.73
142693,32.2
274609,7.77
122559,19.49
32682,19.51
268136,12.78
105250,60.2
35321,1.96
48074,5.79
221726,3.155
245142,3.97
42976,6.72
284747,192.8
93325,8.24
20834,33.5
144292,51.77
263712,19.19
90936,5.99
244721,13.64
22498,12.54
171459,7.365
247649,45.41
72139,70.99
138487,5.17
226076,5.14
171657,10.775
193987,4.085
278620,3.79
241580,5.245
96380,42.595
22193,9.245
2071,30.01
222230,5.535
187971,3.255
62340,21.99
258863,2.605
264042,22.99
70666,46.96
117130,26.13
242373,14.99
31074,3.48
47714,6.49
16410,19.95
279324,25.7
69331,14.075
230411,19.14
203291,13.95
39192,51.71
269251,43.65
90635,5.24
129784,21.13
208102,19.99
201621,21.7
58009,3.24
74334,17.91
23733,16.99
176475,25.41
151928,21.59
113250,26.99
24865,4.48
188238,5.515
12105,7.16
238943,8.99
118961,3.59
144029,59.48
68984,14.7
179228,18.5
146832,5.29
229369,44.99
37789,16.25
188235,110.86
2211,81.28
19807,8.78
277454,3.59
67599,14.95
144842,16.884999999999998
186112,6.57
232098,6.35
216210,29.95
6882,9.79
259779,3.72
18793,19.6
192913,23.89
280376,42.99
100928,59.99
156657,1.98
119036,43.03
47839,3.99
66712,4.3
176327,2.935
98660,24.995
223337,9.99
280187,8.835
86961,5.99
209563,35.33
224523,14.99
30433,5.35
158240,46.24
96214,7.99
126762,1.72
105374,29.94
156432,6.0
69768,14.54
136591,23.795
134925,385.0
93156,0.59
172201,12.49
108213,3.72
106051,1.49
101473,29.43
250041,11.19
191552,14.5
23053,4.985
171322,16.19
149823,83.74
178011,259.535
188829,9.47
97834,241.165
172048,30.915
296570,94.95
120887,14.09
21314,10.08
132758,36.96
103057,13.72
233359,25.33
199635,4.19
204425,19.805
248235,12.78
283376,1.48
199907,7.21
99802,3.585
29640,25.4
10988,9.99
3915,28.99
259414,7.135
120757,2.49
17872,9.25
152141,15.01
174335,11.49
282182,2.69
176925,14.99
266219,0.99
231341,76.99
61543,11.32
71471,30.58
200923,9.99
190442,4.49
118713,25.39
235580,9.44
72502,29.49
46916,18.35
27121,2.9850000000000003
222816,12.99
231172,30.93
28422,36.79
13684,1.99
105257,1.04
97880,13.585
200687,33.81
20765,37.63
186709,12.99
72252,37.28
93891,16.95
33887,18.91
238041,18.03
32884,1.25
245243,10.78
281065,4.39
79787,32.94
211943,3.59
67938,3.885
96035,10.11
90106,5.63
107766,12.99
36621,9.99
111960,12.99
231056,6.99
127767,35.89
205971,10.0
178558,54.99
33558,4.47
151585,7.875
205808,5.48
130578,22.99
61935,1.38
131136,7.2
22096,28.31
30984,5.98
18596,32.84
152798,22.49
102258,36.0
163987,3.99
48480,8.0
3356,22.94
61666,34.99
216563,34.99
169247,18.845
292844,18.78
93087,18.61
288879,3.99
236499,49.22
139835,12.99
71554,16.875
68095,32.36
32063,12.99
144237,29.41
207108,69.99
126449,19.99
51171,11.95
180863,28.03
287657,2.79
173771,2.59
3953,21.79
35153,32.39
39183,5.29
120078,6.99
211692,102.99
12522,75.0
127043,28.95
146537,52.61
125502,39.35
152147,25.9
251565,6.49
238162,10.985
64214,9.59
184107,2.095
81727,6.58
224378,5.145
33771,12.42
131997,18.99
221533,21.81
29901,2.69
28216,9.45
67475,22.99
130075,35.95
9500,13.23
245436,13.27
245177,27.0
241969,20.71
5137,35.47
63273,7.59
117179,22.99
250002,7.0
252207,2.9400000000000004
269546,6.55
189554,6.58
139219,2.98
273197,12.98
240604,7.99
158616,8.005
184139,4.78
123654,0.94
253999,5.69
186323,15.49
196247,573.83
227496,47.99
13579,21.63
93637,26.57
145880,19.98
298068,21.24
151412,1.79
282858,3.155
45250,2.99
151914,9.835
220952,26.15
149963,11.99
205962,9.98
194917,18.74
203306,34.65
110431,17.0
88254,13.97
124400,26.94
75724,4.18
220940,0.52
2597,16.77
262862,28.775
145903,88.39
66400,10.5
104237,2.49
40300,11.885
149962,15.32
280924,4.8
241138,50.775000000000006
147285,83.74
175520,19.99
157408,162.79
51889,23.94
77493,6.79
238959,14.99
284896,34.065
226613,29.95
148424,6.0
261797,4.41
67275,28.99
87568,80.72
130240,6.53
181299,2.48
104240,2.59
115319,14.745
17840,69.475
208573,13.99
124107,1.975
293498,4.59
20862,52.41
280180,37.95
161922,58.135
201937,25.67
236891,13.49
102505,5.97
270157,6.99
179811,26.49
47143,17.19
141556,11.98
147028,24.29
237290,22.93
52979,7.99
131005,61.49
137463,5.97
85755,29.95
71192,4.38
284123,83.72
43663,4.69
42459,70.19
65410,12.99
94174,7.245
20618,8.355
117839,4.79
902,26.195
152402,20.11
268215,3.79
106264,55.49
51608,27.68
12046,4.99
33636,36.0
126008,7.39
180209,12.99
186579,2.74
59429,9.97
192356,22.99
262062,22.32
95329,8.77
100612,3.99
201980,26.99
106794,16.96
20019,36.06
63372,12.89
260781,14.49
197420,35.4
31734,6.035
226499,11.49
71972,248.22
285297,4.84
156755,4.98
224989,10.98
241614,5.029999999999999
129940,28.98
226527,49.99
144739,4.39
135507,14.95
168663,3.63
32761,2.955
77,25.775
293122,1.16
260838,28.17
23305,49.94
151290,30.83
169253,5.59
504,18.38
178285,15.135
26644,1.355
246026,9.33
240997,49.99
124087,24.33
234647,35.35
150448,3.24
57507,10.015
93345,62.94
107268,7.095000000000001
19534,37.63
227156,22.975
156019,33.33
279795,6.0
164455,1.64
166956,2.54
292688,10.0
7362,26.34
37245,21.61
224723,2.15
228483,4.49
242411,1.97
1711,56.56
61570,17.99
296073,15.75
49269,31.97
191131,2.29
203490,13.97
161188,16.85
10302,17.99
168144,17.88
100340,7.29
214001,74.77
11587,11.99
214488,26.95
204976,2.19
144852,9.34
156310,28.6
56003,47.12
157031,120.23
295699,13.85
45789,5.69
229964,23.49
253434,34.49
281182,57.99
134559,4.640000000000001
27124,49.99
69838,15.95
272537,0.97
61005,15.49
193098,38.95
109544,4.12
224841,12.89
5261,50.1
163063,6.56
24561,11.75
177877,5.99
269353,5.99
289071,17.99
177272,5.98
151492,2.24
253092,12.29
207974,27.0
104147,14.99
207366,19.35
231814,50.805
94275,4.155
57202,29.37
25101,19.9
136100,7.885
243344,38.385
49022,10.12
165610,72.28
95907,9.99
27940,6.39
113128,16.49
196033,55.28
204156,102.99
199158,24.95
15208,24.99
32974,22.47
275331,24.85
295427,35.0
106619,62.55
44061,16.59
102567,19.0
85020,8.54
160115,8.99
28427,32.92
161607,63.07
217191,10.73
138773,51.42
134632,4.59
196652,55.28
18177,19.6
271353,20.74
150027,6.08
34644,84.93
172804,4.33
284544,2.125
30813,128.24
51476,3.68
203793,7.689999999999999
189630,47.06
3789,7.17
202209,8.22
122112,12.48
230370,17.08
252384,33.475
155444,2.88
262352,7.48
111742,13.49
143785,57.7
211107,25.95
83340,6.09
80937,14.29
224457,29.0
63384,14.245
296864,3.34
169055,27.715
155268,15.495
37422,2.99
38238,3.89
96986,14.97
240828,26.99
60968,14.99
98497,3.165
219793,13.99
79060,4.27
282928,4.99
102691,19.85
169778,17.255000000000003
145907,50.1
243321,29.99
65075,4.905
67858,18.99
100846,39.5
249574,1.3199999999999998
263634,33.4
29366,2.305
287784,13.99
278811,33.225
146975,57.7
2891,18.235
57499,1.815
56018,3.08
32809,21.97
199240,54.0
70401,27.98
67784,7.5
206242,16.98
288334,13.875
174658,5.025
298740,75.34
208849,10.99
229281,49.99
137453,12.69
280137,15.989999999999998
112916,14.99
205172,24.99
219033,6.69
117141,9.2
261692,16.994999999999997
117566,60.9
76858,30.49
252960,6.32
142173,72.8
237214,32.95
26854,14.79
29130,13.08
27625,2.08
160868,2.78
255108,17.99
146668,38.54
28368,3.69
116846,30.32
117027,24.99
160463,18.99
298461,16.78
136667,54.99
132343,19.99
74568,24.71
72918,59.99
186375,14.99
31517,2.18
250599,7.62
145251,72.8
47875,6.105
172897,15.46
70101,15.99
154431,2.99
210060,12.99
115681,23.22
162151,75.31
88551,27.99
276373,6.49
226164,69.99
118350,18.95
23557,133.08
109333,7.83
89496,4.79
95177,124.76
115198,14.29
39421,8.49
3738,13.99
70136,21.695
45867,1.385
44993,36.1
136982,25.51
243311,5.11
138094,48.95
91914,30.99
248507,17.95
204363,13.99
87208,3.685
114429,5.49
162455,59.61
288606,35.91
268741,12.95
238961,19.99
242600,2.79
220958,99.98
44196,4.49
50721,13.34
174659,4.49
90317,4.48
185410,14.58
246319,4.93
83439,9.75
184921,19.99
106502,3.45
43540,3.1100000000000003
218402,39.99
225163,39.99
74853,6.99
166399,53.13
215200,34.465
273266,18.79
150564,5.49
6120,6.79
181916,49.97
143399,6.855
120477,22.36
56924,3.69
18728,64.31
281586,16.87
274792,16.13
150084,1.99
136062,7.729999999999999
16441,1.58
73939,50.44
278668,10.49
214080,44.99
82733,69.63
22332,6.84
291842,59.0
3235,5.475
293182,9.99
247092,16.95
115851,89.99
215699,15.99
252152,1.48
174105,11.99
76352,42.14
202070,17.99
89970,6.03
27232,6.095
79243,4.99
40319,6.25
110917,52.19
286585,3.99
223515,10.93
298901,2.88
20422,18.95
169572,3.79
142187,81.92
246422,42.9
257274,8.42
29216,3.89
81935,7.22
284433,6.27
196798,5.36
256725,21.82
281564,6.72
229913,5.97
143413,52.99
100439,5.99
245262,47.98
230377,20.0
276518,4.99
231801,14.99
101681,2.79
290540,14.845
70133,11.5
265579,1.89
114368,39.3
192713,13.48
17408,5.49
186935,15.27
274909,8.99
249273,14.989999999999998
48851,18.5
262698,37.99
48888,5.49
6845,9.25
214225,6.37
184621,1.28
162001,18.71
48936,6.135
165705,12.48
10977,24.97
122654,99.97
164807,17.25
179106,26.6
225091,4.94
285804,31.98
72864,6.575
4697,27.95
70078,43.11
240541,17.99
146378,36.045
171212,11.79
122124,2.24
32190,9.24
93315,15.47
166598,12.48
212157,39.95
251571,7.48
212961,13.79
127088,5.09
196444,276.31
189350,44.34
34836,43.22
53200,8.235
257341,27.24
67245,13.99
285570,1.84
281110,11.95
158908,3.49
86554,49.53
223237,25.95
74932,35.95
64913,6.99
213116,14.99
7041,27.2
61704,9.99
135564,23.53
12944,7.12
188283,7.44
111586,54.55
217708,6.68
87930,29.99
96466,7.890000000000001
74033,4.89
255481,13.255
264164,5.35
249849,24.7
65151,4.34
100024,7.1
18032,46.93
90995,7.48
56835,24.195
130455,14.44
66484,23.23
272329,13.98
169719,3.49
10265,37.94
145300,8.28
20549,12.0
3963,29.13
288372,4.29
225124,5.99
264590,12.27
131686,9.47
159362,33.29
89783,1.98
167047,2.99
112615,24.99
208170,14.99
121125,9.26
21004,64.31
163648,15.31
155256,22.0
198182,41.445
236773,4.745
132442,5.42
137260,5.59
90418,29.85
167244,50.125
103639,25.36
43667,11.99
19248,6.99
133455,2.67
3448,59.39
162117,4.29
173939,4.24
144026,56.01
172830,2.99
19489,50.19
190485,5.29
155095,20.99
47393,9.920000000000002
206144,4.3
299126,1.96
291757,154.91
205641,3.98
95300,5.52
172242,3.49
160952,105.07
248829,25.99
234663,35.35
14998,53.34
245408,20.99
128044,29.95
24901,14.225
269494,1.72
244336,78.19
97826,1.28
40609,10.95
65256,12.95
55959,23.39
284327,1.9
262715,3.29
77896,4.79
33374,4.48
215651,10.19
231868,16.99
114170,13.99
112025,26.99
134447,7.99
29845,3.12
91079,13.99
225271,18.99
40560,47.55
213368,34.95
221786,12.59
18623,35.68
209989,6.99
196927,6.98
214940,14.95
81512,3.28
57158,29.99
159685,11.84
223880,2.48
159269,20.12
262610,10.02
224240,16.0
271493,10.92
4252,22.95
160085,109.9
237345,18.99
207646,11.98
186174,31.92
219988,1.49
256722,11.66
30291,36.295
294152,5.24
70064,5.49
154564,8.99
258600,5.61
67427,8.06
92319,235.4
134796,6.99
259655,4.62
180571,4.92
41078,2.45
131502,26.8
253456,7.11
240842,3.0
282782,2.325
142738,53.01
198685,4.2
61012,9.66
146946,9.99
59380,15.44
23868,6.535
102343,14.95
239209,3.0
207329,13.86
273640,5.49
205845,9.28
168362,4.390000000000001
206586,8.03
80437,1.52
125160,16.865000000000002
23066,23.45
165930,6.35
15204,15.595
284324,4.390000000000001
103143,37.925
107108,10.95
167258,4.29
281886,3.99
111214,9.99
54270,39.24
103349,12.62
144079,46.04
155124,22.380000000000003
195750,68.42
259535,6.5
127369,6.32
115046,71.6
107692,49.95
145594,51.54
70450,11.69
255795,3.785
276006,12.805
137327,10.985
260099,12.99
181821,11.445
228783,9.98
185730,1.84
217514,33.89
20797,93.46
224271,6.13
169189,14.99
31738,3.39
153384,27.225
30854,7.5
41259,8.95
153050,20.725
167327,6.5
27531,0.38
130799,16.795
24330,8.96
283,7.96
167511,21.49
120100,26.99
91930,32.99
9975,2.555
125964,20.88
196678,66.14
265590,14.735
3221,6.69
20805,72.93
98627,1.76
43044,2.99
246075,6.5
272069,3.98
6212,13.63
84257,29.95
27595,1.79
184746,6.83
10703,23.145000000000003
270836,87.99
250545,9.99
26473,17.99
226337,15.739999999999998
172999,10.49
75273,2.19
115919,38.99
3077,4.18
216041,32.95
202737,319.99
199317,227.12
70302,30.79
204416,11.99
78219,14.74
125283,2.88
238495,7.76
167710,16.29
21793,45.0
109925,9.49
230988,10.1
156170,13.45
111531,14.97
209775,17.89
110754,10.81
91208,9.9
10715,38.33
52326,1.98
32342,58.13
108555,17.95
107946,14.99
155460,18.54
89221,45.23
232953,32.01
299184,9.99
150868,14.99
161270,54.93
224939,19.995
136892,16.93
19014,64.31
80216,2.53
163995,4.12
120914,8.77
292785,10.73
228882,29.99
98421,2.54
51763,3.79
81629,3.5
223323,12.99
162438,66.99
238232,7.985
111599,17.69
50823,8.48
252305,44.99
221326,10.78
102575,61.84
159667,16.99
100954,14.96
119684,7.97
51561,9.19
185578,6.0
207195,47.99
55075,14.48
191974,7.07
230003,16.0
26908,7.955
58325,5.39
72391,22.32
206212,7.03
76181,10.74
208599,91.99
284145,8.285
30082,105.87
185942,9.44
278549,7.23
169429,11.655
17149,6.19
291222,10.04
144924,81.28
29651,6.69
27327,6.390000000000001
271867,14.99
60127,39.99
12964,8.52
130700,18.99
211427,200.51
15177,5.19
234854,7.98
195888,29.19
201646,86.38
236700,48.67
188461,56.8
190941,72.58
271837,18.94
180765,5.79
65998,12.64
222346,8.9
220743,11.48
24374,4.405
138614,8.025
233697,60.99
9870,75.0
278315,13.7
7554,33.1
126879,1.74
132038,34.95
30189,19.88
41655,15.99
154138,12.09
55252,9.99
258118,46.5
266954,9.99
45624,9.97
197428,11.0
294466,33.895
146292,1.89
83099,5.99
121440,32.77
170594,12.98
48077,71.79
181347,11.135
180415,10.0
211916,17.995
278428,3.58
263645,7.98
48057,53.99
93294,2.0
141744,5.39
50422,56.99
233587,76.99
19997,19.6
204519,44.98
140972,41.0
113113,8.99
212226,1.99
113636,3.97
274079,37.25
84237,19.0
298894,10.0
224982,10.98
296588,9.37
14552,16.82
47163,8.75
156380,38.99
121362,26.5
297699,48.78
38089,5.79
130142,4.25
94388,37.39
93971,6.99
256288,3.12
217930,9.44
61322,5.035
84797,18.99
197716,7.65
131206,9.36
261863,17.99
13573,15.27
236843,13.49
127223,14.99
243945,9.98
36645,1.24
242013,14.99
104325,9.89
46254,8.36
198015,92.12
94146,2.98
165520,21.5
171166,12.99
197984,26.95
183702,59.96
77772,6.710000000000001
28482,46.7
84769,10.99
274911,2.99
74012,19.99
254722,20.295
75514,4.48
241031,12.125
210071,2.14
225047,9.29
255580,30.95
117023,50.99
262825,9.5
177360,126.56
99867,37.99
57841,1.99
111237,36.38
298730,10.895
32386,6.485
179524,43.94
199656,9.08
202666,11.49
85463,98.42
165217,0.84
123496,8.49
294529,26.26
223312,48.95
198883,7.29
125004,22.5
93194,4.99
197150,6.99
56931,4.89
73543,5.49
260630,2.5
198281,44.755
10847,11.99
235038,4.79
31458,6.695
185115,11.98
54135,33.2
220368,35.584999999999994
38360,7.945
246729,67.965
203477,13.29
242053,38.27
249370,20.0
257670,7.57
296010,16.82
132205,190.4
218994,19.95
181650,2.0
125383,4.25
10169,12.95
205916,4.99
203445,28.62
5024,39.88
223296,17.97
137132,2.705
219639,123.995
203136,8.63
195017,21.62
73899,57.61
94692,5.49
207107,26.99
42009,8.940000000000001
196471,94.76
258614,35.99
84043,6.93
25707,10.755
129047,8.2
106433,5.05
217891,7.695
36403,12.6
166384,3.59
299416,5.37
88421,4.31
113450,11.36
62500,57.9
95282,11.175
279801,37.9
88943,3.985
34988,3.24
78728,1.99
128640,127.73
53058,2.49
8214,23.49
156074,7.68
296273,6.19
186787,3.83
103479,34.835
177157,6.23
72087,46.23
198036,7.49
203693,11.79
250583,26.63
69862,6.745
90884,5.98
277769,5.69
57356,179.99
1343,35.63
244769,9.95
132315,15.99
228215,8.06
29249,10.99
243067,34.99
117620,12.670000000000002
154716,9.235
5906,31.99
106361,32.34
206407,36.48
42577,7.56
144494,10.96
260477,5.845000000000001
286944,24.0
201741,9.99
130960,4.99
11481,38.99
207495,59.99
110379,13.95
130499,7.44
28126,1.465
66742,50.185
40575,26.44
32428,10.92
149597,46.04
247198,243.21
182336,6.19
223155,15.94
36856,5.99
110303,26.99
108726,27.98
119601,5.74
294216,2.97
222867,84.73
218970,9.49
17201,19.99
123506,12.49
46749,16.94
283248,21.355
189771,4.89
259713,4.92
162157,18.99
78864,13.99
74438,14.84
111028,13.87
228286,40.99
193542,24.99
155851,15.69
50072,13.05
222713,27.99
70245,6.99
146495,56.37
199804,3.49
201146,20.95
73184,7.56
38473,32.62
103393,33.98
74816,5.99
131412,6.91
172788,18.835
165009,7.97
84856,5.95
225820,1.24
260269,11.6
189595,14.99
178351,25.69
174882,0.94
8805,9.27
187588,11.98
169570,1.05
123559,22.865
253163,8.629999999999999
19241,62.92
1136,11.99
53704,27.99
57309,13.99
186149,13.69
175719,1.5
95723,26.115
201303,78.67
30459,16.79
29999,1.88
142872,18.55
120561,2.84
49516,6.47
52649,48.0
118009,76.99
147710,18.13
229553,11.43
67875,40.95
278570,31.37
81847,2.98
282924,1.49
22752,22.95
59709,23.38
238966,17.99
19271,19.99
153875,27.99
177473,45.87
295722,18.99
230844,29.99
38033,3.49
6000,25.95
124665,31.8
156132,23.88
161706,4.38
114370,48.27
106730,30.99
192079,31.99
76746,17.99
187830,5.385
149125,20.08
170649,2.86
18764,36.06
162230,1.98
299280,12.09
9643,12.79
102990,21.7
219938,9.88
280165,19.85
172051,14.0
127038,14.99
60633,7.29
293406,1.98
203695,34.55
82461,2.205
197001,2.99
108949,14.78
261540,13.8
277684,23.67
217353,14.99
212305,30.0
70697,32.99
271786,6.29
36360,14.485
264082,8.29
290017,3.5700000000000003
209935,7.99
217149,73.99
67676,3.055
256242,6.65
138393,54.7
162272,14.8
157925,16.95
248988,20.855
43679,37.03
279557,10.585
247565,47.48
282127,3.89
44975,35.99
135838,16.99
234236,8.66
188567,6.46
241500,26.95
71513,14.49
250509,9.98
26177,9.34
179895,38.99
180596,7.65
189911,90.6
6207,29.69
65315,4.140000000000001
182492,4.890000000000001
142316,18.47
115152,9.64
94954,8.8
15318,7.045
143751,15.32
240753,13.99
57811,19.4
26919,4.44
76440,3.315
72066,64.055
51449,8.99
291183,23.41
108947,41.79
277794,24.97
62400,28.22
46649,9.635
172286,64.95
11235,23.95
233954,39.95
174535,1.24
100103,42.54
219399,6.94
241032,11.33
175665,65.99
147670,27.4
206888,51.26
93235,5.22
169901,15.24
130534,15.325
122191,19.9
210894,69.33000000000001
76429,15.835
49633,1.98
283300,15.99
162713,1.89
175362,27.45
218785,29.99
46685,4.65
128776,25.95
18391,42.7
199386,49.73
42433,12.94
189823,16.99
245295,19.99
143196,14.99
217123,5.1
305,9.2
102028,16.99
73974,22.09
42820,56.89
259513,45.0
217411,9.99
116073,27.99
271762,21.78
79391,6.11
159875,29.97
106046,12.99
1028,31.99
195960,53.59
182008,41.99
162479,4.48
60222,25.23
159954,4.285
67372,18.315
178818,4.145
127903,112.93
280443,8.455
245967,15.99
121461,17.39
180961,2.29
92882,14.99
240622,7.1850000000000005
9339,30.14
54060,12.72
208008,26.99
159040,22.49
12273,39.78
166691,1.36
64782,26.66
120194,36.99
167004,7.68
153045,3.835
157440,130.05
132708,25.95
17359,9.92
224443,9.045
204846,19.97
103206,24.99
114344,44.99
173190,1.83
153455,6.98
35287,1.99
211947,19.99
229827,9.99
135478,15.725
236392,12.92
60242,36.5
296408,15.99
129397,27.42
80613,20.9
271637,18.99
164604,19.99
115507,24.95
59149,5.67
283861,28.11
281426,9.08
137385,46.94
190909,7.29
212210,7.99
211484,51.99
201461,29.99
954,23.99
130612,29.28
217472,17.49
198694,1.48
103152,9.99
129224,5.99
202749,1.29
265379,36.99
123288,19.98
278360,30.345
83149,13.49
735,54.95
88857,8.87
78060,1.79
197130,25.84
168518,3.99
279199,19.56
249733,2.99
146699,16.77
1054,15.635
247289,11.63
239844,40.2
187036,5.49
58628,7.29
20667,26.14
130124,3.585
234115,6.94
133459,34.29
148405,9.58
111673,113.96
241394,3.99
65281,10.25
199905,11.15
107320,11.49
214142,67.59
69268,26.99
146113,30.01
211129,11.99
100672,3.78
205734,25.97
97432,189.99
212046,22.94
60001,12.94
100527,26.88
121022,8.485
163270,67.98
268324,3.74
277883,1.99
290677,21.39
155793,2.07
179290,8.535
247846,2.48
185936,5.6
208696,92.26
135220,2.99
90555,14.34
295595,2.555
113073,7.99
145412,3.99
162311,39.97
176683,70.93
149053,50.58
103929,19.99
210392,1.39
104456,1.79
236657,19.495
286517,2.99
170448,13.19
152450,28.46
199753,7.865
192651,39.98
28041,2.97
36255,10.1
281730,1.39
249613,5.78
208519,30.95
175174,15.29
220556,1.23
295992,2.925
248665,9.365
117420,14.99
148058,1.5
191211,29.95
34848,53.75
244268,6.39
258134,11.49
154032,8.99
229405,59.99
231860,12.95
162172,5.35
48468,10.92
169869,141.29
90103,5.58
269381,14.98
32693,3.38
28418,14.99
219392,34.95
7492,38.23
187617,14.99
222880,1.59
5340,21.99
105394,93.94
151281,3.69
267379,18.95
100000,13.134999999999998
69673,19.99
245708,55.93
215265,6.715
9799,8.99
144874,57.63
5654,46.04
203799,14.95
289214,7.779999999999999
222140,65.29
293482,9.11
47731,14.99
126984,3.18
110579,224.94
208582,61.1
174677,12.85
182273,12.99
31098,43.23
186007,5.345
166027,10.33
136693,14.95
46457,14.739999999999998
125683,8.29
124903,4.71
277666,6.285
185475,34.78
270408,27.41
3712,15.0
10850,24.99
143808,42.11
201245,19.99
259585,19.98
83244,27.0
197759,12.27
247239,35.71
291628,91.8
3393,4.31
1452,80.86
5058,26.99
269385,4.24
200914,5.49
162236,18.62
88095,2.08
69445,54.48
193376,84.99
137506,4.76
276949,37.135
229136,14.99
78818,3.445
41060,9.79
1011,6.97
39575,17.575
280609,28.3
35411,32.8
212631,0.8899999999999999
229550,259.99
161367,2.49
52443,12.82
265802,19.99
176924,12.97
213852,28.02
99135,7.720000000000001
79195,19.99
254135,25.495
260518,7.29
255018,67.48
245554,9.98
273490,1.39
196986,5.640000000000001
96183,5.49
20573,12.55
27354,5.49
188895,21.89
62427,14.99
4004,16.49
192780,31.97
9276,16.22
25262,18.39
64726,10.69
275629,2.99
11051,23.0
283975,19.18
44802,5.49
91293,5.0
255340,3.3
251214,3.39
60681,59.95
225686,2.29
297238,4.94
241203,12.95
209209,17.84
206017,6.48
189242,11.99
121540,54.99
26589,36.48
206931,12.239999999999998
9492,14.95
128174,24.99
14052,7.26
224308,79.99
239454,3.755
210228,4.225
64574,29.95
224644,9.92
102247,62.045
289505,7.99
284219,5.99
63886,51.22
78758,2.19
208041,29.99
27285,7.3
51061,31.495
56877,2.39
210615,14.435
149373,10.0
216890,11.89
151986,26.96
54706,48.5
170574,10.94
295153,3.5250000000000004
296704,20.74
282108,8.305
250904,163.09
4180,7.76
258313,2.59
109966,24.07
117651,4.82
142362,18.47
285740,1.295
12791,1.965
16316,2.69
54783,12.64
267009,1.335
163632,3.09
61681,10.04
227176,20.88
209133,36.67
9215,5.12
121095,49.83
8199,39.99
182761,29.99
239308,15.99
292427,9.73
16611,64.99
126446,11.99
121903,26.99
13257,39.95
263205,61.99
126598,72.99
17782,53.99
172088,14.885000000000002
6524,8.99
62003,6.53
274098,3.29
160853,8.45
160856,16.99
186779,3.99
239079,39.14
126979,9.79
109564,2.145
246266,13.99
68795,38.07
184637,119.5
78949,17.45
181911,8.985
196060,50.58
236160,24.99
246332,5.79
92901,29.995
199445,52.9
199418,15.01
285391,3.1900000000000004
180219,41.99
211392,77.99
8025,23.74
142994,29.36
125335,2.875
123047,12.63
233921,6.49
41038,6.99
42413,9.99
5977,28.99
283825,5.09
194932,37.99
202097,12.47
82350,4.79
86185,20.71
140575,4.18
236430,9.74
54205,14.0
42257,0.78
9345,19.95
49744,11.395
156711,3.53
232180,8.99
249298,8.99
251507,6.29
109044,44.97
254509,2.485
89373,14.76
255341,5.115
46183,8.83
78916,2.92
56486,121.26
55116,17.99
67660,44.845
202429,13.99
297102,5.24
294955,2.04
56237,13.49
25030,19.95
171732,17.98
233153,5.48
191004,8.37
74529,20.95
126377,5.79
26439,19.98
78325,21.29
79840,19.99
87528,17.98
6582,21.95
169077,35.075
187994,2.245
204375,26.94
224314,14.88
219800,44.95
99945,2.16
168436,4.4
208112,13.99
255712,2.13
296992,69.36
176961,4.96
60227,5.97
267726,18.275
62770,333.52
155388,39.95
120060,13.81
69771,19.09
254016,5.49
274893,15.954999999999998
114894,4.99
12180,23.7
4175,31.09
132587,3.13
229343,29.015
183973,3.815
102762,24.99
288588,6.72
28410,9.78
196492,82.05
247350,14.98
132953,55.0
182604,38.43
41230,24.9
243365,16.975
46516,43.09
71209,3.2
62008,60.99
77278,13.435
88055,15.99
203499,28.84
281234,3.89
42205,5.59
70728,47.48
107925,15.0
61301,14.49
225468,4.89
254130,14.38
283435,2.22
236056,29.28
100189,11.98
116186,14.99
161173,80.07
75792,10.29
268844,10.915
63633,37.05
165406,1.995
197189,7.99
232507,14.98
68535,9.015
202294,7.49
262954,11.97
297948,32.16
236336,10.0
214419,16.075
261937,15.99
268111,6.87
180897,230.0
259608,13.76
295608,4.99
176191,11.98
63851,13.49
187443,16.99
137670,35.99
8629,19.44
43198,70.19
42401,11.685
197425,1.48
250573,29.0
144993,46.89
276360,3.13
204616,20.99
47932,7.355
187836,2.49
105531,17.5
219543,14.04
232926,2.575
145000,32.2
123576,42.49
275403,53.99
142488,67.78
218378,6.29
276982,17.625
192090,28.99
29358,2.59
16418,1.94
228187,15.62
267309,12.0
233393,65.43
42269,4.625
195941,125.66
122618,14.795
221700,70.71
123247,4.98
116892,31.99
30124,5.24
11577,26.88
157191,209.08
67706,21.75
11201,26.845
294963,4.99
298239,12.93
112989,17.99
294475,45.69
110465,17.75
130340,21.525
3638,252.0
275467,16.95
49026,12.39
118940,28.09
61767,35.99
161766,5.285
228230,9.07
41776,12.5
194381,6.18
23056,20.34
88707,16.185
296828,20.7
207025,3.49
186479,9.99
43496,11.2
5624,38.92
274496,32.9
217093,24.29
86421,5.99
135257,14.99
16169,52.99
97647,13.95
31628,30.22
146319,18.49
146962,117.49
262972,3.44
1411,50.76
48470,3.885
168655,7.575
233006,14.99
180304,18.78
112235,18.95
120549,2.4850000000000003
26555,47.325
59105,9.0
175943,4.97
52676,19.99
178620,8.575
68497,14.99
14887,17.315
51009,2.9
250564,29.27
14138,4.39
209631,14.99
117638,12.19
189145,5.279999999999999
282129,11.385
167334,5.95
51437,168.47
294592,24.99
73708,132.99
122271,8.98
61558,1.59
55312,22.93
277244,2.98
45626,11.245
130147,8.74
120512,19.99
172153,8.945
198022,83.95500000000001
67180,27.99
221731,4.49
8106,27.07
155569,26.99
236032,12.19
102563,48.0
95566,2.87
211285,32.91
125206,18.99
42305,15.73
72505,8.99
131737,61.59
171895,16.79
271430,13.24
205829,10.585
263094,136.36
43760,19.94
83761,24.99
68680,10.96
290513,22.49
228417,0.97
53688,7.99
190482,6.37
242629,5.735
253150,4.19
109234,8.940000000000001
281045,8.49
239195,21.245
124000,12.99
190429,13.45
58079,46.0
246417,26.95
202675,3.79
83733,18.99
276126,8.99
293964,22.85
87209,9.895
68565,1.99
10326,31.95
198949,46.29
16627,29.98
12758,13.34
172261,1.99
272312,32.7
127296,19.29
164679,300.0
33265,6.48
33759,7.87
28403,8.295
224297,6.46
79040,36.885000000000005
18413,45.07
48323,6.99
19912,54.69
282402,34.285
193660,5.79
295080,10.935
47872,9.49
91449,13.635
290864,4.125
46322,15.53
60634,4.14
155960,8.62
280735,27.99
250312,21.92
200212,8.99
135042,14.99
64581,9.49
90579,8.48
230348,29.95
152154,18.77
115272,17.99
196872,68.17
279161,4.48
267617,3.49
231001,10.76
87385,16.49
94995,8.39
187373,1.74
98278,59.02
282117,19.99
292896,3.92
248599,4.23
70457,47.99
288338,5.39
113469,18.99
10811,42.0
130840,71.67
203539,5.390000000000001
61132,2.28
158714,25.4
80949,11.745
298504,28.24
191888,1.82
292945,29.99
276194,12.67
100577,96.94
85945,31.99
163414,26.38
26414,74.55
146790,18.47
209488,28.99
8991,11.99
158506,35.27
111081,16.99
128884,36.54
149331,51.54
14713,10.395
245517,14.09
2176,46.89
68289,4.86
230618,16.99
178088,46.99
239319,9.99
284500,1.99
7299,34.76
22344,10.05
244188,17.215
264725,68.49
216566,37.645
120103,8.98
91876,4.635
241127,14.49
252516,10.25
291144,8.745000000000001
36768,26.99
261078,57.69
151577,3.72
12786,4.12
145997,51.54
108820,7.95
105662,22.95
122742,5.29
26476,9.62
120134,13.99
250676,8.995000000000001
148589,19.95
101010,19.18
245053,38.99
156871,74.38
179137,50.99
260299,224.11
39088,115.39
267410,98.99
116790,5.140000000000001
31702,10.395
150228,3.72
12330,36.45
251642,7.455
274251,2.595
1375,30.98
180978,36.99
288330,9.95
188994,42.0
19258,3.48
89086,1.14
217459,4.99
292070,53.13
278134,10.99
285732,4.99
216129,23.22
60226,2.96
206650,9.69
262978,23.72
76431,10.89
97769,17.29
156116,4.99
82097,3.09
252345,46.55
246541,3.19
80755,90.73
286643,43.99
46251,25.205
262355,20.0
286482,1.18
198774,9.145
125173,7.47
251535,7.890000000000001
210584,6.99
288582,21.05
122435,5.99
212580,26.99
296198,99.0
85298,12.545
45348,38.26
260922,35.75
8576,32.49
195550,43.79
146981,50.1
47307,5.46
210627,21.005
277849,1.48
171370,24.0
64492,6.98
155466,42.99
131789,24.99
69401,129.99
162350,8.36
195749,48.71
155317,22.0
259409,1.78
131503,14.9
239617,14.485
261761,1.98
284628,2.49
197250,11.38
71710,14.81
202868,29.99
191185,10.0
82313,3.03
50569,49.98
279423,19.495
25679,0.53
168586,42.99
254350,4.24
129304,14.32
113348,24.35
196857,10.29
33609,9.74
242546,15.0
83904,142.6
291659,9.24
105753,2.98
153197,22.275
95868,3.39
225470,24.99
124241,9.99
64063,6.0
294826,17.44
106789,1.89
50084,3.99
283056,25.79
120051,1.98
141104,5.65
100463,1.54
6064,39.95
99023,18.9
201885,9.99
296018,9.445
193538,4.89
45997,35.81
11220,27.99
140071,5.87
180179,31.985
150264,2.18
237087,249.99
21317,37.99
163235,4.390000000000001
85978,2.69
101657,12.07
205247,6.99
185892,14.69
152833,10.99
290574,31.92
277892,4.74
5271,32.2
129720,34.99
293053,3.5
15139,13.18
277851,1.63
57092,12.77
61697,3.685
118426,12.99
190858,17.39
129315,10.25
259973,9.49
137093,28.99
7259,86.37
233569,17.86
9477,43.98
131913,17.99
173993,13.99
175032,12.99
30947,15.62
268759,1.85
142698,17.45
254194,21.92
280520,8.379999999999999
72809,103.99
114854,69.99
180841,11.02
198677,18.69
269687,19.65
128581,86.97
282896,3.655
284964,7.075
185305,8.99
299225,4.73
183864,5.96
188886,34.49
69943,36.79
254163,20.99
82947,5.22
62251,1188.0
160413,11.245
65430,36.48
55490,17.2
299163,3.83
70496,13.95
34678,4.99
131581,3.49
188380,23.945
267976,8.99
224413,6.97
106268,8.03
159285,27.24
39833,1.98
151852,3.94
115108,11.99
184531,7.59
248355,29.77
106397,18.875
242994,41.85
284037,40.105
106498,5.99
99151,6.34
81975,60.96
12429,32.435
274726,0.37
267050,14.99
54307,10.0
52447,2.18
10958,24.87
17979,64.31
181814,39.455000000000005
275112,21.99
257642,3.39
127278,2.53
110501,18.95
145181,38.92
221247,37.98
220133,16.92
108120,31.0
175071,9.99
252114,40.62
177377,24.92
267989,28.91
265022,11.86
101885,12.12
145121,68.14
121216,12.07
227947,45.99
280012,37.9
230601,13.4
153419,56.93
213387,14.99
165883,5.36
39157,10.25
254827,24.99
139187,13.97
13637,39.99
123363,15.99
109659,15.5
292576,7.76
50099,19.44
264862,14.46
185427,28.215000000000003
5463,20.78
161972,9.49
259651,24.99
17068,32.11
167663,24.99
117669,32.99
257362,6.39
279272,0.99
92212,35.41
116597,2.99
258372,8.99
69329,39.3
159185,80.1
188896,26.99
199368,16.825
239639,16.99
122432,39.96
109649,5.279999999999999
273968,18.99
174051,39.95
166456,6.97
133055,14.22
1566,56.01
118318,9.26
274140,4.6
101680,3.055
191785,46.99
279785,29.9
73421,8.34
107159,49.99
251003,6.140000000000001
47724,17.99
1560,46.8
256450,9.495
290050,5.99
256518,5.0
267902,19.99
134578,1.7799999999999998
120458,9.99
295951,5.98
37374,55.0
82971,5.49
67285,8.65
127428,2.99
146741,50.76
225726,37.99
125001,143.38
150239,6.885
193798,17.99
154606,22.0
260581,3.285
67119,31.99
15547,4.59
80479,15.8
249545,5.795
21040,72.93
193204,5.69
125347,12.99
293630,5.46
151107,18.99
248621,16.2
69176,16.99
267489,11.18
182637,39.95
147575,15.65
199511,7.095000000000001
23485,2.78
19286,7.74
44163,20.96
279683,9.29
241785,36.55
261821,17.99
207755,22.99
89536,11.84
31192,1.28
17438,6.025
278875,7.1
16331,27.99
200079,11.19
135766,86.02
40651,2.5
293227,4.69
128521,18.95
30581,28.49
98713,7.35
16176,45.995000000000005
133112,12.89
259428,3.69
127933,8.49
116269,29.95
33246,5.79
80134,4.99
106933,9.99
80244,59.98
175797,43.6
207591,14.99
108692,20.95
28170,7.62
209867,4.98
32031,23.08
156620,97.68
129583,5.46
185393,22.96
162633,13.97
123017,8.36
2286,86.91
110179,13.96
12051,6.69
260718,5.89
298302,9.99
25470,11.69
206919,39.99
298092,3.05
233682,75.31
28674,13.95
77186,2.73
46593,9.97
245029,9.99
102260,20.64
139314,41.08
279680,9.69
296480,3.63
215747,3.59
123147,43.18
32013,3.29
255396,5.49
18437,10.0
9911,17.99
27727,5.99
220612,19.98
75828,15.6
11859,3.99
45831,6.49
81852,6.859999999999999
240340,39.99
147873,57.7
176026,28.79
27862,21.45
47016,34.99
290928,10.79
201030,11.99
52026,12.95
40837,9.44
3233,2.69
18057,54.27
127272,8.67
277944,1.84
105295,28.99
46695,10.0
120834,9.99
99586,11.52
46435,8.49
274729,6.49
203734,35.28
293609,23.32
173061,15.03
196440,47.15
70315,12.95
143966,86.43
32421,4.39
196240,64.08
189620,10.34
84209,7.325
126843,8.12
290472,12.59
275568,2.69
57860,10.5
129096,4.095
214850,43.92
244198,6.69
17426,5.99
270172,7.37
290153,8.9
224689,2.99
48892,14.99
208031,8.99
91389,1.48
156192,3.99
143238,12.6
186523,1.49
87184,4.98
246165,19.88
165435,69.95
100329,9.32
252041,12.39
79321,6.065
274008,18.99
33744,1.5750000000000002
31097,7.995
82927,30.36
76306,11.03
248354,2.105
165059,1.36
136440,16.49
42963,20.0
114295,24.92
287504,1.25
222333,9.94
35142,5.59
209222,21.36
259069,6.56
42522,12.99
209627,1.98
74915,40.99
245585,54.99
111523,26.99
105675,9.98
109990,4.99
73695,40.49
123681,17.99
275599,24.99
188426,139.17
276332,7.2
257221,41.64
266549,7.65
34032,4.79
83103,4.79
42118,21.0
213895,16.99
123933,5.99
286146,1.99
61036,66.36
69786,21.44
179499,3.64
155109,11.98
118311,10.49
291533,18.78
222390,34.96
279348,3.52
157966,81.2
4337,20.74
214438,9.28
46139,6.37
110959,2.935
265226,51.95
90444,5.48
79733,3.645
257873,14.0
90639,1.21
220755,24.585
276479,1.48
32943,11.84
24733,10.98
248293,12.78
74241,32.0
134453,56.29
219268,3.44
88669,3.12
187141,55.01
96133,4.72
40421,3.49
44607,10.0
271427,1.34
247072,20.45
233072,4.29
129049,5.34
90533,1.99
233146,70.53
271840,23.5
211201,7.99
55391,10.99
120317,7.34
258816,5.84
181216,17.73
143167,26.98
156382,41.22
48861,3.99
92723,24.99
182258,5.77
37223,10.23
73766,13.99
154778,20.93
122661,8.59
82962,1.78
211241,12.285
9056,6.140000000000001
146164,39.71
14453,13.99
73843,12.99
77220,48.95
176791,9.99
80574,54.95
192540,18.49
108431,19.95
248625,6.38
152273,21.98
182357,6.99
163510,8.2
166731,28.89
197886,139.99
296087,6.1000000000000005
116461,39.99
85079,19.99
62736,17.99
134767,13.99
63042,14.99
237347,8.99
268823,8.39
275438,4.49
182906,16.59
147798,50.1
168319,27.235
164484,3.39
90850,5.45
134380,39.99
168638,32.99
292057,8.68
64125,9.35
41627,16.8
45869,5.44
253309,8.83
225996,35.02
105209,15.489999999999998
34989,4.99
258895,36.99
135196,1.44
290890,30.3
157831,24.91
132303,19.99
191710,134.99
46902,2.99
241949,81.18
212053,11.69
172053,26.96
226182,21.99
61864,9.49
180950,9.925
172825,6.65
164113,0.9
285768,17.4
228282,2.265
173588,9.14
120152,69.06
113672,20.99
72341,34.81
178791,29.1
14862,4.44
12901,4.715
90040,50.52
104885,4.39
224602,14.99
100281,14.99
53850,3.69
225934,8.16
122249,151.88
266306,12.97
74870,11.99
134283,8.35
175389,87.87
181507,10.95
149894,23.79
166762,3.39
30640,50.975
230787,9.99
298566,2.53
90063,11.45
66152,112.0
207905,24.99
145956,26.09
150817,11.305
77976,11.91
56761,5.0
1025,14.91
43264,30.78
81969,6.09
44288,6.65
115030,11.61
196585,91.18
128107,4.86
152431,27.04
63923,3.86
257429,3.97
169800,7.135
134545,5.31
203049,13.99
50258,46.99
205841,19.685
36657,39.945
222332,15.99
172708,1.99
133804,26.99
43035,9.445
44139,6.33
89550,2.0
52728,19.87
293395,10.95
145681,128.44
159549,9.99
277057,7.01
58975,9.48
149953,7.49
283160,47.08
114264,16.895
109516,21.79
19221,54.69
206342,12.99
234346,8.5
83729,15.87
180113,3.75
160438,7.99
84203,117.64
226352,7.99
60607,5.99
227032,19.99
82692,10.99
236713,9.92
114403,4.94
265069,4.99
162984,5.28
87292,4.09
174796,9.88
109494,1.98
215961,39.99
82534,2.99
20335,26.14
127125,5.99
28907,6.19
255193,32.99
243449,21.95
255286,30.32
247678,149.99
292761,41.95
155280,22.995
192783,32.99
140727,64.99
98194,5.49
143675,34.5
293246,29.1
50436,18.99
121848,14.87
102721,29.99
107944,11.315
202063,2.99
194991,26.380000000000003
17498,5.19
87064,23.98
193425,13.29
274375,2.69
123261,18.95
237249,11.99
68564,25.99
153221,7.475
178959,5.0
201022,99.98
5109,35.63
244091,19.38
164657,5.12
162248,2.79
131298,44.41
123991,20.99
83483,9.06
48092,4.46
161474,7.99
200026,29.99
98012,5.63
117560,14.99
152435,17.43
57484,34.93
279336,4.0
33687,6.99
131656,131.0
259709,32.74
193400,18.99
262049,3.285
288699,2.99
24150,9.15
204602,17.95
190913,14.95
274525,8.19
209544,13.99
217664,32.95
75913,26.02
4087,38.54
135751,13.36
239783,12.96
95989,4.59
187530,9.675
260702,8.99
192923,7.865
63171,23.99
121917,5.59
246435,10.92
298236,9.98
151847,5.96
80307,3.74
298388,1.94
78050,0.98
4702,12.525
98221,9.33
298710,4.24
60766,15.98
89089,24.92
266227,1.315
228686,3.29
291726,29.99
240894,3.29
211026,12.98
104435,18.88
24,5.49
245009,21.94
121239,12.95
201761,12.45
56553,1.255
64241,5.13
6003,30.51
236136,2.99
18643,0.82
154024,7.99
27191,5.39
296315,18.46
36029,103.85
288167,8.54
214187,4.18
233059,63.66
75344,3.29
242008,5.99
181727,85.95
159878,63.92
146671,18.55
120183,4.97
196113,85.69
212958,15.99
91063,25.99
223814,39.9
145688,20.68
103300,9.98
209655,9.09
158323,19.49
74617,7.99
150136,70.56
48195,55.75
139269,4.905
210958,69.99
44612,6.64
145056,20.68
63671,26.99
142666,76.44
174477,7.58
237180,8.79
69379,12.94
92790,9.24
236112,16.79
117628,12.99
232203,15.34
296068,11.99
262468,20.685
295920,12.99
98073,12.9
298440,9.595
71037,12.99
63218,33.99
98335,4.57
24126,10.605
71304,9.85
64516,177.83
20089,33.5
16048,11.06
196462,57.06
211240,83.99
87724,2.835
167012,12.89
20073,54.69
32861,31.275
126085,13.52
192572,7.79
2300,34.5
260960,7.28
170399,12.915
13112,36.0
281025,3.79
28078,31.46
64329,230.19
47169,9.68
97504,32.9
169119,16.94
252890,11.65
171012,16.495
117863,8.95
61406,14.73
97408,2.39
262516,47.15
81204,3.42
262152,4.48
107700,13.9
158504,51.95
273978,4.79
198830,8.82
72273,30.77
137210,18.97
226269,14.665
100609,3.99
165284,13.98
188712,3.34
170862,9.99
145684,9.895
54383,25.99
174770,9.98
142784,76.44
43862,18.52
190931,30.91
100138,21.0
101342,21.95
266132,39.89
257883,14.69
228315,80.99
216615,60.83
28107,75.42
262579,6.79
15458,4.415
176719,4.79
77229,5.220000000000001
81961,3.46
259883,35.23
214037,45.58
141241,21.0
54422,21.76
64341,16.49
233269,17.99
292406,61.2
180487,40.99
91021,14.99
172585,51.82
262028,11.31
21424,40.99
141830,26.95
34770,2.475
88173,3.79
90797,68.18
119306,8.84
233137,13.99
1923,52.61
276558,6.02
46147,4.74
277318,21.99
224624,89.98
216770,24.92
174069,42.37
166688,1.3
71206,28.39
154217,5.890000000000001
28706,25.86
51596,16.29
50431,34.99
71958,3.74
90235,11.85
195841,35.19
24709,35.15
190052,22.9
62308,16.99
122954,12.99
224539,11.475
268493,9.99
108131,11.04
98389,7.01
99839,30.21
214372,21.78
261134,11.445
134746,15.87
150097,5.095000000000001
202394,9.68
100845,6.785
148576,35.63
153280,12.98
125909,7.98
25183,3.48
123962,9.99
81871,6.32
190895,24.68
263505,2.67
84434,3.49
25828,21.99
216157,79.99
32575,33.88
151261,11.96
155778,14.99
198081,13.8
234717,29.625
186939,14.99
20985,72.93
37701,3.82
66240,8.15
227425,71.99
172,35.91
46816,6.960000000000001
221534,7.140000000000001
12165,39.9
223079,11.5
218781,24.49
17381,10.01
225570,11.81
103114,8.05
117635,3.48
21792,18.72
142447,80.86
143383,11.38
86546,2.82
128129,16.34
16835,6.99
284313,2.99
7031,5.49
221418,94.0
180082,81.08
230904,29.97
93139,8.99
2365,16.77
41116,5.35
45173,10.99
94081,11.47
257658,4.48
223891,17.99
82796,1.945
223208,1.78
245407,19.99
108678,14.46
109058,25.31
43893,1.24
75107,74.22
75801,9.315
232835,18.99
288047,7.3
31744,2.69
38384,5.24
274032,1.99
108792,29.95
175034,14.99
249797,13.3
122991,12.72
100112,12.99
115615,91.42
183549,29.74
75838,8.99
57837,1.99
44411,1.42
124936,2.38
164302,8.69
60801,4.16
165636,12.715
225975,46.0
75654,15.265
188947,69.46
2989,14.0
179867,28.99
144430,11.565
27829,14.9
174722,10.945
298270,16.42
197963,6.98
51211,29.99
218172,2.99
278158,14.99
172272,5.49
194643,4.245
270076,3.99
237839,24.99
282724,6.64
18134,37.63
104659,24.04
17970,52.41
127169,18.69
73562,24.85
48621,24.99
172350,5.44
2296,24.29
24367,11.0
144125,5.75
112733,23.97
279631,14.72
121058,6.39
296255,24.33
233775,39.99
18718,7.195
271745,10.485
169763,60.29
282713,1.35
158798,47.6
185417,4.9
123752,9.56
255150,24.98
69063,14.0
279663,6.09
114543,12.99
54778,6.31
192554,23.73
204917,11.995
283530,13.715
281351,3.11
220056,37.99
23041,6.98
68922,32.99
296008,11.42
249403,19.99
83659,13.6
170782,45.28
163802,8.38
222283,2.725
252400,22.32
22605,43.99
274358,43.59
275925,9.14
57763,5.87
297303,27.92
213170,20.88
154139,6.8
176693,59.97
253861,48.49
169237,1.69
194892,3.845
204044,77.99
141533,11.275
196385,35.78
82882,3.68
18066,64.31
263029,14.13
121012,12.98
145853,21.87
78908,2.85
45675,12.99
126286,23.935
133948,10.435
283452,1.66
14662,6.335
214365,19.99
151517,2.69
278116,7.63
135482,12.95
127285,3.49
42252,18.99
144032,86.02
103599,13.49
175466,5.99
70626,128.49
64128,77.56
162614,3.845
117562,76.99
222326,3.57
147383,59.2
21489,5.94
296960,12.98
29454,5.01
122899,24.99
148090,12.465
13134,12.71
281605,1.98
281354,9.295
166611,37.97
144155,24.98
276125,4.65
187504,6.88
184042,33.77
51250,7.42
294410,45.71
76560,19.89
196644,117.08
136652,18.99
276770,2.6900000000000004
195126,12.41
96903,5.5
5956,15.99
4013,28.04
242438,26.47
31710,18.75
20775,32.3
263105,144.59
262702,21.41
266716,8.3
271044,12.92
5610,29.36
129375,19.01
288200,24.01
182242,8.805
212182,47.13
146024,50.13
257562,67.08500000000001
172228,27.91
161415,3.31
154531,12.82
255165,49.29
224798,11.99
164403,7.595
204166,102.99
149959,80.86
67884,44.86
104593,14.49
299226,13.99
270224,11.195
60812,12.99
115318,61.73
277746,8.29
129838,5.95
259007,19.99
229062,11.22
171642,120.78
296441,9.75
278648,49.35
24262,17.81
50320,14.99
53772,29.69
60359,5.0
229024,6.99
118682,15.35
264257,24.96
259331,16.8
140189,6.45
124456,29.65
152510,27.99
96606,1.69
46452,8.99
202336,147.0
189279,179.63
22111,11.84
8604,9.99
199594,69.99
168073,2.97
291709,45.5
105301,13.99
63245,8.49
47072,18.25
237821,5.75
246706,41.99
194184,19.99
65073,37.31
39717,7.31
250587,31.55
87215,2.905
100512,10.745
26757,11.29
158556,5.19
28460,49.23
262345,3.24
128772,12.59
147991,27.4
108198,8.985
169919,34.0
201717,19.725
260940,53.0
275966,6.495
118772,21.99
90036,5.95
57849,9.99
224853,1.48
1802,20.68
292132,19.91
272834,5.29
167730,21.99
135061,29.3
132928,32.0
234871,31.89
160190,16.04
57821,5.81
203113,28.48
138749,15.24
162756,8.165
253369,41.58
201782,14.99
117870,3.495
274869,14.39
290587,8.79
273291,4.51
32249,30.93
149945,50.76
113545,43.19
135216,2.47
14004,16.909999999999997
47129,36.895
260072,11.69
129483,41.650000000000006
156403,20.42
261857,7.99
285076,9.82
66532,20.99
272641,2.48
208060,64.94
116031,13.945
299159,17.485
297092,8.93
118934,5.75
184160,7.38
58766,3.605
273830,42.8
166687,69.31
228270,8.94
298760,10.83
67552,9.79
164293,24.09
29124,4.59
52845,6.49
233971,39.95
130888,35.915
144851,26.8
109204,4.74
108472,54.95
192762,19.23
285994,4.59
211707,10.0
208326,12.49
107702,34.95
79,34.1
287269,16.6
168308,10.34
92487,2.96
174976,9.49
248439,7.32
288822,1.79
54514,2.09
196682,54.21
191046,7.28
293628,5.99
80690,4.0600000000000005
244127,3.685
140294,116.54
48179,8.14
67874,40.95
157190,43.58
285307,5.795
97279,4.96
38958,14.955
198404,54.97
107812,6.79
41827,11.825
119661,14.95
18185,2.4850000000000003
4378,28.99
54610,9.705
260949,4.6850000000000005
29765,5.49
165244,23.49
71328,2.19
118219,12.99
63569,3.29
215457,13.5
43547,13.125
288545,36.245000000000005
277608,20.99
201765,53.7
283804,12.55
199895,29.95
223968,8.29
118521,4.39
91880,7.1850000000000005
129759,12.92
280910,11.99
166209,12.99
177486,9.84
56895,7.29
273518,4.66
243055,11.35
223576,12.88
130360,2.79
57325,14.99
179099,14.99
45595,19.95
262872,21.94
291037,6.24
176187,28.99
262143,7.99
149994,128.44
189745,20.42
163665,21.98
183056,7.775
102522,4.71
13278,15.99
158959,18.38
47657,30.15
151404,10.45
132651,9.59
140810,69.98
273454,6.82
294577,16.785
219400,58.79
286866,39.99
109295,30.28
251387,10.73
207075,38.95
132275,21.81
103128,4.07
285281,4.14
211034,42.99
32267,32.99
109648,6.58
159768,1.63
42780,13.99
123957,25.99
41179,11.29
146508,141.62
195186,89.3
4128,20.71
152758,11.49
298653,34.59
256038,12.0
288117,17.88
266517,59.02
93921,17.79
263314,23.99
207887,49.98
50931,59.99
52370,25.89
167575,13.0
17355,6.57
58397,15.22
274431,41.91
195404,71.06
261483,6.58
237147,8.09
82519,3.54
298387,3.93
49714,13.99
271545,14.035
140208,4.15
99883,1.99
55150,6.89
165499,19.99
149834,50.1
178305,0.68
78287,14.79
230,23.985
278138,28.84
50754,11.34
284174,5.585
107125,10.435
87093,25.85
67825,31.02
164615,2.69
5335,77.04
174235,11.84
42848,6.07
245785,6.28
142497,67.78
260378,33.27
135334,8.95
206102,16.5
292151,39.99
161931,117.24
294980,3.98
111939,9.99
217597,348.69
179955,15.99
221672,13.0
152720,0.97
186826,15.99
162764,5.49
240296,9.69
141222,12.99
228002,7.935
106493,7.99
295557,17.95
1624,50.1
269830,13.41
236314,7.91
204144,1.34
12738,43.49
183198,41.49
156290,13.99
83578,27.99
122558,10.98
218877,11.95
104409,12.99
171789,5.88
184574,4.59
264309,19.96
62875,24.95
166261,174.84
153615,11.93
2484,56.01
56696,29.13
171773,4.640000000000001
264272,31.0
203757,11.98
105732,26.4
270122,8.47
289824,4.44
2550,26.09
118829,9.99
195344,138.14
290718,7.01
264415,10.63
217775,40.08
8090,24.24
157324,129.62
173005,29.1
137828,6.69
47299,2.09
215527,14.49
199103,9.24
115356,7.99
211430,52.51
197538,4.39
210006,18.79
18390,10.475
133201,21.96
141547,11.48
264383,116.23
190717,11.99
171692,12.97
281770,3.89
285067,4.73
208054,1.87
206380,8.99
129439,10.655
40346,37.97
237395,25.76
270339,7.390000000000001
282668,43.6
233658,45.005
97514,12.86
11099,3.24
152957,19.29
56165,14.99
204380,39.95
131654,30.99
128858,9.58
172065,7.485
182889,3.39
213814,10.995
217974,5.59
20225,64.31
62009,19.5
46514,66.99
58490,22.585
248647,19.5
256249,4.44
250891,8.12
297353,28.32
76002,6.79
3319,7.78
235905,27.55
10925,35.37
178833,25.99
134863,65.99
62313,12.5
60783,75.33
235507,40.23
179471,9.245
34583,31.97
26504,5.54
144309,24.42
81763,3.4
251936,26.64
73977,10.205
114423,5.48
42272,6.59
53291,13.58
244330,43.95
72137,89.0
44314,1.88
154157,45.99
36045,5.1
236344,23.485
145107,77.04
209606,8.245000000000001
48081,6.84
264355,8.78
193824,9.97
114747,149.81
198055,5.0
18820,37.63
155968,8.29
10635,11.96
286727,24.380000000000003
253302,4.04
151935,13.04
269742,14.7
161012,50.04
242060,22.78
252379,34.49
99755,6.45
122997,8.504999999999999
27756,20.27
217303,4.99
111234,18.72
153527,2.99
265480,5.34
47206,31.0
80133,10.5
10915,2.18
105724,13.69
168861,5.99
223752,12.95
187872,3.34
232758,33.95
47587,5.95
265831,18.92
20832,64.31
246668,5.655
97260,3.09
132300,22.78
291598,191.1
90657,19.99
74053,40.0
258964,22.06
25115,3.005
145334,14.45
201767,34.99
46137,14.0
257053,5.39
44869,3.93
26964,18.99
212333,16.99
14522,13.97
198152,11.99
209302,4.99
240089,25.95
104897,5.49
133150,4.99
22198,13.99
228189,26.61
153671,4.79
77257,8.98
246140,4.97
128392,6.67
262289,6.99
31742,10.66
142713,57.7
72299,12.635
243755,11.07
294104,28.99
85803,5.640000000000001
230155,25.25
174772,23.995
193698,5.18
94820,5.89
233811,29.97
284655,13.89
161167,156.73
22290,14.99
239950,5.49
149474,30.83
9838,16.64
187793,14.99
249401,15.99
283862,27.07
60880,4.49
119370,29.95
285058,5.38
130915,6.28
138381,54.7
55527,14.99
211589,45.99
147325,51.54
66569,15.99
127241,10.15
149072,15.99
240588,10.99
151832,7.54
250635,15.01
136380,8.99
73439,22.95
193723,10.27
222417,18.98
47305,15.14
220771,25.99
275448,12.79
139378,18.77
102068,47.98
51722,26.11
187066,13.99
129773,30.25
299367,10.235
78304,1.99
24213,55.0
125192,22.99
57980,15.89
268797,5.99
24296,12.99
141768,27.95
96444,13.81
222395,37.24
261515,20.21
52946,1.47
107976,45.62
80395,10.12
258559,9.2
7832,61.29
241342,27.92
200758,16.8
46074,7.155
39588,11.55
189816,99.0
168596,23.27
46519,45.72
11372,24.98
241965,38.27
76296,10.96
25893,2.12
292004,3.99
139732,10.285
166559,26.48
173610,39.05
238205,15.09
234410,9.99
236742,1.0
38348,36.85
63268,12.99
87602,3.64
218897,4.3100000000000005
109092,27.0
245112,7.99
189180,22.13
256692,29.54
237718,7.11
90749,25.95
209100,20.99
32242,12.9
68862,21.99
49851,45.99
150365,3.8
140869,53.56
29701,54.29
197718,23.51
163081,23.865
161034,36.97
65185,5.97
239922,7.4
44287,1.255
67898,17.86
51709,11.98
6753,13.19
98922,54.93
288072,3.59
209860,27.99
47905,20.39
249462,3.74
173171,42.13
106050,8.19
65268,15.95
124856,30.2
101230,30.99
71714,184.88
167137,9.13
298425,11.31
117283,23.44
279064,24.99
27799,4.84
219208,6.415
251658,32.99
192862,40.67
169727,9.99
275993,3.59
138860,11.48
159610,21.94
207470,34.629999999999995
130583,13.5
211723,18.99
175611,3.09
221613,9.99
13816,11.09
152299,27.56
3494,40.47
92370,146.365
273935,12.39
112601,37.51
91211,6.78
212777,4.055
43644,5.99
194544,9.12
237024,24.0
5330,42.74
60072,5.39
211656,62.08
209471,36.65
220831,30.99
168537,151.28500000000005
188645,6.805
14535,30.0
154296,19.98
293601,10.99
124841,25.545
212754,27.99
100648,39.99
198344,7.99
213820,33.489999999999995
124870,4.38
221917,2.315
38595,6.99
122328,47.15
106949,9.305
92984,3.99
19754,36.06
243564,20.97
120343,26.48
286057,5.49
260613,12.8
132132,10.785
95692,9.2
261996,1.64
118059,146.17
252172,19.99
19893,46.93
56606,12.985
80874,16.82
280892,1.85
84279,12.345
51223,27.64
248284,11.84
88303,2.59
34554,3.98
173546,16.04
208394,29.99
288609,35.91
79585,11.59
230115,29.245
36249,9.775
121934,27.9
178658,15.48
102560,48.0
154740,16.99
100097,35.99
183199,41.99
232799,11.98
215187,8.14
113691,8.51
279180,17.2
65558,66.49
33203,2.99
211842,90.99
121629,7.29
147787,52.61
224867,10.98
185329,5.99
123987,32.9
156655,1.87
39814,25.19
3610,7.33
38216,5.140000000000001
260963,2.3
157006,103.48
55209,15.1
151645,10.38
131790,3.645
266607,14.5
161187,38.77
169620,12.98
243927,33.11
73692,10.01
122228,28.98
235976,37.49
265832,6.99
260943,30.85
217731,19.99
127832,32.99
217380,3.0
273203,22.99
220845,41.99
179687,17.89
84815,13.735
71414,2.49
49482,5.79
11562,12.99
93842,1.29
143855,81.28
13380,23.5
109662,70.91
263857,11.415
39053,2.99
135967,24.99
277233,7.49
218747,11.755
212558,25.53
104558,39.21
3807,46.64
192882,20.56
141747,26.98
259841,9.59
245042,2.445
277383,7.8
274955,7.279999999999999
246177,9.5
252569,113.96
199108,28.61
182688,27.4
2226,35.63
48060,4.44
290742,4.9
210187,9.99
85644,12.99
191098,13.99
104641,51.14
64506,2.47
223671,3.49
15287,51.13
258914,19.49
227233,14.99
99993,19.9
45192,19.99
61425,13.725
13645,58.99
111089,5.915
290001,10.235
4345,82.0
70848,4.855
53933,33.315
281086,25.99
93817,13.9
172691,20.69
275193,4.49
265,34.11
236963,25.18
162058,7.25
35672,4.825
165102,25.49
246190,11.555
243211,3.79
63395,12.085
1742,39.71
224836,4.67
267445,8.88
191056,9.99
150638,1.48
209685,6.99
116131,18.95
196560,53.09
192308,14.94
243946,203.27
192276,16.01
118096,54.48
50223,3.54
215022,46.78
202225,18.03
128102,92.51
59966,6.69
159932,22.755
226598,27.98
142125,24.29
62813,2.58
231384,0.99
156994,404.04
160287,11.71
13605,19.27
143758,83.74
254689,37.81
274067,2.99
198211,23.89
22178,37.79
126893,12.45
273537,5.97
257204,75.39
116191,8.78
40872,5.09
80806,32.82
17270,39.95
97265,5.58
232276,21.99
50140,9.74
11832,8.98
172394,4.99
129820,9.98
141499,11.45
129586,25.39
178218,22.95
233456,24.71
135446,7.08
203226,43.19
115690,12.49
158313,11.97
115770,29.99
182332,13.89
53157,12.99
22448,14.39
113980,29.98
224725,41.89
124248,14.59
70124,47.99
281132,4.29
170160,5.29
255072,49.99
232448,5.28
21454,8.43
21164,17.99
291011,9.77
159283,1.89
111724,26.92
257952,44.99
165332,3.99
195851,51.68
56421,25.19
62659,42.84
46308,15.65
39768,10.99
39360,7.585000000000001
83164,9.19
252552,25.61
287380,3.69
199293,25.0
64750,19.99
215030,20.26
245271,1.63
233484,37.35
82822,49.47
148823,88.39
21514,48.99
229992,29.99
83845,6.99
151143,11.57
107105,9.115
255153,26.39
73007,34.74
203370,6.89
74333,7.7
254898,23.3
66157,28.99
94854,3.1100000000000003
278376,24.89
124339,36.93
63168,7.99
210229,3.98
29380,17.105
187415,26.63
209846,19.99
226661,8.51
253562,26.76
138345,14.99
179120,12.489999999999998
148294,9.99
108479,14.99
152932,42.49
28652,2.94
210400,4.38
175305,6.46
69146,26.745
199615,6.03
204131,15.94
284204,5.29
23740,20.49
248226,16.93
371,17.95
264282,4.49
175636,2.935
6228,12.75
107299,12.99
282482,2.79
64988,8.68
205890,5.29
222264,8.58
209921,7.99
288696,12.0
75716,20.0
225736,32.99
70823,4.88
280604,4.69
10700,8.82
65651,32.0
53628,34.0
36164,23.03
277979,6.23
286764,9.5
149129,38.54
271804,65.36
234804,15.985
288259,15.78
249414,34.99
173194,10.98
36707,6.835
207553,6.99
79121,19.84
190100,9.13
187728,17.99
72069,17.99
241106,160.0
17546,6.39
50680,432.98
147637,6.79
64013,11.98
108265,32.05
233173,9.885
297026,7.34
137578,16.74
218671,14.99
152115,20.88
160232,9.85
284706,4.79
88498,18.19
272856,16.99
101634,23.95
142131,128.44
116745,47.26
118200,8.175
141991,39.71
106970,16.99
281705,4.04
286943,46.9
165300,54.99
151776,2.84
210882,18.47
21765,1.98
162034,5.98
26723,2.01
243821,13.35
261888,63.95
209738,53.45
69160,51.97
157551,171.28
42671,31.39
278590,4.78
248838,22.29
271678,13.98
4671,30.99
14867,10.09
213224,53.99
206581,31.19
124991,10.99
124952,18.99
259562,61.99
151884,1.68
245227,28.79
238793,19.99
67840,4.99
183968,7.99
232644,18.99
10901,8.88
129413,22.79
132160,39.9
70588,3.16
64998,11.99
69978,2.82
175482,5.065
127360,18.28
200547,2.79
109118,11.99
26638,4.83
291679,8.29
261453,18.74
7819,20.98
159369,2.975
170754,9.99
237418,6.49
78721,62.815000000000005
244757,7.89
240975,22.99
7949,18.81
139780,24.91
234063,16.75
171394,15.955000000000002
39475,22.42
23159,11.02
168388,4.49
255243,8.66
178405,4.8100000000000005
267089,59.99
287275,6.404999999999999
164710,17.55
151557,26.72
268023,12.17
30556,35.0
165970,3.13
238392,15.98
128954,1.88
164796,4.59
160177,14.98
175,30.37
102609,12.99
184465,11.11
93540,8.99
279414,43.485
42605,12.14
134950,3.99
265447,8.17
298977,9.17
74431,3.29
296806,8.9
226654,22.99
23219,7.375
117055,6.985
201274,2.635
219001,14.72
186473,19.3
267329,40.41
152405,15.15
49385,6.3
199834,13.49
29896,7.6
137301,4.930000000000001
205126,7.99
266192,2.59
218440,31.99
60639,5.13
109612,14.84
176441,51.99
294687,14.12
204024,3.435
22232,36.0
127411,165.76
95134,15.614999999999998
298523,24.99
212321,19.99
118864,47.57
154384,10.75
206088,15.989999999999998
142421,77.04
10780,13.989999999999998
60190,75.77
4221,5.49
211373,61.69
279485,11.39
276002,4.87
277215,3.99
127027,34.97
130087,28.99
119832,2.86
107335,7.99
240135,14.95
227503,15.96
264611,2.85
112186,29.39
59020,50.555
167434,35.1
267994,6.955
94321,28.46
155358,27.195
192015,7.9
35528,33.38
275395,94.98
240555,11.239999999999998
12321,18.73
213868,26.95
140634,38.99
129811,17.92
205875,3.99
36056,59.995000000000005
225819,4.79
167714,1.68
122305,37.78
247575,7.74
127163,51.95
165990,11.485
209309,49.49
230544,20.99
99510,101.11
118467,11.99
59682,20.47
251968,1.88
28912,1.265
162423,5.69
192063,74.98
88391,4.36
106885,5.98
96121,33.99
190307,11.69
243807,38.77
160215,13.135
243974,42.99
133887,87.7
22044,10.945
170043,10.99
123889,26.125
225153,13.99
60558,8.95
98915,3.37
139147,9.99
165361,9.61
179462,16.3
232483,15.94
138627,12.58
276515,15.04
192880,101.96
9687,14.14
152697,9.98
53549,12.89
188819,22.97
108390,16.99
121935,24.71
261642,37.16
204208,35.82
17842,47.48
240998,22.99
62814,51.99
206415,31.99
87221,6.465
43181,13.8
133246,3.99
186304,10.255
63771,19.01
213545,12.2
247743,3.3200000000000003
178672,22.3
262538,34.99
137835,7.49
293102,20.86
43212,14.49
222847,10.49
72642,46.99
20587,16.49
26362,19.99
72796,19.99
128931,141.71
114194,4.24
265828,5.155
43687,3.42
142355,32.2
234594,36.33
264787,7.705
191073,14.99
203699,35.82
180426,14.77
12303,11.98
292927,2.99
198395,19.95
237086,16.31
159992,11.95
238774,6.635
208857,9.17
173592,25.45
75987,8.87
217036,4.99
44131,8.15
189152,7.619999999999999
26383,6.49
78447,4.44
290247,46.06
236241,7.49
36071,22.0
251940,25.02
24734,11.98
191628,12.1
279011,44.29
120947,8.635
42282,14.44
78584,3.19
81296,6.2
279428,2.29
160735,66.31
123059,3.99
70922,7.76
243275,2.49
279665,52.99
153072,10.67
24415,20.9
100507,16.33
35246,10.405
4870,85.49
77614,9.5
22461,33.73
138105,22.03
184849,21.055
81398,3.435
292714,63.065
12599,19.49
182307,30.16
66020,6.99
70387,15.255
298089,5.640000000000001
6527,11.989999999999998
166047,2.84
275050,11.335
41957,9.32
101828,2.19
209405,18.49
17029,5.99
33955,54.885000000000005
273465,2.385
41298,6.99
43278,25.98
154327,18.97
298529,9.19
297309,6.75
350,49.19
167622,52.85
208450,23.99
204058,2.99
147928,97.46
197263,14.99
207623,8.99
186989,6.99
165745,26.48
29238,38.99
199978,8.6
278536,2.0
83087,4.78
125639,19.99
291868,94.99
152229,20.88
284868,4.29
295287,6.49
226151,19.99
280209,4.83
57946,9.85
194255,12.49
201803,6.93
140292,15.0
267632,1.855
160107,89.99
219523,39.5
58691,5.29
139289,16.99
80031,19.99
150502,7.83
62377,10.985
172105,29.755
192671,35.22
151484,12.99
214388,39.99
91553,8.34
254310,3.29
7469,5.99
131209,27.5
35046,9.925
23967,96.04
61960,9.825
35041,11.19
43688,4.99
65367,28.5
156565,6.14
27470,18.135
226775,7.38
151035,19.03
137707,7.74
234482,7.36
258105,9.89
146363,7.99
164705,6.24
256188,4.19
50835,20.0
86216,13.63
244777,8.99
261061,51.65
228052,60.0
40092,1.885
248581,8.49
250410,56.49
112001,15.95
17223,79.99
68194,34.95
8952,33.99
90584,30.62
283980,61.6
201636,19.99
55438,1.28
177191,9.34
207636,11.98
256510,57.845
9645,11.98
127772,4.255
200478,13.27
180742,9.98
51070,13.325
43712,18.98
216185,7.48
241141,17.99
111966,14.98
201296,5.04
163695,24.95
264157,15.665
92579,5.49
242428,5.99
173582,7.3
131201,14.89
231428,16.99
116123,38.46
254108,22.49
259771,3.38
215861,30.24
225029,32.6
217329,21.66
200201,88.18
224822,13.99
5790,13.989999999999998
262605,31.99
144722,4.01
43611,1.54
59205,11.845
34925,14.99
79728,29.99
2537,76.44
227679,43.7
278776,2.86
266900,7.99
100493,17.42
186160,5.155
271854,31.86
112378,29.88
193422,201.8
212775,10.98
64787,4.79
15764,61.3
50152,12.99
67681,28.1
56257,22.78
259100,2.29
201950,0.72
88623,21.98
145489,24.29
36424,10.69
36493,16.44
20917,64.31
141514,29.75
88540,5.21
96971,2.34
34215,16.544999999999998
283379,3.165
281551,31.99
198943,12.0
71141,11.9
14669,11.72
208440,23.27
102218,44.95
47789,15.29
259946,19.14
198936,20.4
85447,183.625
59034,19.35
278499,18.38
230073,70.92
76527,19.44
73188,18.99
180821,2.96
166398,53.62
602,14.61
115899,14.95
296900,2.285
178216,10.225
75826,8.99
243213,13.745
273038,11.805
33271,4.29
183831,5.115
77283,5.79
163642,31.88
224004,16.28
278630,35.39
175055,7.99
207350,32.85
255273,23.6
267113,9.97
37460,10.0
282223,3.19
1402,39.71
30925,7.76
267339,7.36
137172,2.18
44177,13.95
203101,1.97
172677,4.99
149263,56.01
35631,35.59
63697,53.99
75876,15.14
225937,42.24
210258,16.99
17925,26.14
107434,77.99
98519,12.19
65051,42.99
244408,47.99
143718,32.2
236892,10.385
287074,10.18
205663,4.19
215771,6.16
116500,29.6
242393,12.99
174784,19.99
188011,23.37
23069,16.99
61193,32.53
248779,29.95
3951,5.79
197638,98.99
7664,35.97
191709,9.99
206726,39.98
48944,6.82
41209,18.93
102907,29.99
98375,6.46
127840,8.87
133391,2.39
132670,12.745
148385,38.92
250306,16.99
216167,12.74
38637,23.0
150026,3.32
86402,8.86
128988,7.465
91425,50.53
34360,16.345
299304,41.155
171364,11.24
15730,32.96
176210,4.39
104375,25.5
31473,7.33
61966,7.98
165405,3.295
113088,14.95
290948,7.709999999999999
252902,8.89
118475,38.41
39085,15.69
151559,86.58
241660,9.965
234660,20.78
249325,16.99
117090,10.25
203607,5.99
58024,16.99
281829,2.49
143636,5.135
267741,20.5
8880,26.39
177747,29.37
291099,4.265000000000001
224924,19.99
211866,28.57
132071,38.99
219271,4.93
111191,6.98
212504,7.14
272533,7.7
41569,20.1
162732,8.66
106777,9.595
274515,15.495
189367,5.48
115824,3.39
157121,170.33
193976,6.82
92208,27.97
147974,16.77
264106,3.99
285213,5.345
162301,84.49
113561,10.99
575,6.29
50042,6.71
53727,15.985
123174,36.99
86949,9.175
9242,2.98
66618,9.99
12351,1.51
108579,76.0
129422,26.93
5324,51.77
203234,10.95
74456,46.99
202488,49.0
285849,39.2
108666,2.89
72947,12.99
152065,22.46
164765,8.09
74281,9.99
77180,16.49
156928,3.4400000000000004
27677,21.515
96721,6.495
130778,90.88
118223,18.66
155688,4.38
250452,17.52
86290,11.62
224228,39.99
203201,6.99
17932,28.27
266009,8.49
50600,17.95
42927,5.58
216884,1.88
114891,5.29
193727,23.97
130659,8.96
281407,10.15
256237,7.96
30084,105.87
107755,22.98
109178,11.51
228659,32.65
257664,11.0
277789,3.39
36234,26.93
56475,14.99
188228,9.99
148791,11.54
224708,32.22
193738,8.0
205292,16.95
118546,73.72
296245,4.89
229533,14.99
285093,10.75
289741,8.02
143485,3.29
261665,12.01
148571,42.74
254933,18.49
4904,3.05
249575,1.115
105480,4.38
154539,59.99
65348,9.59
103330,49.38
41008,75.88
230410,16.89
134067,6.12
164525,31.47
188472,7.1
257104,19.86
198882,134.49
222954,47.95
216369,23.51
174250,3.22
120057,5.79
68380,21.99
228535,39.21
164,26.2
256787,3.81
118958,2.36
15914,24.95
274498,61.39
242250,8.21
57177,126.94
106838,10.84
119702,5.99
295522,10.14
148023,30.01
292722,0.4599999999999999
225593,2.745
218941,6.99
47569,10.35
17471,4.99
189917,138.38
79359,10.0
177092,8.29
295919,70.87
24603,18.95
228723,1.99
256876,13.99
108498,14.99
43572,40.11
270864,21.99
1374,53.01
199684,5.99
22260,8.969999999999999
77188,3.79
120262,16.49
33738,37.005
245636,9.49
261111,6.6850000000000005
1837,51.77
175832,21.0
289873,17.29
32073,8.49
154851,4.39
40065,19.99
90631,5.92
175013,44.99
31694,6.24
181590,6.67
220253,28.06
167521,4.14
82680,29.99
291613,23.99
69949,10.96
24338,49.41
103852,46.99
228834,15.87
28149,12.155
152645,9.0
188054,39.99
261109,5.095000000000001
50583,5.945
82948,1.47
67863,11.93
212420,8.49
267393,4.89
256441,5.99
103307,4.63
93395,19.39
133463,5.99
199425,21.5
115410,39.99
235212,30.37
101063,91.995
161665,108.76
295549,6.890000000000001
159288,38.44
44272,15.0
174555,3.12
103094,19.42
142309,52.61
246180,11.69
89762,36.29
279728,10.99
220395,2.64
51957,4.99
282943,4.19
238955,14.49
297129,59.92
22377,11.83
54,24.99
282820,2.99
98516,8.49
79467,22.49
147838,72.8
46040,3.435
1492,34.5
187479,11.87
68298,66.18
14931,7.98
62356,30.99
69266,3.89
111697,39.99
104716,21.95
192993,9.99
278673,20.8
165281,1.405
168938,2.74
26355,11.04
125810,21.84
60647,24.99
65969,9.505
46672,8.49
99734,5.99
172414,34.99
65468,49.99
48173,5.545
252110,16.88
47887,9.6
291167,6.84
123598,27.99
223801,27.53
290804,3.69
17462,22.45
262861,4.79
193015,1.79
252876,10.99
220829,51.0
37665,5.47
114136,8.23
216697,11.45
134348,66.41
182496,52.91
184541,4.31
19498,28.27
219517,7.0
196993,14.1
177653,8.68
215102,7.99
239782,18.99
138841,10.69
122460,29.99
135696,49.38
283139,25.33
217677,99.99
209056,49.95
113367,13.185
148213,7.39
86933,8.45
215978,9.67
245721,5.49
222429,42.99
233144,33.5
228116,1.79
267943,6.99
187876,17.86
29966,6.87
78336,13.59
183743,8.48
132180,34.015
285363,2.99
197470,22.49
253827,19.99
259223,5.045
184820,15.62
12592,31.465
9635,20.99
167146,17.28
154356,72.13
71878,18.24
69272,4.465
46948,6.99
4347,28.0
109007,8.715
239043,37.16
125869,7.45
45056,11.355
184185,6.99
24618,11.5
110761,15.5
50466,17.99
230634,7.99
182127,41.98
169041,6.84
186851,9.4
176623,7.91
21328,2.88
158905,2.0
27904,5.3
92110,5.24
294035,10.12
236439,13.49
224267,15.425
192030,2.99
106817,7.99
50226,17.74
20747,93.46
219662,35.99
264392,7.26
179734,55.22
172958,17.49
156103,19.39
11805,2.935
147148,5.59
133120,56.49
194916,10.835
288081,1.355
26202,5.69
275681,6.47
117495,10.64
171888,8.045
225254,13.56
154616,1.7
7070,1.48
105646,6.640000000000001
63429,7.689999999999999
230858,12.84
78713,61.28
151457,59.995
278239,4.97
75881,11.0
265221,15.345
236704,53.335
267829,29.5
285561,5.42
13955,0.99
278386,6.49
266957,17.99
55166,5.29
83466,8.99
242932,31.99
38722,6.69
108166,2.84
70713,59.49
155498,14.0
271423,109.97
85542,6.49
160363,16.560000000000002
237818,12.95
5575,5.99
96745,40.96
142623,39.71
48991,8.72
9105,12.99
11522,24.95
87626,13.32
51630,15.489999999999998
17927,37.63
253613,3.49
202636,29.7
280918,2.99
231319,35.24
178144,10.49
141181,25.69
162166,5.74
261535,9.925
146909,86.91
161272,94.8
291749,215.02
155137,3.69
276286,7.79
240295,13.99
112091,4.77
167697,14.75
3882,27.61
31920,14.61
220054,14.53
73018,124.0
145045,55.93
128069,15.46
221827,39.9
149289,8.2
26165,5.38
76038,16.77
2165,29.13
65972,19.95
246061,11.98
78404,36.99
58470,15.0
10877,21.78
184451,2.935
62043,33.04
15496,26.83
11420,20.78
293734,30.63
297782,18.99
263309,102.48
4855,16.99
51473,25.8
74352,10.84
68504,4.79
54662,9.4
22,19.22
60605,24.13
212009,145.99
83473,27.295
78236,16.85
202349,19.49
205049,6.49
274417,3.19
281744,1.49
149729,29.41
30128,14.0
199761,4.88
191461,6.76
47708,6.145
292652,8.99
183880,11.2
177623,8.99
177417,46.0
202991,7.9
55969,44.99
66094,3.13
282172,1.39
42419,11.62
23282,6.23
28231,7.1
212091,15.09
257103,8.86
19681,46.93
223596,19.99
208,5.47
42429,11.99
138680,37.07
55665,19.99
221805,52.5
206249,44.99
170271,4.725
109034,32.47
226154,69.99
210300,18.34
21743,13.115
150733,6.180000000000001
254760,5.905
74597,29.99
155876,8.585
289257,10.1
202277,22.99
263534,1.39
41251,28.54
37914,6.69
210845,12.99
257683,24.91
95962,11.99
33935,15.99
279854,51.97
177231,3.985
195403,48.62
71437,66.48
281319,18.45
61142,3.49
282203,1.89
230376,4.88
46310,10.44
114033,9.99
30121,3.94
283041,5.99
274974,21.31
76262,22.92
20627,1.74
149190,80.86
242828,37.25
108755,38.15
10544,24.99
82526,1.84
111853,14.245
248275,15.0
10489,128.32
59745,47.99
23550,14.48
151596,4.57
168725,4.795
108136,18.95
104337,5.99
280530,10.38
150144,10.845
108400,16.43
230437,26.72
206150,22.99
233061,4.29
226362,14.0
217675,10.49
48543,5.49
87755,2.69
282620,8.98
35267,33.055
7468,10.99
156462,11.67
287977,65.33000000000001
235095,35.2
160929,17.88
216551,2.0
95550,67.0
101182,36.99
105538,9.175
92277,15.59
206573,11.99
6262,3.59
152749,17.59
286494,4.44
78767,1.63
119260,66.24
116717,30.08
296861,42.0
161552,130.87
224803,10.0
288572,19.69
68940,9.24
92436,7.005
181053,4.89
130928,5.640000000000001
252158,6.73
166929,9.25
73408,91.69
101668,3.0
45153,14.49
148256,9.99
142516,24.42
4421,6.245
131103,3.62
86541,37.39
34033,49.99
67589,12.81
204324,28.91
37999,50.58
127518,8.99
253881,11.97
80841,64.18
211860,88.515
101920,44.99
119792,5.085000000000001
168038,7.99
158760,15.49
138436,115.99
272009,7.655
231539,74.98
253855,16.43
294724,4.49
287085,13.99
266124,60.32
94864,6.395
58877,39.99
110439,92.94
163134,7.494999999999999
289063,21.92
119145,47.99
240531,1.25
211922,38.58
58336,14.3
142896,46.89
203913,51.99
240244,24.89
236619,9.99
81155,55.23
200781,26.32
76575,23.52
31867,11.19
235151,37.91
106524,77.57
220217,5.19
146783,20.27
126776,4.25
70831,22.57
99144,8.195
58843,7.25
99215,6.99
134228,19.48
210334,4.98
150613,10.45
131223,12.63
7830,7.675000000000001
40755,12.5
287112,5.13
183570,52.99
158156,38.09
104896,5.49
35811,4.75
135830,7.49
34534,6.15
93958,21.385
266090,3.01
266642,28.79
261735,48.07
215773,21.17
267245,88.93
192834,24.5
292980,4.44
65643,24.95
80164,19.99
16658,22.99
213744,29.99
64351,10.99
81016,15.24
92556,33.99
101915,3.99
127685,3.59
112750,52.2
117506,23.71
278780,7.99
259866,58.13
226287,1.295
35312,8.745000000000001
96290,5.16
139814,6.715
1885,50.1
163045,1.82
195885,38.8
128540,87.17
122073,6.995
208178,10.0
30236,5.74
67508,19.99
18875,93.46
135527,11.99
115603,5.21
107405,14.095
274227,2.29
154856,34.88
84979,12.95
120852,13.95
30899,20.54
175792,8.99
174919,9.915
154612,22.0
274285,6.99
236031,14.99
59986,5.62
118211,7.14
6394,6.58
234927,21.25
152190,20.21
126395,18.67
108106,39.99
172136,43.99
148910,6.29
35252,2.94
186551,15.0
35398,1.79
110819,2.39
101020,15.99
291891,10.915
201662,9.48
212665,1.45
11483,10.95
289087,14.29
46767,4.59
155141,1.99
229089,5.99
84592,19.44
8139,6.58
49696,4.28
10107,19.99
141865,9.98
297068,10.99
269286,12.485
54251,10.75
259772,13.99
123622,17.99
277826,2.99
66634,23.950000000000003
36827,3.54
1248,10.64
71888,88.49
248063,27.495
118001,11.57
57663,0.98
112224,73.31
148785,4.395
120638,121.99
178186,58.0
117206,9.49
123503,3.87
84729,5.49
189683,29.99
99505,107.83
27452,27.130000000000003
45709,5.76
94830,10.49
124937,28.215
52894,7.745
92116,23.0
253469,15.65
16266,9.52
96510,13.99
227333,12.99
130310,38.39
67666,86.99
129547,14.99
153158,9.725
279937,65.51
76873,16.92
259347,13.14
200931,11.99
254137,27.845
91209,14.49
75603,3.84
63088,8.99
294203,3.32
281849,3.905
190341,14.35
211874,89.47
44437,4.59
274590,9.99
68058,17.265
9937,1.005
140098,7.66
3339,19.99
3481,122.11
144979,20.27
32608,51.99
151510,4.36
77936,61.56
175780,6.45
234792,3.69
199428,21.5
36569,4.94
33729,4.85
282148,2.39
221122,20.14
36144,7.45
20781,54.69
197524,9.579999999999998
104841,11.99
137457,11.99
53839,20.05
250097,7.28
112449,26.24
156014,17.43
134620,5.81
139155,3.79
296444,8.96
56233,8.485
283288,11.99
252292,8.3
271291,5.21
189722,354.985
173857,11.99
54298,19.04
105568,17.99
247844,22.99
223670,14.99
177429,6.18
199277,4.390000000000001
282780,2.0
102595,6.62
192439,17.09
171785,2.465
82067,34.93
226194,11.0
52248,14.99
198412,16.79
156075,12.015
57629,21.465
171856,10.1
245043,2.49
119482,14.99
74411,22.75
32546,17.98
107467,35.28
18377,4.140000000000001
103015,17.5
298027,2.295
6380,20.98
99903,18.485
180488,4.28
156423,8.53
80430,17.43
199914,31.21
149033,7.75
85372,10.625
111975,16.96
30788,12.155
237286,27.33
244828,11.84
38084,4.195
210941,9.49
16547,11.99
72628,28.22
124472,9.99
95688,20.0
175437,2.49
34029,4.595000000000001
123086,12.06
181841,29.88
180515,24.97
106757,6.795
115180,9.87
40818,10.99
276297,6.85
264833,10.4
68191,41.99
280729,8.94
265523,7.465
207291,25.54
179416,12.12
53362,15.44
150756,9.28
206406,15.99
279057,81.73
242222,8.355
166044,8.0
30134,16.24
89563,3.59
134589,4.79
219283,29.99
269574,19.1
127327,19.99
61462,34.99
163521,1.225
60782,12.95
239411,39.99
97973,5.985
3484,128.845
148656,20.68
274203,8.99
8097,3.9
126185,14.37
80300,8.2
155151,5.48
293641,5.035
206733,20.735
50254,102.89
106800,12.99
278057,40.255
294755,2.19
295441,1.54
67220,9.4
127696,10.0
148129,17.18
261261,14.99
108217,8.99
247085,48.94
101194,28.95
200267,15.425
124987,10.99
158730,13.29
68461,15.6
131841,25.97
74087,10.99
259226,8.84
281427,6.08
188269,27.48
118524,22.99
274389,10.99
226328,34.245
224048,21.98
124848,10.53
14268,6.88
100452,24.21
292148,37.98
54095,14.99
33371,14.99
74979,23.99
286754,9.99
201758,10.99
166785,19.635
1684,53.01
76626,18.37
211049,3.12
64921,45.24
137654,59.99
266788,5.24
16666,29.95
276957,13.99
299380,34.82
19502,52.41
188192,6.16
16505,39.95
155251,2.69
15173,4.99
220047,27.99
140065,41.99
214138,54.33
293477,6.16
243417,39.99
6399,30.28
83759,19.94
78371,38.6
135676,34.934999999999995
249985,22.09
4562,50.58
194054,2.29
128258,10.4
252024,9.39
94993,4.61
283166,39.93
152368,17.72
88899,1.095
228704,9.99
176263,43.14
168025,68.95
136995,14.1
215181,48.48
107072,18.99
136853,18.49
44432,64.13
121426,30.94
147276,45.27
178095,2.9
77166,29.165
229184,30.28
100427,2.18
20475,13.825
135754,27.99
146573,18.55
239530,67.29
75892,2.99
192795,12.09
10055,10.63
54658,29.95
180037,17.6
61808,29.08
200046,35.99
171423,18.69
219143,11.19
100537,38.99
71593,7.99
147400,56.01
279355,4.78
208455,7.66
271391,9.97
64994,21.99
45521,58.92
170462,6.02
224398,11.11
132547,13.95
5778,26.505
99966,4.93
60626,3.89
272386,27.99
233849,4.295
160707,5.88
269007,5.17
16520,91.98
168863,5.529999999999999
113309,17.85
128247,3.63
144509,14.99
193992,17.95
141884,4.47
209686,21.94
298511,0.44
249178,20.84
38331,56.49
92014,24.04
108477,29.99
160589,13.34
171916,5.12
161795,5.44
68078,16.19
219027,14.99
116694,36.86
272279,8.45
278580,7.99
45860,5.135
70477,11.49
191389,10.43
276557,2.06
289284,13.61
1039,5.515000000000001
120496,12.79
11476,1.99
203993,36.99
215929,27.95
203564,27.99
19813,4.98
80961,15.99
188213,37.6
58582,17.744999999999997
173768,41.97
132800,11.99
208733,5.49
149459,52.19
203837,14.45
242221,14.09
277071,3.49
73587,23.84
283887,32.945
177264,2.99
211298,62.39
197808,100.23
47683,14.99
73667,21.795
267192,4.64
278433,10.32
51050,10.15
270215,10.99
48299,9.965
43091,11.24
171650,14.925
133106,15.0
38517,2.98
209808,16.99
194415,39.19
128176,27.99
49107,8.39
115674,8.245000000000001
265779,5.67
269237,14.97
221877,30.37
235209,143.4
131442,8.99
116485,7.64
142573,50.13
179621,8.87
183947,3.19
218870,38.99
149267,52.61
139192,17.45
197973,7.0600000000000005
200704,27.99
252042,15.0
69134,29.395
220727,9.98
229079,13.775
149972,81.92
193614,15.245
20757,64.31
229930,2.99
69888,2.79
240971,4.49
232489,14.765
263866,8.99
212343,96.94
84275,7.1
146871,57.63
13457,35.82
6031,31.99
154352,6.36
189758,23.18
116718,8.64
55981,14.89
153899,23.735
179663,52.99
117357,6.2
190146,21.0
62747,27.95
178683,29.99
298926,9.08
127522,7.33
163641,5.99
205294,25.99
252727,19.99
297790,28.99
231021,23.63
232068,5.0
172290,6.99
19135,10.79
286320,20.78
34249,45.0
96693,26.95
105898,22.075
36058,9.49
203873,1.89
89664,8.64
253725,26.49
139167,7.890000000000001
29588,36.145
96839,9.99
46050,3.68
26494,3.68
189130,27.0
117077,35.0
61650,11.99
62258,106.445
245461,16.99
3294,213.26
38437,4.99
90108,2.635
72481,4.99
39237,5.75
272508,7.99
150569,11.3
177715,8.38
230622,7.19
121016,22.99
187052,18.89
264194,28.99
30629,11.2
168792,84.74
153624,5.44
274641,3.62
163971,8.33
129555,3.68
77673,8.44
11181,1.0
281661,5.995
64671,12.66
18004,16.82
226386,36.56
149241,25.99
181080,16.69
134007,13.75
92887,28.615
275125,8.39
114281,41.8
47436,1.26
152092,31.63
35249,6.140000000000001
154052,1.84
75288,17.2
122491,28.48
262350,7.0
229567,29.86
76458,9.89
242796,19.99
36752,6.48
274197,4.22
26541,2.49
270589,4.49
196584,62.62
101597,8.97
164424,39.98
2254,59.2
38351,4.99
96189,12.99
114644,5.92
1656,59.2
210147,18.28
266508,117.39
142852,34.81
164740,11.99
293572,36.47
1159,5.54
161833,5.99
99131,15.33
204699,4.89
146111,46.04
262234,21.105
39311,12.09
9730,136.34
202547,14.88
196883,9.99
298996,39.95
174064,26.84
5658,81.92
96262,2.79
108124,10.4
42387,15.07
146837,7.97
19233,10.24
280030,9.985
154602,7.59
232928,2.99
19581,54.69
85394,4.16
137299,4.79
57455,29.99
235248,62.67
143520,64.89
63735,32.99
33200,5.04
127583,8.39
21817,47.49
19520,16.82
43924,7.49
237278,29.99
16703,5.88
188736,39.99
286694,9.995
23541,31.935
135485,14.99
231828,5.07
295180,6.31
238754,29.98
15425,20.595
294683,5.97
185223,5.99
207188,1.79
231406,12.58
166307,20.6
97233,3.04
108679,27.14
230533,22.95
170992,6.99
146605,15.32
284985,4.44
174780,36.95
158775,2.975
162853,26.74
272370,4.89
294003,28.89
246843,1.0699999999999998
256003,546.94
247692,2.95
78750,1.77
125207,7.1
94055,20.395
34057,25.99
178486,5.390000000000001
170564,50.99
43916,8.99
247845,55.98
180401,15.52
53842,7.615
227054,6.49
265784,17.6
140902,17.99
57213,12.74
251498,2.24
269908,17.99
82330,59.22
240810,86.99
207049,5.29
20956,36.06
50853,10.535
225323,44.505
199502,9.99
210082,36.98
190356,19.99
27312,3.0
49690,11.385
132279,30.19
88871,10.49
274982,10.99
237060,19.99
203082,1.885
43747,5.725
266017,12.86
44892,10.01
167208,4.99
79111,60.61
66033,29.89
63540,139.64
194845,6.8950000000000005
121076,80.7
252054,11.98
167576,4.49
91536,8.09
35767,21.255000000000003
263501,18.65
140754,8.725
296391,5.905
158813,2.4450000000000003
280916,37.245
250939,5.84
187844,13.99
251778,19.68
153324,7.62
23684,22.88
261038,14.7
185214,22.55
263395,6.25
20161,36.06
131837,6.5
298941,11.935
162983,5.28
45075,8.120000000000001
93767,3.97
280571,20.35
117247,11.74
165650,5.51
42880,13.99
91821,3.3150000000000004
21269,19.19
121355,29.99
185147,19.25
81921,9.69
78289,14.3
240560,25.43
100605,3.99
260924,35.75
271273,15.99
6354,18.9
10767,13.99
197371,44.55
114413,21.07
188809,3.99
30282,70.96
235874,6.99
96880,5.07
280473,47.47
52998,22.44
21064,50.19
58426,17.990000000000002
119479,20.95
46564,13.19
132124,9.865
45654,24.28
239063,7.15
172702,25.16
154186,39.94
156568,12.95
76453,21.0
165959,59.0
105318,32.99
40873,7.49
207516,100.95
256084,40.48
101186,14.99
40767,34.99
173305,31.99
94440,3.87
97723,3.99
133893,33.99
230970,20.98
26032,21.05
30481,1.29
236244,1.68
186498,11.96
3177,21.93
79100,17.59
236614,32.995000000000005
228481,74.99
16085,12.7
260700,30.99
56419,18.99
114274,30.97
163630,37.44
133185,13.99
9945,16.38
134448,5.49
60151,26.9
246937,17.31
170809,16.89
102038,6.49
142444,97.46
107628,29.27
146694,30.83
239953,5.94
112533,10.79
108749,4.74
39227,3.935
158321,50.19
174768,1.535
240579,80.97
208128,11.99
122501,9.99
62558,2.25
205310,5.44
24108,6.78
110527,9.74
185954,5.95
202351,18.99
181238,36.99
212245,8.49
21769,2.69
109378,6.72
134600,7.49
179180,14.98
166262,4.575
111951,51.99
241002,5.99
176280,44.99
145167,83.74
70035,5.51
35511,41.98
117545,25.99
140356,4.49
227646,18.125
30600,8.49
121777,248.98
26659,9.29
125399,14.49
140492,7.99
79448,13.3
198683,2.095
272835,6.66
73255,36.94
100617,3.99
291136,3.005
281811,51.99
124428,13.98
112540,13.96
125688,10.0
139504,20.3
185367,5.640000000000001
180963,22.995
237628,4.505000000000001
31299,5.49
34373,4.99
249318,28.54
92470,6.640000000000001
203808,1.785
242681,14.005
46855,8.23
186749,14.78
207625,24.245
278671,18.59
160231,3.39
212459,8.51
152180,18.47
227878,14.99
231871,36.99
165409,4.645
245642,4.99
65962,12.75
152972,15.4
218325,26.99
149678,17.98
105080,16.95
50247,6.02
256992,19.99
49241,23.99
224971,10.98
209922,7.99
138617,114.99
123524,22.465
201182,14.79
136598,9.99
291164,6.01
189843,30.71
93355,20.99
258189,6.145
47848,44.61
130227,10.98
9193,6.24
131884,4.640000000000001
183430,12.715
82360,10.405
117304,5.885
267486,19.99
147354,88.39
33294,100.05
53649,13.99
166048,1.98
79271,10.14
183192,10.25
54853,5.99
129610,12.99
84593,6.84
66528,23.24
178854,15.0
169732,17.99
256482,3.79
109839,17.99
289960,22.735
130084,52.96
28214,9.19
113618,12.73
262966,9.385
239600,54.7
204752,12.99
111670,28.99
127379,2.59
224003,22.04
95638,24.91
60673,175.44
122186,16.99
188106,16.2
135828,2.47
112077,19.97
78167,1.39
114334,16.91
141357,23.38
140091,2.145
113210,17.47
275584,13.93
189951,11.51
269092,18.995
6673,26.99
12049,6.485
208487,53.52
249660,6.65
103458,7.49
219887,12.28
167614,10.02
120449,10.99
31681,9.49
125261,4.79
172326,2.685
205963,10.0
121922,4.59
149508,11.95
23621,3.74
46586,14.88
155046,2.98
4816,16.18
285051,42.65
19868,72.93
44547,41.93
283706,23.63
294971,4.205
246891,6.965
146152,46.8
108901,14.99
86517,1.78
44114,5.19
178478,21.27
221644,24.33
224380,2.48
35414,43.82
185412,1.96
148868,52.61
203321,13.455
73800,39.99
29562,111.28
144793,8.13
268679,22.08
61797,7.98
48931,12.855
109634,8.375
110504,38.86
294052,38.99
152226,22.61
295964,25.755000000000003
9769,25.58
249016,15.485
2545,56.01
142914,18.47
195459,32.96
167349,17.485
283644,0.68
238814,12.59
171573,4.18
75673,2.005
101231,7.97
123283,20.99
257609,21.745
276871,7.279999999999999
64545,32.99
192992,8.99
44978,20.44
272833,8.99
141479,13.01
15706,6.99
251335,5.5
297556,37.95
62413,63.0
240161,18.81
178800,6.5
217952,4.98
29686,4.0
15911,2.88
275928,5.995
165918,9.17
234418,4.38
50731,36.425
33179,13.13
123150,2.38
8849,15.85
256397,4.84
225286,7.385
32140,8.48
5071,86.91
157848,6.17
21133,16.39
89063,10.89
138533,39.99
279938,3.79
277863,1.98
206516,17.95
151471,26.5
28744,7.405
39786,5.09
167085,3.59
210371,12.36
30783,23.99
10414,0.74
109454,9.89
230130,32.25
115457,52.8
136716,14.91
3063,24.75
150541,14.06
32210,19.12
103271,28.29
129660,12.27
199997,13.99
214361,12.94
158804,7.199999999999999
292552,10.8
152345,34.05
163563,5.48
173415,4.890000000000001
216705,8.63
246268,3.49
48757,3.39
92426,13.085
82627,4.49
151276,16.44
160145,24.69
290738,8.29
287617,2.69
129809,14.79
200434,24.95
159086,12.99
209928,7.99
12994,15.06
125159,8.99
141318,7.49
153559,20.62
38388,4.24
283521,9.0
113740,5.140000000000001
212796,12.45
169284,1.285
149583,29.41
184993,4.2
123473,13.98
235119,30.37
17001,39.22
128011,35.96
226142,8.5
11636,23.33
989,10.16
268904,44.19
208214,9.99
64609,24.88
233424,51.99
20175,93.46
79432,8.25
18640,15.05
68132,16.99
186524,27.3
4176,75.98
221082,6.99
82221,43.99
121842,13.95
28236,13.08
58146,56.99
151297,29.75
256268,18.645
28335,1.855
283032,14.99
94224,10.08
166367,4.835000000000001
145252,68.14
231873,35.49
91096,32.12
155542,12.91
181621,17.99
144104,76.44
87195,9.53
166206,9.49
28064,17.395
141416,13.99
122423,14.99
207806,9.99
192850,21.9
3066,13.505
278872,1.74
215907,23.99
153644,3.67
49003,20.84
125863,7.99
254941,1.49
68164,1.43
161417,17.27
188048,21.94
240612,11.48
227487,21.99
82886,5.74
281848,2.99
291149,6.465
1026,14.99
172589,4.99
93797,12.99
195796,63.95
108774,17.99
154854,4.79
37840,7.49
219246,19.99
193239,110.81
277911,4.525
35156,39.355
261197,15.745
10362,17.99
284362,10.99
206110,22.59
42619,21.82
278421,14.99
46130,20.385
266440,10.97
28782,11.99
287837,4.45
163743,24.95
114879,19.99
152380,29.97
17646,78.54
205419,16.49
185464,7.29
110009,2.74
50956,22.0
110585,43.99
197798,39.94
50954,9.16
78923,5.655
45455,5.95
21168,25.15
238715,29.99
120719,23.815
124836,9.99
154035,8.42
282623,6.99
182660,39.88
179048,16.99
287585,4.085
237001,31.5
30728,5.48
204355,13.99
1567,77.04
165356,36.71
293547,8.695
224274,6.99
135578,14.99
72117,19.99
126533,22.99
61441,11.11
149940,10.49
14321,11.19
75710,34.65
217926,134.99
185100,9.96
206044,15.99
144244,55.93
152580,2.96
126571,9.5
275924,11.1
222383,25.99
143395,18.44
72156,19.99
279034,9.4
204649,16.99
261516,137.695
34974,6.47
210904,6.99
276019,9.19
220596,9.99
287092,4.99
128402,18.435
58905,26.14
126693,26.26
233007,23.25
87603,20.18
138588,12.36
247284,3.39
290243,5.96
189984,5.985
108215,51.38
102804,6.49
93289,8.99
232396,42.26
206166,25.95
60233,9.02
213131,3.885
8183,8.39
207248,15.99
90325,1.69
14586,10.54
24145,27.99
144981,29.41
196007,61.27
250087,50.99
122536,11.645
120659,16.725
275473,22.99
130495,5.89
260939,3.24
213697,54.29
272366,13.32
86644,5.99
139123,2.38
165282,8.835
125636,80.62
215867,4.975
134231,32.95
214190,84.95
148533,26.45
111792,37.99
171801,60.05
278010,10.85
69644,10.49
94657,2.49
86397,4.525
116755,44.52
73520,5.89
177530,15.67
246831,42.96
202244,7.56
10527,26.2
198538,6.73
73431,10.155
180609,39.99
9175,5.675
27038,9.64
160865,87.19
64433,26.07
150674,7.49
188160,8.29
269989,8.365
32436,12.99
222106,62.71
48722,2.99
212715,17.99
219011,14.99
106020,4.96
149002,24.0
362,17.96
228730,7.99
140124,16.48
18906,9.89
279122,10.65
276782,3.71
76100,9.99
192105,121.98
216467,5.15
146958,30.83
195782,112.56
231879,39.99
48738,5.59
218103,28.48
84776,13.135
175213,7.49
34897,10.49
136296,2.59
226844,6.81
172658,4.19
18823,64.31
232749,42.22
183857,9.99
61820,24.99
275392,60.78
128675,0.58
41317,7.59
236868,10.83
164510,15.489999999999998
3335,8.0
70503,22.39
270991,9.99
10443,23.77
96374,9.3
293307,38.05
85678,8.99
254992,8.33
211674,5.73
287543,3.99
122729,7.0
1482,27.4
25422,11.87
222791,39.99
122281,13.265
210440,78.85
252834,38.96
117245,17.99
279411,40.42
100469,7.755
276588,4.79
198971,10.99
145660,15.32
261977,52.0
234319,25.98
181634,2.79
112762,301.93
168852,82.09
5930,2.59
76562,22.0
192960,21.85
205098,15.94
265959,38.99
135977,22.0
196176,72.25
46924,29.005
294452,60.04
208107,69.49
119257,7.5
108922,2.4450000000000003
132488,20.045
288860,3.79
236984,1.48
282850,1.975
5104,57.63
118949,21.99
219432,13.41
260971,2.29
240130,58.59
78058,9.94
161493,110.19
3365,3.99
184274,18.4
32523,22.99
51068,6.390000000000001
45392,4.99
25671,18.95
111561,12.25
254981,36.99
34830,5.99
287355,7.86
244191,50.8
187982,17.669999999999998
51021,15.99
29306,5.79
93717,8.815
12959,69.99
239993,21.0
158710,6.945
264723,14.49
112368,39.99
81253,2.48
38940,4.455
146849,20.65
219105,49.99
272421,23.99
260674,35.39
132215,26.87
51692,20.8
29820,5.22
213212,27.95
255656,8.9
13643,8.28
39367,3.99
43656,3.82
270396,15.39
66924,89.9
125167,28.89
110548,14.99
275545,4.7
118129,19.95
288029,16.66
139756,158.87
275021,6.75
206647,8.99
21974,15.39
15864,33.885
59909,5.26
202212,13.95
287986,55.9
238941,16.46
264025,4.49
297458,34.68
185022,8.635
246093,7.4
215633,8.155
177497,29.99
1901,38.92
111069,39.59
104270,8.99
185969,7.94
175315,25.0
129709,7.99
239701,5.34
121513,14.98
82282,13.12
197875,3.29
37146,16.25
265164,19.69
42843,9.22
13845,17.99
185296,6.49
222086,40.95
109175,22.78
138656,24.99
78617,14.82
77554,4.48
272065,1.66
84429,21.12
236150,25.25
93343,67.41
245595,48.745000000000005
87868,12.06
164461,16.49
217241,8.955
208207,114.98
174926,8.05
290069,5.09
63482,18.99
291892,62.99
52151,17.99
82335,1.25
263496,3.49
117184,41.99
62364,24.99
156795,86.49
15840,7.42
233106,7.99
154508,3.38
103171,14.99
158784,12.195
4095,38.54
172021,17.86
268276,2.9400000000000004
154791,25.99
242347,41.51
148621,59.2
173571,24.92
196574,82.01
277682,19.285
112608,14.99
142716,27.61
198956,23.81
20265,93.46
205372,9.99
24380,6.21
219387,28.79
169151,13.4
36733,4.44
209036,23.0
137097,9.065
286607,8.36
107699,38.92
54586,15.0
149790,42.11
45960,13.95
100250,16.88
84525,26.49
161336,43.67
297905,16.99
97915,6.69
237608,30.43
95219,15.59
240647,8.99
124235,9.49
95705,44.42
224893,10.98
214768,13.99
32427,6.29
268677,4.85
11039,14.99
84680,5.135
134783,4.045
139367,12.425
270754,27.49
224265,2.63
280794,40.24
277033,76.44
282524,11.815
31690,3.65
255336,1.98
275240,17.485
120313,9.99
63331,26.79
149424,9.99
96261,41.24
175878,16.38
262064,4.515000000000001
275775,1.59
253140,5.46
277838,17.39
189003,18.23
149543,59.48
37143,13.69
74921,18.99
71747,36.83
161016,30.91
83423,4.13
86892,47.15
273042,4.715
239046,29.77
143570,86.02
214626,16.95
45073,80.99
21545,2.49
207181,39.99
67318,37.34
283637,1.97
253197,7.27
40690,18.785
260655,23.25
167028,27.74
50453,24.99
218767,7.04
218412,600.59
269134,6.43
225044,11.06
53461,25.99
264951,8.85
289936,22.06
166733,4.39
210250,59.99
209916,16.0
277572,6.18
153516,55.18
284307,2.245
17648,1.99
41783,2.495
215548,4.335
105713,12.0
177651,10.395
108423,21.39
92661,20.14
177308,7.95
259644,7.73
254418,14.825
210401,8.17
272437,22.96
226126,8.74
125699,14.5
251681,9.75
17594,10.4
239395,27.45
80386,3.61
124670,61.95
110569,25.63
236400,13.99
114937,17.49
127407,19.54
92843,9.99
153699,1.0
223391,5.48
170748,6.845
24711,129.28
200885,13.99
161457,7.99
259852,10.01
264158,19.36
20819,64.31
83527,10.695
106635,24.95
39285,31.26
209579,1.68
152966,10.0
4703,19.0
112112,24.99
106194,29.95
277314,10.99
167397,34.99
6172,71.525
264975,25.99
44636,24.79
71412,3.19
17712,18.985
93431,9.745
149291,3.98
138453,9.875
108176,43.99
5117,29.41
179945,12.99
18872,52.41
155274,35.91
3347,6.18
37313,18.99
45735,49.745000000000005
120311,7.955
242879,16.29
2756,56.56
275537,4.79
274304,6.359999999999999
79303,47.290000000000006
25548,5.640000000000001
209164,34.95
132328,16.95
235093,48.56
296750,3.0700000000000003
114635,19.99
226520,7.98
116684,4.99
59416,31.28
298168,9.97
63847,5.09
229711,17.99
282892,4.975
32380,27.95
7437,2.29
35557,15.58
166584,12.48
136471,18.95
279462,10.49
199984,8.62
250078,54.99
23604,35.480000000000004
150600,42.0
256995,18.56
188243,24.99
293357,79.17
264463,2.99
32496,20.93
49791,4.82
83170,10.0
125782,49.95
79536,3.69
72552,26.73
103249,23.99
279046,4.44
12548,35.44
245156,2.4400000000000004
147107,2.87
286558,8.54
170,36.37
82144,26.895
29593,16.46
153908,4.04
101861,4.79
259348,12.1
117722,23.94
227250,14.94
288755,7.99
174906,16.99
240941,72.84
129710,27.91
283459,2.8
58392,22.99
167175,5.49
43595,6.0
117215,34.49
61225,5.98
138574,44.99
35944,0.4599999999999999
18021,52.41
138309,15.09
284909,4.140000000000001
269566,17.98
112102,51.48
78976,85.99
208796,5.99
88364,24.49
109707,11.965
21330,5.99
225685,24.49
206083,11.99
23013,5.99
16302,14.7
104396,2.12
253977,23.355
113867,64.95
213055,17.5
9763,74.41
286228,3.69
1851,50.1
176937,16.99
283564,6.74
281985,2.09
147837,86.43
4652,27.495
24679,9.99
247609,69.98
141206,79.95
80013,4.93
254076,26.17
220417,23.06
89838,1.99
94126,8.29
45969,9.99
229858,9.14
225952,6.99
133980,26.8
113811,39.9
85573,6.35
280961,11.815
135584,48.99
227396,7.84
39891,37.25
248397,13.97
233044,26.465
49826,20.89
136897,14.64
110672,9.49
234589,6.94
32565,17.95
284914,7.195
8566,29.99
106343,14.35
260161,11.495
292485,23.87
190188,10.045
252833,9.79
216271,12.99
42236,52.68
204114,14.49
231156,59.94
201383,11.99
98075,15.25
194713,9.59
264516,8.99
22749,31.16
144095,117.49
168201,10.08
26456,31.51
250785,19.37
287332,3.59
235685,34.99
41605,75.21
103477,3.73
11741,13.19
296865,6.19
232780,38.95
78646,3.395
140201,6.930000000000001
178408,109.16
206635,36.48
50474,11.49
213546,7.59
105655,6.54
128116,15.32
270722,10.5
20607,38.84
34549,14.99
57567,20.97
72781,26.95
44024,25.97
85382,5.715
125701,28.48
41501,2.4400000000000004
216620,66.99
90975,25.93
192193,15.27
276721,2.84
66376,35.99
266062,6.0
163424,21.9
59943,16.99
5631,83.74
295477,53.99
79462,7.0
249398,13.99
128048,6.29
231971,29.84
200294,23.99
166954,3.98
127076,5.805
90763,14.95
241666,9.99
295821,4.36
53014,8.29
244630,99.975
213293,7.99
172442,3.54
124259,39.49
96929,6.49
65877,14.24
73246,11.99
262928,10.59
189090,7.76
14043,52.28
253030,5.99
193830,59.99
31416,0.94
278758,8.8
40333,103.345
17316,17.95
33735,0.55
297566,1.36
109850,37.19
74695,17.86
156330,25.24
161382,11.25
275209,4.19
264288,27.54
276504,9.96
271647,32.48
191295,4.140000000000001
180613,31.99
269949,59.99
45366,14.78
129685,7.51
287463,9.95
176921,8.89
240977,7.95
197433,12.49
128765,17.99
249308,14.99
248302,23.99
250472,57.94
209084,130.99
45112,7.24
123550,49.95
25028,8.0
108670,42.38
140209,5.08
293070,3.24
234234,3.99
13664,59.95
189197,4.49
110801,14.57
44255,7.07
96458,14.525
264442,23.23
223986,20.61
288226,25.24
222371,20.76
58879,16.165
173307,30.385
94777,1.48
165777,12.41
276480,5.35
232190,13.23
25253,32.925
46693,21.72
75960,3.29
68502,8.89
119643,17.29
81061,19.97
19101,26.52
179464,10.12
102785,20.0
53068,35.91
14175,7.91
147913,59.48
174080,18.99
283689,5.99
9762,48.995000000000005
31292,1.66
217694,10.49
94562,3.59
75925,53.09
220502,2.38
297483,11.12
141218,9.32
297578,5.94
90969,0.98
83540,10.79
270518,7.49
149615,14.39
128413,6.029999999999999
11388,24.95
150598,14.195
123019,8.99
120800,9.99
215679,19.95
30,24.99
147368,56.37
225659,5.44
132597,5.49
63093,6.69
7631,23.49
113024,17.95
108520,16.07
204501,6.5
66359,75.0
144211,47.49
141053,15.58
56966,21.0
143928,16.77
239754,33.79
79895,5.38
110366,24.99
3439,7.99
190156,10.99
162490,47.99
77274,4.44
282101,13.5
110396,11.56
190794,15.0
223559,12.88
268571,5.49
94469,4.99
7298,7.18
102298,46.23
88711,12.89
235244,31.3
41847,9.99
240347,15.99
22082,22.99
295015,4.09
80361,11.005
118572,17.259999999999998
46473,45.99
176919,24.99
38093,4.31
38019,43.01499999999999
24625,9.98
227539,17.98
121606,39.9
121709,39.99
197164,2.455
250689,45.49
30768,3.29
9914,60.97
249522,1.34
16724,36.355
227616,37.61
144305,56.01
154344,28.14
282021,11.78
261271,7.99
190344,7.44
33877,18.59
5021,4.29
63922,3.41
232121,29.47
219185,5.74
153500,1.99
228721,26.49
196668,48.67
172521,15.99
256763,34.99
211822,8.99
128534,30.05
77801,62.98
94061,2.59
75850,36.24
130472,17.6
15516,29.99
260499,31.315
222009,9.0
132281,3.98
98126,35.99
286618,39.62
73659,3.39
58493,2.4
236353,24.99
128887,31.93
294763,5.99
3492,23.72
295832,3.36
72262,11.95
207438,20.55
272275,1.79
35929,3.09
89675,67.98
36801,27.255000000000003
296986,74.99
267689,24.29
296679,19.74
178598,10.985
84263,9.82
177087,21.26
244960,3.19
157698,39.97
122162,20.49
234672,34.91
171451,3.79
107410,16.88
267023,41.25
152601,36.97
229009,4.49
250067,55.77
264310,1.79
262275,9.14
275479,8.49
176896,18.85
251076,13.58
61302,88.61
90951,19.85
280108,20.97
267467,69.235
53781,3.88
195712,123.86
240350,4.49
137481,11.97
57491,41.99
224468,25.485
207851,13.99
295127,2.185
101753,25.185
152722,47.9
68361,49.99
162081,7.48
181577,9.75
61605,1.825
240445,3.47
42602,11.44
120033,19.6
173926,2.585
215439,1.59
4399,48.99
109416,11.9
136783,8.26
243479,19.99
127741,1.99
295223,13.49
176288,2.19
282759,18.79
16378,5.68
114756,5.12
86725,15.5
293203,12.99
217941,5.79
91977,18.49
124531,17.99
291277,8.365
169392,4.98
14395,52.99
270319,5.49
22876,5.485
157263,121.97
42907,2.79
95635,15.97
83569,12.25
25518,1.565
181146,9.84
23417,22.76
165925,16.79
229059,44.99
63863,74.99
297537,18.95
229118,5.57
135706,31.98
298780,4.24
291367,28.99
122999,9.4
246526,79.97
71400,26.14
296578,33.54
2141,46.8
185080,13.86
222241,5.359999999999999
205452,10.0
193279,27.0
257584,20.19
262206,43.87
251808,37.93
241620,4.67
93698,12.99
174322,2.86
22570,14.99
193444,8.19
187798,26.58
153098,35.99
224922,6.58
295372,10.0
235649,15.99
122199,13.49
64867,25.14
135296,13.9
99832,11.99
44970,4.75
30755,39.89
224615,15.68
135052,9.29
69330,2.78
246894,26.19
31151,8.97
258968,5.99
118023,84.99
143325,12.49
193906,78.66
76272,48.24
150486,5.99
281882,3.49
173057,8.165
6720,31.99
22122,15.34
223361,20.95
72959,4.3100000000000005
273429,1.36
171049,36.99
73545,6.57
185850,6.99
265175,7.59
201908,35.0
81027,9.215
281877,9.95
117778,9.99
277041,17.73
23139,3.28
53942,24.45
56478,7.79
227570,29.0
5807,14.89
243798,7.95
94975,5.48
151919,21.34
22233,16.99
231007,20.49
149532,29.41
114611,1.79
137623,3.32
75294,3.59
217913,25.99
152907,6.34
106130,15.75
10708,14.99
38480,41.11
195822,63.59
194829,4.19
23937,11.735
185799,4.49
270857,22.99
66238,26.495
82956,10.0
113761,6.03
204836,8.485
96275,13.5
7135,74.60499999999999
118705,54.99
170026,3.94
146748,27.61
31273,11.5
162990,35.0
102194,31.49
52099,59.95
182694,1.975
259750,20.94
206504,36.48
235202,32.99
168363,3.655
230355,89.99
61156,26.47
790,16.98
222032,43.0
1202,33.7
54928,2.37
148590,44.95
140645,19.79
165182,18.93
50590,44.01
299188,3.28
183616,5.29
70554,4.26
257214,68.15
292934,3.805
69951,103.37
198743,34.99
163067,6.98
200234,109.98
31378,10.98
101279,5.73
62491,7.245
186805,41.75
166682,28.9
87411,18.99
230508,29.99
83596,9.99
259648,5.19
93515,13.97
209397,32.99
256641,10.03
238416,34.99
217963,10.49
285489,2.74
264554,11.37
205590,57.99
295381,51.85
111400,9.49
19202,19.6
230272,33.37
229494,15.99
281133,14.0
282150,2.99
277606,48.715
17600,22.92
281069,11.59
262833,10.485
94901,22.64
279871,4.49
109683,26.99
232864,12.95
63243,11.99
184352,10.695
114745,26.94
117951,4.49
71425,1.29
129708,2.99
25380,38.73
249996,21.47
56304,23.99
68319,26.26
121474,3.79
260680,7.78
165178,48.96
262737,23.75
120195,23.99
27972,5.99
2276,80.86
52551,10.105
161088,142.19
278783,87.56
166463,56.4
167981,1.09
274851,124.98
79116,24.44
286328,3.04
34896,6.58
222416,49.99
133176,13.94
288459,16.74
108587,8.99
145630,35.63
92989,13.245
175417,42.26
267319,46.88
5770,14.49
50398,8.49
222920,29.98
166871,18.48
259992,75.99
53996,39.95
169997,13.54
172842,6.4
114027,12.99
176716,12.385
217748,17.58
125578,5.99
7972,48.63
118468,39.77
67797,34.975
91957,32.99
95655,34.77
287383,4.19
206423,47.98
240047,5.4350000000000005
155622,19.68
241555,9.24
117045,11.99
17196,23.99
238203,12.79
14773,28.38
27896,2.59
127555,1.5
259366,32.0
139238,12.93
249418,18.85
30479,16.485
55032,7.98
97966,18.435
98213,14.24
233024,22.0
234536,34.99
16688,17.4
181294,18.99
107954,2.79
190310,27.01
36341,2.055
189687,19.98
123788,9.49
25824,28.94
236877,11.82
136381,6.49
37760,22.22
68561,55.99
184682,6.185
16420,3.135
189332,16.985
164413,2.69
255820,64.24
47871,10.78
76464,1.61
154204,23.0
244129,74.99
111528,12.73
205938,2.33
233919,26.46
150441,19.55
202649,19.99
144481,16.99
293773,21.635
23346,12.97
162205,2.99
183360,10.47
288843,8.68
276493,2.785
151106,5.19
4883,54.74
137721,14.99
163287,24.245
246080,93.09
144388,55.93
186501,9.17
91875,8.55
15349,23.99
196684,42.19
64938,9.99
146686,53.01
257388,10.41
236341,14.95
221357,1.58
104715,41.98
283654,4.44
2374,117.49
278998,4.0
125393,10.0
82959,4.140000000000001
179726,18.99
296917,34.28
35190,5.88
211268,11.545
167643,10.88
264215,10.485
273498,9.5
75591,5.925000000000001
20854,36.06
172202,12.0
15538,14.5
109041,14.99
217588,57.99
187745,14.39
189255,1.18
179679,4.0
142099,128.44
179389,39.49
228445,17.455
155105,23.32
24125,16.335
230928,9.99
62981,31.99
89951,5.22
179216,8.9
206999,7.49
282167,1.69
194196,15.42
121798,152.08
188046,37.99
47536,25.56
255078,80.65
163572,3.555
151849,1.33
134715,12.735
172877,6.72
7528,19.73
91381,28.88
211311,84.99
107503,9.49
105266,7.99
919,26.96
193615,60.03
124523,49.9
256461,3.69
135379,7.49
145940,29.41
109842,11.49
66220,5.59
125739,56.98
205114,33.69
283454,1.89
115895,16.59
206303,2.69
285089,8.98
234414,106.31
228007,20.0
154707,21.93
192826,3.29
246087,9.99
120022,27.98
256118,47.8
200310,4.99
259660,24.445
54200,13.94
55544,3.98
164296,0.99
263878,2.99
240564,12.78
34250,10.495
75017,9.95
37057,55.31999999999999
169690,1.89
176707,6.155
175108,7.49
45782,9.55
12750,129.99
156293,15.95
26226,2.18
14724,11.14
224144,7.0
206409,47.98
234505,10.989999999999998
239775,13.545
157466,64.95
170410,5.985
138225,7.95
60830,14.99
84223,5.97
203672,19.99
124852,16.69
183488,5.29
148279,141.62
186031,9.96
275499,4.0
21564,18.9
88119,24.81
161702,241.86
274124,2.59
291563,17.49
138547,69.64
267364,10.43
85064,11.38
162551,95.03
206062,5.49
10474,1.185
73122,14.99
262417,1.24
240297,7.49
108828,18.99
9700,8.245000000000001
217931,47.99
95766,17.560000000000002
122010,32.0
112462,20.97
212623,7.99
153269,9.2
47104,10.485
131084,15.9
53465,29.085
10144,21.99
213633,9.44
13677,1.97
87143,5.49
263486,9.98
156787,113.31
225070,5.49
46913,4.035
298119,20.79
68001,18.99
203977,89.99
197921,52.760000000000005
292874,33.12
145261,86.43
179950,12.25
215977,20.28
147949,46.89
24183,4.98
44284,16.67
151330,117.93
122133,7.5
49527,10.99
248544,79.99
168627,11.925
32493,6.48
101172,14.99
50658,14.99
26144,11.37
68631,18.19
165607,2.05
271779,14.48
284178,2.06
114342,25.94
32429,18.99
183847,2.26
9135,11.99
186480,87.975
234972,18.99
103198,39.99
297128,16.805
132261,13.63
196608,54.96
205224,19.45
33963,11.65
148303,3.87
106674,3.285
117799,6.09
37191,4.0
79357,0.975
128590,5.48
298365,25.99
49985,2.555
13310,5.77
91961,27.95
32834,59.11
183499,19.63
250935,13.32
62215,4.09
268020,6.1
133194,15.5
90097,8.29
1005,12.99
216066,52.99
275519,29.99
98333,12.98
182222,333.27
209481,30.0
60512,2.5
285397,5.97
32180,4.79
65132,15.49
41527,4.61
18911,22.17
192135,50.05
189262,44.42
278119,5.44
2181,97.46
212409,8.99
256361,11.35
130595,48.49
133975,12.11
144033,30.83
291713,22.99
29389,35.66
80464,13.58
135341,6.97
133969,22.97
166476,13.87
53086,4.99
83173,1.99
254813,1.74
148142,6.494999999999999
78943,3.11
194250,71.97
8079,10.99
231768,219.0
245689,10.05
225519,24.91
160126,38.69
170507,2.28
20766,72.93
52567,89.97
217424,28.89
63370,12.89
213564,28.97
291873,89.99
37114,3.385
60144,15.45
253357,25.98
133557,3.98
154433,35.66
171879,5.29
28607,8.29
23935,21.09
135261,10.955
137681,23.955
268569,6.99
196804,13.79
232535,5.3
206772,2.285
120336,13.49
210193,7.9
143023,6.99
110136,46.47
264402,2.0
2798,16.99
61284,14.99
130813,37.61
102422,16.895
19778,36.06
298126,14.25
36808,35.19
37078,1.72
121566,15.95
18838,50.19
54207,31.99
83374,4.01
142160,29.36
118752,17.74
284753,1.79
157341,159.39
277441,2.49
88078,105.78
61464,11.99
188723,2.18
65728,49.95
242872,53.87
236184,68.98
276001,19.84
193861,9.04
146576,83.74
84893,43.56
93195,4.675000000000001
73818,14.99
296190,20.98
53226,13.99
261579,11.44
181233,5.390000000000001
275219,12.95
157009,84.05
177954,12.03
135397,8.45
273852,6.075
178930,8.1
27612,31.49
59531,4.99
255173,88.09
43462,3.15
299072,26.025
77776,2.605
220089,49.99
172853,1.37
49044,8.094999999999999
60000,3.665
110185,14.95
199792,2.87
4127,6.99
297803,12.825
133627,19.0
200391,21.36
278298,45.93
239437,2.885
186236,6.56
130206,11.22
204843,40.24
145410,7.29
217727,3.98
213636,8.99
164205,5.1
34144,17.39
295473,132.50500000000002
1389,53.01
20807,28.27
125384,4.29
145143,56.37
94073,11.48
73657,41.97
5714,18.95
112727,11.99
40919,11.76
93105,4.140000000000001
27731,7.24
146482,56.56
44443,46.69
167742,41.83
74787,7.32
98502,16.98
146445,56.01
213108,39.99
284742,6.99
3598,272.16
42168,99.785
55507,9.29
192184,349.95
73434,7.29
142823,35.47
99891,39.55
250856,7.24
2316,20.08
33536,5.24
168630,7.64
22837,5.720000000000001
104788,6.99
284652,6.22
11147,21.44
163293,15.19
24018,4.83
291664,17.44
3407,4.39
286625,39.93
68512,59.99
285595,9.745
21475,34.99
180077,8.39
72093,24.99
265261,39.99
286916,14.14
62025,81.99
140861,6.64
186993,97.57
155923,2.3550000000000004
155421,14.99
152422,23.59
170295,5.395
4461,14.99
198719,1.32
53985,119.99
82916,5.99
268271,33.44
202110,29.2
195969,91.65
14785,9.99
97653,23.475
126352,49.95
151526,10.99
272886,25.155
157756,49.665
247126,9.99
57218,18.88
290860,6.78
123262,11.99
247211,130.64
107874,18.99
127766,56.56
68636,19.895
183580,7.61
113639,5.98
286806,6.98
121214,100.93
285189,3.645
96841,30.535
275887,11.71
270075,6.59
243674,34.155
206136,14.76
27689,5.074999999999999
41521,6.984999999999999
17416,6.460000000000001
180143,26.99
71256,12.4
11474,2.38
22663,29.95
227667,10.49
247253,22.0
224406,2.98
197218,6.17
291005,63.185
239444,1.96
235217,30.37
218460,7.17
14907,12.88
272870,19.99
154623,3.49
5303,86.43
30647,12.95
166886,7.66
131055,6.5
264600,15.32
8709,16.83
264872,15.36
95452,7.27
254754,2.79
126987,18.95
29769,13.05
258359,144.59
269633,27.58
88282,3.585
277570,17.76
296748,4.275
40367,2.39
83235,1.485
122307,22.99
174456,6.385
55096,8.99
107139,17.99
227607,14.99
55629,59.99
290970,6.0
63431,5.965
45266,12.995
106472,2.39
96658,4.45
131793,8.67
25080,1.72
124579,17.99
280402,2.74
192976,18.99
17549,24.99
90242,10.95
145238,56.01
75698,10.49
13401,2.72
129816,4.95
40892,9.335
146646,29.36
247878,23.27
147720,20.08
8615,15.66
10619,14.36
104898,16.98
40567,9.75
178398,9.385
237673,28.5
256513,88.37
179011,26.99
24391,2.44
153457,7.405
274513,12.41
25591,18.99
242004,5.99
141395,7.88
274313,1.57
240780,14.26
235094,30.37
287006,23.99
250902,6.0
129559,13.755
237120,16.27
131923,1.99
115564,19.99
84019,19.880000000000003
1238,18.99
113664,4.98
19205,54.27
260900,80.16499999999999
110708,12.9
271147,19.99
7998,9.5
135506,22.99
55097,8.99
163329,6.890000000000001
18182,19.6
80348,75.98
159825,5.95
113965,95.39
47744,27.4
176793,3.805
175215,46.99
38175,10.29
106110,19.95
40196,4.99
213579,19.99
288717,9.45
264660,4.640000000000001
129833,7.49
15422,49.99
224875,10.98
98932,16.99
119881,24.51
246734,76.49
165390,7.99
17691,13.99
80091,18.99
17031,22.99
121882,49.89
292206,8.38
130083,21.79
293403,28.285
7058,3.99
108561,27.905
205329,64.99
221495,12.0
276127,2.63
41186,4.93
189282,75.99
296956,7.34
111305,7.29
236860,21.24
169980,4.99
94572,18.99
146862,34.99
201954,5.99
33824,50.0
183823,2.69
94226,29.27
284531,3.19
231489,43.0
251114,8.24
209247,3.66
22684,4.525
127057,39.97
298667,30.83
94700,5.19
115464,71.99
195185,40.24
19380,44.85
194768,62.99
291079,5.24
9625,64.905
70684,47.49
108899,13.99
297818,24.99
263310,53.345
212647,69.99
65818,13.585
285470,2.32
175658,1.38
27244,9.5
112698,29.36
264963,16.96
50052,12.94
177275,6.99
20224,33.5
95531,69.63
201017,2.33
233986,54.45
15187,48.81
100301,23.99
256073,29.99
105308,14.99
239007,18.0
94813,3.99
130091,25.06
65851,1.39
294859,173.96
74127,10.99
88659,57.99
13836,26.72
272510,12.485
144897,13.5
77120,4.59
33579,5.8
274428,9.45
234026,26.78
287915,1.64
22443,41.7
130214,98.87
227367,3.39
157189,124.44
111664,57.99
159367,19.99
277517,47.95
183047,19.985
209741,17.85
171426,21.01
192254,4.99
196192,134.87
144761,3.29
94688,23.99
206445,4.29
266031,14.93
1966,86.91
267119,15.02
175811,11.13
125921,21.86
70289,74.99
71616,26.99
40855,3.57
37046,1.98
134233,13.96
153704,1.69
270277,13.0
33973,28.09
126877,4.38
238733,36.99
40824,10.38
122323,185.97
126532,24.99
256659,7.3
280008,5.97
212018,10.0
220784,12.49
153553,16.58
22559,21.48
174777,7.99
208978,47.99
37744,24.185
128469,60.49
196361,40.08
77212,2.05
124571,29.99
123839,25.49
11047,9.99
51191,2.88
254121,12.595
159330,8.36
94333,1.98
119950,47.4
75484,3.99
176090,33.9
246539,12.99
71079,51.895
168516,71.99
67827,28.96
12722,16.43
38745,44.440000000000005
253842,3.1900000000000004
231923,8.92
215227,23.505000000000003
181645,6.359999999999999
13884,95.925
202856,7.99
202961,24.99
252813,88.49
146642,42.74
234844,10.12
112629,65.31
293718,26.5
34211,7.99
234138,2.39
182400,32.24
47796,6.89
100098,8.88
162464,6.99
156667,17.99
32685,4.99
59376,15.95
166173,3.16
298632,37.63
33781,9.79
105140,10.52
58077,29.99
47763,6.99
235418,47.59
92713,11.24
119732,13.99
149421,10.29
114069,2.49
42002,37.15
60603,21.99
126459,5.89
106710,8.99
154597,5.98
85598,11.77
183612,2.83
225369,11.475
71426,12.99
163614,2.2350000000000003
270050,4.63
224431,7.0
186081,2.39
171870,21.5
2328,38.92
121586,6.49
162705,8.67
228873,22.62
4657,3.74
196764,19.99
250334,12.99
91358,25.71
291770,48.99
149742,34.81
23017,26.99
244714,38.0
100391,5.98
110998,34.99
55771,32.89
180714,5.19
193525,8.49
142134,26.09
173692,74.99
40646,14.97
167297,3.69
70982,24.44
82736,36.99
46768,13.07
154383,10.99
172288,12.45
272806,3.34
230427,6.99
16686,9.49
3907,2.5
129633,3.49
166240,8.665
239217,4.93
61551,7.49
12400,32.46
217629,14.99
87968,0.99
30908,9.9
91443,11.98
247060,26.99
239799,22.99
202473,14.99
107426,11.49
147452,34.81
231302,35.24
230256,9.99
277820,6.86
236926,19.88
124033,4.39
121949,8.88
268269,2.37
93788,5.365
161097,51.68
263433,1.99
44478,2.49
252149,1.5
113224,32.305
152288,27.56
90017,19.69
7143,86.965
129681,8.99
190633,2.98
107493,34.49
111280,19.99
256443,6.36
216023,13.99
214998,99.95
176543,9.9
174869,2.18
101476,29.91
209886,14.99
40516,9.58
176593,4.39
232701,26.12
62374,19.99
281174,12.19
223612,64.99
206066,29.99
230877,12.99
189859,7.49
48334,2.14
39892,5.59
239916,29.95
7300,40.375
16929,14.5
197607,19.99
178993,17.94
259161,7.72
264121,73.045
257999,33.98
85700,2.29
195328,51.45
291252,8.435
91898,30.99
275888,4.585
193114,3.16
146174,61.0
282966,72.52
241771,13.489999999999998
27804,8.34
240666,71.99
66447,7.34
112953,16.59
207886,69.98
214439,47.48
142325,128.44
21149,16.99
147762,20.27
172865,4.9
107561,17.35
85672,8.385000000000002
20401,39.95
117609,18.945
291816,99.385
9520,13.35
148362,6.22
230005,22.0
274423,59.99
164672,2.24
207985,11.98
18291,42.14
25172,31.99
255268,7.68
114549,36.59
162148,68.49
246425,32.05
285699,6.49
264252,4.48
128897,0.98
22983,1.97
272774,13.69
63436,6.19
211235,99.0
15610,29.44
160125,10.5
120290,13.99
183659,21.25
267638,3.99
29647,16.25
20770,78.86
134013,13.88
37942,18.575
168227,6.48
38276,5.22
227700,2.29
170676,17.395
29505,28.435
43225,4.385
293240,4.29
59967,19.99
77430,5.99
211984,74.49
107440,40.06
8256,6.49
126537,33.99
208516,244.98
296760,33.51
244223,69.29
37424,37.99
210014,35.0
225000,11.99
214848,18.3
226526,11.0
282812,3.755
213692,36.95
42611,4.29
106872,12.72
288780,7.99
120683,59.99
217982,15.87
84401,61.95
219097,2.98
34102,39.18
81932,4.0
32168,15.57
2429,34.5
162118,2.185
205809,3.18
177848,47.99
49627,11.555
229616,82.99
271825,38.015
124183,33.99
231143,57.49
125666,31.99
297806,49.24
203308,14.99
30320,29.95
44951,7.49
188449,19.99
107267,71.575
16775,2.73
208321,8.48
224167,1.49
111357,21.06
121971,6.49
214674,2.0
80398,5.23
71854,26.18
130276,35.9
91292,24.29
227766,8.92
88649,11.989999999999998
207942,46.95
148562,56.56
156466,8.77
289787,22.975
216153,44.64
182450,27.99
211549,4.710000000000001
160951,4.62
111981,28.95
163931,2.98
88514,31.82
174902,18.99
94710,53.99
41175,5.755
213857,5.99
91062,34.89
179153,5.84
37955,8.145
13614,27.99
186543,3.99
38144,14.48
261876,12.15
261620,11.71
9758,25.92
108121,5.98
210853,6.485
1738,83.74
291819,107.49
122777,11.565
263026,42.08
214983,20.99
62757,12.96
246291,11.99
31676,17.63
72646,39.485
226563,18.99
18912,34.14
67515,12.15
291157,44.49
296437,1.36
94324,8.405000000000001
151376,29.8
139664,130.64
15396,39.99
201700,39.99
102022,29.96
38837,6.69
98150,1.67
265952,3.59
256261,11.63
167893,28.99
10717,2.28
22987,26.88
294803,5.59
284420,2.87
9411,2.485
290759,6.365
242229,21.45
139610,3.49
30933,84.99
164870,24.09
191311,19.99
27042,5.29
70192,13.49
288634,5.44
293666,10.785
52108,27.99
25150,14.95
224117,18.94
218198,5.765000000000001
48979,0.99
61203,0.93
152136,20.66
115884,71.255
205265,59.95
121338,10.99
1089,101.68
178960,5.165
158793,1.89
131415,6.640000000000001
74048,14.5
242437,17.51
151572,31.6
124483,39.99
77142,4.06
221277,53.7
2154,24.42
157802,14.99
178935,14.99
143614,16.77
181470,4.335
188342,1.34
193152,14.74
85486,97.57
93586,5.09
5862,32.27
1962,72.8
285573,7.36
159105,19.495
12393,30.11
120607,9.99
37730,7.99
275051,18.98
225038,9.88
188844,6.99
280730,13.765
42404,17.79
185062,13.0
182338,12.99
218226,9.98
62459,26.98
63739,0.7
130907,45.99
118896,0.88
2448,18.47
247057,9.15
281904,1.99
218864,9.97
201709,6.99
199452,21.5
243090,5.23
184004,57.74
2617,38.54
283695,2.24
178712,26.34
50297,16.735
236708,37.69
82034,18.88
45398,69.375
243958,19.99
212834,11.99
292009,39.95
46976,4.99
77163,4.49
105821,16.99
184069,64.99
206071,1.79
98367,12.99
220029,19.9
296406,5.325
276565,1.99
10627,22.93
160763,159.98
227938,28.47
32379,39.99
174353,5.49
277857,10.43
133967,35.69
11026,30.99
97946,31.8
115954,46.98
49370,50.58
224567,8.39
78814,3.5
102313,40.87
218516,4.49
207339,4.88
33394,49.91
82093,3.605
172759,3.37
261248,5.33
37986,10.685
128458,16.99
220297,14.99
9718,24.99
241329,27.0
222081,18.99
73824,26.09
269884,18.5
34167,10.99
4231,18.95
282289,4.98
219525,5.805
259738,18.74
32764,30.99
183111,13.1
98773,36.49
53028,5.99
47403,4.98
45434,8.87
90928,13.49
20135,50.19
267109,20.86
215508,9.99
193631,23.0
233529,4.3
64253,31.99
107690,4.99
244258,17.07
282458,0.63
66041,22.49
102593,15.29
254787,5.49
170383,4.99
165165,19.99
281161,15.49
145988,38.54
291140,10.0
240404,4.59
264883,26.99
53514,13.49
188841,15.32
261425,28.68
188854,9.44
63362,13.99
146401,27.4
57798,14.99
62350,108.8
39536,6.105
189606,1.49
87488,35.99
216843,3.67
277848,8.99
79313,23.18
209308,319.98
234121,1.86
143496,3.99
131707,27.96
285432,9.44
19605,10.79
213133,5.24
146221,1.79
75954,39.43
58729,9.4
56805,7.73
32683,19.51
139799,7.69
123383,6.705
55970,23.99
227219,41.14
138895,39.68
39486,22.9
45892,2.74
78360,46.06
6808,12.99
53722,42.99
78166,3.49
270495,4.44
161170,76.01
278695,4.82
45414,98.72
172100,17.99
4238,14.97
291205,4.46
155166,22.99
42431,5.635
93067,49.99
138250,5.28
258012,18.99
28768,3.8
280585,5.745
62158,2.79
174841,21.99
166037,30.24
232833,11.25
85939,44.95
225884,43.95
280932,9.79
230891,12.99
218759,2.97
227729,25.99
242848,30.31
110201,16.99
84807,20.48
80935,3.6
201935,21.95
46984,89.99
34499,15.0
36503,1.79
4884,5.51
239532,2.99
93663,13.1
45474,12.75
272259,1.48
58695,13.56
18857,64.31
90553,5.0
171510,38.95
12784,18.88
57129,9.35
102864,11.69
283664,52.925
108597,20.24
99479,92.9
282735,12.0
270006,91.99
81923,6.79
259434,34.99
183544,17.99
158453,6.48
276555,12.5
196939,69.95
157394,74.07
146551,30.01
255477,5.99
129025,2.565
33688,12.49
251909,1.48
4835,6.89
199179,84.425
286300,14.875
76806,9.75
120240,23.965
256352,23.04
102386,41.75
231995,4.765000000000001
40810,11.745
90665,14.735
35559,13.8
55123,17.14
265940,7.59
201712,14.99
32659,4.25
181041,5.99
271027,9.98
222970,13.13
246402,28.385
255436,12.99
94008,17.88
40777,14.93
17286,10.01
43486,18.46
96817,16.99
238795,15.95
54263,26.99
194172,32.93
69480,9.89
64639,1.51
261931,38.735
172240,13.5
288027,9.615
282737,42.97
118932,12.72
242267,15.49
275824,4.79
38944,5.27
43428,8.45
5079,42.74
265030,21.07
164997,17.99
148446,19.45
254061,97.1
41937,29.845
66283,3.33
131006,5.88
27389,7.16
157257,180.14
98692,69.99
10883,2.19
161478,95.51
47656,22.89
227948,42.91
5003,61.095
7196,23.47
88555,26.47
94032,28.155
140815,4.36
292536,29.08
289677,14.99
130668,5.19
73863,34.98
286989,15.51
298189,17.75
203821,11.95
3967,46.64
50222,12.75
274305,25.99
192706,18.81
198246,82.99
118139,106.22
62732,16.99
226038,3.99
95886,8.645
5948,70.0
232712,10.32
171853,3.87
290679,14.95
171549,7.95
81597,39.08
10830,6.300000000000001
4362,7.59
98623,3.49
152828,16.375
52072,39.99
62347,7.79
76528,19.99
174693,29.51
260191,20.0
295504,13.98
15048,8.89
233279,29.99
3207,78.74
95969,56.99
11704,24.0
131914,3.79
166436,1.56
56405,2.0
2459,141.62
78123,5.720000000000001
196953,64.95
26565,2.56
200670,9.99
143295,9.62
171447,1.94
147190,38.92
203724,24.16
101232,39.95
175020,3.74
208191,10.0
116390,7.38
121781,166.98
199024,14.99
151247,73.74
108325,6.32
65870,9.99
2336,86.43
207616,26.99
158489,4.24
120656,72.89
44203,9.49
206092,13.96
125294,5.27
120588,7.39
162894,18.915
209587,17.99
158416,26.3
191031,6.69
33191,4.99
212123,37.98
209678,8.5
200882,25.86
163928,4.02
273936,11.99
164677,2.23
184899,1.5
237475,46.99
144178,2.9400000000000004
128694,9.21
161301,85.45
199532,11.98
56854,7.49
137548,2.49
48402,3.49
50620,18.99
232368,72.02
291750,128.89
180872,2.56
34514,48.94
98280,15.07
279760,4.12
192602,36.99
265915,43.370000000000005
103977,223.97
292329,2.495
72768,10.01
129185,16.310000000000002
69481,191.72
53040,19.99
246505,21.72
253422,8.93
265035,16.945
54573,149.99
102672,8.66
65836,21.62
277138,1.0
271340,7.23
34288,5.46
50252,341.38
175800,18.7
214063,55.66
98890,23.145
76812,24.7
88698,25.99
41224,13.49
23443,18.99
264300,1.34
50427,8.77
184155,12.99
187911,18.99
261319,38.42
274786,4.535
156165,3.63
62756,42.205
123870,6.99
39943,6.29
67299,70.71000000000001
103888,5.69
299403,12.17
220347,12.78
73177,14.99
237093,5.495
187643,16.99
240837,14.95
93732,27.41
284644,2.805
35343,7.26
113544,59.78
242257,14.95
124633,7.19
144067,15.32
190434,32.4
173294,18.99
81788,4.79
42190,8.45
281089,60.99
286833,28.93
149380,6.0
154214,6.52
168069,121.95
156267,22.26
240233,7.99
231574,8.27
263548,18.08
46865,11.49
37021,3.2350000000000003
278541,3.09
124327,15.489999999999998
94293,12.69
186520,9.0
249581,3.49
103405,28.395000000000003
241199,4.73
117058,25.99
162082,21.42
89095,58.78
286875,18.5
191721,13.99
220647,7.375
273687,27.94
102773,2.59
278058,13.39
258104,13.715
235163,140.76
254065,69.95
286671,33.44
118551,59.95
253814,10.93
214696,5.555
111510,4.18
34599,2.135
13368,6.48
294071,21.19
120310,8.79
59689,18.31
262863,10.345
78544,19.99
183721,369.81
140771,7.99
17978,44.85
29559,6.32
214520,24.99
287200,22.47
294304,38.5
235545,3.28
203986,15.989999999999998
104996,13.99
241103,140.0
288925,182.51
82325,61.04
194881,19.49
217469,42.03
145783,29.41
7198,24.99
281154,14.99
37352,18.36
195235,29.98
258004,26.85
65797,24.02
120399,14.28
138462,6.99
224053,32.99
279616,31.255000000000003
193788,15.38
43270,5.29
132044,6.99
207809,61.98
105231,9.95
22536,35.49
122154,18.39
253742,21.08
12385,29.94
147591,49.46
238645,43.99
59772,109.99
86229,84.97
5798,10.0
32626,3.08
267167,3.89
75970,4.23
225342,3.135
257914,8.99
260335,21.635
12260,10.39
133085,20.495
112438,6.640000000000001
53799,7.95
39026,7.99
13548,10.0
35359,7.34
254727,27.79
187967,0.95
247709,2.98
276932,7.19
270367,12.44
78526,47.12
60202,29.95
107786,13.24
63642,3.59
138362,76.43
61467,11.99
215428,11.99
246114,18.99
125821,22.11
270201,10.65
35676,26.19
220127,36.8
66598,26.99
266700,2.9850000000000003
33695,9.49
279172,3.54
215969,4.99
288013,48.5
194353,55.995000000000005
158196,5.39
39831,7.235
127998,11.475
254338,5.49
96311,45.01
235359,30.37
70243,1.2
214389,39.99
277316,3.99
69069,56.99
54753,6.0600000000000005
204718,8.52
232306,2.54
272776,4.16
284147,8.47
119389,7.9
205278,17.99
20336,78.86
60077,5.39
75098,9.92
238136,3.98
282915,0.895
47433,4.635
188960,13.99
136798,28.35
86948,8.435
246774,9.87
188174,9.79
168796,19.89
208626,49.95
172829,3.12
26262,16.5
36781,35.0
70585,19.43
170970,83.9
48921,10.52
201983,39.87
178495,14.79
33042,8.99
275275,8.49
24510,33.59
124286,42.57
48274,4.300000000000001
221409,69.95
228787,4.140000000000001
165014,18.79
254316,108.47
168160,38.49
198867,2.98
4154,50.13
222836,6.98
281858,8.0
254473,4.79
196410,67.48
157069,116.29
66179,5.79
230293,6.105
84898,24.39
208004,2.09
283865,3.705
111908,30.9
36190,23.155
42789,3.42
203728,11.98
187181,11.28
203046,24.99
44860,39.71
51314,14.99
5600,39.71
232572,11.49
63955,23.95
121099,61.83
192223,12.99
255641,15.385
280361,9.49
76856,19.99
33712,70.93
15526,30.01
298670,13.49
39179,1.99
38594,10.97
181217,18.99
68379,31.38
213162,5.99
150268,1.92
191953,1.74
152982,54.48
73986,35.325
237928,16.95
7973,31.99
146233,6.23
44062,16.99
119289,15.98
165107,38.99
217957,18.84
84332,5.89
239900,21.99
262828,21.99
54375,54.93
217987,14.99
42544,33.03
46551,3.1900000000000004
27507,3.38
263301,45.69
26422,69.28999999999999
145487,29.41
179671,20.94
149767,23.99
75575,2.99
241944,5.99
179805,2.78
24726,13.98
8744,32.49
227393,5.37
29643,46.25
7154,11.75
252550,3.99
82498,29.92
205075,32.405
237738,110.99
264134,8.045
296222,29.92
141887,13.11
76807,8.99
186748,3.585
293175,34.885
282632,14.0
34624,3.46
298725,18.49
138194,2.38
59732,14.74
268207,4.39
173935,5.234999999999999
277622,21.965
265858,34.19
230968,47.98
80098,1.74
23903,2.48
284272,2.575
259845,35.0
252298,20.79
168287,9.39
46709,14.0
119108,38.99
124624,19.4
207737,21.99
212483,4.19
239889,3.98
117225,23.95
199449,2.97
10294,6.79
179954,97.23
243810,15.99
62492,55.0
184172,1.96
84163,7.94
141571,11.98
105644,14.97
223435,29.6
271494,28.56
244270,4.23
35148,14.8
238153,37.99
51398,29.95
129072,4.98
135711,14.99
54742,2.99
142739,57.7
190777,52.48
40981,8.29
46807,13.49
273401,17.99
287362,3.99
224780,4.99
102824,1.36
140307,1.0
70792,14.99
29599,42.09
18392,139.02
111454,18.69
94180,22.255
229846,16.0
218140,4.99
247202,28.94
282771,2.97
211153,61.94
188460,28.0
121481,34.835
50566,6.99
246317,5.29
103955,26.0
290125,10.28
101707,18.33
12902,4.17
243310,41.99
42355,2.495
149641,9.19
9750,50.48
215652,3.38
190378,6.38
120694,23.28
277178,3.75
264670,54.95
56910,126.7
124736,10.99
225269,29.99
233778,51.49
261343,6.59
190520,2.88
119404,14.99
241681,9.94
152003,21.17
269671,28.5
183063,14.8
160293,3.18
61754,25.0
292541,26.93
294048,14.98
57249,38.98
190352,5.19
228105,17.99
231856,36.46
219921,29.95
242044,38.27
50631,65.94
18258,37.63
281009,71.81
91166,27.59
151678,4.44
25527,1.08
133306,67.48
255240,11.72
77849,49.755
134745,19.6
285462,3.29
40097,46.84
79644,5.34
283754,4.99
153888,17.45
289439,5.36
104978,7.99
270692,10.475
38525,34.42
238490,23.95
19341,50.19
144500,19.94
102324,4.14
243418,1.98
263974,11.49
72294,13.28
285320,3.99
160587,4.865
949,13.99
192209,10.0
62675,8.79
211164,11.94
295988,18.0
214230,79.58
12018,7.98
162830,3.99
8943,14.99
181524,2.205
264799,20.7
69450,22.0
128998,5.8
188242,14.64
68249,41.01
134465,8.0
79229,74.65
245487,20.99
118987,81.98
26201,8.745000000000001
240007,23.32
189575,44.96
8671,8.49
246274,12.99
44947,2.99
275334,22.62
29815,11.49
262676,19.42
91289,5.955
175465,9.13
186864,18.99
290342,7.335
2688,26.09
77345,5.115
53684,5.59
167436,33.48
100673,12.95
233440,11.76
48269,9.22
257523,52.99
236330,13.95
283399,8.12
257485,5.29
213555,15.32
270570,17.365000000000002
206576,47.98
63806,59.63
209804,7.95
54889,17.99
217698,1.73
26569,142.31
200460,32.99
261341,27.99
213660,18.73
113062,37.0
66945,36.98
163076,14.99
118005,153.73
225164,30.99
293335,4.53
43249,12.99
55081,61.19
36975,21.06
17195,5.615
274881,16.99
194952,22.86
30139,6.19
126271,16.72
52662,5.27
99561,26.99
102556,7.48
45790,8.49
240158,94.99
229168,9.99
116537,11.49
146225,54.61
49498,9.94
189546,12.97
283251,27.11
146706,30.83
127548,30.98
166447,20.13
231200,24.99
291771,181.99
124329,4.99
288221,22.5
196402,90.81
137938,27.99
195396,48.87
27582,1.735
294173,4.215
265619,2.145
147442,55.93
243820,49.99
150525,56.99
172294,1.25
116215,23.36
66680,37.805
269327,10.29
211449,68.99
275110,5.49
46480,3.29
9330,7.31
97450,5.88
267440,3.4850000000000003
205500,18.99
234232,5.94
246346,5.29
252953,8.0
113750,9.99
33528,3.99
130844,17.51
88806,7.29
88785,2.19
198172,34.99
187361,29.375
254642,57.73
199715,7.195
295115,3.74
245381,4.995
274016,2.5
76090,16.86
58383,41.0
196856,3.95
35630,3.99
279855,94.98
61509,14.99
201504,73.99
64465,15.74
245451,11.14
160406,8.629999999999999
37918,3.55
90649,3.83
98340,1.23
17476,55.4
44011,17.99
80796,1.99
80608,1.59
139222,25.94
122443,5.99
171623,26.29
93968,32.775
124076,39.88
94537,1.98
61446,16.955
199553,4.98
129296,1.99
254445,2.84
23689,10.28
221388,15.99
85223,26.555
138820,3.4400000000000004
47882,49.99
5989,15.93
154275,8.82
246145,22.99
140004,11.45
178220,23.87
15865,9.99
288835,17.44
259322,11.41
73235,32.49
258371,15.7
205547,9.99
242465,59.475
294244,8.370000000000001
130818,5.52
60868,3.99
132588,15.79
265741,8.545
140766,23.99
1538,34.5
294638,8.52
20131,26.14
243771,29.95
205085,1.63
116675,14.99
20952,65.18
80328,2.08
264708,9.275
219982,51.72
226185,34.99
35195,1.08
205430,49.03
216375,39.99
263122,92.99
272337,16.92
249563,6.12
118072,19.95
252242,13.99
77604,30.0
179780,145.95
229209,1.19
238528,7.175
279568,27.42
285964,27.4
82561,7.86
154121,9.99
188072,496.28
204873,5.355
233588,79.99
160318,21.0
87130,17.32
27614,40.145
157357,135.92
102164,13.88
175606,2.89
199857,10.22
4911,22.99
174728,18.95
177382,5.79
9774,8.98
27814,48.82
59634,5.1450000000000005
69485,12.239999999999998
147114,30.5
19296,64.31
42224,33.84
145697,59.2
96661,6.6850000000000005
299216,6.22
109482,1.24
152307,27.56
76597,18.185
178392,28.45
5601,17.95
113666,27.52
44205,9.49
245093,5.715
67920,6.25
67166,15.85
191854,16.99
110178,7.92
221090,19.74
137224,4.29
286039,7.995
222234,12.73
209996,8.99
18055,26.14
135394,11.98
134046,4.79
15884,12.49
298204,11.99
34411,1.69
176331,12.09
291734,20.380000000000003
82966,20.73
52936,70.0
60055,15.99
174687,4.09
82851,22.965
34318,105.87
165565,14.99
184677,5.17
85328,11.035
88583,51.99
185103,9.96
170650,6.14
175137,26.99
201405,10.995
6166,16.85
110906,6.73
117885,4.89
123119,39.99
186857,4.24
105546,20.235
219269,24.47
244432,8.45
115317,15.0
294118,1.79
154702,270.69
243231,34.95
234242,13.92
61841,3.4850000000000003
239908,28.99
120671,47.29
298535,27.46
171182,6.86
111565,11.95
153750,44.53
7727,42.53
41309,2.56
102198,64.99
206247,17.99
49835,5.795
87885,1.08
199585,103.99
165160,13.99
167844,3.17
66481,61.0
70024,5.605
233740,46.465
120501,15.99
237974,9.98
25073,3.19
126192,4.69
184143,8.99
50027,14.36
178347,9.99
134605,8.184999999999999
141885,27.44
251283,109.99
294489,28.775
148381,18.55
127921,7.88
9052,24.99
128143,12.97
137409,10.49
173107,44.53
73282,12.25
50130,12.99
197312,6.99
203938,16.43
215982,7.48
46839,36.9
106251,18.5
37523,12.09
81017,16.81
242777,32.5
126178,1.06
259702,9.29
261135,4.68
150591,8.99
195313,157.13
99663,92.9
196954,22.99
71800,29.44
22851,34.99
229994,4.99
219758,53.99
23567,111.09
267217,12.94
229110,30.07
109789,24.95
276897,15.97
103800,37.94
104093,11.42
241484,15.12
89895,4.98
134423,34.66
82507,2.94
287343,8.66
241961,20.13
24824,4.140000000000001
262800,6.26
165123,5.69
214211,14.99
226984,14.98
118575,10.95
204715,40.41
34637,6.48
138870,3.26
152164,18.44
298233,13.79
261730,40.400000000000006
167660,76.84
130925,21.94
243314,24.99
264573,52.58
279094,13.36
59067,14.95
38749,22.0
62319,1.32
247189,36.44
233238,124.505
72073,30.465
180404,6.99
48990,1.94
219048,18.95
137063,29.99
280801,6.52
67191,7.0
14031,7.19
71411,3.19
195282,239.84
109325,4.09
176370,8.37
279784,7.76
147357,52.61
27609,6.99
176668,57.01
1382,38.54
87952,122.37
165605,1.25
148123,1.19
106083,33.51
18260,10.99
154881,9.33
35213,13.39
291830,107.71
37678,5.06
59674,8.97
207633,21.72
46736,6.49
215534,20.0
244057,49.33
173872,1.14
251022,8.35
52472,5.29
288877,3.73
91972,32.99
274623,6.92
30803,17.48
90620,16.19
111657,5.555
252783,7.42
58290,4.49
225065,2.41
229060,31.99
190181,3.99
127201,9.73
197159,11.5
154403,2.98
15240,33.49
296703,9.77
208824,40.95
285596,16.98
121508,1.865
106095,10.99
36727,2.79
78862,2.595
139752,2.96
188887,32.395
87285,14.99
147766,16.77
273679,13.495
216619,58.36
131149,4.12
149105,12.99
230525,14.99
54105,9.99
187800,9.085
281973,5.49
231232,39.95
1951,26.09
8639,37.0
77826,5.7
12655,3.19
202462,28.99
241682,9.94
201720,34.99
263142,133.84
196760,14.92
21027,19.6
4633,11.67
96883,9.26
135624,16.34
247584,2.99
107310,14.99
176599,5.49
228929,3.29
93774,42.05
13633,90.98
264118,39.06
276637,4.890000000000001
178070,8.645
280627,13.24
69889,50.0
202219,13.49
113371,9.6
61975,5.0
285922,4.140000000000001
93226,4.12
157464,88.52
181108,6.44
104097,8.59
37694,9.47
290841,2.59
157099,91.83
243970,16.99
205133,13.99
199225,2.89
100544,9.94
275861,9.89
293765,51.39
287752,26.88
272925,28.95
212829,3.265
21899,87.45
278248,29.9
34019,14.96
213554,9.985
125754,14.5
155751,6.275
146327,10.45
296980,5.49
62517,41.665000000000006
261690,22.44
157692,3.39
278689,34.14
139622,3.49
42110,5.22
29771,53.87
101911,14.95
128522,12.99
137289,26.44
235445,24.77
148325,76.44
277374,7.99
249384,5.8
247840,22.99
27433,1.26
153688,5.09
137602,16.07
166549,34.95
226144,34.97
198194,50.9
232491,7.375
75214,10.09
79695,4.89
281562,4.19
30464,19.81
146900,117.49
131328,24.99
3462,8.9
248265,11.99
31576,22.61
139278,30.59
86945,12.74
188300,6.79
85361,10.04
278440,17.46
279052,9.0
68530,8.99
85139,59.99
142547,56.37
29665,6.73
42791,13.99
208745,12.99
183411,13.9
99955,11.99
77697,98.55
281170,10.7
289753,10.19
238421,1.69
219254,20.735
75678,7.18
157258,98.485
150503,4.255
281747,2.495
234966,39.95
26986,3.285
84990,9.5
112153,18.32
111780,28.5
62179,10.86
265294,128.23
161047,165.36
68268,90.49
52250,4.72
276216,5.49
45589,19.5
200330,45.28
237378,18.96
139947,7.5
146630,39.71
180683,32.99
245276,1.67
147684,83.74
276428,3.89
45399,4.46
249501,11.18
66937,73.98
230546,21.99
39067,3.59
80744,3.885
38973,12.49
270448,28.99
67960,21.95
285512,9.19
129958,6.98
112210,24.99
157854,6.98
155493,454.99
252637,8.1
172108,3.915
210181,27.99
64454,13.99
225873,61.49
147955,26.47
40347,8.335
144169,24.95
185289,18.98
247942,123.49
208435,9.97
44424,17.975
111640,8.69
222271,17.94
252971,1.74
217104,5.68
246370,25.0
202734,149.99
56472,10.33
269326,17.97
17516,61.98
64633,4.235
101104,5.99
39555,5.58
71927,49.99
212336,9.86
219155,12.95
256675,16.99
275388,14.99
293255,8.29
144304,38.54
170675,15.785
242457,10.49
145955,126.3
274027,17.39
112530,52.52
87807,1.98
176862,13.65
170917,26.73
150496,11.24
255098,19.63
225826,4.29
280595,7.83
194841,15.89
30041,8.49
173524,8.73
162379,10.185
205504,10.0
36780,34.0
43367,24.6
37711,8.26
287605,1.905
46591,9.68
155592,2.04
95629,148.99
174820,23.165
260363,10.24
232291,15.92
205306,42.99
118270,18.49
185953,9.99
59406,15.99
74056,10.48
18700,2.79
105900,27.99
9065,25.49
99872,35.72
166323,25.0
199691,7.74
18511,4.285
220162,7.18
72774,23.99
60289,11.63
36934,4.99
26968,31.99
180641,7.49
150162,5.0
150860,28.12
62388,141.25
171983,10.98
143504,27.79
110788,2.76
281853,2.99
113331,31.99
121830,14.69
73218,39.8
20332,50.19
134111,0.89
273056,5.235
185670,6.14
227820,19.99
92602,10.635
168142,17.99
281349,2.68
83234,1.48
122848,75.99
134727,19.49
257374,20.0
101814,23.745
238474,27.95
70639,6.98
63918,3.19
72982,5.5
20725,54.69
152719,15.0
289397,5.39
148367,15.32
141846,12.71
136159,22.13
11947,21.96
180428,8.344999999999999
229122,7.99
99391,92.9
378,26.96
129545,25.72
57672,7.28
190552,3.34
165407,1.99
65217,11.99
208956,12.99
180598,12.59
108550,28.99
2467,32.2
236275,37.59
108235,15.935
216847,3.29
41480,1.89
53877,9.99
289422,24.48
224341,36.0
120977,21.25
71201,12.99
63545,14.5
49272,15.49
164514,1.54
275617,6.95
17309,5.48
106077,5.35
85957,17.99
258255,4.99
273619,72.99
244474,45.99
139361,28.99
115909,10.79
282881,3.375
213798,5.0
214130,9.99
155639,2.25
71766,13.99
126390,17.99
205360,29.64
141273,63.900000000000006
245181,8.99
175051,79.13
29886,22.99
283307,4.705
60182,11.39
257285,10.035
116834,6.574999999999999
136382,5.735
102934,5.99
6569,35.99
246306,39.99
250049,6.99
209530,9.645
51515,17.9
191687,27.89
35753,6.77
4093,16.77
273818,71.95
127672,39.3
128024,19.99
242884,4.96
155583,2.29
264855,7.89
174148,68.205
181866,30.42
150433,12.49
34046,2.83
167277,3.0
209321,82.99
282521,5.79
166156,142.02499999999998
63174,8.49
112549,33.99
221299,28.935
150706,26.6
216132,7.96
234382,8.99
203198,8.99
281158,13.68
208226,8.39
140811,15.2
155617,12.485
161122,45.77
285788,15.17
64892,14.489999999999998
84165,8.225
285136,39.99
132096,154.16
18269,16.605
172461,5.67
68855,17.99
235633,6.74
256740,31.39
248484,14.84
178797,69.49
27142,27.68
159841,37.98
4124,10.175
149974,24.42
23125,7.99
168632,8.32
3826,35.63
78096,17.95
154667,2.84
193814,27.55
156017,44.63
56198,40.58
87804,3.995
174097,19.99
104043,42.98
195813,93.64
74798,9.625
280002,18.03
190561,34.95
122539,33.99
238056,65.95
23031,13.99
235789,27.95
226290,34.77
108503,25.49
218690,19.2
41278,8.08
203932,16.43
143522,5.140000000000001
234850,10.05
47544,3.92
99638,99.99
230188,10.69
3357,19.99
105952,7.56
42736,93.975
11491,2.755
219200,36.42
65337,35.89
89974,5.12
73603,23.950000000000003
50948,386.98
163056,23.14
87634,8.31
295674,13.18
120733,60.98
297358,2.19
259583,37.39
142237,80.86
217896,7.69
191773,6.99
261402,63.95
183454,9.89
213529,10.34
130259,26.99
288003,34.49
237082,11.99
41341,7.705
252704,29.605
19774,32.3
156758,1.48
106638,12.39
50154,45.0
127116,5.19
15407,6.765000000000001
142933,29.13
180245,23.135
228317,5.7
272500,4.89
50548,24.99
227731,9.76
243225,138.89
154927,17.6
244284,21.075
184600,63.96
202542,41.99
77660,5.29
174050,39.95
123000,13.61
195751,48.9
126472,44.99
108077,15.75
15162,44.99
272084,4.785
297501,28.5
198048,11.0
249873,26.13
196180,53.33
85117,4.52
145189,59.48
174932,5.33
19368,50.19
188631,20.3
258624,9.99
33602,7.73
18948,0.82
126524,10.59
274853,21.74
280502,18.98
245953,4.98
136730,2.57
44798,9.63
93946,20.65
133460,34.89
24614,15.98
178057,8.73
132109,3.49
283549,10.0
147707,20.68
23021,29.95
228110,59.99
32008,45.94
195133,99.95
223960,24.99
107401,110.99
285642,6.79
33241,20.65
28308,116.24
209121,22.0
293433,19.83
200688,85.99
221471,23.87
248658,20.75
125020,5.68
71213,10.99
154374,15.99
281401,18.99
188296,2.17
45141,10.85
224230,21.35
199255,11.97
51065,12.99
17837,44.95
207375,12.99
261574,9.95
85855,5.13
31043,32.46
267922,13.02
23337,31.29
278288,4.39
242074,18.965
266414,19.95
218463,13.78
134378,12.0
257074,8.0
142360,15.32
161619,161.96
123932,15.11
103610,13.8
55338,3.99
44513,4.37
150666,32.75
281519,14.495
180196,12.99
155990,2.0
262627,20.5
101739,34.12
191784,4.07
6852,44.165000000000006
9893,10.99
204181,26.99
208002,16.14
155252,2.97
232111,48.49
168867,4.395
242159,12.5
121334,11.17
107258,6.785
111535,14.97
291168,4.390000000000001
195887,146.08
262950,2.79
50096,37.5
149904,23.465
139746,15.29
175353,25.95
259086,30.07
127827,10.0
260665,11.49
2870,15.6
150143,3.49
45725,63.81
260394,27.22
78906,2.78
4609,12.43
97205,66.71
194503,15.99
6020,1.98
98374,53.98
187966,10.4
121791,109.98
231251,11.975
198652,7.664999999999999
44145,6.405
206279,15.48
128304,11.29
163855,12.1
36743,10.985
212535,5.19
151495,7.99
101898,100.25
45806,3.59
223195,2.46
145243,141.62
184548,11.68
30161,25.48
100407,9.99
142648,88.39
183426,105.74
243682,14.98
91032,3.0
82022,7.06
46351,29.99
287457,4.46
291690,5.87
269088,18.99
89698,9.64
4812,18.2
184227,3.99
132746,4.18
281659,5.56
276198,7.99
281346,6.48
47276,9.74
176213,5.79
203067,12.989999999999998
156889,111.42
91102,33.36
225697,5.135
255339,7.63
82694,14.99
26519,7.49
33797,51.0
81179,136.43
227942,23.99
92923,8.34
237884,30.99
20090,64.31
274519,5.29
104053,4.7
202843,4.77
48691,101.89
92247,10.99
79129,20.045
289884,10.0
178937,17.08
217959,13.95
259023,26.96
89214,8.56
8938,13.52
64720,21.99
274679,11.99
56556,26.95
285524,6.69
119288,81.01
146093,117.49
165694,8.61
127195,71.9
5847,3.955
33700,6.88
42242,5.99
196141,42.42
25748,9.34
34969,5.3100000000000005
74829,12.98
178367,36.79
249780,18.99
115369,3.79
243654,8.49
15000,7.99
109704,17.025
130552,12.99
41902,14.74
116446,47.99
118464,13.44
163412,1.98
1619,83.74
205415,33.3
233964,40.89
214226,2.5
71658,57.99
176720,8.45
231471,31.84
171240,38.99
232217,19.99
21851,5.585
196891,18.49
287452,2.5
2295,128.44
154991,2.49
108018,27.225
100335,28.665
148737,77.04
223061,5.3100000000000005
166288,1.19
79933,2.48
132863,3.79
187402,59.36
117999,198.17
236221,38.78
279380,3.0
242705,7.98
121923,33.03
6173,15.99
213181,4.49
77472,39.98
108309,147.19
241719,11.63
207787,10.0
4848,28.29
210658,7.375
33062,11.99
233577,11.11
59373,14.97
29595,4.74
56388,21.45
165874,3.48
173359,9.87
268134,4.75
73048,21.29
221937,7.2
80791,2.75
233413,68.77
36393,11.07
130630,28.03
219389,11.565
222470,9.24
196384,38.73
93636,9.44
262169,12.99
251423,62.98
195390,275.95
54806,2.99
157686,180.22
26909,4.755
68992,9.99
297845,15.48
129219,22.99
153120,15.0
167228,22.99
216113,28.99
12154,1.49
255520,23.99
114856,15.5
227825,27.99
10395,17.99
84473,1.74
101973,7.28
201683,10.99
37981,4.0
248772,26.92
219175,19.88
104399,32.99
68669,14.99
35599,4.94
155092,3.49
104998,14.99
117831,9.99
6124,9.49
224219,6.44
35020,3.99
91398,3.27
70088,7.11
72724,13.92
152970,15.195
282027,23.36
283063,26.08
194104,6.89
29916,3.885
253712,24.99
161248,279.68
2849,5.38
83856,103.38
203140,4.48
206038,1.73
122934,12.99
217586,46.99
67523,5.74
171489,4.735
128318,9.06
290113,22.995
50131,17.99
37237,8.440000000000001
271549,11.95
257939,42.49
1502,5.99
29604,17.14
184771,14.99
14533,27.44
273018,5.19
171259,9.99
19644,54.69
293454,16.45
98624,17.99
54336,27.99
36542,17.25
253666,19.88
121248,63.99
281698,6.235
153590,21.95
286464,0.38
188641,8.89
264909,17.945
279464,16.99
80035,6.12
173484,75.5
117889,29.99
40530,9.69
41391,3.6
67248,14.99
108339,18.99
137187,3.865
12029,1.49
163717,12.99
24359,14.98
117205,28.99
235899,10.89
244251,8.99
161398,5.220000000000001
290323,10.88
293016,46.38
252269,9.99
68312,14.45
151121,7.17
65977,19.95
284161,5.49
39935,29.75
5142,39.71
145960,80.86
24473,3.12
206385,35.59
284170,6.28
176562,14.12
4891,4.995
172400,23.96
79539,8.74
17785,13.65
176877,14.55
207261,75.99
279282,1.72
185083,6.59
83717,87.99
271003,8.01
65024,12.79
148888,29.41
125205,18.995
215474,5.48
168565,28.89
184174,4.22
32533,5.65
147327,22.695
288258,22.095
11280,22.14
52319,10.77
192737,10.65
78480,16.76
25553,10.49
18670,11.0
82743,18.09
202030,12.99
209447,22.99
72384,30.92
92634,18.99
229317,28.75
246795,24.99
143045,43.99
11027,1.99
260689,8.09
120763,12.99
218301,15.55
298380,14.25
180853,5.49
59062,13.99
268734,11.0
180468,4.96
107715,11.99
234546,128.98
191885,14.95
97416,30.23
174994,7.685
65100,71.99
114494,76.265
139753,64.99
164389,12.19
209604,58.99
76782,20.93
223172,13.49
134726,111.5
205530,11.79
86848,5.49
276972,24.96
169613,7.065
58835,5.13
101796,17.99
266809,20.24
283195,22.77
235305,115.02
189324,25.99
100203,7.379999999999999
88828,3.98
106166,21.95
190812,29.99
3757,17.99
24854,11.98
198359,36.99
242707,13.49
186913,25.82
1211,11.12
174452,22.445
110896,13.485
149171,9.14
176939,6.99
114574,7.99
222058,39.29
144858,6.99
129601,48.36
234361,4.99
59948,16.375
180405,15.99
273367,8.69
180938,5.19
221847,3.26
133224,59.99
24566,15.61
235558,7.57
169029,16.89
20013,33.5
194290,5.49
81013,19.14
141212,40.095
161602,63.25
146457,86.43
30699,38.68
208971,6.73
69808,6.49
238295,25.31
167541,9.89
167501,22.99
140280,20.53
157546,122.95
169834,3.48
58121,83.15
106355,31.785
154988,2.89
85481,136.96
155994,28.72
254143,12.59
105048,58.99
101992,2.73
289435,24.495
66946,34.99
214651,8.99
38266,3.82
282284,14.99
46324,17.94
266947,6.48
283053,27.075
35835,2.85
16745,7.68
25338,38.15
117927,24.97
254122,14.66
112271,2.98
103588,24.99
168368,14.805
20293,50.19
71003,2.435
287193,9.53
44837,14.29
169250,19.44
28530,25.735
267453,7.29
33308,16.755
88610,11.91
191339,33.625
196,6.635
221950,3.54
124618,62.75
16788,55.66
298050,41.99
201287,24.99
139564,23.84
189263,21.99
117301,31.13
83051,10.57
29458,4.49
87325,43.495000000000005
151672,11.24
165331,3.99
286066,1.985
210346,7.34
219936,69.95
215208,13.99
143859,18.13
16241,1.49
156662,85.85
197991,13.99
74413,62.95
35670,54.035
211672,56.45
281902,2.99
93816,11.489999999999998
17547,29.61
156421,8.53
7816,19.95
276099,6.84
194427,7.59
163643,55.46
148912,16.9
191078,112.85
216976,5.25
119476,8.99
121482,34.835
6257,42.49
147905,117.49
127126,6.35
15045,18.99
19980,33.5
259170,55.205
196059,45.84
233038,46.68
293079,3.08
53278,41.95
174,9.455
260147,4.49
70739,8.4
71583,22.98
40999,3.75
129261,39.0
57833,1.99
47701,15.99
129719,14.8
166421,8.12
141377,15.01
66286,25.06
112018,45.95
114318,54.99
27956,4.29
3561,136.9
208642,9.99
270646,4.635
165691,4.68
256683,37.27
19850,136.71
49628,53.785
245791,38.99
107264,12.49
211356,10.24
134805,12.99
107825,33.89
37036,4.99
112675,6.545
20939,50.19
106857,8.49
251280,14.99
151812,8.545
258781,7.97
194340,9.47
135067,84.99
17538,6.08
212862,4.69
241572,21.99
127565,3.09
173172,4.59
227845,2.4400000000000004
52673,17.99
180944,26.99
187769,12.85
25175,58.22
163198,3.415
209712,13.99
158120,29.44
242283,26.93
136316,2.3
296314,14.44
85464,120.26
264182,9.89
120528,30.545
131331,1.99
175586,14.99
241582,14.99
298453,5.99
47295,21.89
269511,17.0
148364,81.28
31080,0.99
25467,15.88
189267,56.72
293553,8.415
276470,9.24
142650,83.74
151052,30.215
188643,9.99
120978,21.25
92631,9.81
39529,6.105
171143,21.95
168100,1.49
178817,108.645
42705,34.95
243930,4.96
190775,15.49
189220,11.49
48155,41.17
284837,8.690000000000001
10653,3.655
228954,10.0
95557,17.18
30613,4.19
144429,9.89
125454,3.79
265872,14.29
175066,35.6
201855,19.99
284893,2.265
91907,32.99
131757,14.96
294668,9.24
230483,5.16
158476,3.13
109675,62.47
18873,72.93
174639,3.39
135582,2.99
164792,32.925
5952,2.46
78477,15.99
42019,11.49
27864,3.99
237273,6.18
151917,30.68
22569,35.69
85433,7.49
275094,15.0
240630,15.9
189678,44.305
278534,4.77
288553,38.63
208253,24.55
242697,1.99
211568,15.44
94419,30.93
63508,19.98
31952,12.97
250164,4.57
254917,12.99
229545,2.38
8236,7.390000000000001
173788,8.91
149279,17.97
158626,26.125
211601,45.99
197720,60.6
280582,2.97
150373,4.88
252135,8.06
254966,12.82
146177,6.99
57977,22.14
153206,12.18
4392,10.5
268336,3.69
5314,52.61
299223,13.99
95478,4.97
8948,7.49
200528,34.0
91399,16.73
88401,26.97
184585,97.48
16624,16.93
32277,10.29
195189,76.54
236068,13.91
67450,6.29
146223,12.99
135760,21.545
80200,15.99
298777,8.96
43196,21.34
272206,10.77
286599,4.69
269837,12.94
202483,14.99
151728,4.79
247464,265.17
32446,3.68
163929,2.89
173117,3.655
96107,8.7
111457,21.62
245309,29.99
293796,8.02
271248,21.99
164639,10.99
188216,24.685
239712,5.63
20126,33.5
173779,68.99
155600,3.97
186600,7.04
216673,30.6
75415,1.12
169003,12.125
253005,49.46
230267,37.71
292292,12.49
153447,1.52
218408,39.99
284345,5.585
116013,15.99
132821,8.59
109401,20.495
11124,34.75
128185,34.99
216073,2.1950000000000003
56498,9.99
114533,6.49
87277,8.6
100533,10.12
155224,1.31
54320,38.205
233995,77.65
126736,9.94
123881,18.85
182418,14.15
242210,28.41
100985,12.0
185243,15.99
107180,26.605
189899,154.04
234887,4.12
235223,16.09
287719,8.295
221881,3.12
104559,10.0
233665,5.44
155595,10.7
118075,19.95
77663,37.99
247927,41.99
54535,13.91
284916,13.925
134847,31.99
120104,16.98
177456,8.92
87913,2.99
36605,38.7
193981,8.99
56463,12.99
127496,5.0
99320,169.99
50780,17.16
177629,65.725
50562,16.99
24081,18.505
187105,46.49
193567,38.22
195783,42.03
264707,6.62
67510,44.98
153858,14.99
129475,55.7
94489,16.99
183428,12.99
229232,14.54
243117,17.5
180777,8.84
274716,6.99
17024,4.79
201384,18.99
182103,41.405
277934,4.5
221330,9.99
202019,15.49
219677,21.16
198375,24.65
240682,14.99
274908,11.99
275386,14.99
234723,35.49
183944,11.95
1526,59.2
237984,59.99
39792,3.99
177767,11.95
226720,12.99
139983,18.95
118595,9.99
127663,13.78
294324,6.16
27779,22.685
37794,104.74
67472,20.0
292708,12.22
167050,7.34
297157,10.98
258829,6.91
48663,8.17
208674,59.95
168235,14.99
204091,11.1
87032,50.88
75255,10.99
148037,8.87
225496,1.29
70595,19.25
222765,18.51
23383,9.485
237829,14.99
271935,5.885
41802,14.63
176350,21.68
5061,9.02
20194,65.18
89548,11.8
298766,12.2
173605,48.86
173903,33.92
101443,36.99
237851,2.48
241624,4.99
139195,15.95
25540,41.95
113582,27.95
164199,20.37
85663,9.25
293046,11.52
3101,33.94
126771,1.58
42979,8.84
271995,1.94
162164,1.94
69560,6.06
262057,24.99
27995,3.59
89235,100.99
228619,34.67
204568,8.3
224218,35.99
69430,11.075
130950,4.79
167425,17.939999999999998
217355,23.5
45025,12.88
212014,65.27
210580,4.79
19191,44.85
195871,30.13
60270,32.205
15295,13.99
78719,39.725
62588,20.645
299168,9.0
162762,2.88
280756,5.99
29161,2.79
260836,9.95
28898,7.06
279253,9.28
277656,5.99
96947,4.89
132643,9.39
292503,34.95
138506,3.29
207821,14.99
197458,28.99
8208,15.155
115648,2.09
151374,21.95
157539,103.77
5450,88.39
282698,4.79
195537,32.74
173961,1.335
232192,1.34
50160,9.78
49042,11.54
24669,16.23
258449,4.49
215502,39.99
250218,9.6
204084,133.99
36565,18.995
161224,11.97
185149,8.004999999999999
176123,11.49
25480,84.2
104814,10.99
170691,8.945
186340,2.49
176658,21.22
7602,26.34
172560,8.0
237908,11.99
161562,95.15
72925,41.855
217689,0.72
109652,21.99
50857,2.99
77143,11.77
26706,1.59
211687,31.29
40827,11.15
189266,0.68
178799,112.81
79907,21.49
229902,32.95
218932,6.19
86798,48.99
29194,30.8
233140,5.41
259273,39.81
271887,6.99
43653,61.13
220383,5.56
138019,7.68
141126,15.89
20847,64.31
28111,10.78
246230,17.5
208412,7.66
126859,10.09
217264,12.4
207958,31.49
72528,14.99
135946,16.259999999999998
21771,11.79
155839,12.99
126397,13.69
280103,22.0
116674,3.145
210885,28.48
1727,117.49
288690,35.97
159559,24.99
221393,58.59
297513,0.5
168357,4.99
84072,2.96
124273,227.48
185193,9.24
52317,16.99
179101,9.99
210927,14.99
90892,3.79
111418,7.43
279529,5.04
118716,10.98
132789,8.76
143500,76.77
229977,29.99
88334,7.24
77986,37.36
207239,2.265
58352,14.985
42601,11.99
77953,67.31
145180,68.14
74851,5.99
17647,11.995
186021,20.9
137594,2.83
215846,23.99
264388,24.3
109743,5.8
158838,12.29
195599,49.44
238008,2.84
64680,7.44
115036,23.25
173508,1.99
211086,17.26
268351,14.205000000000002
68077,10.74
92185,38.49
275176,14.635000000000002
83556,1.89
135820,7.24
253049,3.205
136868,17.32
141998,50.58
234771,27.03
230253,12.49
63016,12.99
293830,5.79
260425,10.385
17406,32.95
67118,19.99
849,24.98
271785,8.0
209218,98.98
62029,25.69
219216,6.23
31223,2.085
57960,5.67
60655,16.99
46282,11.05
267918,2.79
236924,14.99
242449,11.985
296736,9.25
85512,173.0
294455,9.73
142664,67.78
120308,13.98
258266,23.99
204019,13.99
224993,10.98
85892,2.365
258971,2.98
48275,137.99
38013,11.92
207430,11.35
114803,17.99
476,5.045
276692,10.09
253523,15.99
30932,1.49
288765,29.0
167387,2.78
59815,92.99
218410,39.99
223286,3.4
194142,2.46
126855,35.82
44111,9.25
203720,11.98
137247,2.77
69104,21.99
273472,3.465
105337,33.655
218373,39.99
62686,16.72
207472,94.98
288752,3.49
116750,28.5
81057,34.23
45358,4.35
228961,18.99
10876,31.995
124524,19.93
100049,4.99
213802,8.88
262287,4.550000000000001
283710,26.99
13662,2.99
117858,7.140000000000001
241647,9.94
6822,5.98
53624,11.505
165117,1.59
272640,3.4
24805,6.49
205092,36.95
167674,15.19
252576,6.0
265408,6.245
259898,73.575
15992,7.09
194597,12.99
296355,15.29
72027,15.74
254575,2.665
195094,10.765
199562,46.76
298735,3.74
36121,12.55
111437,3.365
245513,24.99
91840,19.99
177614,10.89
78928,14.99
296047,6.74
269736,14.99
125542,21.13
37605,3.57
102104,32.895
282437,7.97
225077,12.5
87326,3.65
137523,22.99
148689,84.89
243399,19.77
73613,11.49
179165,19.29
79848,4.0
112117,8.86
186930,15.25
190926,3.18
98152,13.95
135396,11.98
105764,77.945
252908,12.99
175197,6.359999999999999
290497,6.74
207442,10.34
255183,104.35
125992,7.85
106125,19.68
175875,1.915
180850,7.645
224805,5.885
71374,51.120000000000005
98248,16.08
140636,10.99
97051,0.89
288972,11.98
130617,2.99
179603,2.49
5832,72.24
82257,14.99
98868,7.08
173461,2.29
216930,1.24
257283,23.95
30477,39.95
54331,22.18
49580,137.1
63085,6.69
278608,6.615
255679,25.95
190242,20.95
248198,58.99
16664,7.11
160199,2.79
211623,69.99
36007,26.07
185082,15.0
282385,3.99
28237,5.085
120324,4.39
106715,8.99
152771,15.265
23775,5.025
272144,20.99
236496,2.29
101974,24.95
295305,12.185
17091,7.57
56841,7.05
109029,12.85
78338,4.39
104144,14.66
194827,2.9400000000000004
147264,30.98
249830,2.99
298244,4.39
191842,4.835
24270,4.99
44059,11.37
196960,18.99
237877,27.99
96656,1.38
148069,31.49
181761,4.655
95392,24.88
214652,2.0
135068,143.3
237342,4.72
227526,11.41
163397,9.99
95630,23.99
260687,5.95
76587,16.580000000000002
149592,18.13
20109,37.63
266603,3.51
95749,27.36
165422,19.92
195970,52.77
103008,17.99
80692,10.32
270125,9.99
157524,88.27
299007,33.620000000000005
102858,16.555
49351,6.9
238446,15.77
265658,19.33
6544,23.5
141769,24.99
136538,20.785
261755,4.29
10797,1.89
59350,10.35
128221,56.505
47412,10.545
122497,37.14
176905,16.95
236535,16.97
277537,17.939999999999998
166949,13.56
72282,28.32
245469,33.99
15591,15.37
14050,10.515
105307,23.99
118510,35.99
129387,32.99
295139,15.36
26933,15.9
122908,49.99
231523,34.99
132671,34.42
234151,5.32
55588,5.49
151020,27.19
256299,4.67
164117,3.655
55099,8.99
194680,30.0
245209,17.75
290885,26.39
279460,5.485
40846,4.63
277858,16.02
160028,11.99
169568,26.99
299064,33.0
22815,25.99
160773,3.27
93473,3.99
193828,26.31
273885,8.14
117720,149.99
182842,119.76
84029,5.9
240099,47.96
261163,69.88499999999999
181763,40.56
113460,5.29
112061,21.47
126992,8.64
271735,2.71
190096,22.13
91496,13.39
171279,5.79
246913,7.98
201532,13.99
179467,81.1
269988,23.99
234969,20.99
285035,9.24
290110,5.98
118073,85.68
77068,7.19
291801,7.22
22172,48.5
287774,21.0
292300,34.59
110807,29.95
152108,15.71
44596,6.055
167472,11.99
38827,1.99
113378,10.28
224239,15.95
234773,9.99
139114,16.9
180822,13.95
216288,10.35
234620,20.49
186288,12.79
20244,18.78
39160,76.53
113525,30.14
271755,14.215
87812,12.99
70589,81.59
155171,29.99
91245,2.58
182544,14.99
63368,67.31
166135,59.99
42119,2.87
247442,40.42
244864,22.0
269423,4.78
219348,18.98
296902,9.23
163064,1.67
117597,55.0
204628,89.99
155181,46.15
185413,8.19
162636,78.99
150176,7.43
193142,10.98
17811,32.63
93837,37.99
190203,7.455
289619,4.99
241838,17.855
86651,8.99
276228,11.5
17233,17.95
256183,1.29
124184,31.7
95202,8.89
171669,0.98
118691,9.99
250299,31.99
44594,11.55
159043,13.73
105907,97.83
258473,17.95
37418,2.99
244931,7.59
171747,3.09
174140,6.89
24966,27.99
223644,87.485
59268,7.29
152058,19.13
217186,23.0
262361,24.52
2675,57.7
140339,4.4
24017,36.99
2945,5.49
143793,29.36
24230,39.99
179103,6.99
228885,16.43
157332,174.55
192478,12.99
102986,6.29
215975,12.12
226213,46.99
152519,33.4
170606,34.99
16511,24.85
58218,21.95
280154,34.99
77206,8.24
185516,47.41
128761,5.99
67233,28.99
132378,13.99
96662,1.83
66401,13.85
80929,6.49
78424,14.75
15772,9.92
116024,18.06
53297,23.505
213568,7.255
124197,71.84
258173,112.84
47496,29.99
263102,55.38
241271,36.815
242497,11.495
175703,45.0
140758,55.0
207545,6.97
206278,27.24
211385,51.99
134407,9.95
27815,3.29
295984,9.695
228147,23.9
292137,6.51
197157,14.99
292222,6.9
267437,45.99
137612,9.9
216639,49.9
44073,84.44
217887,1.88
97587,8.515
244263,18.185
102406,1.16
11884,27.99
92813,10.69
139042,17.485
213324,30.99
135643,7.99
283208,16.08
92314,12.99
65789,24.02
79125,3.04
1364,55.93
265843,7.99
91749,13.3
288114,29.385
41465,6.49
218175,4.99
273059,3.99
146449,52.61
2174,24.29
216767,6.24
297470,5.43
25906,12.97
106041,5.99
148744,141.62
94005,7.800000000000001
173261,5.285
90821,14.135
109711,31.99
125302,1.61
193100,39.0
214116,55.4
285237,26.65
281788,2.685
153346,3.04
36039,6.73
86758,1.68
186373,12.97
48565,4.135
82595,12.0
188115,19.96
215482,3.98
69711,23.87
129747,21.95
35364,3.685
163682,16.99
20241,50.19
118301,9.99
220559,0.69
94273,4.73
298488,10.0
202135,13.95
266972,19.99
16432,5.89
80703,2.19
98080,120.99
190387,25.95
67468,10.03
169049,2.88
242191,5.34
67572,5.59
276033,4.51
169736,15.64
93340,3.28
225829,39.99
118873,153.72
224131,23.99
215125,5.515
263862,10.32
283359,6.85
48335,85.59
299224,4.29
203406,8.89
160547,16.255
4604,16.99
6717,4.79
14451,9.98
143118,25.94
45010,4.39
52863,40.06
109167,25.16
27212,5.99
114062,29.87
80071,16.19
126931,3.99
173663,19.38
116807,54.99
297419,7.49
201277,8.195
4772,39.99
70939,28.205
213371,27.99
153209,24.38
152591,3.99
145547,29.13
259324,14.99
252689,19.99
263230,8.99
122288,27.99
150102,1.89
91816,24.98
94251,17.08
234226,14.19
54429,25.49
285941,31.74
194756,17.99
23866,3.64
207189,11.99
275192,1.57
126053,22.51
58618,25.89
242968,7.12
111262,10.75
48668,8.45
105845,26.865
23493,37.59
94797,42.475
78579,2.465
233021,59.99
117094,3.37
295271,4.75
170144,10.175
285214,12.99
267031,24.62
87225,2.99
241724,33.845
291982,32.91
210308,3.58
290324,30.44
234526,59.99
148380,50.58
104750,14.99
63598,12.64
39374,3.59
121347,35.89
258991,3.79
153981,1.99
199407,3.86
11379,22.3
13383,36.99
254499,14.989999999999998
207743,6.29
145944,30.01
224151,3.78
147635,50.13
62689,10.99
109998,2.13
96369,3.99
61177,13.0
292409,12.77
247403,570.0
67531,46.49
186872,24.0
141428,41.79
278629,8.53
249086,10.99
80912,13.99
264273,27.11
47242,13.79
207613,33.99
215609,4.335
41824,22.95
208059,48.63
144504,94.99
98413,3.49
70420,53.56
72677,13.02
227649,13.99
41518,6.99
278302,12.11
74709,3.24
190996,9.92
128821,21.765
129781,2.19
220987,4.18
33980,1.48
189907,147.74
15338,70.14
210520,12.89
49037,29.99
151369,8.66
20962,64.31
144246,38.92
173253,0.5
93328,6.99
71893,16.1
290427,27.375
232569,10.99
287282,10.33
58261,2.44
132186,16.96
238921,58.21
55072,84.97
154176,25.99
76649,3.99
75677,21.945
244664,14.95
80001,37.29
273143,58.305
251889,4.99
217470,8.645
154949,7.02
235850,12.78
59256,5.135
36624,7.86
129478,107.98
296229,18.49
128100,7.51
195104,8.34
158023,18.96
79678,4.79
233091,16.95
44009,11.99
150396,24.49
73252,21.98
115303,54.0
78402,11.99
284943,7.735
214751,44.99
62727,19.99
65330,31.59
21543,11.3
129914,14.9
171358,9.91
42185,10.5
52897,3.96
98729,9.99
248164,16.98
83830,30.99
122342,20.97
192500,22.98
270564,3.29
264638,6.75
106993,1.89
241787,3.88
243731,49.99
222048,59.18
162486,37.43
130554,34.99
10448,5.11
6947,23.97
241962,34.94
265269,45.99
259377,11.44
262868,44.99
230807,43.95
35461,30.76
226168,69.99
299269,14.89
39456,3.49
74890,19.99
125725,20.4
181751,2.0
92089,19.99
223882,8.58
269807,18.29
274644,21.95
71951,2.48
268794,6.59
51309,49.95
210092,1.49
166861,14.99
44140,4.99
128524,1.99
254008,21.95
195376,90.81
267121,37.32
97373,19.99
85830,7.29
98261,16.81
278256,1.0
161444,79.13
93883,1.8
218571,3.61
207102,6.38
129119,64.99
38077,11.239999999999998
256415,241.16
76769,5.54
195416,44.48
52737,41.44
207960,29.99
247681,18.99
190339,60.64
263324,2.58
47401,52.25
266486,5.21
238770,24.74
188615,59.99
199539,2.72
285256,5.6
207153,8.96
119552,45.75
29629,7.4
272040,6.885
249607,2.28
46120,13.99
138377,54.7
87487,9.99
139848,7.99
47649,4.19
14869,8.335
199796,22.57
295120,2.7300000000000004
212251,18.015
90842,9.18
158623,3.99
49805,8.99
239490,5.24
180384,3.99
242138,38.16
207144,13.26
211498,48.92
81346,286.77
98640,6.58
90564,11.05
71463,22.5
91167,28.84
3997,44.49
129337,99.97
193315,14.96
200661,22.99
239080,56.685
291218,5.890000000000001
42012,1.79
25932,22.765
147403,50.13
74858,29.0
206824,19.99
191536,5.44
96082,3.435
9683,8.79
221250,5.4
286427,4.59
149663,221.2
239727,2.48
231916,16.18
95100,24.0
124474,8.14
148617,6.74
210330,2.73
169402,29.635
169383,1.59
180891,4.29
215946,41.37
210426,29.0
93013,13.19
1146,23.99
142188,34.81
21911,9.97
126639,3.095
208048,5.91
28818,2.575
172308,10.99
230380,21.25
80153,30.85
227022,51.61
45465,7.99
11796,5.98
290961,1.75
39689,9.98
198643,15.45
72491,22.99
252478,35.25
219144,10.48
139249,15.59
236479,10.99
800,25.255000000000003
71696,168.67
295090,12.48
142401,38.92
241111,10.0
30185,85.33
109369,17.11
35067,11.42
47890,10.0
81186,22.0
61732,19.49
253012,123.07
130262,3.87
188948,30.44
170150,9.75
13080,42.0
218676,15.99
165187,13.74
173300,7.69
284479,6.985
234593,2.94
111725,29.99
32076,28.96
14569,30.83
129094,42.39
271086,9.045
69986,49.92
110062,12.29
209258,5.77
103881,116.805
121351,9.94
59521,24.95
177487,7.99
34303,7.91
123445,14.99
138484,11.98
102568,19.99
159614,28.24
245246,10.0
103918,8.95
174271,18.63
181042,18.9
7984,1.24
169203,3.79
67109,14.34
276020,11.5
199311,25.99
46289,4.14
194114,31.5
248246,12.78
115922,14.73
109057,35.46
54979,15.99
154427,13.45
283839,10.35
55843,33.98
148448,3.865
266338,14.99
267006,14.5
108989,22.66
251178,14.99
256905,2.225
266359,81.59
219122,31.99
255923,24.99
20351,33.5
197693,11.98
110961,4.39
31295,2.99
288412,15.65
224698,20.0
67718,9.495
80185,64.285
89600,8.325
28892,72.19999999999999
136136,17.47
286775,5.98
10617,37.74
174938,2.13
195388,101.04
246708,26.99
274131,7.97
89462,4.605
167585,32.99
227532,14.38
54648,12.77
289438,10.69
59893,17.94
94654,4.49
267964,1.715
246439,12.98
159974,11.98
190898,16.744999999999997
182265,14.99
108563,31.445
71628,3.74
110729,4.26
264454,1.33
23253,9.99
97149,3.295
176379,75.98
64274,64.99
85470,146.32
248648,6.79
28998,17.01
251347,5.89
31499,13.95
10413,20.89
114727,17.95
153054,7.99
103741,7.99
44697,13.94
296447,7.64
161351,2.19
107496,69.17
78564,1.57
260786,18.8
237419,59.99
293853,11.35
136601,7.1
171199,12.99
133293,20.51
58447,155.95
31256,11.99
148319,35.47
56760,26.99
104768,9.32
78921,6.5
19981,50.19
169272,1.5
152366,28.23
160223,4.38
127348,24.99
226043,34.88
124930,22.42
114735,7.99
29305,13.7
218217,2.98
104925,2.135
87105,33.37
137928,1.59
111680,32.97
18419,52.41
87483,3.29
219665,32.99
24662,18.65
278482,43.375
24426,12.66
14783,39.32
91693,9.99
197349,6.44
124634,4.79
21385,1.99
96474,19.99
52364,21.95
72452,25.74
70067,24.99
240124,34.99
25603,12.32
127079,37.945
49171,11.38
42583,6.99
94252,9.945
20865,33.5
272826,5.19
111522,38.99
282306,10.49
138109,23.75
189963,41.49
282063,4.445
156114,5.99
182455,10.72
31769,11.99
124410,19.99
165950,97.98
7507,2.79
184542,13.96
95062,3.39
90112,7.14
133591,4.99
62509,23.49
23486,2.84
180814,15.11
190249,8.379999999999999
242972,29.02
125254,10.26
22367,10.9
85901,4.645
43561,7.29
77098,5.99
192946,10.99
229741,8.9
98754,48.98
298143,29.98
41145,9.99
4065,28.79
48477,6.39
212199,66.92
126961,4.92
35837,22.495
149355,97.46
29078,3.43
61669,4.125
275259,8.92
226684,31.99
93018,12.5
225210,14.99
65809,27.98
114579,6.99
92101,13.99
264566,30.19
236296,19.99
192650,13.735
186345,12.8
159909,14.99
188056,4.79
191245,19.39
63618,3.29
133274,6.26
183755,46.540000000000006
211066,34.935
258282,7.82
32246,6.995
282618,7.99
116922,1.835
171411,17.99
137141,12.99
224868,4.39
6876,17.58
157773,9.98
63184,12.365
59553,3.02
64166,14.95
235261,30.37
40267,79.0
153577,9.95
217358,4.79
284079,57.37
263432,2.05
76735,8.99
136500,14.95
117202,9.54
195230,238.91
77197,10.84
148451,183.0
183757,1.84
19189,44.85
60292,24.99
168853,13.99
187117,14.49
46888,6.86
193744,4.99
21606,10.99
30264,4.79
287664,2.79
89190,19.69
258500,25.84
110937,19.12
84848,19.16
242772,13.24
283277,7.99
50483,18.49
183136,6.49
215704,11.82
139462,55.605
7387,6.56
136325,41.11
97093,1.88
213042,17.32
155529,5.76
229101,229.99
31475,11.025
40360,6.69
265555,13.79
71275,3.32
25318,12.78
114545,18.99
88788,13.295
50804,9.99
60377,14.95
42149,31.355
42545,38.99
14951,17.439999999999998
47574,24.69
167955,8.835
188140,12.7
243170,24.99
61857,16.49
135685,8.805
273305,44.32
157445,145.41
110534,4.08
163438,25.78
48508,3.24
279497,2.49
33040,3.18
273360,54.99
56205,22.97
285263,11.74
218564,12.99
44556,6.39
287817,17.24
27667,2.5
222924,4.54
131169,8.5
218309,6.39
206593,19.99
201973,21.33
49495,14.99
59988,4.99
290109,28.4
130998,5.69
101865,11.99
136126,3.49
158638,7.98
212840,5.46
114357,13.49
51280,14.97
166678,12.87
223981,28.3
27974,51.49
142197,59.2
239440,5.085
19772,64.31
102777,2.59
257535,12.99
245280,32.99
95432,33.315
20551,2.495
50455,18.99
152518,33.32
86719,2.22
64668,12.99
165471,4.67
752,47.5
38845,20.07
19952,54.69
99738,6.245
33315,12.79
245827,48.99
59987,4.89
153164,20.0
155834,49.99
90435,3.335
15477,9.99
188024,19.99
86455,1.745
112323,40.52
217660,16.99
10341,15.0
270701,7.2
1438,141.62
183676,94.49
280252,7.69
262632,13.1
31495,4.79
197094,8.835
97413,11.595
206793,6.135
115022,3.69
29833,40.185
215798,11.98
198117,12.99
294225,5.645
145155,56.37
114871,3.49
135837,12.9
125291,21.99
102980,41.33
232966,4.5
215368,29.88
72431,4.99
66626,23.97
117358,10.94
79650,5.14
34283,25.365
12696,34.99
155184,42.91
89071,35.91
295936,23.12
63222,85.49
236555,14.89
109800,14.99
283106,42.91
276738,1.3
220477,85.48
171292,10.0
260651,4.630000000000001
176581,6.99
188224,4.89
256186,15.84
25840,16.97
24600,10.98
289133,22.74
206624,6.44
29372,23.99
103893,11.985
22998,12.98
124366,7.824999999999999
119898,2.18
186048,14.99
273703,14.0
87708,14.69
259017,4.895
64617,21.425
49392,35.785
233615,2.39
146589,46.04
249646,18.98
276765,9.55
1235,0.99
169387,31.99
223502,5.825
187773,1.87
244264,24.95
199787,23.99
163472,6.08
58647,21.48
116375,19.98
130419,59.8
154956,3.99
245823,14.99
104166,13.59
84478,9.99
69433,13.99
130716,26.99
42460,7.99
240928,390.0
142167,27.61
159544,3.47
137350,6.585
265318,9.35
255635,2.69
61391,9.99
213330,2.49
236384,6.48
142067,26.09
38051,10.5
11545,40.475
292704,2.765
34259,20.88
85807,31.99
258009,2.58
278641,17.695
177870,10.69
127849,30.99
279815,1.59
279014,40.49
34695,20.97
257881,16.89
110341,7.935
118741,27.99
54147,24.99
141765,32.99
162660,31.99
275596,27.8
81008,96.59
67861,38.415000000000006
198947,6.23
158924,13.0
201063,9.99
111055,7.49
54665,3.99
72292,7.98
264367,25.82
293145,5.86
278013,5.29
17828,9.98
283945,4.29
51908,7.49
293500,6.49
142277,42.11
233795,38.26
177956,12.38
291298,33.98
263851,4.965
69167,18.99
197485,29.44
222148,27.4
276438,1.03
168302,23.99
85140,26.99
239687,5.48
9815,118.68
142531,52.61
49616,2.72
180538,47.59
69506,11.33
174690,2.99
147111,3.29
24703,2.89
100456,4.49
229012,37.49
48298,7.995
258158,12.98
170140,4.84
100241,9.09
54482,17.93
269616,25.88
173901,3.38
239925,18.99
62254,29.88
73914,47.99
281539,14.45
141604,8.445
238290,29.99
67351,3.14
142168,57.63
198089,22.99
246792,6.49
67400,2.99
191290,5.965
255673,16.68
209857,8.99
251700,9.295
286044,7.34
90983,9.19
264356,7.55
189653,53.47
25912,8.5
25988,13.77
272189,3.74
224944,13.055
179662,17.99
282901,4.890000000000001
276522,8.43
217382,23.0
33655,10.7
122320,59.59
165653,13.95
33568,10.95
40050,14.47
110207,14.99
89480,1.625
16135,33.5
224462,15.89
220520,7.99
2503,56.37
161015,64.16
291487,5.79
292508,32.295
10935,26.98
18471,64.31
20933,54.69
193541,7.864999999999999
152816,14.68
269048,1.52
224287,5.755
210420,19.25
99693,92.9
36921,2.105
284891,10.01
54258,8.05
261576,15.31
42102,9.74
145773,46.8
198970,8.94
54545,39.99
106366,41.95
201858,21.99
14080,1.79
80695,5.095000000000001
12814,28.43
119790,28.0
67184,19.99
123762,53.11
118786,8.99
74755,3.19
14685,32.91
165237,13.03
288616,48.23
239216,9.345
51701,26.99
126792,6.99
176809,9.99
122450,5.99
148996,9.99
160931,102.09
45343,9.84
48370,11.44
102242,11.99
45049,24.58
183554,17.795
35668,13.24
275279,10.99
208948,11.99
284275,1.22
152880,5.99
239025,50.41
97369,5.39
23213,10.735
225355,16.99
51688,2.69
37300,6.84
185437,133.97
189166,26.99
115967,13.9
49514,13.48
59620,7.99
251782,6.84
49500,25.0
287721,6.69
150194,8.99
285088,34.99
17225,44.17
237998,44.99
13240,15.95
78089,1.42
152279,27.78
5087,59.2
240658,4.99
90684,28.95
114799,15.99
236640,2.29
110418,14.99
259454,4.89
46070,20.46
38895,37.15
287599,3.62
36383,3.775
219904,38.99
172019,58.33
221912,8.17
271375,14.99
175092,55.99
251920,19.72
294721,21.48
37396,0.5
54345,14.9
165775,3.12
236978,35.85
224054,20.99
228206,17.95
127961,10.95
200813,20.74
191102,3.76
15476,19.95
85805,5.61
191535,19.99
42390,5.484999999999999
54820,15.99
180147,27.62
260044,3.1900000000000004
49594,17.05
287529,9.11
218515,2.98
105426,2.22
293128,29.9
83903,159.24
106737,6.99
92189,11.78
149007,24.96
190896,24.99
5742,16.99
149998,27.61
111856,15.74
156864,34.99
294132,48.51
246625,22.46
253293,31.69
200534,1.385
156960,86.01
19617,10.99
268365,44.99
62489,38.0
88593,8.44
83456,13.88
225895,34.510000000000005
204600,39.98
91704,16.95
119890,9.0
139692,25.51
241598,12.99
145192,39.71
231987,20.5
253217,46.760000000000005
3459,3.535
185376,18.99
252653,5.9
124778,9.99
245691,37.49
290295,5.59
214179,84.95
202947,161.98
19649,72.93
124105,3.33
15888,12.49
173410,25.74
167033,68.58
12509,9.39
125679,59.4
251193,44.42
178691,12.99
124603,37.98
212973,18.99
14479,29.24
95190,19.83
121633,14.99
53953,33.66
139070,93.51
19317,64.31
46793,20.380000000000003
211441,100.79
139638,23.95
226863,49.98
141054,27.98
134353,11.99
299270,1.79
32580,14.79
236564,7.49
78922,1.24
276813,49.95
91755,1.99
274523,9.89
197651,20.99
169035,4.890000000000001
93192,6.39
259268,10.735
171177,14.87
135181,4.98
243463,36.0
33363,62.95
235676,9.49
211279,2.49
263877,12.99
135444,19.87
171662,15.985
51981,9.99
227031,25.95
162393,7.29
177852,25.43
283952,5.52
293776,13.075
96023,12.0
23277,17.99
271592,7.49
235981,40.005
98160,8.49
153436,3.97
66636,4.79
220723,23.985
37948,3.59
106489,7.24
160209,5.79
224419,4.94
75356,6.49
237192,5.640000000000001
110674,13.98
88311,3.145
107326,12.99
265196,23.95
98289,23.435
144046,29.36
9766,31.99
214022,19.96
31724,18.31
132150,11.39
22808,22.44
127824,36.42
112771,9.49
171728,91.64
280903,10.25
272254,1.92
101956,1.83
177642,15.51
74575,3.59
143508,9.13
234662,41.0
191782,1.27
78547,35.98
292719,89.99
184271,7.57
59017,33.2
238248,21.99
270973,8.01
214207,9.99
192843,15.71
259288,30.22
163870,5.89
67446,4.87
272036,6.99
218169,19.99
152375,17.61
176780,37.46
158299,3.48
142952,46.64
38979,15.58
24243,7.02
188358,22.295
164464,30.99
245489,45.38
114014,12.25
257944,24.435
146565,57.63
274168,4.654999999999999
52798,9.79
161849,5.45
57528,6.49
244861,10.93
277763,22.995
206255,8.47
224883,5.654999999999999
259103,1.34
168897,2.52
241110,8.295
2602,97.46
62677,151.99
204710,1.67
71219,19.95
72604,9.82
122904,7.05
98100,7.93
27104,29.99
175294,18.95
42557,20.655
283923,12.155
69867,6.29
67439,6.585
283162,33.26
65386,122.8
60153,6.98
228095,74.98
190290,16.99
118537,51.39
221254,14.89
21098,26.14
90044,71.14
156940,146.45
264462,1.99
128152,34.99
68788,11.39
170928,40.99
231940,46.955
149366,30.47
94043,19.59
204576,89.98
48797,1.39
171906,14.74
226914,19.93
128250,4.99
299018,2.99
245634,20.04
92371,88.74
231204,48.0
293241,30.22
90623,12.44
192541,9.035
75338,8.79
245115,53.745
150762,24.92
7052,5.19
184000,93.39
296843,4.94
61335,9.99
188966,37.28
108032,39.99
247907,14.0
247052,61.91
244203,111.78
55638,44.99
145520,50.76
43178,4.39
184379,21.795
4773,1.99
115345,41.0
161486,72.88
281743,3.19
46926,34.15
238236,29.755
251206,13.77
108973,11.95
204914,7.99
15508,29.98
294091,5.125
9697,177.51
161867,3.12
229908,1.26
232420,30.48
250560,25.89
156504,8.435
75408,5.9
192788,10.99
229051,30.49
96652,2.69
29330,18.89
52851,8.22
24770,9.99
214285,18.95
106738,81.47
163957,6.24
154113,4.74
169576,9.74
218650,9.75
18118,50.19
83129,5.88
8588,12.99
224399,8.99
135846,16.49
158800,6.96
89035,5.94
128292,14.22
73093,13.77
89406,45.64
123593,13.99
129352,9.99
147319,83.74
39203,41.33
213160,19.99
257919,27.29
206852,6.01
131668,14.86
69586,8.285
205687,11.99
255988,23.99
78381,16.28
122143,19.99
135670,3.96
152911,11.2
251378,18.86
276244,5.69
175218,2.535
279095,16.7
131577,2.91
294495,10.39
291421,4.59
142935,15.32
40673,46.0
237768,26.99
130243,10.52
289626,12.63
16667,34.0
134391,15.445
172145,9.99
109071,13.6
51284,28.99
191920,18.19
35764,12.99
112402,1.395
236385,54.99
24798,8.93
182755,8.95
184639,4.640000000000001
77172,2.59
183108,14.44
10939,24.41
148657,86.91
145618,46.89
150489,7.96
87760,49.04
286983,73.44
170343,110.82
166265,169.43
285150,12.82
157420,135.7
38813,5.79
227613,6.74
109609,9.83
289971,4.31
53609,51.99
99211,23.88
46618,26.34
119329,28.99
97208,157.5
102317,53.78
32030,3.525
161455,10.66
190205,19.99
213294,3.985
140407,20.76
36923,4.99
259097,1.72
255864,2.36
157287,82.66
206599,13.99
233489,5.99
239219,13.98
264742,7.79
2541,126.3
169076,23.62
298078,12.695
111425,4.89
283188,20.77
241654,9.94
36008,20.89
21051,33.5
279283,1.26
111621,41.27
161937,123.13
277303,15.93
203017,18.99
172233,3.655
65626,59.95
221830,16.87
243969,9.5
43176,6.49
39261,18.31
298448,12.01
83706,8.98
266752,32.14
25417,0.36
78746,31.44
161600,61.99
164874,8.79
209198,14.95
73327,12.25
12681,27.99
16460,1.24
289641,15.285
54328,21.87
121870,6.355
74557,24.99
270080,5.1
159571,9.545
41326,4.59
118534,10.81
194847,1.48
267929,160.78
197497,9.59
293968,1.69
241476,12.95
280047,11.6
283011,1.48
286342,7.59
184164,8.77
288442,3.99
161018,88.74
222689,13.98
95676,8.095
130421,94.99
119065,6.34
82108,8.86
116437,17.41
274473,7.815
276847,3.085
173163,5.965
61860,7.56
280703,14.2
158335,3.99
204033,9.97
155429,9.57
282153,2.79
240849,30.78
246617,6.99
84618,29.9
120091,12.48
287319,15.48
150825,10.465
285944,20.75
185188,33.35
177106,99.42
94559,23.86
217261,11.35
26895,4.49
53834,11.1
74409,48.1
226263,32.22
258133,29.95
175455,4.81
197608,6.99
2695,29.13
21478,34.99
274320,4.025
195740,60.84
92547,10.99
80641,4.79
186074,5.640000000000001
284470,2.59
250068,36.29
264209,12.13
204172,82.99
116119,42.99
253543,11.48
230859,3.0
34105,30.92
121219,62.99
105899,59.99
117757,36.22
185052,16.48
169873,45.42
40534,9.0
275520,7.29
268847,27.94
152231,6.59
108826,2.435
182314,37.99
219078,9.98
298039,2.225
103279,20.99
205195,5.32
185049,0.98
132984,2.99
246650,28.95
215713,1.59
296547,19.99
138912,3.48
157200,111.49
6757,14.99
252369,13.46
193131,33.0
78376,12.0
299384,4.970000000000001
228302,42.99
19802,50.19
75809,4.79
35112,3.2350000000000003
97474,19.88
52877,3.99
260588,44.99
285267,5.49
286931,9.97
31426,5.02
260805,31.97
56793,7.12
256459,6.96
220201,8.99
147134,20.44
282425,2.79
62004,5.68
250159,8.52
193500,4.72
183022,11.27
80377,17.26
155678,7.63
220836,9.88
22453,13.17
75930,64.52
167738,19.13
157118,209.76
151497,10.64
151971,29.13
212312,19.99
172823,3.68
149186,39.71
145141,80.86
129915,14.99
288856,2.68
181546,5.63
150003,76.69
40082,8.01
56988,2.99
195518,125.66
238095,32.62
59058,15.99
254241,13.99
102632,7.68
215298,138.28
190841,17.99
63859,19.99
85671,7.47
93631,59.33
114309,1.99
273048,3.365
233364,10.99
216799,32.7
199305,22.99
188264,4.390000000000001
158665,17.99
264108,15.875
70026,9.36
147206,12.98
251266,4.22
154260,1.815
92658,12.99
73254,11.99
223491,5.99
165778,11.87
169966,71.61
249233,14.245
203130,3.905
105927,21.8
110895,23.0
125690,215.99
89446,29.99
111602,19.99
241978,77.96
8136,34.77
217873,1.825
265629,3.99
272767,11.44
28150,1.59
188458,7.640000000000001
229249,3.99
253904,14.25
153493,10.47
56608,42.435
125674,18.99
202808,12.225
204305,11.88
263178,74.98
122875,41.17
268574,11.49
118078,97.29
218446,27.99
77221,5.19
133961,151.15
145368,29.33
145388,19.0
99815,4.26
41769,5.12
175502,9.49
162019,65.765
265275,4.9
64114,4.25
151999,29.97
283661,3.835
111271,12.99
164020,8.99
130733,11.98
247419,16.48
191879,76.93
168336,10.19
207972,131.9
134512,6.99
48688,4.005
254214,14.45
224259,8.95
243178,11.66
3742,11.99
136882,16.49
10731,5.255
234836,3.79
242190,52.99
83241,29.12
224739,19.99
145751,29.36
108870,14.97
221249,12.99
65316,29.99
237222,17.99
55493,17.78
281535,16.2
287944,7.99
137354,15.99
45441,13.19
184895,62.49
175938,12.99
135627,13.0
751,12.88
185893,14.49
231151,5.23
77566,9.81
34476,17.99
282347,5.49
68126,37.0
232385,45.44
116265,28.0
5099,56.37
244249,26.24
296939,2.09
80334,3.98
47863,1.57
223678,8.98
218257,35.99
141360,48.91
221223,14.99
85496,113.14
15382,3.46
220239,12.78
160895,114.9
275121,6.19
66647,28.685
125421,21.58
289984,4.54
64395,3.925
255236,17.75
253954,18.99
64365,19.99
241548,69.98
126127,13.99
270289,44.99
179089,28.99
102917,28.22
95107,18.69
48965,60.595
172029,34.95
160696,2.07
37567,3.79
26780,7.154999999999999
97106,5.9
408,28.5
244578,22.905
36270,11.35
88226,21.495
56491,9.99
32554,20.64
21680,20.04
206867,7.97
10358,19.23
203968,16.43
245110,2.69
177289,3.78
201409,12.99
50102,16.48
118396,9.34
252357,1.29
18368,44.85
150356,24.99
112317,49.34
69082,47.34
264980,17.15
167377,52.18
266908,8.99
294714,7.890000000000001
45270,11.94
61101,5.99
282268,5.29
34771,7.484999999999999
262594,3.09
152923,10.79
37100,14.99
70919,11.99
125684,5.49
185486,3.99
243428,1.97
123381,7.99
59184,19.99
162782,46.49
28945,6.95
137966,14.95
27882,8.87
149075,1.87
223844,4.98
99088,13.24
220452,28.26
153368,16.96
72389,1.22
268062,30.61
239573,37.49
185311,8.98
110762,91.99
202722,10.99
207600,11.92
85039,9.49
102355,40.78
21030,37.63
180918,2.52
286825,26.59
40489,23.99
97890,1.69
41135,25.99
259221,27.99
33578,2.74
216487,6.99
69173,25.31
214161,5.81
172188,9.36
162454,15.66
200162,3.66
40311,1.435
251721,8.92
158659,10.61
95704,13.69
21083,32.3
263831,10.655
56819,19.75
279200,13.27
59320,95.99
191272,18.89
215093,5.49
101852,33.49
118010,4.97
263823,2.78
167529,1.48
183145,5.235
186730,11.91
181929,22.99
119191,43.99
287403,3.39
163567,5.39
266396,2.59
86295,1.69
181869,26.18
219847,9.49
264302,36.99
295508,7.92
39243,5.83
186728,7.29
44136,4.99
124650,14.99
216605,4.19
251099,5.98
187817,52.485
32341,7.99
231580,35.99
116809,50.545
39541,9.79
257975,12.99
231255,9.49
73341,20.49
90448,1.74
65609,149.99
17168,15.875
158967,8.205
220978,4.19
82014,6.99
33929,2.47
161257,71.03
23988,3.03
118861,9.99
57654,2.535
102387,6.74
134627,39.99
76624,62.0
32655,28.78
69941,45.92
181232,130.32
33396,139.99
224312,14.88
137885,2.98
114192,58.99
4545,59.48
176786,51.655
88301,2.59
198346,5.965
135076,104.99
259067,4.64
313,14.205
18375,1.775
136239,7.24
64615,8.86
119524,16.0
115462,19.85
274215,11.99
94607,14.25
100286,4.890000000000001
71253,62.345
81323,1.69
232292,13.96
22614,43.99
246386,79.99
164073,2.99
279603,2.67
294974,66.99
219576,7.99
123764,63.99
255896,13.94
5619,32.2
260333,15.195
271652,15.95
211795,14.99
27590,1.535
91135,28.33
176871,3.99
105995,29.99
168764,5.8100000000000005
269243,6.78
9854,6.99
157210,71.62
197499,5.85
139233,7.99
118465,3.97
276626,4.58
282386,4.99
165743,26.48
73320,39.99
205847,1.64
13397,7.46
90138,14.99
285514,3.98
123781,14.99
120642,49.99
46848,60.5
288941,10.825
110320,92.94
128622,100.69
255103,4.92
263371,27.0
113497,51.98
32231,11.99
61431,8.09
226596,21.585
101238,19.95
160943,15.945
120087,7.99
114442,10.29
183287,54.94
171410,65.1
197574,72.99
103777,5.92
271243,14.98
291646,4.39
120037,4.96
150275,3.39
207858,5.99
225691,40.99
82522,3.865
215590,26.99
250175,1.0
106146,115.99
53419,6.42
80411,21.99
200921,13.99
287121,6.5
167754,20.99
178706,14.77
183845,2.49
208458,12.99
285783,9.49
254759,11.43
26754,2.79
57382,74.99
288974,1.48
295902,8.495000000000001
42518,3.99
242616,3.875
285228,10.0
33122,24.22
121120,27.315
56323,9.99
108589,1.99
48220,5.355
57208,16.99
25831,2.59
228318,29.99
172211,7.99
71345,15.73
97716,5.48
168910,6.0
120964,19.99
132492,13.73
169380,21.49
268248,5.18
60710,1.64
284831,3.99
278542,3.69
117803,8.49
276792,4.68
247986,9.74
177924,45.87
156856,111.63
205785,3.64
185830,35.0
128676,91.33
231974,10.57
280238,5.24
171860,19.96
203944,16.43
233049,19.99
210560,40.0
77680,6.875
43979,7.99
166015,7.02
124562,14.64
45045,2.39
44888,20.445
75629,2.29
30997,6.32
136871,59.49
91565,10.99
170764,39.65
17651,21.16
158377,1.94
164115,1.52
160552,55.18
238019,25.0
245952,4.99
53543,9.23
232436,9.85
20106,54.69
153435,77.89
96470,23.99
254453,5.67
53135,56.49
141684,15.99
217797,16.99
119353,38.0
38956,4.8
52007,12.95
129013,34.989999999999995
189335,3.79
267675,24.895
255383,41.945
91463,11.84
104400,89.99
2417,38.54
144551,6.19
83286,1.48
124768,9.99
264412,7.2
277992,23.52
264737,32.24
218082,11.85
239612,3.99
70001,29.99
19821,78.86
63486,14.8
129338,83.22999999999999
220012,4.99
1572,42.74
250769,66.95
107052,3.085
83646,3.135
230629,14.49
53171,8.74
75581,4.49
145336,10.739999999999998
48514,7.03
129043,98.96
210077,10.915
196626,42.28
60436,14.84
152392,17.17
169322,2.045
224863,9.88
47768,1.67
147956,18.55
185949,13.49
87429,6.965
139867,11.68
149266,56.01
227728,10.19
21022,32.3
253449,143.44
82795,15.19
123166,27.99
115847,22.99
176456,4.14
11317,2.97
58563,43.99
35487,34.42
92022,5.68
290522,16.99
59411,6.79
205394,68.18
193237,13.98
168402,12.06
233004,29.99
83073,10.89
251833,10.99
239509,8.98
233852,1.99
199246,13.95
187290,32.22
11788,25.995
22500,19.99
250836,4.94
280720,9.85
88227,27.85
108846,27.99
26574,6.86
89734,9.45
129700,2.49
137414,33.99
42514,0.55
53344,22.81
6146,46.8
113386,15.13
82012,11.67
115491,167.86
59308,4.39
270608,3.99
250990,15.03
174857,1.84
77782,61.72
164058,7.2
171972,68.99
13765,9.99
216463,2.14
210335,1.88
174378,10.2
265716,4.49
3106,6.3
137747,4.890000000000001
72436,14.99
10311,49.75
224856,1.98
39485,9.34
272772,9.29
6267,33.31
30509,4.19
261603,7.65
252900,23.95
18675,3.31
13858,10.89
66018,19.95
185530,39.99
81612,4.18
15502,17.46
2761,88.39
66582,12.99
145168,20.27
126761,3.685
38171,4.835
236298,8.49
206270,15.99
201019,3.29
5821,31.99
105797,8.06
119372,2.48
200100,53.99
142835,39.71
256809,4.69
118431,34.365
156210,8.66
154314,24.29
44618,10.0
51685,6.245
208016,1.57
105800,21.95
13013,25.39
288678,13.4
125322,13.405
84844,24.245
149806,39.71
99621,101.99
212711,64.15
104979,40.28
292907,34.765
114908,17.3
50306,6.59
146196,17.67
227721,17.259999999999998
254364,32.98
173648,10.99
210780,10.98
258481,14.73
221684,32.95
56027,5.18
132200,14.5
279505,1.79
286150,1.67
50475,31.99
123984,51.0
264024,4.43
104532,87.66
190007,72.99
227307,13.49
114450,5.39
174421,9.74
111246,15.75
215947,34.99
123801,5.43
83978,2.81
217764,3.47
51110,24.95
241604,6.99
166368,4.185
252847,39.19
184491,12.92
249330,16.0
158158,10.69
63518,12.99
60732,7.83
53004,24.99
214546,9.99
123688,14.99
79752,6.795
174086,57.13
191736,3.69
279195,24.96
71859,20.0
61364,14.38
110571,16.95
282246,3.09
34854,4.29
120605,48.0
52696,6.98
111967,20.61
130701,18.99
292417,16.49
282316,19.9
73724,19.98
289658,13.69
257768,1.86
225212,3.0
233546,8.6
298294,17.565
239327,9.99
30244,10.465
72750,7.99
161986,19.99
1612,55.93
278457,26.525
184760,12.4
230448,9.325
190590,57.9
169592,3.98
3410,10.95
216107,4.375
244700,28.0
152769,19.31
54262,26.35
14100,4.64
42088,4.28
24501,8.29
88406,37.99
243544,9.49
165155,33.26
215404,2.98
35514,26.74
281278,30.99
166689,1.425
155735,5.62
28137,1.835
144261,30.98
191099,3.52
76713,21.95
194287,5.35
151870,6.99
197495,6.99
87001,67.63
179544,12.555
265717,14.47
55093,8.99
286232,89.87
164285,6.19
223383,51.28
171525,11.99
83461,14.5
75590,3.89
277955,5.92
119644,12.95
199974,5.94
88426,47.785
278756,6.52
79294,26.99
284625,2.24
283921,40.96
138762,29.71
58112,33.0
193065,97.98
275674,24.14
67927,44.0
101691,12.88
181135,43.75
212679,6.67
9019,45.37
51603,8.99
254999,17.59
150812,10.47
77315,7.99
1237,39.46
23748,10.36
50031,25.6
24678,12.01
243075,19.47
65736,13.99
21944,9.99
197040,13.04
143548,67.78
193442,7.92
207473,33.0
100172,17.99
11252,37.46
185529,26.78
48752,6.49
111460,4.04
2890,15.995
48252,22.03
172602,4.765000000000001
56826,22.33
117051,12.105
104908,7.49
51634,18.0
168123,9.99
1086,7.55
221674,10.68
30277,5.99
230640,21.99
40829,6.24
32848,11.32
245792,3.89
263716,33.0
30843,12.7
183380,2.88
118836,9.5
126502,7.48
264487,5.49
71095,40.07
199643,13.53
179078,83.99
62161,10.99
178110,4.4
206933,5.44
285606,5.84
203874,14.99
258450,14.79
7932,12.99
8383,14.99
29434,23.27
168826,58.47
96436,18.7
100160,19.99
296257,14.49
171586,3.21
209598,13.99
151097,32.85
15792,3.29
21890,4.38
59534,4.69
262549,16.99
146907,46.89
105093,20.04
71491,3.48
168881,11.5
110189,80.7
81062,83.76
29186,13.54
9626,24.99
108683,35.69
184873,11.99
237298,17.94
130132,40.8
201148,24.59
166438,4.07
9157,28.62
43958,18.99
18085,93.46
251403,12.99
256275,2.99
130749,14.9
164316,41.0
242057,22.78
270225,7.97
9901,24.84
159585,17.88
195442,36.88
263087,116.99
80246,35.71
166595,12.48
21312,28.97
264683,29.39
146698,76.44
193536,16.0
11475,34.99
232055,18.9
237868,52.33
285678,2.79
139164,21.98
160784,59.99
130410,44.99
108072,29.99
246271,23.24
65619,57.9
135790,18.99
81381,3.14
124692,47.24
1156,23.205
257041,34.99
15197,4.53
260510,35.01
157718,8.95
165933,8.88
77016,19.52
115616,108.99
32616,18.74
201243,6.72
55713,4.34
225045,8.485
96747,19.95
169684,36.51
80975,30.64
101881,9.99
21546,3.475
135545,5.39
11375,50.99
96851,38.99
92616,26.910000000000004
235226,32.77
51578,8.535
134761,19.8
181581,8.56
7451,30.32
193756,20.0
108916,10.25
58484,26.36
73845,4.154999999999999
40861,26.34
209673,32.99
124120,27.435
298918,21.99
14548,25.4
111739,1.99
75219,5.64
208080,26.21
160960,36.275
246588,56.97
218041,13.61
75374,2.49
171937,49.9
257193,1.5
37913,58.13
161950,62.62
45144,40.795
150379,28.99
21410,10.99
166379,66.42
87881,1.08
289143,36.95
85597,14.98
192231,72.99
31838,12.64
110046,12.4
117750,4.82
291535,10.46
238111,21.7
17306,36.05
140941,12.39
43389,6.97
272688,32.43
16892,43.77
168037,18.74
177163,4.18
209462,20.99
196364,39.11
195880,137.13
282200,3.1900000000000004
166626,3.695
117435,12.99
252036,15.975
189059,1.98
6049,39.71
141064,3.38
252331,4.74
130533,19.99
244973,23.765
153760,4.085
101281,6.79
546,3.99
59206,29.93
161624,55.79
33686,6.1850000000000005
21309,3.69
226902,11.98
215046,11.88
246638,17.9
123625,5.74
152338,16.5
161035,51.16
217447,1.92
98218,3.49
283044,30.68
282757,18.1
252590,25.95
284759,3.69
111714,12.99
69312,43.49
112037,8.97
28999,2.19
122473,8.69
35066,9.98
60171,20.97
187978,11.98
177654,4.14
263724,28.270000000000003
19141,9.98
190022,8.38
206596,17.99
70452,25.99
229278,6.99
82208,27.64
48250,38.24
299428,2.89
24950,23.2
174383,24.18
90535,1.98
183563,44.28
263106,111.95
210169,12.95
199758,14.33
59143,42.22
130673,58.525
278046,23.255000000000003
116403,13.99
9928,25.99
52129,34.99
291161,11.765
286332,5.91
170746,1.29
104507,22.275
172087,40.79
276098,4.69
277408,9.0
173271,10.19
62037,10.815
61487,5.05
84362,5.24
11879,5.94
180492,1.1800000000000002
13542,13.07
221194,19.0
239809,1.38
239795,18.98
224018,7.99
269760,9.975
21031,18.78
48869,8.59
179369,6.99
253728,69.99
98052,16.99
243483,14.99
295337,7.645
289653,3.99
243122,6.99
127041,29.19
126801,21.84
228879,16.18
160808,16.0
35354,2.44
270178,5.49
13298,293.7
105903,46.38
11050,19.75
274230,24.97
293778,24.225
133236,17.3
111461,12.99
207306,17.99
216500,61.99
140220,1.48
49681,52.49
128589,3.19
31447,31.98
179727,4.975
184539,6.57
18933,2.15
230226,19.99
62478,8.985
285129,5.41
225175,5.99
106302,22.06
298211,26.98
163207,24.875
21017,50.19
251455,39.18
56177,27.785
88300,44.92
192186,41.5
63352,14.0
250831,46.67
24846,15.48
53838,4.03
2090,56.37
107035,2.495
128868,88.73
202293,10.99
184912,4.97
51765,3.99
18513,3.24
267257,38.99
248325,26.96
237780,7.98
13770,28.0
145616,51.77
252921,23.35
65090,1.78
228454,17.975
153321,7.95
233337,4.49
77358,5.14
185249,7.29
13947,9.99
64950,36.99
25360,43.37
59882,33.99
87711,42.99
131915,148.74
111695,12.99
234017,72.17
176365,13.32
253894,27.81
128576,24.98
184455,9.95
82606,24.95
141034,5.89
10298,2.77
62673,39.0
14311,25.19
57028,9.47
178271,26.75
155474,3.29
619,24.95
196506,71.29
79217,22.22
220660,19.99
24851,11.98
18881,54.69
178865,14.99
185186,10.695
221662,9.385
250567,27.38
234542,16.95
181286,4.4750000000000005
146833,186.97
128141,13.69
19472,54.69
3126,31.99
62074,27.43
102250,59.98
25578,12.5
281303,9.92
224127,10.37
240196,10.0
136829,14.99
242010,9.99
10354,15.99
57978,11.99
42969,10.63
245218,11.405
201312,14.99
91281,14.18
59274,29.88
265719,9.49
198633,24.99
97255,86.31
76959,5.99
100261,27.53
70153,27.12
287928,11.745
281534,11.74
148628,32.2
138391,29.845
97065,3.29
227463,86.09
190090,22.345
46387,8.5
175099,4.715
130540,38.99
237526,5.0
200783,22.65
219697,3.46
9368,16.4
154635,1.89
298317,7.34
272099,4.49
123067,40.46
276567,1.24
47660,9.49
232913,18.69
35589,5.875
297413,10.89
61907,37.95
78335,6.69
197471,19.21
186472,79.95
240391,20.99
57548,4.12
171403,11.275
159592,35.08
123419,16.71
221,5.705
11833,22.0
34655,11.43
256296,14.55
81715,9.68
165527,28.49
144300,97.46
186312,11.48
225803,3.89
233533,1.24
157474,201.22
234623,34.99
146466,97.46
265138,41.085
127965,190.0
197603,4.99
251285,28.745
247924,8.64
204458,24.63
106659,6.41
5406,0.99
215081,37.29
188376,66.41
167587,3.69
141507,10.245
257435,6.67
174523,12.6
14440,22.95
39429,17.78
276380,1.5
122735,4.99
160849,22.99
206542,13.99
250021,19.99
9273,7.32
285065,1.98
184673,3.9
158248,8.45
62407,2.79
159069,20.625
78638,8.725
242286,13.99
117953,5.49
263666,10.49
181718,1.52
17460,32.225
107852,75.98
264588,4.59
154143,52.48
162344,1.615
151232,6.99
81834,9.26
111276,1.945
197668,29.345
175463,14.99
22175,175.55
113748,4.23
26225,16.27
250314,8.49
78933,1.69
261781,4.48
70964,48.57
234923,21.25
212634,1.94
134637,4.59
281532,5.46
295745,6.115
34153,19.41
280944,20.69
171320,8.92
168242,221.26
102848,43.99
108298,18.88
279918,8.72
223326,24.99
267320,4.69
193759,5.99
116369,11.99
131290,34.91
166385,3.18
16393,14.085
277353,12.23
265697,7.84
254579,5.8
201423,90.09
152156,30.19
132809,3.48
298974,9.17
11697,6.97
180259,5.46
82701,37.99
109453,16.99
148792,13.99
26502,2.17
58262,1.215
90021,9.99
47564,16.354999999999997
133053,7.79
227647,13.99
9093,10.825
149922,30.475
50197,9.99
39153,4.390000000000001
35947,19.145
112926,16.99
222101,9.99
120212,6.99
242009,9.99
128008,66.92
240945,14.99
222851,1.24
31605,16.99
298676,1.79
275656,12.91
213885,6.82
285504,1.54
164632,2.49
267703,8.0
152059,9.62
200545,65.68
102716,44.23
180913,10.99
170777,6.19
101841,19.99
115961,6.8
53327,16.99
33126,7.815
70312,14.99
291123,4.46
196982,21.42
178971,16.99
267630,11.94
48516,0.99
159240,3.22
85204,1.29
114990,22.0
67033,12.62
15500,8.07
10073,4.28
59642,20.08
294707,20.985
252717,19.99
254510,5.45
274638,32.83
187540,7.25
67158,15.37
217827,0.93
122006,2.89
80756,30.94
257185,1.48
3087,12.99
72181,9.98
209990,7.045
177220,8.085
102708,10.99
15031,25.99
7955,21.95
222299,25.95
95666,4.89
112806,7.11
142380,56.37
59685,30.48
226855,32.0
72118,13.99
157478,159.1
174231,2.38
157609,110.18
295031,3.145
105766,4.99
194338,16.37
235742,12.99
246735,10.925
76887,8.845
51201,39.0
154911,8.59
207365,11.99
289359,33.95
175110,1.98
282505,2.83
178214,14.09
250987,17.99
237643,8.17
80596,6.62
71526,7.25
224275,1.32
214597,6.39
94050,8.29
46544,14.2
134390,19.99
3762,10.48
96705,5.985
150830,10.99
247761,22.05
99878,21.94
185737,87.99
142084,15.32
116329,209.99
8411,6.890000000000001
271860,8.379999999999999
269121,28.99
236477,15.29
35821,6.29
161142,20.93
85312,2.81
71418,1.89
251170,1.16
26584,11.54
187700,4.355
81771,58.99
185150,4.69
275306,5.19
243971,26.99
92474,13.95
122190,24.9
298812,24.09
212487,5.95
283896,16.875
33811,6.775
237354,9.04
8925,35.365
239622,9.99
95745,4.41
72112,36.795
293959,23.9
209704,18.99
62329,31.0
82024,6.01
238636,18.99
258370,8.99
133585,18.875
123755,17.47
79318,1.53
60365,27.99
47300,10.0
261641,13.9
262729,5.79
66848,10.645
232963,26.88
277524,16.975
157123,159.67
116384,5.49
109939,11.975
31364,1.72
9488,18.99
43868,2.98
80510,64.56
52376,23.65
98140,30.13
153977,6.04
10094,16.99
281104,9.35
168781,50.0
211542,4.94
106897,5.99
230775,2.99
931,67.81
41487,1.79
125554,13.97
283004,12.925
4463,36.555
238115,6.99
193914,10.98
282785,5.29
293250,173.59
195940,49.03
261162,3.19
250556,29.27
63570,24.99
97198,139.34
57623,7.49
7367,5.53
290919,13.08
184967,11.99
281062,10.065
243003,13.99
288850,51.150000000000006
222855,17.24
191844,4.17
35601,5.18
205077,9.99
123462,11.89
252678,1.5299999999999998
49808,29.94
237499,29.99
254771,5.555
283958,9.23
286351,3.39
146350,14.49
79483,1.765
150182,1.98
3697,2.935
76915,56.99
38512,81.86
6266,22.99
225425,42.96
6792,16.99
22992,25.99
61266,14.99
79224,16.49
218243,3.94
16729,30.82
215426,9.99
173932,10.99
10967,5.07
263581,1.84
73202,26.99
73846,19.895
86722,8.065000000000001
82802,6.99
89497,7.945
203009,6.76
36278,44.51
285884,2.49
279576,1.63
287637,1.0
163440,459.95
197929,65.17
139810,13.98
267144,15.99
72385,3.49
217305,34.17
283180,19.595
21208,24.99
3615,36.11
134748,18.64
109746,46.47
169777,8.89
98667,27.91
142239,17.97
201527,2.96
142818,29.13
194589,11.49
107658,7.78
62075,38.0
281883,1.49
223546,5.13
61735,49.405
84408,14.45
123492,23.05
257833,2.5
197927,4.965
199651,9.74
191594,13.99
285454,4.99
244252,12.239999999999998
97913,38.89
24360,9.99
156324,4.99
29185,12.99
48804,54.445
1071,3.985
57336,13.4
12766,12.48
170541,18.99
217357,10.99
144586,16.48
69244,65.77000000000001
74147,2.89
121773,166.98
264122,5.65
284903,10.015
52264,49.49
18098,64.31
211757,13.49
149463,81.28
149110,12.0
213767,10.99
159874,32.92
128955,5.69
289852,12.27
178038,4.48
178464,29.0
246364,4.98
208646,25.94
235204,43.62
53978,64.14
8215,3.99
282949,9.98
48897,9.23
61171,22.575000000000003
208396,10.49
224487,45.99
5537,95.6
109654,32.99
195117,7.8
194084,4.98
196263,89.3
41917,14.5
21239,19.99
19880,19.6
155841,45.6
22702,14.99
28997,4.62
252533,7.59
123137,16.99
192738,18.99
184780,33.93
99145,2.71
53507,7.43
55945,6.99
231904,10.67
193863,13.99
257143,21.855
282174,2.79
161992,53.2
299107,4.85
88682,2.98
20625,34.0
144822,157.22
84103,66.39
111527,5.2
208311,37.92
165500,4.0
132168,1.39
117133,6.74
163865,4.59
72324,64.99
254386,5.22
95307,10.99
248423,30.0
155935,6.0
267533,18.99
79337,4.34
191005,7.56
54062,99.9
72420,32.89
81503,13.35
174970,31.99
134820,14.989999999999998
60094,70.53
70355,33.0
185205,30.0
285310,26.92
39320,6.895
57612,3.5
91152,37.76
195643,37.95
106536,20.95
75389,2.5
176931,38.075
245693,7.37
78008,12.82
4115,5.135
275431,11.35
105775,16.5
162623,5.18
136703,4.98
265120,4.79
31486,30.77
115472,20.49
194933,12.4
22275,27.95
21948,12.239999999999998
69595,5.87
230455,7.99
204970,2.99
79249,4.29
189224,2.98
120566,3.2350000000000003
225794,4.29
226493,4.245
91562,3.79
174879,6.285
152985,11.99
50355,1.905
76857,66.83
108465,15.99
229224,12.0
142282,38.54
225256,17.485
213229,49.98
200181,1.67
132005,17.99
159986,11.98
283752,24.33
147594,11.595
219879,21.99
116710,47.955
298149,10.99
151365,19.405
19986,32.3
58502,7.99
168279,2.68
264973,8.855
55891,1.59
20386,6.64
71319,10.97
239337,47.64
242357,13.97
238745,39.99
35780,7.28
85291,9.51
149731,46.64
224726,41.99
272026,6.955
144110,34.81
160691,27.92
5133,29.36
142323,6.795
79354,9.48
174334,48.8
140083,4.99
265990,75.26
260056,5.945
204821,10.755
171448,5.29
271103,8.7
53402,12.1
171156,3.15
7020,26.745
88706,31.07
217875,1.18
128724,22.95
295912,15.04
58253,61.17
278953,28.785
116724,43.99
244344,14.0
108852,25.99
209412,20.99
235076,36.95
81237,3.625
188956,12.01
169150,120.32
15596,34.52
297637,36.0
8813,21.99
211858,8.99
53625,8.24
132812,7.96
155847,14.99
176255,6.140000000000001
275630,18.93
271703,10.99
63377,50.88
37469,1.79
198497,9.99
284436,8.99
46801,8.19
68235,31.99
218848,13.99
225434,12.92
141724,14.99
172266,68.47
158513,16.49
114539,6.14
177207,18.875
265731,4.36
231657,4.79
267719,6.0
71521,5.29
283270,7.27
58799,24.35
210163,19.99
274874,9.17
80086,10.78
292861,61.98
136569,7.065
30468,3.69
53923,58.99
246881,24.99
36289,12.355
115986,18.99
71544,44.825
118460,23.275
243742,6.77
79263,2.26
31620,5.78
107140,7.0
116860,35.04
82214,3.57
88903,23.99
288627,4.79
29368,8.14
174480,43.57
269453,1.88
229563,23.95
80445,18.69
26381,8.175
50005,9.89
76927,29.99
147946,56.01
99376,159.99
211798,53.99
290973,9.73
8945,17.485
191015,7.609999999999999
32762,3.19
47482,6.245
35027,9.685
113620,5.99
270904,4.32
296101,27.5
144162,1.89
17132,65.99
40537,2.22
208232,3.48
120446,17.15
21872,31.99
105710,5.15
48322,12.99
274632,35.95
23608,8.49
237416,24.5
156973,183.7
97310,40.555
286187,11.1
240581,50.0
1608,24.42
223817,2.045
275909,1.5499999999999998
189201,3.87
36870,16.78
218638,17.95
206528,39.98
214248,15.49
67544,3.52
269223,8.14
84602,12.0
185565,5.49
43900,1.99
117587,14.08
77777,23.27
281429,6.135
271308,4.44
179474,2.78
273366,9.93
60106,2.94
124569,15.99
157660,1.39
111976,4.97
163758,33.25
38403,6.49
109245,25.49
100536,8.74
88655,7.345
64102,12.99
170813,95.84
70469,25.4
65534,17.9
244857,34.99
56403,9.99
195263,63.84
291924,65.95
204323,73.74
160250,4.79
99430,74.9
244005,5.665
256915,13.435
294438,3.79
35302,75.37
110480,46.47
264112,15.99
54082,1.72
145013,50.13
225950,18.99
27696,9.99
125914,22.46
177799,28.95
294535,10.99
47579,6.69
165171,4.39
271743,9.17
99190,2.18
83757,21.94
102788,14.99
11104,26.97
265187,28.0
211312,67.99
115421,59.99
256617,6.42
110812,16.99
265031,8.74
135852,6.779999999999999
39691,14.84
181471,27.9
132712,2.99
192854,24.32
83812,6.140000000000001
102449,68.98
241064,10.0
275513,4.09
269869,2.89
173214,2.5
100234,22.99
215629,20.95
123465,36.99
63282,12.99
243943,14.25
35974,7.37
275008,13.58
50327,60.8
193217,17.74
98252,57.71
23094,5.19
171882,11.49
226521,5.195
256843,12.99
18458,65.18
139512,33.95
48914,4.390000000000001
180437,21.91
161612,116.65
188316,4.99
67304,26.08
299300,10.95
128255,18.99
167145,14.81
127120,11.2
250824,42.95
120054,5.29
59929,46.835
47684,5.305
259678,5.56
251650,21.21
271801,27.46
223978,30.88
33323,7.32
230688,11.41
223997,36.95
196051,71.7
284094,35.38
44585,43.47
281733,1.99
93179,5.74
99501,48.99
144208,11.99
178821,10.19
168366,5.5
283110,31.81
118458,8.39
105867,7.78
85371,21.96
84938,2.72
249890,29.99
124470,9.99
58992,13.68
65737,11.99
105167,9.99
217989,54.7
88381,10.245
60792,44.49
108977,2.0
87447,35.38
82229,4.81
215257,20.585
140380,2.19
142541,34.81
47838,6.99
37279,20.29
78776,2.58
206090,65.98
129074,4.74
214818,39.23
36428,7.54
216762,3.68
68829,10.99
249338,3.09
178299,22.99
129467,20.98
298384,2.14
2009,38.54
286829,26.17
34666,1.48
245492,23.75
249404,29.19
284980,5.425000000000001
152218,21.71
123989,23.525
5598,32.2
153496,34.96
30300,4.79
162901,11.98
283137,31.99
114968,65.49
26645,24.08
130574,16.99
138571,16.99
242502,7.99
6011,4.44
166082,9.72
42964,1.54
206705,11.765
276719,4.79
210353,39.79
98386,19.99
221275,5.49
264522,20.99
144878,4.62
55106,8.99
166947,25.5
262150,43.83
269811,8.93
28521,7.18
149881,25.91
53571,30.58
92781,4.49
188784,4.51
164509,15.375
136250,10.99
161117,137.93
199441,6.89
262728,86.58
65980,19.95
146464,26.09
104107,81.49
163231,23.35
71235,4.19
94601,16.99
246847,12.2
244317,47.74
82605,7.7
180105,10.76
209149,14.95
266265,3.795
65371,11.95
274499,64.39
266691,26.75
249523,1.58
113921,5.255
157301,84.99
149063,28.3
18483,6.39
98493,10.95
36252,7.12
3460,19.99
189476,10.75
250377,13.94
72443,22.99
249998,14.239999999999998
233331,10.99
50432,4.92
209099,14.99
49646,39.99
72783,29.0
57067,34.99
35710,2.07
283897,64.96
264628,33.95
262137,7.46
297328,6.93
198352,8.08
8854,25.42
95894,32.99
46306,5.89
122768,14.16
273569,7.48
82603,14.99
281650,10.27
141286,3.84
47093,8.99
231992,13.34
33130,2.99
129933,29.7
294344,4.72
46038,1.68
221184,34.99
29722,12.99
56082,13.17
101258,25.99
108840,13.83
52306,17.99
276780,13.19
42908,1.78
28155,8.64
123693,21.61
223241,9.49
291718,5.99
298337,5.58
14324,5.24
121439,16.99
110786,16.64
187014,9.77
10182,3.84
2860,14.5
523,1.285
66989,25.99
261901,4.48
119223,23.99
268082,4.99
76795,3.48
283210,18.17
253753,83.75
245683,232.49
96557,27.17
234093,13.39
247712,3.48
237751,15.94
184759,2.44
78303,6.29
223917,14.99
160048,19.99
69376,16.99
23710,10.36
112134,37.98
209781,25.69
242391,54.99
123279,18.91
242845,9.99
109112,39.98
290836,9.195
204113,19.43
37274,8.67
181624,1.88
6180,20.75
11688,15.95
101882,12.005
243495,30.46
128541,4.08
179644,5.62
276017,5.49
230160,19.59
214206,17.01
8966,14.99
195629,225.55
37648,4.99
52977,246.1
89057,12.97
265320,8.59
20100,16.82
55050,19.98
206666,21.99
169274,9.99
235648,15.235
249312,10.99
277168,1.0
121694,93.825
263168,6.4
101491,16.74
74741,19.99
73194,39.99
153017,45.11
182695,4.390000000000001
219905,13.42
254955,10.72
65990,15.99
231707,217.13
156333,11.99
220111,144.495
116994,12.465
192700,21.99
165197,40.99
26533,6.79
101388,15.715
105765,10.015
53564,142.05
197448,6.785
266929,22.99
266373,32.18
114259,3.69
158412,14.5
171544,51.99
40573,10.36
207441,19.98
258292,44.49
198124,70.99
118684,4.445
126388,33.84
81780,4.44
134959,9.99
263323,13.49
169355,1.99
279035,39.305
40748,1.23
167652,9.38
117836,8.99
37882,7.29
225192,82.655
118693,5.79
142607,46.64
58147,29.95
219192,29.99
277626,4.48
245315,29.99
69310,3.34
185112,36.58
61814,8.99
203208,23.99
114903,92.93
210945,10.98
37270,2.98
106342,16.99
257301,16.64
54519,8.39
63066,17.99
66879,8.99
109904,38.95
72067,9.85
257898,12.54
65854,6.890000000000001
74246,15.58
268459,3.79
143599,86.43
251960,7.98
100701,17.96
220965,4.94
250956,20.99
95916,16.99
215445,9.7
161306,41.78
195023,22.5
80443,19.19
26506,4.09
8655,31.11
37266,52.155
114809,66.99
204907,11.51
151163,7.75
55791,34.275000000000006
272777,1.79
205234,19.99
74286,19.82
68203,17.39
191774,12.75
202551,21.87
105717,12.0
206514,19.48
141855,24.64
282584,6.82
203614,33.95
243537,11.0
106694,109.99
123395,25.93
258602,18.28
229721,7.325
150942,11.99
284713,7.7
298718,5.5
276856,66.97
23824,37.93
205564,6.37
289820,34.76
252096,42.98
281921,8.48
61204,6.99
115719,32.99
59714,3.93
274667,15.95
78556,37.99
159890,11.97
207777,24.09
175545,41.76
24593,39.385
253256,32.22
84869,8.42
23599,23.95
48183,33.34
198572,6.98
165091,30.65
186669,13.94
172039,2.725
258837,3.99
264902,5.71
27116,7.95
186313,5.1850000000000005
127259,3.49
16306,6.17
210829,19.755
103342,4.79
47788,39.95
143632,83.74
253175,19.165
4464,31.405
268572,15.239999999999998
119219,22.66
113303,1.74
231280,11.595
226394,9.77
144123,80.86
213209,22.49
124909,29.99
284268,3.74
45717,32.02
214137,57.86
78286,9.58
168246,5.59
130137,30.815
227017,4.99
215979,9.99
133712,1.58
103801,51.28
209552,14.99
116069,8.38
80190,35.97
226202,49.49
246254,20.99
290164,46.355
170942,3.12
79210,6.25
268563,8.49
219440,107.49
297875,3.16
277025,30.89
228037,2.87
119405,6.99
126781,5.24
126248,16.99
113835,1.98
185037,55.7
265316,9.27
230466,14.03
259468,26.485
38094,4.63
247413,74.24
10666,7.845000000000001
233677,49.915
119204,16.97
95671,10.93
235538,10.905
147001,126.3
219843,2.99
266932,18.95
284751,8.495000000000001
125217,100.93
224672,84.99
83485,7.79
283389,6.99
236417,41.99
197498,19.99
173432,55.99
4535,56.37
90660,17.19
242820,11.99
216635,128.99
62196,7.54
191502,2.99
22787,6.105
288118,21.95
48187,10.42
59703,5.0
87818,25.99
298472,61.96
23754,11.99
193720,13.5
164086,3.99
217316,22.78
220835,5.69
84154,7.46
282490,1.25
132904,5.24
267259,10.989999999999998
278174,12.99
14490,8.59
89526,4.06
100466,4.390000000000001
9224,1.685
294514,13.575
155980,0.67
52235,6.99
8864,29.185
177322,5.99
54079,11.865
8345,7.99
111146,9.99
245169,43.68
124297,9.98
172962,0.98
294360,23.02
250028,7.92
171154,10.465
71661,13.91
268873,12.93
1243,13.8
118089,139.48
110960,30.44
205241,10.65
164333,4.33
7359,26.51
148287,24.29
129596,21.64
299084,5.390000000000001
203184,25.55
176730,21.99
184254,3.555
287485,42.41
189305,3.69
279455,14.25
17585,15.95
292213,19.99
142726,67.78
134638,16.13
130233,31.49
75690,19.75
146614,46.64
163228,6.01
123992,19.99
118518,14.99
62173,29.99
140069,187.58
225574,18.0
291494,0.5
45881,2.39
7105,2.79
108179,17.99
219706,39.99
18129,26.14
258366,75.49
203830,79.98
169197,6.12
248425,10.855
124141,23.98
73404,13.739999999999998
86193,81.18
172041,32.99
267148,64.99
285580,1.885
44792,14.62
255291,11.39
247376,6.1850000000000005
66187,46.39
253060,4.39
236311,10.54
17333,21.87
231748,17.99
273467,10.99
3701,47.99
183171,43.48
150545,15.99
110950,15.2
21884,39.66
159791,3.34
96563,11.99
205975,17.88
296833,21.05
236312,5.97
76557,13.85
177352,16.47
259630,32.95
99649,122.0
209725,17.48
83482,7.62
126993,14.99
1617,46.89
215316,68.98
184055,23.35
62262,49.035
259638,9.405
35188,86.535
230177,12.99
167645,38.49
101720,21.53
140646,12.99
173559,31.0
29144,32.23
79085,3.99
20330,19.6
85167,17.64
65205,12.49
294266,4.24
57735,64.96
274093,1.59
167871,8.0
263655,5.72
134991,4.99
206693,36.48
282666,62.75
174121,18.595
210657,7.98
189309,12.94
182079,1.47
50447,6.49
264285,18.09
123284,20.99
7391,10.95
179928,7.99
168396,12.89
75167,13.195
138337,10.49
272691,5.375
265374,21.99
169182,33.62
32486,2.14
237985,2.98
224519,9.99
227615,23.47
117593,4.29
69458,8.09
206949,7.99
219672,16.48
4749,2.38
167690,4.68
146904,80.86
227325,32.875
73089,51.99
171039,8.44
288257,15.0
260716,150.99
57650,24.94
174400,2.39
138858,7.99
93662,1.285
264308,21.685
253041,16.79
165039,8.14
208145,2.72
251835,17.37
159713,11.13
35651,5.39
28913,3.4
111207,2.98
167056,12.025
145706,126.3
98447,9.99
91586,29.99
232227,49.99
103921,7.92
250948,17.3
68584,13.99
268550,14.99
238804,74.99
239788,8.29
97645,37.92
15817,14.46
112327,20.99
194148,2.4400000000000004
101300,203.98
285190,7.74
30555,29.98
29536,2.49
231205,6.79
167859,2.99
253935,5.15
262131,10.99
234857,283.98
144541,3.39
7674,68.05
176985,9.97
30821,34.02
260379,47.715
141700,11.99
223731,6.795
239678,5.875
192623,5.88
15642,4.46
226217,10.955000000000002
96232,7.37
62956,20.99
164573,8.99
175883,2.59
38521,4.975
295663,5.59
198731,0.88
225576,154.91
174339,7.98
101138,242.98
232166,13.24
132126,11.48
212855,23.0
11318,29.99
88671,3.12
167577,4.9350000000000005
182234,25.89
163298,39.99
134429,11.99
191948,6.09
200820,10.0
87845,4.69
217118,2.47
125139,16.5
148721,30.83
173505,5.465
71197,32.23
297595,1.135
124246,14.99
223261,2.48
177847,10.38
223539,28.99
224773,89.99
287547,4.89
254274,19.73
91030,3.09
145151,57.63
157253,155.18
148267,39.99
136545,2.89
87670,2.0
233714,39.48
134359,7.46
211996,8.99
54506,15.0
114384,9.99
59375,4.99
161934,147.36
157515,223.29
11278,29.5
15962,13.99
192985,33.37
166320,23.34
212617,2.99
117550,3.29
64416,4.85
170036,13.99
169603,1.38
246405,37.12
190753,4.18
27517,11.14
180935,9.145
39174,52.6
270880,71.99
255171,3.39
211358,9.71
245858,54.85
189456,11.0
161926,131.76
178701,4.79
270416,1.69
129113,5.69
14028,19.49
105291,29.99
36371,1.79
164050,2.09
149736,81.28
182834,2.795
266344,10.99
79600,3.59
101883,3.77
272669,8.95
267864,11.19
220687,9.89
53233,27.935
68738,37.315
130070,1.945
227795,46.99
278380,1.0
251679,1.24
214817,14.73
272529,42.99
273404,9.98
204163,59.99
143495,21.53
273214,16.29
98243,12.62
60455,8.49
26161,27.185
69511,37.59
241875,120.0
194085,11.255
164955,41.99
125364,13.99
51054,7.99
210086,6.48
5459,29.94
87182,7.985
258198,19.66
206685,1.74
133867,24.885
260576,5.220000000000001
156523,13.99
229277,46.92
254586,54.19
232179,8.99
216782,36.99
239496,12.85
120130,15.135
219492,1.0
283741,2.79
117272,74.98
83888,23.29
67226,10.475
144249,26.09
186868,8.38
135098,2.23
252920,17.35
178564,3.14
135768,9.25
172571,7.99
54327,18.95
42451,7.09
174454,5.5
147530,20.09
238827,4.99
28725,7.99
8547,20.24
47982,17.884999999999998
8013,8.545
9628,3.99
230521,29.26
87852,15.99
151286,13.99
241721,4.48
83007,35.4
142030,35.47
128426,5.66
247082,22.99
87780,13.99
11727,13.27
290770,52.03
224825,17.98
95217,17.51
97797,1.0
51040,29.99
274495,34.99
235561,59.815
237327,195.0
162780,24.14
285689,3.54
55473,66.55
227623,48.24
76677,4.09
251329,2.62
185688,22.13
17675,31.97
54975,14.99
274733,6.35
232313,3.0
229783,10.99
234225,14.19
282438,5.495
120285,23.98
230609,80.79
121100,34.265
131791,2.29
155630,5.76
81012,11.19
55846,9.86
233596,49.99
8123,19.95
93394,23.15
217614,3.36
189093,18.68
145551,57.7
241642,25.2
35707,5.13
91805,26.93
264977,7.87
73358,29.95
32222,19.44
266268,2.68
159439,9.61
132914,22.5
240931,320.0
176078,7.22
68802,58.89
182663,10.99
93454,12.95
51103,22.49
51229,17.424999999999997
203686,12.99
33909,3.49
152657,7.88
241650,9.94
193026,6.69
16926,14.99
196224,68.42
62219,2.99
175105,17.99
81278,2.475
143132,4.98
271361,6.49
49888,1.99
34071,22.270000000000003
273988,1.0
34361,4.34
36600,7.92
287549,10.28
162576,35.71
90115,4.59
158316,3.56
236205,10.99
51105,41.23
158608,9.97
77216,6.99
292684,7.99
260329,36.51
60398,7.37
259138,92.765
93686,20.285
193313,2.83
152813,4.74
97187,14.9
209972,35.0
244653,46.99
20196,32.3
191238,4.7
117353,27.99
251805,36.99
109231,17.49
234738,3.49
275084,14.195
110346,121.91
198260,59.49
73644,2.19
208960,15.03
164247,0.435
194962,3.99
238014,29.94
4169,13.69
75739,4.4350000000000005
10975,3.24
295724,5.01
126147,4.46
224547,8.68
250514,23.95
253702,4.29
107257,3.19
179824,6.11
151951,2.88
126382,5.640000000000001
294124,2.075
81130,413.99
174935,7.99
150288,7.72
180727,3.19
37370,6.89
80108,9.33
258398,9.44
106667,0.82
114195,26.99
290554,2.18
148226,1.59
122815,27.31
275841,4.99
248929,42.94
196740,7.99
15364,19.99
126515,23.99
247898,38.49
208351,53.52
83267,17.439999999999998
35694,22.085
277088,3.29
64245,29.99
136410,4.59
48203,11.6
156199,37.12
142529,50.76
155981,16.22
288395,15.71
152102,23.17
100777,26.11
68031,18.47
45616,38.54
205109,14.95
21238,59.97
75553,14.99
252871,41.52
43277,5.99
24450,33.0
218798,19.99
53573,33.77
93730,17.09
81768,58.99
40792,3.42
45439,25.47
81229,24.29
279231,6.9
94824,11.94
22707,11.165
162035,3.735
75808,4.79
231032,49.99
283843,22.99
62105,23.49
277711,129.99
244894,29.99
47809,18.0
57757,12.19
67458,5.32
99460,92.9
135806,9.98
178507,61.72
264918,21.5
187419,6.48
87198,8.48
36537,17.93
114017,74.99
213982,52.99
298906,15.95
151834,1.99
164264,26.375
43425,1.755
126305,34.99
116847,22.045
114180,8.41
190245,20.49
252472,7.74
205352,7.98
920,17.95
9392,282.99
24454,14.99
102793,14.835
91115,15.98
268098,3.99
290537,11.405
53323,19.95
195849,81.51
237976,27.4
103457,14.23
218986,11.99
267058,34.99
175232,4.88
205192,4.59
296675,11.045
224433,4.48
24847,19.98
3971,52.61
144241,5.49
138508,10.94
63116,26.99
56220,13.85
142115,30.01
13806,45.99
67555,16.0
144721,3.49
182665,2.19
239121,4.48
100910,56.99
130819,9.63
244617,23.89
119222,11.99
132954,30.0
181084,28.99
54227,7.18
47551,3.69
161054,52.24
283987,28.95
221790,9.53
168750,32.99
29697,4.2700000000000005
66140,30.0
119354,9.47
245155,3.99
175998,16.47
205444,12.99
227474,104.7
114043,37.2
54357,5.39
246951,42.99
7910,14.45
149564,28.99
211927,13.99
200413,19.17
35013,4.48
53975,11.945
240718,86.99
101598,59.99
8506,5.49
268560,10.99
286309,6.23
70328,16.99
276590,6.19
98358,4.58
7699,5.93
285166,2.82
114710,1.59
138373,54.7
205475,12.99
219270,29.99
235647,14.48
39239,45.42
131659,26.83
66817,11.54
282479,6.395
195617,38.73
117590,28.95
182758,9.98
125891,15.99
82635,6.29
138606,3.29
92232,30.99
285716,6.885
225526,9.99
101748,2.39
101663,2.29
204102,11.99
60720,319.89
256388,19.99
267181,5.34
5963,21.94
243914,30.94
106176,10.09
74765,3.355
16421,9.48
49904,10.22
78184,11.0
52416,10.0
191148,33.3
264926,21.5
204895,11.99
201558,0.98
37241,160.7
249802,4.74
82472,18.91
25642,20.950000000000003
156072,11.445
75658,3.12
196392,70.06
137331,19.99
240357,18.99
257355,4.88
279398,2.98
56159,5.96
255918,6.68
92637,4.26
184984,20.32
199629,4.34
202511,59.95
247375,14.99
74766,5.39
169039,5.83
219028,19.95
203879,3.39
61893,24.49
1475,50.76
262554,11.99
112232,25.68
274773,12.995
38679,3.84
152220,16.09
61389,15.95
22273,24.95
188113,37.2
155445,24.345
91447,8.48
252019,12.99
99877,9.8
103784,14.89
42167,4.99
31833,22.41
122760,24.99
53500,14.99
247241,51.37
278836,12.495
213809,62.98
64051,8.79
48783,2.89
148070,30.99
16096,9.49
117180,21.99
121690,77.99
84774,16.735
77703,137.94
179031,14.95
40817,18.985
206683,8.49
109228,13.24
220760,17.99
46922,2.98
78132,5.585000000000001
105,11.99
262237,161.5
9915,21.295
98518,11.0
241982,27.75
67929,9.99
60804,3.885
206104,29.49
272004,4.29
62504,4.16
141323,3.57
115286,11.32
29732,98.45
19379,16.82
266163,7.98
31505,11.02
91340,42.31
298985,39.97
270829,18.99
248791,1.69
257755,2.08
223475,12.79
281083,11.98
205068,21.95
255205,36.99
297598,10.0
126807,27.95
277494,42.97
28240,6.99
283890,41.95
274337,27.98
109817,14.99
54394,10.0
6472,10.015
259814,19.99
139405,4.075
260792,28.48
133874,17.5
222839,42.99
128624,4.99
131952,18.39
50407,6.49
91786,63.07
152625,28.0
278171,14.99
198158,37.845
47010,60.99
194934,12.495
203970,16.43
98090,10.99
44045,16.0
191864,4.83
177659,3.49
208738,6.04
29981,93.245
126652,9.24
69749,2.6900000000000004
160369,35.395
178722,33.9
153307,3.62
103905,74.99
45733,3.32
79309,8.99
219760,9.99
268146,25.99
138984,20.79
36950,42.83
188125,32.99
93869,13.25
230528,13.92
65076,14.14
188611,37.12
93280,24.97
165090,32.16
287709,2.49
237503,20.495
96769,10.99
88646,34.99
263883,2.18
92381,53.18
184930,5.29
125050,7.99
48522,5.94
260713,8.29
76353,11.24
31373,169.99
169713,8.83
203336,35.24
131150,5.78
271244,15.5
146475,59.2
215551,1.97
131625,40.0
100682,12.99
166404,17.27
295302,16.98
152866,6.67
262074,2.89
110497,13.99
109135,7.98
5731,11.99
87011,17.99
66552,14.79
138006,45.99
252498,1.64
163988,5.49
14330,35.85
69536,44.35
61452,8.99
105627,43.99
173258,16.74
168742,11.72
46789,10.86
170178,12.49
282809,1.94
123032,18.81
43936,12.49
105831,9.815
53746,19.95
2182,55.93
17521,2.98
54286,75.655
32085,16.9
293750,16.61
103480,14.36
103740,67.99
29646,18.98
88917,80.7
182635,2.2
217655,2.38
192384,5.99
151787,46.78
138720,2.9
128462,69.99
198274,26.22
179349,9.705
196706,7.055
266731,25.85
174738,20.47
197593,54.72
100560,22.5
243775,15.99
51117,3.94
212198,54.99
93140,9.88
107201,3.085
186694,42.19
155928,6.58
67001,4.87
111623,5.94
223804,13.98
274862,9.3
287771,16.99
240461,23.77
291479,12.29
9355,36.12
65528,15.9
138188,25.75
114476,1.97
282709,1.48
196577,55.46
145954,29.13
240212,21.45
213189,12.99
88609,18.99
53153,5.109999999999999
81345,1.77
62636,8.59
31065,20.98
12537,32.99
60687,6.390000000000001
282595,2.69
243646,2.0
184476,14.0
106598,7.99
16462,1.68
58964,41.945
60257,5.24
235385,143.4
95168,4.24
112974,4.640000000000001
93316,26.0
136442,24.0
170255,6.984999999999999
164067,15.0
206660,12.49
108919,6.765000000000001
39604,9.19
13990,24.79
223892,1.66
84216,18.99
23636,4.23
23674,6.12
25596,12.74
138738,12.99
201658,29.77
176450,1.39
230919,29.99
262598,14.99
282357,2.44
60221,198.16
30828,2.485
277846,1.99
128597,22.41
148410,7.22
278292,6.99
168300,12.35
16524,17.085
282627,12.99
199768,3.86
84134,11.89
249167,34.42
265920,50.72
115627,14.95
206125,47.99
195650,62.78
115782,22.49
282853,8.86
76538,19.44
18759,64.31
104154,29.34
287050,3.79
173245,7.99
90173,1.88
257021,2.44
99374,119.99
237586,31.59
253554,5.23
58504,5.99
161009,98.46
95170,4.79
166697,1.19
117089,27.4
23583,108.66
191356,14.99
294366,27.04
111244,24.77
260601,8.15
13199,43.99
198865,3.49
631,18.9
6500,18.45
199096,10.99
104872,3.54
264728,44.59
151918,16.71
136309,8.48
41659,6.255
46523,9.21
241380,34.99
277586,3.19
190272,5.69
15122,4.49
87094,4.99
199202,6.38
243559,114.49
64656,8.085
210142,4.18
43444,18.34
294662,9.19
231920,29.99
91300,39.99
150622,2.595
162604,6.46
292044,6.69
37507,5.19
95297,10.64
103502,34.28
215320,22.99
260006,68.99
259139,1.83
80425,39.35
268364,33.99
276110,0.98
39783,4.215
231115,29.99
231701,6.43
285426,1.48
182567,9.52
18668,2.5
16576,17.12
266044,11.78
23232,31.99
157792,3.79
186980,9.95
101322,9.66
252488,1.98
153511,5.99
219897,16.52
221362,4.98
12411,35.41
55826,10.99
52345,97.0
254253,9.99
136131,5.49
181456,9.37
113501,36.03
263104,97.51
94482,4.56
87344,47.145
172888,9.2
239731,28.46
11208,18.28
223339,24.26
60232,9.99
87671,2.19
270770,52.49
197268,22.99
81198,56.0
40848,11.49
97079,13.0
6396,1.28
109046,21.97
253720,10.84
167795,2.18
48208,13.6
111033,5.99
66568,2.55
125724,3.0
244422,59.19
178430,12.91
66587,14.45
8003,10.09
152430,19.06
125864,7.99
281323,18.34
243317,25.49
129902,3.38
233064,3.38
298047,1.99
233262,37.05
230599,29.97
95286,2.99
180053,14.95
297222,42.77
288950,9.57
206003,62.84
269147,10.99
198195,103.99
289517,10.71
252095,11.94
129446,5.99
244567,19.49
240152,37.85
106808,46.95
19852,5.97
170086,5.275
286393,7.75
285118,23.99
197587,32.33
65703,3.99
77723,4.68
239902,8.815000000000001
50890,32.0
85176,3.98
232058,8.28
175397,2.74
273385,2.79
263225,4.39
49671,12.99
292285,9.72
289169,10.1
87120,2.955
181994,13.75
129395,34.59
74620,37.99
142410,55.93
12593,29.99
9506,69.99
179725,25.99
240136,7.99
24506,54.99
61029,49.25
225046,10.98
269521,2.655
184380,5.04
182136,2.98
80213,13.99
181617,2.31
122351,17.99
257880,22.475
192712,7.24
274307,37.99
54363,23.99
146275,38.99
42179,5.49
219385,4.99
260293,8.8
62622,13.0
2778,30.32
248737,80.0
163891,2.99
47389,6.26
219991,36.56
208789,39.99
118053,69.54
228045,4.635
264908,4.99
256021,5.735
290501,11.65
12305,11.99
187308,3.99
87536,15.735
281284,23.75
195032,7.99
2957,136.985
251279,2.96
17147,10.43
19428,37.63
56125,9.92
136686,6.574999999999999
18791,16.82
168965,4.279999999999999
158610,4.37
235520,3.59
144936,20.68
200774,17.98
49841,2.39
197969,29.94
187916,9.95
284230,22.72
274501,14.46
111321,39.99
24608,18.95
258925,17.68
211628,52.99
140297,20.465
67469,8.65
97482,16.49
76933,26.775
86558,7.99
180254,11.405
230284,5.99
86206,1.48
5626,27.61
292807,41.93
38112,9.45
29021,25.61
103895,24.99
247523,84.95
184229,1.25
206146,14.98
218067,9.99
174275,8.75
186721,7.91
239721,15.99
87293,5.39
145670,50.58
157780,15.525
293696,10.36
274157,5.355
241888,11.29
82787,5.64
208338,6.99
257078,15.18
183522,7.24
22173,17.14
98656,16.99
249808,3.515
281673,4.49
179977,10.14
233392,26.14
8130,12.99
8902,21.42
273321,3.05
206309,22.74
179245,16.99
73802,11.49
273516,12.99
237566,15.0
288163,24.99
229541,5.24
46949,9.065
27231,2.79
62873,14.54
248412,12.97
295398,5.99
205795,17.12
99882,4.93
53815,12.05
135538,25.99
28323,3.82
38925,2.82
158315,24.5
187077,11.95
136660,78.49
155509,22.99
293422,18.98
55743,8.99
190158,25.73
113430,10.725
82258,7.12
128770,56.055
104109,40.08
294434,11.385
25459,6.78
14468,5.24
23210,20.75
251278,8.975
126586,27.73
177331,5.0
291480,6.6450000000000005
287272,6.49
227500,18.03
228957,7.34
289190,71.79
175507,7.465
207837,49.98
247850,23.79
200380,7.97
33642,13.7
108108,7.99
132817,6.32
135652,59.97
262548,17.99
221543,23.69
161164,6.855
117373,11.49
61708,10.24
273074,7.47
32130,2.0
14801,3.64
106606,4.39
198917,6.99
121576,12.99
224733,17.99
283712,9.995
256235,7.58
98628,1.73
90457,5.99
139409,27.49
100757,35.02
58570,19.91
16741,19.99
52881,14.97
188905,24.99
200114,0.98
114720,14.57
176402,11.075
18747,72.93
167915,21.34
22719,12.88
169616,0.84
259610,8.95
9820,32.95
97123,16.05
293484,58.73
28426,61.69
189252,4.98
268000,15.73
89596,4.21
100289,2.98
142449,46.04
296613,9.91
66328,34.505
131454,58.06
187270,7.525
6987,49.95
222334,34.29
275758,2.89
258029,21.99
224873,10.98
283841,8.13
179250,9.88
284126,56.93
165987,22.395
107388,14.9
192026,7.92
144775,6.69
245621,12.99
197696,12.245
118131,100.11
296572,26.03
248091,6.99
82080,43.7
56423,19.04
238832,10.89
25990,11.25
192189,7.52
141805,27.55
217356,10.99
81793,6.43
36226,7.49
85736,4.88
252344,16.99
274657,12.89
56175,4.095
281968,13.99
85113,21.25
175618,89.99
275802,6.49
282939,35.2
55104,8.99
236634,1.335
280000,25.77
170820,5.69
240067,17.99
98961,15.95
183263,8.92
206055,14.99
226332,7.8
239778,22.94
215981,11.34
294243,8.675
203580,2.88
88449,18.99
174931,3.865
238337,3.64
22653,29.99
234886,18.99
117485,32.99
145731,57.63
44524,9.99
62510,14.95
15226,11.97
166473,21.74
85626,20.33
273825,47.12
194871,7.29
281437,8.39
713,26.49
146034,27.4
296062,133.755
228267,12.99
10973,2.19
228439,3.19
23204,35.99
239747,52.95
90870,13.79
133163,17.99
78582,3.69
64869,10.99
8960,27.795
154134,29.75
166791,4.775
15426,28.8
56814,3.99
120705,8.14
149633,28.56
16506,69.95
202387,29.985
210621,9.9
62170,10.99
157264,101.0
237591,13.99
119068,12.0
246264,13.99
196700,2.35
264675,6.08
212509,86.99
172354,6.24
87646,3.98
212753,47.99
41950,13.805
125972,41.5
101674,14.22
71858,21.0
240916,295.0
258174,35.995
53356,9.99
181575,13.275
53195,11.27
289577,6.220000000000001
224464,15.99
152844,3.69
251331,46.67
76501,7.56
161448,44.505
34672,5.99
176580,30.49
30230,5.33
260049,18.475
239945,17.99
32010,35.11
149364,42.99
214889,75.48
61099,25.0
152922,6.49
262738,34.98
100345,16.895
175784,25.5
80951,21.95
38715,3.18
49779,8.84
72605,10.49
153397,10.41
240314,19.99
221599,9.99
284780,5.99
12174,41.99
149189,46.04
57375,9.239999999999998
189406,8.63
47166,11.49
30890,124.95
273245,8.095
269333,21.8
46378,3.38
9994,8.695
32755,10.66
19609,18.99
208175,14.99
199275,24.48
103387,17.97
277372,4.890000000000001
260048,7.82
58170,3.68
224907,9.67
157280,92.93
248883,6.27
12475,35.15
130834,1.26
208930,16.79
260365,4.82
94460,16.72
156447,7.77
265256,6.25
26374,31.28
239716,14.99
45730,7.87
104285,8.74
184826,14.69
211149,122.94
172357,7.73
170648,10.475
10827,6.605
201666,21.99
77372,3.49
252059,12.48
249469,4.99
119150,9.99
167938,7.18
92558,22.99
131378,8.99
86045,5.745
72638,15.99
100396,13.99
262194,197.44
281325,2.54
33013,12.7
27049,2.98
26400,3.98
53101,11.99
179994,1.555
107830,9.19
112381,10.49
126625,33.24
228948,25.99
162180,2.35
297719,7.99
29388,28.99
10574,4.72
106032,46.97
279629,8.29
109978,4.07
36162,4.890000000000001
12586,2.915
220639,6.984999999999999
232002,15.34
252304,42.88
104341,27.95
31656,3.21
152268,46.9
73768,3.58
72634,4.595000000000001
72337,8.145
252672,22.97
214556,40.99
299396,19.02
273729,129.03
86973,23.98
266640,8.44
132364,5.99
53015,24.99
14203,91.96
74355,22.95
199799,61.5
187641,15.99
200037,4.02
172182,3.64
214964,12.55
201258,20.99
228108,39.935
164049,1.89
231018,56.99
37530,6.324999999999999
224493,32.1
121290,124.99
22610,7.689999999999999
187429,29.99
279515,27.995
202690,2.8600000000000003
182111,12.99
110584,15.75
150309,4.325
208617,51.93
5726,24.99
197034,9.99
131570,10.37
107495,65.99
283495,1.93
214430,36.99
231467,12.95
67086,13.91
72507,14.99
37022,1.98
142135,29.41
54430,10.01
208712,53.24
9978,16.96
133019,6.23
105049,32.99
8551,17.965
13615,14.93
238812,16.740000000000002
235811,29.99
9376,14.31
134216,12.9
259025,2.6
6716,21.9
161983,9.99
68951,19.8
233649,62.91
289100,38.99
240412,11.36
269339,13.99
289747,10.17
248774,6.68
128556,172.55
205994,10.0
29862,15.925
231725,11.99
62282,8.29
181643,0.68
128861,136.48
220219,25.775
120021,10.59
267931,4.93
262312,13.29
259996,2.73
259816,0.7
60185,14.98
278113,19.12
260135,5.79
73630,29.99
176151,1.965
264550,6.965
160523,111.53
194603,6.98
209387,55.99
211793,4.38
168169,154.04
109404,31.97
139726,3.99
34535,11.64
127937,55.74
196001,53.255
4675,74.75
2495,50.1
147589,23.99
103867,5.94
90224,10.99
43711,3.67
257732,10.34
157757,23.525
238160,54.98
47379,10.49
232658,39.28
208676,9.99
192560,1.24
185499,27.15
57667,6.3
120367,2.99
30952,6.55
214641,2.0
65255,15.95
207619,95.71
135324,17.96
229873,1.69
264478,8.55
17787,38.99
264934,21.155
43589,24.1
232372,22.45
107135,2.49
259793,16.99
191501,13.2
76043,1.48
48710,36.905
88492,23.99
89786,3.3200000000000003
20971,93.46
65253,51.99
280592,3.99
252199,4.49
76561,19.89
144829,18.45
4107,86.91
33943,18.99
251856,30.09
12762,14.95
57204,28.99
261961,7.98
93484,33.63
132090,14.99
1535,17.97
35214,3.77
127779,2.98
138149,94.95
183647,1.79
222758,3.88
74275,49.99
147142,3.99
230367,11.73
5115,18.55
267965,4.45
281251,51.99
238862,3.59
132614,9.64
267942,7.854999999999999
243073,7.635
218497,9.84
39377,8.24
52285,33.93
275057,32.98
206293,18.58
277287,14.95
63392,5.74
162290,2.99
178990,4.16
96805,8.75
240762,24.99
183036,3.99
1461,126.3
232202,11.99
119419,9.99
46448,8.99
263506,24.99
150078,4.64
289707,5.94
191271,24.16
35065,12.19
63602,13.66
108359,19.0
65664,2.69
199399,3.18
22272,27.95
296908,4.99
104865,2.44
47360,14.99
227640,19.99
167686,1.59
178107,4.495
90937,12.06
53047,13.885000000000002
267814,11.465
142886,38.92
150956,8.485
35638,21.27
91315,16.88
7191,4.46
260673,9.85
7140,86.39
249509,13.31
283455,3.99
21699,1.68
23256,2.89
32621,12.33
18771,54.69
157990,11.48
193534,16.369999999999997
11606,12.54
68621,32.02
77340,1.8
298783,56.79
275409,18.16
245092,9.41
238343,6.19
47707,15.99
198392,11.95
284163,15.0
4531,30.83
297839,16.99
128218,9.76
35418,64.625
59475,10.97
166863,16.99
287297,4.79
196810,13.99
235983,34.99
61313,41.99
286605,9.99
154194,34.08
291634,6.43
231938,8.99
119160,20.98
252449,49.44
3262,7.49
50951,390.98
112838,49.99
224947,14.99
19764,37.63
253257,9.99
21115,64.31
216011,1.99
249792,23.9
205326,31.99
135300,6.54
126898,5.49
98542,23.0
139591,4.94
152061,20.3
278645,9.23
108095,4.585
117733,74.99
144381,35.47
226740,12.98
22858,1.485
83168,3.1
159047,5.29
168159,7.24
81306,4.975
170874,3.99
159982,29.99
290229,12.89
45856,7.99
205161,3.28
98003,10.32
128370,21.99
212794,19.98
216205,9.99
116593,17.98
201596,52.58
176406,18.28
123471,11.79
253577,7.02
282642,68.82
202736,20.13
229194,9.19
107490,9.99
242595,3.515
87879,1.03
99493,18.99
120478,35.96
258425,10.99
273691,2.58
35722,4.135
36632,7.35
139619,15.985
128745,20.775
284720,0.98
203740,20.67
243590,58.09
255782,4.29
228517,37.18
105362,12.48
133625,15.345
105109,16.83
235195,68.88
278476,10.005
293026,35.445
3099,20.945
99196,28.19
239541,19.99
84610,3.38
44786,18.11
251692,16.99
221283,21.97
33156,2.69
171175,12.74
8427,41.99
92108,10.31
95122,18.89
22765,18.520000000000003
189705,48.49
161567,79.53
222404,5.24
127905,17.49
118049,133.4
218572,15.68
144019,117.49
86826,16.88
260891,3.18
275327,4.22
182341,8.99
294470,9.34
28081,2.935
58414,34.99
169202,34.99
65991,19.95
225096,23.99
137110,34.0
10487,16.465
179380,1.63
156167,1.905
109227,50.75
204115,6.99
221957,40.7
248007,23.79
117869,4.29
101271,21.92
205363,15.16
132969,30.0
225393,9.99
236285,39.965
220390,14.99
49455,13.99
96088,13.12
244715,38.99
295911,7.99
30072,89.75
53725,7.5
222180,25.6
125599,21.99
233195,6.19
142010,27.61
55503,3.69
227574,21.49
26546,3.99
40757,12.44
214192,84.95
97912,4.9
212206,71.1
148059,5.94
3084,29.95
258963,24.625
229396,24.99
115309,6.79
206235,17.99
95075,17.99
71457,14.94
261102,8.95
290238,5.79
87828,26.0
138630,9.49
17834,10.5
18979,14.99
6866,3.79
106345,14.9
236125,25.99
93529,14.9
164709,53.26
178240,55.25
218953,28.84
10089,11.59
173243,6.390000000000001
284935,61.5
81706,5.735
219588,1.48
33584,4.19
169171,38.845
117822,19.85
211718,10.99
144496,3.2350000000000003
134436,7.99
293519,4.39
1023,20.08
184638,7.45
68651,8.99
294710,13.56
162838,0.98
245575,28.99
46159,17.97
121360,41.015
78302,11.29
231147,24.99
152547,44.53
82111,3.99
216952,9.42
80353,8.95
220463,2.74
63740,13.9
135695,19.99
186485,13.93
11544,24.61
210570,10.95
169590,13.99
98084,86.22
26630,37.51
261232,95.54
60907,8.8
19027,50.19
44150,2.84
297258,13.77
137839,28.32
71498,12.95
56124,6.79
96386,5.09
280994,7.34
159176,2.175
276737,14.055
50527,37.475
274411,39.48
63504,3.68
151450,32.91
140638,8.99
160795,3.715
13060,7.48
57568,24.44
39699,6.99
298450,29.98
89782,7.359999999999999
39040,22.78
49900,22.045
1779,56.56
220614,6.710000000000001
80825,12.385
214993,133.55
19161,78.86
57181,8.49
263564,40.0
34109,16.585
224270,5.165
76689,80.08
266586,5.79
237428,38.14
167747,20.99
2385,38.92
10075,3.095
281554,39.95
106943,23.95
39648,9.99
142668,39.71
97028,69.72999999999999
208283,13.99
186812,35.0
37796,1.84
176491,2.19
205501,46.99
145126,18.13
16573,17.66
233252,54.28
11508,11.95
214741,19.99
35873,3.59
83223,1.49
245045,4.065
120513,12.99
195134,3.48
53938,47.3
61054,21.11
201834,23.95
22662,25.74
170681,12.6
113590,39.99
261289,14.83
139290,23.62
136532,5.29
266206,23.95
179324,3.36
23966,2.04
223807,6.98
179273,37.5
65301,15.9
233444,4.13
31196,5.29
258760,13.85
144561,26.94
274550,17.04
262543,2.045
123613,17.49
210049,21.95
21349,7.99
175554,7.25
127244,25.855
264517,10.99
91486,13.48
129568,69.99
10725,60.22
35792,2.99
168647,6.8
120874,6.195
91771,38.31
216231,4.98
162647,39.84
192117,3.52
263423,18.48
262453,10.99
75131,28.13
208534,87.98
233914,21.2
222912,4.98
249528,14.99
296621,22.83
109100,5.49
65271,15.9
191334,37.17
150154,41.685
128241,3.99
15179,13.28
95740,4.86
12059,18.29
161502,47.27
222375,5.99
97577,4.99
129430,76.99
104474,2.115
158788,3.73
27873,60.04
134978,7.28
163914,2.99
85408,7.54
254554,3.56
175433,21.99
98044,4.345000000000001
63873,49.99
253221,29.99
154460,30.99
65806,115.0
199881,14.0
21678,17.494999999999997
78503,39.32
84359,1.4
238523,45.99
278609,2.96
176802,24.99
145147,38.54
159605,3.08
277051,4.24
290831,8.594999999999999
176085,3.74
189344,8.29
80268,2.26
243303,4.49
269163,5.105
103641,14.49
36927,3.06
107882,27.99
99617,46.99
58600,25.485
67465,6.33
129084,43.51
100381,25.305
94342,5.09
232297,33.0
152615,3.495
8492,8.19
72909,2.17
297447,12.495
204150,7.99
213642,16.5
128384,7.29
275593,4.585
297827,27.99
28347,7.92
259243,3.24
196063,90.67
208070,72.99
79095,30.99
55211,7.99
62980,17.99
215645,18.69
152208,20.88
18428,54.54
245559,1.66
3112,40.98
278574,23.97
147494,7.79
191990,9.99
106526,50.36
17548,31.3
215543,3.42
164910,3.99
232257,4.02
102709,5.29
59412,7.25
249649,4.115
162799,52.99
156670,2.34
171299,9.31
227015,39.99
280667,9.21
40638,9.1
285531,1.99
14967,6.710000000000001
11322,11.98
80549,2.48
135704,17.99
53084,7.98
186242,5.26
246232,28.985
265662,24.99
2186,55.93
170083,14.95
271065,7.92
149960,52.61
145217,80.86
234278,8.99
161501,27.99
141973,33.66
196095,51.66
195447,134.31
56069,6.99
121384,4.93
129542,29.995
122417,14.99
215461,10.78
199350,4.92
136191,3.38
210136,12.51
57968,9.775
81601,71.99
104316,10.0
92614,6.22
141882,29.99
254911,5.29
246426,42.79
45426,5.46
99167,1.94
213486,14.95
125070,7.99
90994,1.69
236658,10.95
258704,22.99
118021,12.12
172533,43.99
162714,2.29
204865,11.95
89850,7.98
180268,9.19
46476,1.675
91613,20.27
197708,24.81
201007,2.84
145137,16.77
11052,27.52
121861,21.985
163753,74.455
39544,9.79
146715,30.83
111669,10.605
252578,10.0
200613,16.49
217058,10.74
25001,50.34
101548,11.85
8600,49.99
202733,29.99
29011,3.99
248000,15.1
154371,42.43
151718,2.135
221489,10.0
76534,19.99
12023,15.34
222573,14.12
8820,39.97
45132,52.735
249030,46.69
123926,38.0
110941,3.04
11157,3.22
295448,31.48
107959,2.79
137371,8.69
44904,3.89
205839,4.96
261554,44.99
143346,1.0
208308,14.99
178244,6.77
219776,20.95
163305,6.3
46533,4.71
63153,28.48
32139,42.0
104115,22.7
162387,52.3
32049,9.055
23089,7.19
291041,7.99
17573,6.98
192058,190.98
128726,20.97
133963,50.4
112395,17.0
53943,22.95
145811,20.99
128263,29.29
16452,1.16
40796,4.91
213762,13.695
124863,3.835
80943,42.435
253375,1.74
135765,15.07
204717,69.87
297455,7.46
254790,7.75
11669,24.39
53314,8.04
286413,10.29
108789,4.29
197409,2.08
106221,23.99
232552,72.02
118865,24.94
56604,95.0
98784,20.98
205537,9.99
119985,10.34
153727,6.695
107556,29.78
80897,13.99
249478,4.79
55143,7.95
282979,4.49
64699,7.2
137296,6.220000000000001
169670,3.42
157313,145.52
199274,24.49
33873,19.88
188325,4.140000000000001
53007,6.4
123510,4.84
257468,38.120000000000005
213600,73.295
106415,9.95
125755,25.2
133031,20.88
297659,4.79
165312,4.18
197006,24.99
22252,9.98
216450,9.81
177380,4.109999999999999
5425,51.54
177765,156.96
217773,5.74
69299,3.705
131243,5.055
2852,13.88
36980,19.72
40566,9.99
257615,17.23
295322,6.59
181602,24.0
218286,29.99
178338,11.39
179585,7.08
125273,7.065
201876,27.99
231573,125.99
289964,7.235
212457,7.12
184278,5.0
59613,37.4
210555,11.49
228047,14.46
100636,3.49
110036,37.97
291526,17.985
84936,18.79
294918,2.67
136338,2.08
269316,32.4
47784,6.1850000000000005
180154,26.52
168128,26.99
67204,12.99
62456,8.99
121153,58.99
15429,14.99
222431,73.99
176174,35.99
155882,9.725
6254,3.02
265905,42.45
94574,17.99
292994,2.59
24420,5.99
102673,22.95
165893,59.63
266384,22.925
13857,53.99
225502,6.25
246410,24.465
43724,20.71
116224,13.98
220403,12.99
126458,3.69
73971,64.345
65915,3.34
238050,5.99
251418,29.95
244332,51.245000000000005
206754,6.69
270190,8.41
262061,2.59
110333,20.99
270820,7.94
238036,13.09
121279,13.63
142253,39.71
288222,16.39
95425,15.87
173319,0.945
6850,56.19
25727,2.39
282594,2.715
260093,11.97
253521,32.525
258016,10.145
264280,3.77
133582,66.46000000000001
19663,54.69
21717,14.99
172636,8.11
75858,29.09
49093,16.75
272013,1.39
4314,31.545
126420,19.995
143432,22.27
234533,14.555
139473,49.96
144864,17.46
134392,37.68
48506,22.0
277664,39.99
156272,9.84
33654,9.98
235024,26.39
144284,15.32
147005,17.97
278247,20.205
162416,1.98
34016,16.98
274252,5.66
246077,17.99
112399,14.49
57764,15.91
96138,9.135
142100,46.8
4157,14.94
132433,48.03
233706,131.49
223879,1.67
103979,39.99
166690,1.99
211637,53.99
61667,9.23
257677,2.265
173538,11.5
176486,9.345
199973,5.96
284256,14.19
107886,7.99
121441,4.99
146095,32.2
224542,18.32
169897,22.41
122621,4.890000000000001
248394,18.93
191724,2.97
67812,63.49
177063,11.99
129365,17.195
154028,1.75
219313,4.97
265957,4.62
119284,12.99
129322,24.89
75463,11.99
162073,13.07
13758,4.75
39436,5.6850000000000005
225404,3.46
42528,12.735
230216,22.69
229989,9.76
31903,22.45
88468,3.66
225021,10.98
167221,9.525
271080,7.61
51740,6.99
214866,39.98
216658,5.88
97695,26.97
92367,53.82
225706,18.99
2713,46.8
269442,11.02
161863,153.8
289289,2.75
226303,11.5
271807,9.98
51057,45.99
33571,3.75
217462,27.0
191262,4.99
182106,79.99
217683,15.99
155125,40.99
117158,13.99
186624,18.385
124668,26.99
227542,33.75
100110,7.97
203711,1.34
50719,35.99
179925,7.390000000000001
251179,4.82
135663,17.87
298284,13.04
143475,1.59
278184,5.94
17383,3.92
91618,79.99
20772,26.14
28386,6.98
293193,5.24
84671,4.97
163960,41.89
56535,29.91
138541,23.82
209385,80.49
30020,59.99
37291,6.11
108599,33.33
213582,15.2
223067,4.63
180867,6.04
286882,12.015
49448,12.29
172191,36.54
190990,8.23
24386,58.91
231063,65.99
241257,8.99
62202,8.93
7185,3.13
136513,40.99
53460,13.495
232248,4.865
56913,36.99
66506,74.99
198492,32.45
280382,4.31
179224,17.24
65103,81.32
41400,2.79
56349,3.175
63264,27.43
220177,16.9
64568,7.39
157094,105.81
12334,43.23
136519,8.15
249251,18.725
135247,14.655
29971,40.26
65787,23.92
204304,20.015
236036,29.97
217692,2.06
244774,161.88
66313,9.57
65692,23.39
52853,34.99
198714,7.9
124156,7.49
190950,28.0
214097,43.93
196908,8.48
9833,8.62
288532,31.905
3790,13.94
242725,2.96
241317,9.2
177541,20.48
109741,14.99
141334,8.190000000000001
159814,16.91
80191,19.28
100521,19.235
247825,17.13
33679,5.84
77081,7.435
42620,14.305
216730,55.095
168691,4.19
204515,33.95
162542,12.5
184948,100.95
115956,9.99
115080,29.99
12510,13.99
259108,7.66
290856,31.765
274402,8.85
98999,3.0
212809,18.98
238010,24.68
33569,5.205
239625,2.22
192325,10.87
181540,4.140000000000001
142104,34.5
17590,13.0
244412,47.98
35491,33.35
159822,7.16
16297,17.67
233610,18.1
241374,22.99
19277,12.19
153905,46.09
147065,55.93
100639,3.99
148486,24.885
193818,4.38
280555,4.305
224169,10.99
289119,16.51
297058,16.915
78326,23.6
255796,2.08
10010,7.59
297765,5.37
207094,28.97
292811,4.29
254458,3.39
251474,69.63
247955,21.98
283480,3.49
102494,74.99
45317,50.35
153997,4.75
237856,15.0
125325,9.59
129646,2.49
196922,26.59
40719,34.99
254944,34.65
134842,80.97
136560,34.99
298795,8.53
86151,18.99
215120,5.745
93442,3.79
250697,7.25
195435,36.88
72851,155.7
86165,20.71
248228,12.78
179370,3.5700000000000003
21812,40.845
4548,50.58
234652,20.78
24536,12.34
63722,23.24
117874,26.99
17784,74.63
183236,10.38
3095,12.99
113719,35.32
135457,2.5
69402,44.99
107207,8.54
181972,17.97
126837,29.95
119425,10.25
249364,15.97
105027,6.45
98270,61.59
60,6.85
243276,27.99
90796,38.45
39910,10.82
242239,69.99
167108,23.04
23265,17.99
69259,32.99
86935,4.99
154920,5.69
203947,16.43
133648,6.33
202573,28.0
45220,4.24
289345,17.5
35000,70.82
7713,5.55
214553,4.99
28729,6.4
53620,31.99
214447,11.95
47321,0.89
218432,26.98
258001,6.22
90742,22.99
147699,17.97
174309,2.79
164198,8.5
44034,16.99
172676,3.5
294740,1.54
230006,15.475
203869,5.09
44823,9.34
244992,29.99
245807,6.67
287535,4.99
106067,48.99
