sample_id,actual_price,predicted_price,error,error_percentage
63792,15.13,10.466386,-4.663614158630372,-30.823622991608534
247709,2.98,4.124313,1.1443128776550293,38.39976099513521
20017,19.6,56.637726,37.037725830078124,188.96798892897
100288,6.665,10.434562,3.7695617294311523,56.557565332800486
295911,7.99,10.43668,2.4466798400878904,30.62177522012378
252913,10.79,20.520792,9.73079200744629,90.1834291700305
15197,4.53,4.9701896,0.440189571380615,9.717209081249777
32534,4.98,23.959265,18.979264755249023,381.109734041145
210910,29.99,13.787998,-16.202001800537108,-54.02468089542217
210935,7.77,7.6586704,-0.11132957458496051,-1.4328130577214997
216853,34.28,10.911562,-23.36843803405762,-68.16930581697088
203938,16.43,19.037697,2.6076968383789065,15.871557141685372
249584,9.81,7.7352476,-2.074752388000489,-21.149361753317926
276057,8.03,7.189068,-0.8409321594238275,-10.472380565676557
173354,6.85,6.50723,-0.34277019500732386,-5.0039444526616625
943,20.98,18.74148,-2.238520126342774,-10.669781345771085
235110,113.23,81.46194,-31.76806304931641,-28.056224542361925
137458,10.13,10.862769,0.7327691268920891,7.233653769912034
235107,135.61,84.16029,-51.44970642089845,-37.93946347680735
6852,44.165000000000006,17.807632,-26.357367553710944,-59.679310661634645
249676,16.9,33.17626,16.27626190185547,96.30924202281345
140611,10.0,6.003533,-3.996467113494873,-39.96467113494873
272279,8.45,6.7727804,-1.6772195816040032,-19.84875244501779
274767,3.2350000000000003,5.1903567,1.9553567314147946,60.44379386135377
17355,6.57,6.6790676,0.10906761169433565,1.6600854139168286
120007,2.99,2.7659593,-0.22404073715209982,-7.493001242545144
240019,9.99,7.7182407,-2.271759262084961,-22.740332953803414
93432,36.0,20.944347,-15.055652618408203,-41.821257273356125
100527,26.88,23.982067,-2.897932891845702,-10.78100034168788
19992,64.31,58.148315,-6.161684570312502,-9.58122309176256
244425,17.99,15.680162,-2.309837570190428,-12.839564036633844
193530,9.99,22.050169,12.060168991088867,120.72241232321188
247149,21.98,17.560263,-4.4197373199462895,-20.107995086197857
105471,9.9,7.133504,-2.766496086120606,-27.94440491030915
52765,9.99,9.883187,-0.10681270599365256,-1.0691962561927182
151359,28.95,30.073893,1.1238925933837898,3.8821851239509146
190319,32.91,10.525233,-22.384766731262204,-68.01813045050807
258148,5.3100000000000005,6.925257,1.6152572059631343,30.4191564211513
6266,22.99,21.203852,-1.7861483001708969,-7.769240105136569
56498,9.99,9.010723,-0.9792768859863283,-9.802571431294577
222012,94.0,92.97375,-1.0262527465820312,-1.091758241044714
232495,25.53,21.249233,-4.280766754150392,-16.767594023307446
73594,18.98,21.883736,2.903735656738281,15.298923375860277
158779,4.055,18.15747,14.102470703125,347.77979539149203
123667,5.99,18.198635,12.20863510131836,203.81694659963873
120686,98.99,57.894432,-41.0955679321289,-41.514868099938276
216859,95.29,62.341152,-32.9488478088379,-34.57744549148693
5171,46.89,44.62228,-2.267719879150391,-4.836254807315827
187032,50.0,23.098064,-26.901935577392578,-53.803871154785156
276392,2.99,5.7902284,2.8002283668518064,93.65312263718415
61906,14.95,13.049381,-1.9006187438964837,-12.713168855494875
230544,20.99,21.35479,0.3647897338867203,1.7379215525808498
46941,0.98,7.224305,6.244305152893066,637.1739951931701
11269,26.34,27.800756,1.4607564544677736,5.5457724163544935
148364,81.28,81.71839,0.4383914184570301,0.5393595207394564
220347,12.78,12.73959,-0.040410308837889986,-0.31619959967050065
77777,23.27,8.285235,-14.984764595031738,-64.39520668256012
56236,14.99,55.034046,40.0440461730957,267.13840008736287
144451,4.62,6.1770034,1.5570033836364745,33.70137194018343
144638,2.79,3.2306113,0.4406113243103027,15.792520584598662
287007,7.095000000000001,10.372326,3.2773258972167962,46.192049291286764
68942,18.5,17.056135,-1.4438648223876953,-7.804674715609164
54479,2.14,6.4420643,4.30206428527832,201.03104136814576
62547,14.99,18.120436,3.1304357147216795,20.883493760651632
131254,21.0,22.22845,1.2284507751464844,5.849765595935639
159674,0.98,5.7230506,4.743050594329834,483.9847545234524
271243,14.98,10.044006,-4.93599365234375,-32.950558426860816
85598,11.77,7.895031,-3.8749690246582027,-32.92242161986578
252802,30.21,17.852018,-12.357981643676759,-40.906923679830385
170090,14.97,7.3537817,-7.616218299865723,-50.87654174927002
133419,80.33,25.71214,-54.617860870361326,-67.991859666826
2739,46.64,57.712368,11.072368011474609,23.740068635237154
121663,9.99,9.162659,-0.8273413085937502,-8.28169478071822
226658,11.93,4.76983,-7.160169773101806,-60.01818753647784
268926,7.66,4.84413,-2.8158699607849123,-36.76070444888919
211518,12.99,15.650459,2.660459289550781,20.480825939574913
165125,6.69,11.075931,4.385930595397949,65.55950067859415
116203,10.5,13.606604,3.1066036224365234,29.58670116606213
255673,16.68,11.82519,-4.854810409545898,-29.105577994879482
22815,25.99,23.781467,-2.208532562255858,-8.497624325724733
3896,51.07,31.85762,-19.212379760742188,-37.619697984613644
14326,36.0,25.062513,-10.93748664855957,-30.381907357109917
161254,10.73,4.5687976,-6.161202411651612,-57.42033934437663
39933,15.99,15.340136,-0.6498644256591799,-4.064192780857911
225038,9.88,10.411791,0.5317908477783195,5.382498459294731
67502,32.14,12.729904,-19.410095825195313,-60.39233299687403
221365,36.8,42.655407,5.8554069519043,15.911431934522554
1124,17.99,24.458176,6.468175659179689,35.95428381978705
206557,11.99,11.322621,-0.6673786544799807,-5.566127226688746
168562,7.93,11.541202,3.6112015914916995,45.53848160771374
156004,24.56,7.542713,-17.017286834716796,-69.28862717718566
264398,44.99,41.08691,-3.9030897521972676,-8.675460662807884
294842,3.12,22.712917,19.59291732788086,627.9781194833608
63518,12.99,17.425953,4.435952911376953,34.148983151477694
5811,31.99,28.31346,-3.6765406036376937,-11.492780880392917
79309,8.99,11.903283,2.91328311920166,32.40581890101958
66879,8.99,9.863377,0.8733766174316404,9.714979059306344
257283,23.95,17.199345,-6.750655364990234,-28.18645246342478
281702,8.51,6.4858336,-2.0241663551330564,-23.785738603208653
182347,10.99,11.353776,0.3637759780883787,3.310063494889706
180891,4.29,4.2784343,-0.011565723419189489,-0.2695972824985895
52251,3.19,11.177824,7.987824020385743,250.40200690864398
36567,20.0,26.445984,6.44598388671875,32.22991943359375
242712,3.52,4.484751,0.9647512245178222,27.40770524198359
127184,5.98,32.32523,26.34522964477539,440.5556796785182
170193,4.79,8.666055,3.8760547256469726,80.919722873632
57558,44.99,28.724577,-16.26542304992676,-36.153418648425784
20858,19.6,29.43158,9.831579589843749,50.161120356345656
143725,128.44,95.199844,-33.240155639648435,-25.87990940489601
194627,3.39,25.440807,22.050807342529296,650.4662932899497
91758,55.0,48.14328,-6.856719970703125,-12.46676358309659
65909,3.09,3.9334073,0.8434073066711427,27.294734843726303
178896,7.225,4.890415,-2.334584808349609,-32.312592503108775
176960,13.725,7.1354475,-6.589552497863769,-48.01131145984531
280223,116.325,26.550167,-89.77483291625977,-77.17587183860715
41008,75.88,16.860018,-59.01998222351074,-77.78068295138473
141514,29.75,20.669476,-9.080524444580078,-30.52277124228598
178450,41.99,24.262636,-17.72736381530762,-42.21806100335227
221295,162.805,44.680206,-118.12479370117188,-72.55599871083312
282111,5.640000000000001,9.844853,4.2048534011840815,74.55413831886668
94470,6.585,9.484861,2.8998613739013672,44.037378495085306
121060,16.465,12.900627,-3.564372863769531,-21.64818016258446
75433,19.985,18.678774,-1.3062261199951166,-6.536032624443916
73943,1.48,1.7910914,0.3110914421081543,21.01969203433475
4316,7.07,5.44755,-1.6224501800537112,-22.948375955498037
94544,21.99,27.201557,5.21155715942383,23.69966875590646
169747,5.19,4.7914066,-0.39859336853027383,-7.680026368598725
14712,13.99,16.691479,2.7014787292480467,19.310069544303406
286276,100.18,19.09356,-81.08644073486329,-80.94074738956208
251083,5.99,18.368973,12.378972778320312,206.6606473843124
91675,45.19,26.493172,-18.696828308105466,-41.37381789799838
264362,30.49,15.706295,-14.783704986572264,-48.48706128754433
32296,2.935,9.475836,6.540835800170898,222.85641567873586
278095,4.39,5.975567,1.5855668640136722,36.11769621899026
144936,20.68,28.751093,8.071092910766602,39.028495700031925
134036,20.99,23.45526,2.4652593231201188,11.74492293053892
46672,8.49,11.310329,2.820329437255859,33.21942800065794
285281,4.14,7.727418,3.5874179458618167,86.6526073879666
285919,9.92,14.110491,4.190490798950195,42.24285079586891
288423,13.79,16.553585,2.7635850524902352,20.040500743221433
131612,21.195,19.36036,-1.834640808105469,-8.656007587192589
235698,22.95,21.114866,-1.835133743286132,-7.996225460941753
99134,4.31,3.8409638,-0.46903615951538047,-10.88250950151695
275356,9.99,10.475268,0.4852683639526365,4.857541180707072
27317,4.73,8.8235,4.093499679565429,86.54333360603444
240378,6.19,12.863082,6.673081932067871,107.8042315358299
250159,8.52,8.043738,-0.47626163482665973,-5.58992529139272
35291,7.505,6.0064964,-1.4985035705566405,-19.96673644978868
115672,9.99,11.378053,1.3880527114868162,13.894421536404566
14681,34.99,18.191204,-16.79879592895508,-48.010277019019945
4939,4.97,2.8982933,-2.071706743240356,-41.684240306647006
51142,19.57,24.760916,5.190915756225586,26.52486334300248
282997,14.99,8.925118,-6.064881553649903,-40.45951670213411
116007,37.545,33.270977,-4.27402297973633,-11.383734131672206
219206,5.640000000000001,11.363075,5.723075256347656,101.47296553807898
24618,11.5,12.703509,1.2035093307495117,10.465298528256623
157874,4.095,7.6880617,3.5930617141723635,87.74265480274393
203138,57.99,57.51993,-0.47006820678711136,-0.8106021844923459
113061,69.95,63.67341,-6.276591491699222,-8.972968537096813
141323,3.57,8.173633,4.603632621765136,128.95329472731476
234410,9.99,13.56844,3.5784404373168943,35.82022459776671
201125,24.99,19.853813,-5.13618682861328,-20.55296850185386
185231,28.99,16.256006,-12.733993759155272,-43.9254700212324
11209,30.185,24.50189,-5.6831098175048815,-18.82759588373325
279683,9.29,15.691227,6.4012269592285165,68.90448825864927
71282,6.29,5.9637423,-0.32625774383544925,-5.186927564951498
165734,26.48,26.024313,-0.4556870269775395,-1.7208724583743937
66664,52.49,21.60857,-30.88142990112305,-58.832977521667075
159439,9.61,7.8219147,-1.788085327148437,-18.606507046289668
104325,9.89,13.363805,3.4738048171997065,35.12441675631655
171515,3.38,7.177185,3.79718505859375,112.34275321283285
284196,7.2,6.676983,-0.5230171203613283,-7.264126671685116
48008,8.49,11.878109,3.388108978271484,39.90705510331548
228086,4.28,9.915624,5.635623664855957,131.67345011345694
94574,17.99,16.49704,-1.4929602050781234,-8.298833824781122
193443,2.74,31.880505,29.140504608154295,1063.5220659910326
221806,5.0600000000000005,9.640079,4.580078544616699,90.515386257247
116684,4.99,10.61291,5.622910270690918,112.68357255893622
42138,23.645,21.636456,-2.0085444641113277,-8.494584326966919
210832,22.95,32.0227,9.072701263427735,39.532467378770086
176269,9.92,9.825107,-0.09489337921142571,-0.9565864839861462
76351,14.47,14.430845,-0.03915473937988345,-0.2705925319964302
235225,30.37,34.489895,4.119894866943358,13.56567292375159
98578,38.5,14.414618,-24.08538246154785,-62.55943496505936
48660,6.59,10.106021,3.5160209274291994,53.353883572522
214312,5.74,4.992807,-0.7471930885314944,-13.017301193928473
141761,24.99,28.017925,3.0279252624511734,12.116547668872244
172013,5.890000000000001,8.050993,2.1609929656982416,36.68918447704994
172677,4.99,5.2022967,0.21229673385620096,4.254443564252524
18755,26.14,27.73509,1.5950902557373041,6.102105033425035
185949,13.49,13.2235,-0.2664997482299807,-1.9755355687915543
172124,1.59,4.8926663,3.3026663398742677,207.7148641430357
224254,10.05,6.34411,-3.7058899879455574,-36.87452724323938
69991,6.29,4.5342126,-1.755787410736084,-27.913949296281142
43948,6.99,9.092188,2.1021878814697263,30.07421861902327
179706,12.3,9.4803505,-2.819649505615235,-22.923979720449065
50305,79.99,26.73813,-53.25186943054199,-66.57315843298161
219411,60.86,61.080196,0.22019638061523494,0.3618080522761008
67245,13.99,13.57567,-0.4143297576904299,-2.9616137075799136
245578,39.99,37.23388,-2.7561209106445332,-6.892025282932066
6866,3.79,11.071892,7.281891784667969,192.13434788042133
106110,19.95,20.801428,0.8514278411865241,4.267808727752001
45782,9.55,10.322991,0.7729913711547844,8.094150483296172
271187,39.99,37.700382,-2.2896177673339864,-5.725475787281786
185869,81.18,76.04087,-5.139129333496101,-6.330536257078221
293175,34.885,26.344341,-8.540658721923826,-24.482323984302212
62379,4.19,10.608254,6.418254432678222,153.18029672263057
140280,20.53,13.982462,-6.547538070678712,-31.892538093905078
207621,53.18,42.929848,-10.250152282714843,-19.27444957261159
56186,33.65,10.391971,-23.25802936553955,-69.11747211155884
30370,1.585,13.972471,12.387471237182616,781.5439266361273
188909,9.965,6.7179246,-3.2470754051208495,-32.584800854198186
199313,22.99,29.065699,6.075698623657228,26.427571220779594
32536,6.74,16.234207,9.494207153320312,140.86360761602836
161663,130.26,141.36777,11.107767333984384,8.527381647462294
16307,10.44,9.118147,-1.3218531036376948,-12.66142819576336
260350,24.99,7.992157,-16.997843017578123,-68.01857950211334
201486,32.49,38.524197,6.034196624755857,18.572473452618826
219208,6.415,12.272903,5.8579034423828125,91.31572006832131
200394,28.64,20.05402,-8.585980072021485,-29.978980698399038
190126,44.99,56.92816,11.938161621093748,26.535144745707374
237093,5.495,5.7497435,0.2547434616088866,4.6359137690425225
173456,7.96,14.439121,6.479121246337891,81.39599555700869
289817,21.99,15.050276,-6.939724197387694,-31.55854569071257
92185,38.49,22.207582,-16.28241752624512,-42.302981362029406
35578,5.59,4.4468274,-1.1431725883483885,-20.450314639506058
32311,13.97,25.191626,11.221625595092773,80.32659695843073
84542,16.99,16.790154,-0.1998464965820297,-1.1762595443321346
193803,6.025,21.819159,15.794158554077148,262.1437104411145
175739,7.95,9.130861,1.1808612823486326,14.853601035831856
200306,18.24,16.140982,-2.0990183258056625,-11.507775909022273
89071,35.91,12.223997,-23.68600288391113,-65.95935083238967
66312,15.98,29.725588,13.745587844848632,86.01744583760095
240786,34.99,18.239023,-16.750976791381838,-47.873611864480814
117425,21.0,24.974403,3.9744033813476562,18.92573038736979
23383,9.485,9.969409,0.4844089889526373,5.107105840301922
209781,25.69,22.619337,-3.0706629180908216,-11.952755617325113
226481,14.95,14.222441,-0.7275592803955071,-4.866617260170616
265408,6.245,6.82024,0.575240020751953,9.211209299470825
231206,2.495,8.061922,5.566922073364258,223.1231291929562
28724,8.42,7.2562103,-1.1637896728515624,-13.821730081372474
120009,23.76,18.519907,-5.2400930023193375,-22.054263477774988
250556,29.27,21.420128,-7.849872131347656,-26.818832016903503
196722,28.0,25.126135,-2.8738651275634766,-10.263804027012416
40286,13.98,10.905983,-3.074017028808594,-21.988676887042878
298357,4.69,13.555247,8.86524730682373,189.02446283206245
33647,25.22,25.165218,-0.05478164672851449,-0.21721509408610026
11006,23.99,30.372042,6.382041702270509,26.602924978201376
215529,5.46,13.173869,7.7138691329956055,141.27965445046897
52657,22.2,2.5352747,-19.664725255966186,-88.57984349534318
210951,24.99,26.902334,1.9123342132568375,7.652397812152212
72197,24.51,9.089067,-15.420932540893556,-62.91690143163425
143010,7.685,9.634838,1.9498381042480473,25.371998754040952
292345,28.01,12.277068,-15.732931861877443,-56.16898201312903
273999,14.39,9.203838,-5.186161651611329,-36.0400392745749
273596,18.99,16.529232,-2.460767974853514,-12.958230515289701
155841,45.6,11.461529,-34.13847122192383,-74.8650684691312
290317,11.235,18.769817,7.534817352294922,67.0655750093006
208745,12.99,16.3115,3.321500549316406,25.569673204899203
5777,27.49,28.204796,0.7147958374023453,2.6002031189608776
148294,9.99,10.041953,0.05195308685302713,0.520050919449721
230310,7.96,6.813613,-1.1463870620727539,-14.401847513476806
7052,5.19,8.4814,3.291399536132812,63.418102815661115
126973,17.95,19.614035,1.6640346527099616,9.270388037381402
284420,2.87,16.326696,13.456696395874022,468.87443888062796
124987,10.99,10.408853,-0.5811474227905276,-5.287965630487057
29486,17.4,8.0816765,-9.318323516845702,-53.55358343014771
294152,5.24,16.304552,11.06455207824707,211.15557401234867
40112,7.1,7.15899,0.05898990631103551,0.8308437508596552
42763,1.2,5.1362753,3.936275291442871,328.02294095357263
109117,8.13,14.126423,5.996422882080077,73.75673901697512
36307,31.520000000000003,13.79599,-17.724010009765628,-56.23099622387572
28663,7.640000000000001,13.849747,6.209746704101562,81.27940712174818
131503,14.9,13.926211,-0.9737886428833011,-6.535494247538934
51778,2.08,5.800066,3.7200659942626952,178.84932664724496
118059,146.17,150.56943,4.3994274902343875,3.009801936262152
101421,93.1,25.846127,-67.25387344360351,-72.23831734006822
231671,6.55,6.18815,-0.36185007095336896,-5.524428564173572
23944,18.98,18.309841,-0.670158843994141,-3.5308685141946317
115630,36.99,43.067204,6.077203521728514,16.429314738384733
16418,1.94,7.9795427,6.03954273223877,311.31663568241083
169878,14.875,12.458146,-2.416853904724121,-16.247757342683165
68058,17.265,20.613827,3.348826751708984,19.39662178806246
133721,34.88,24.098549,-10.781451110839846,-30.910123597591298
257435,6.67,6.4383836,-0.23161642074584954,-3.4725100561596633
55536,18.95,15.591442,-3.3585578918457024,-17.723260642985238
164694,38.91,13.142076,-25.767924461364743,-66.22442678325558
266654,34.99,11.636607,-23.35339282989502,-66.74304895654478
118831,46.13,29.597483,-16.53251731872559,-35.83897099225143
164416,20.72,19.855091,-0.8649089050292957,-4.174270777168416
112002,21.98,32.604176,10.624175567626953,48.335648624326446
266846,27.535,12.374229,-15.160770568847656,-55.05999843416618
280085,21.685,16.843044,-4.841955718994139,-22.328594507697208
113464,5.04,6.2363644,1.1963643646240234,23.73738818698459
210752,56.98,77.51677,20.53676940917969,36.042066355176715
111731,2.99,4.8272414,1.8372414207458494,61.446201362737426
190233,13.37,16.472136,3.102135543823243,23.202210499799875
291772,58.525,23.09776,-35.42724075317383,-60.533516878554174
183636,31.49,22.226015,-9.263984909057616,-29.418815208185507
30613,4.19,4.0847616,-0.1052383804321293,-2.511655857568718
4675,74.75,23.763195,-50.9868049621582,-68.20977252462636
261035,46.86,40.146397,-6.713603363037109,-14.326938461453498
96436,18.7,9.597439,-9.10256118774414,-48.67679779542321
1472,55.93,57.98802,2.058021850585938,3.6796385671123506
186323,15.49,12.652857,-2.8371431732177737,-18.315966257054704
170339,8.975,12.899324,3.924324417114258,43.72506314333435
234717,29.625,12.742932,-16.882067680358887,-56.98588246534645
282684,4.69,12.732657,8.042657432556151,171.48523310354264
47636,16.15,13.246756,-2.9032444000244126,-17.976745510987076
153302,10.01,9.50702,-0.5029800033569334,-5.024775258311022
165255,32.46,26.233625,-6.226374588012696,-19.181683881739666
159724,1.485,15.898304,14.413303985595704,970.5928609828757
101554,6.234999999999999,9.189467,2.9544674301147467,47.385203369923765
70516,5.57,5.7789383,0.20893829345703097,3.751136327774344
110319,24.0,18.714384,-5.285615921020508,-22.023399670918785
13817,12.0,13.398209,1.3982086181640625,11.65173848470052
219108,49.99,45.224773,-4.76522659301758,-9.532359657966753
30950,5.69,5.158452,-0.5315479660034184,-9.341792021149708
272957,3.19,4.841181,1.6511808013916016,51.76115364863955
142002,20.68,29.22668,8.546680755615235,41.32824349910655
146760,30.98,27.09682,-3.8831791687011723,-12.53447117075911
132033,9.615,15.011227,5.396226654052734,56.12300212223332
89302,24.78,17.762249,-7.017751007080079,-28.3202219817598
269783,16.135,18.761833,2.626833190917967,16.280342057130255
237222,17.99,13.895226,-4.094774475097655,-22.761392301821317
213982,52.99,53.51658,0.5265786743164043,0.9937321651564527
120588,7.39,13.206443,5.816442832946778,78.70693955273042
129018,104.99,51.05316,-53.936838378906245,-51.373310199929755
240129,24.66,22.96347,-1.6965295410156251,-6.879681837046331
63201,28.0,30.646416,2.6464157104492188,9.451484680175781
137242,34.99,8.386541,-26.603458633422854,-76.03160512552974
288410,11.23,18.621313,7.391313095092773,65.8175698583506
146653,30.83,27.953468,-2.876531677246092,-9.330300607350281
224239,15.95,14.058386,-1.8916141510009759,-11.8596498495359
292562,10.345,8.179772,-2.1652276229858405,-20.930184852448917
154580,2.28,3.863906,1.5839059066772463,69.46955731040555
25211,17.7,7.2169123,-10.483087730407714,-59.22648435258596
43725,18.74,15.819752,-2.9202482604980453,-15.582968305752646
188738,39.99,27.981356,-12.008644332885744,-30.029118111742292
3014,7.35,10.142077,2.792077445983887,37.98744824467874
150711,8.265,14.267424,6.002423629760742,72.62460532075912
196510,68.42,72.802,4.382001953124998,6.404562924766148
192231,72.99,54.962486,-18.02751373291015,-24.698607662570424
228577,1.2,2.211573,1.0115728855133057,84.29774045944215
242742,70.34,51.416145,-18.923854675292972,-26.903404428906697
282555,7.99,9.663226,1.6732261276245115,20.941503474649707
293520,7.49,7.4656487,-0.024351348876953338,-0.32511814254944377
218057,17.16,12.290614,-4.869385871887207,-28.376374544797244
189855,23.435,7.5897913,-15.845208702087401,-67.61343589540175
9360,22.0,8.164641,-13.835358619689941,-62.88799372586337
215372,19.88,32.93602,13.056019897460938,65.67414435342525
104093,11.42,13.816906,2.396905975341797,20.988668785830093
245092,9.41,84.22903,74.8190267944336,795.101241173577
280030,9.985,8.279439,-1.705561027526855,-17.08123212345373
621,11.99,9.793593,-2.196406593322754,-18.318653822541737
290303,7.54,22.484007,14.944006881713868,198.19637774156325
5298,39.71,56.691315,16.981314697265624,42.76332081910255
212580,26.99,15.89366,-11.096340408325194,-41.11278402491735
175327,1.94,2.118546,0.17854600906372076,9.20340252905777
210024,54.98,32.48553,-22.494469146728512,-40.91391259863316
262510,72.77,57.496914,-15.273086090087887,-20.988162828209273
18012,50.19,65.957985,15.767984924316409,31.416586818721676
122491,28.48,35.047764,6.56776382446289,23.060968484771383
49125,15.53,16.21821,0.6882102203369147,4.431488862439889
238910,17.99,25.723778,7.733777770996095,42.98931501387491
250601,158.25,109.148705,-49.101295471191406,-31.027674863312104
179196,3.515,4.118917,0.6039169883728026,17.18113764929737
137885,2.98,2.82519,-0.15480993270874022,-5.194964184857055
118095,135.92,114.14679,-21.773210449218737,-16.019136587123853
7070,1.48,1.9254103,0.445410270690918,30.095288560197165
15685,13.49,28.491318,15.001317749023437,111.20324498905438
169016,4.19,9.23892,5.048920211791992,120.499289064248
204084,133.99,16.979597,-117.0104029083252,-87.32771319376461
94088,14.94,13.664965,-1.2750353240966792,-8.534372985921548
65775,17.09,10.365886,-6.724114265441894,-39.345314601766496
111554,5.99,14.5363865,8.546386489868164,142.6775707824401
44469,9.15,12.222929,3.072929000854492,33.58392350660647
264517,10.99,18.931543,7.941543350219726,72.26154094831416
119883,4.59,6.366909,1.7769090270996095,38.7126149694904
65429,27.99,18.193235,-9.796764602661131,-35.00094534712802
66858,2.49,3.4173827,0.9273827171325681,37.244285828617194
202636,29.7,13.676966,-16.023034286499023,-53.9496103922526
109297,11.99,12.899176,0.9091756439208982,7.582782684911578
24786,59.0,25.09713,-33.902870178222656,-57.46249182749603
48955,7.08,5.2804284,-1.799571590423584,-25.417677830841583
27019,42.625,7.838167,-34.78683280944824,-81.61133796938003
287982,16.105,21.842749,5.737748641967773,35.62712599793712
159330,8.36,8.694079,0.3340793991088873,3.996165061111092
182331,9.99,11.688256,1.69825626373291,16.99956219952863
174421,9.74,8.884194,-0.8558056259155276,-8.786505399543405
52662,5.27,9.063933,3.793933372497559,71.99114558818897
257909,8.95,7.496622,-1.4533779144287102,-16.238859379091735
8820,39.97,14.428998,-25.54100200653076,-63.90043033908122
122948,14.98,8.223071,-6.756928901672364,-45.106334457091876
65112,32.99,11.179027,-21.81097339630127,-66.11389328978863
159588,17.9,3.6674824,-14.232517623901366,-79.51127164190707
177557,2.14,7.432003,5.292003021240234,247.2898608056184
215060,28.24,25.283682,-2.9563181304931625,-10.468548620726496
35383,2.59,2.0212264,-0.5687735939025877,-21.960370420949335
216664,16.87,11.995202,-4.874797935485841,-28.89625332238198
112994,17.98,13.991531,-3.988468627929688,-22.182806606950432
63956,4.99,9.514759,4.524759063720703,90.67653434310026
182928,143.76,19.726692,-124.03330780029296,-86.27803825841191
94126,8.29,22.18835,13.898350677490235,167.65199852219828
72413,24.14,31.189709,7.049708709716796,29.203432931718293
242809,32.95,25.006142,-7.943858337402347,-24.108826517154313
162237,1.42,8.527536,7.107536392211914,500.5307318459095
196689,7.99,13.542375,5.552374610900879,69.4915470700986
151020,27.19,12.398022,-14.791978302001954,-54.40227400515614
34748,2.4450000000000003,3.3561463,0.9111463356018064,37.26569879761989
295579,43.95,35.08794,-8.86205978393555,-20.163958552754377
15466,29.8,16.853636,-12.946364212036134,-43.44417520817495
219856,7.39,17.000751,9.610751495361328,130.05076448391512
135754,27.99,20.683403,-7.30659698486328,-26.104312200297535
8943,14.99,12.414217,-2.5757830047607424,-17.18334225991156
238403,19.99,28.253618,8.263618240356447,41.33876058207328
109842,11.49,18.35504,6.865039596557617,59.74795123200711
146717,50.13,50.03586,-0.09414184570312756,-0.18779542330566038
21649,25.99,46.106186,20.11618591308594,77.39971494069235
113569,1.52,8.789614,7.269613723754883,478.2640607733476
275467,16.95,10.534392,-6.415607643127441,-37.850192584822665
262464,32.99,38.285828,5.295827636718748,16.05282702855031
75850,36.24,38.931328,2.6913278198242168,7.426401268830619
270557,23.255000000000003,14.950634,-8.304365997314456,-35.710023639279534
68144,3.99,5.588685,1.5986850357055662,40.06729412795905
212834,11.99,14.3401785,2.3501784896850584,19.601155043244855
287631,2.99,6.131069,3.141069183349609,105.05248104848191
235292,34.44,31.685982,-2.7540182495117165,-7.996568668733207
283215,20.88,21.970106,1.0901061248779307,5.220814774319591
99728,3.79,6.496071,2.706070861816406,71.4002865914619
43425,1.755,5.1318293,3.3768292617797853,192.4119237481359
241725,3.29,3.4743185,0.18431850433349606,5.602386149954287
82722,19.795,7.4547787,-12.340221328735353,-62.34009259275247
7149,14.58,23.123278,8.54327766418457,58.59586875298059
295600,77.99,72.29751,-5.692491760253901,-7.299002128803567
98784,20.98,33.76724,12.787238616943359,60.94965975664136
181232,130.32,155.01698,24.69698303222657,18.951030564937515
271845,7.939999999999999,7.803973,-0.1360268020629869,-1.7131839050754019
247171,3.98,15.1793995,11.199399490356445,281.3919469938805
75273,2.19,3.9890199,1.7990198707580567,82.14702606201172
288699,2.99,9.342723,6.35272289276123,212.4656485873321
195599,49.44,51.603848,2.1638475036621116,4.37671420643631
112250,7.91,9.274572,1.3645723724365233,17.251231004254404
249781,24.99,17.111504,-7.87849639892578,-31.526596234196802
27201,17.99,7.952714,-10.03728603363037,-55.79369668499372
4520,26.76,9.355134,-17.40486598968506,-65.04060534261981
178546,14.99,21.288586,6.298585662841797,42.01858347459504
259404,1.0,4.9230704,3.9230704307556152,392.3070430755615
162019,65.765,25.690475,-40.07452453613281,-60.93594546663547
15333,71.99,32.415516,-39.57448410034179,-54.972196277735506
2190,81.28,82.68204,1.4020373535156239,1.7249475313922538
204356,58.64,14.761985,-43.87801517486572,-74.8260831767833
174979,17.14,11.908231,-5.231769218444825,-30.52374106443888
211392,77.99,60.677734,-17.312265624999995,-22.198058244646745
84730,7.58,8.214655,0.6346549224853515,8.372756233315982
140918,20.99,21.978865,0.9888646697998063,4.7111227717951705
169362,34.91,13.409438,-21.50056186676025,-61.58854731240405
168271,37.99,11.100578,-26.889421691894533,-70.78026241614775
76769,5.54,14.577023,9.037022552490235,163.12315076697175
206573,11.99,11.403414,-0.5865862274169924,-4.8922954747038565
96458,14.525,7.4199934,-7.10500659942627,-48.91570808555091
281673,4.49,19.148123,14.658122787475586,326.46153201504643
188115,19.96,8.15863,-11.80136962890625,-59.12509834121368
253216,12.21,15.2131,3.0031004333496085,24.595417144550435
71382,27.49,19.36488,-8.125120391845702,-29.556640203149154
263546,30.99,17.213512,-13.776487579345702,-44.454622714894164
213612,37.79,14.139307,-23.650692977905273,-62.58452759435108
13797,1.48,19.666842,18.186841506958007,1228.8406423620274
68588,10.75,4.947348,-5.802651882171631,-53.97815704345703
252854,8.485,23.195168,14.710167541503907,173.36673590458346
239137,2.12,6.6994977,4.579497699737549,216.01404244045042
52649,48.0,29.58649,-18.413509368896484,-38.361477851867676
264157,15.665,22.124998,6.459998092651368,41.238417444311324
296392,12.99,11.262531,-1.727468719482422,-13.298450496400477
19107,25.5,15.228062,-10.27193832397461,-40.28211107441023
103899,6.49,9.401336,2.9113357162475584,44.85879377885298
29142,83.46,29.466825,-53.9931745147705,-64.69347533521508
142892,18.55,19.710299,1.160298538208007,6.254978642630765
255404,1.92,3.2698894,1.3498893547058106,70.30673722426097
112793,3.175,8.207425,5.032425117492676,158.50157850370636
236978,35.85,28.297417,-7.552583312988283,-21.067177999967317
181130,1.595,18.464994,16.869994430541993,1057.6799016013788
102767,11.685,24.845469,13.160468521118164,112.62703056155894
88096,9.99,9.501828,-0.48817180633544943,-4.886604668022517
259763,6.725,3.2980947,-3.426905250549316,-50.957698892926636
46865,11.49,13.442022,1.9520223236083982,16.988880101030446
5238,2.22,13.51046,11.290459899902343,508.57927477037583
206975,101.99,20.15244,-81.83756088256835,-80.24076956816194
158923,2.29,4.89836,2.608359775543213,113.90217360450711
81252,5.6,19.625769,14.025768661499024,250.46015466962547
49959,4.46,7.230196,2.770195999145508,62.112017918060715
255963,7.24,21.08846,13.84846092224121,191.2770845613427
296364,18.46,17.83452,-0.6254796600341805,-3.3882971832837514
110512,4.97,12.374682,7.404682426452637,148.9875739728901
199997,13.99,17.867994,3.8779943084716795,27.71975917420786
138674,13.44,7.5427685,-5.897231521606445,-43.87821072623843
194295,55.19,10.711617,-44.4783825302124,-80.591379833688
92799,7.1,4.2894826,-2.8105174064636227,-39.584752203712995
30151,174.99,62.20879,-112.78121017456056,-64.45008867624466
18530,26.54,25.451237,-1.0887632751464835,-4.102348436874467
191594,13.99,10.915618,-3.0743820571899416,-21.97556867183661
298712,4.66,9.503058,4.843058433532715,103.92829256507972
137394,21.98,10.3377495,-11.642250518798829,-52.96747278798375
201656,23.58,3.304627,-20.27537305831909,-85.98546674435578
197832,12.69,9.3306055,-3.359394493103027,-26.472769843207463
114146,44.52,43.07853,-1.4414706420898469,-3.2378046767516775
143657,24.42,20.661499,-3.7585009765625017,-15.391076890100333
22609,44.93,10.363748,-34.56625240325928,-76.9335686696178
29260,2.64,9.090523,6.450522766113281,244.33798356489697
282249,3.74,13.992246,10.2522456741333,274.1242158859171
101397,7.99,12.301348,4.311347732543945,53.959295776519966
256864,22.87,4.5559444,-18.314055557250978,-80.07894865435496
235828,5.92,16.052715,10.132715301513672,171.1607314444877
249553,1.72,6.835665,5.115665225982666,297.4223968594573
243204,31.33,14.386346,-16.943654136657713,-54.08124524946605
60281,45.28,21.726704,-23.553296356201173,-52.016997253094466
138888,2.135,3.468347,1.3333470726013186,62.45185351762616
31332,11.07,14.313368,3.2433678436279294,29.298715841264038
30147,2.655,7.1979275,4.542927474975587,171.1083794717735
133471,76.22,87.960594,11.740594177246095,15.40356097775662
169441,6.99,6.0123796,-0.9776203536987307,-13.985985031455375
34301,13.5,12.760988,-0.7390117645263672,-5.474161218713831
110179,13.96,12.209739,-1.7502612686157235,-12.537688170599736
285583,5.82,4.8003044,-1.0196955871582034,-17.520542734677033
192993,9.99,11.104924,1.1149242019653318,11.160402422075395
146705,97.46,54.865276,-42.59472366333007,-43.704826250082164
233786,14.99,13.990033,-0.9999668502807619,-6.670892930492074
158263,4.49,7.243779,2.753779182434082,61.33138490944503
174526,8.99,10.541504,1.5515039062499998,17.258107967185758
217318,6.76,22.097921,15.337921371459961,226.89232798017693
1039,5.515000000000001,22.100008,16.585008010864257,300.7254399068768
199823,44.99,39.464264,-5.525736083984377,-12.282142885050847
97233,3.04,14.327306,11.287305793762208,371.29295374217793
292022,24.99,13.414169,-11.575830688476561,-46.321851494504045
166112,4.49,8.965287,4.475287208557129,99.6723209032768
64287,19.79,21.01326,1.2232598876953134,6.181202060107697
53823,15.65,13.340245,-2.3097547531127933,-14.758816313819764
80230,4.78,22.108294,17.328293533325194,362.5166011155898
160391,15.89,13.044964,-2.8450361633300787,-17.90456993914461
17789,5.34,4.251714,-1.0882857704162596,-20.37988334112846
62224,16.96,47.871353,30.91135314941406,182.2603369658848
196912,14.49,8.453577,-6.036422958374024,-41.659233667177524
287349,4.63,5.3338337,0.7038336944580079,15.201591672959136
112521,92.43,32.447174,-59.98282592773438,-64.8954083389964
150147,13.1,10.480371,-2.619628524780273,-19.997164311299795
219270,29.99,26.867125,-3.1228754425048812,-10.41305582695859
88461,1.24,6.0685034,4.828503379821777,389.39543385659493
234893,13.99,15.22407,1.2340695953369138,8.821083597833551
297533,5.64,11.760784,6.120784149169922,108.52454165194898
190787,6.734999999999999,16.13138,9.396380081176758,139.51566564479228
39203,41.33,11.327203,-30.002797203063963,-72.5932668837744
20686,26.14,34.294415,8.154414520263671,31.19515883804006
78039,7.99,15.567131,7.5771310424804685,94.83267887960535
216861,6.39,12.309726,5.9197257614135745,92.6404657498212
257735,43.99,15.734148,-28.255851974487307,-64.23244367921642
90796,38.45,30.87238,-7.577620697021487,-19.707726130094894
225159,10.0,13.274435,3.274435043334961,32.74435043334961
118380,15.99,8.411729,-7.578271141052246,-47.393815766430556
80744,3.885,4.3375673,0.4525673294067385,11.649094708024158
152985,11.99,39.879383,27.8893830871582,232.6053635292594
146908,27.61,30.068419,2.4584185028076178,8.90408729738362
259868,49.52,51.704643,2.1846432495117156,4.411638225992964
203728,11.98,15.050051,3.0700507354736324,25.62646690712548
40300,11.885,13.764268,1.8792679214477541,15.81209862387677
219095,1.56,4.2321754,2.672175350189209,171.29329167879544
201592,61.4,43.368534,-18.031465911865233,-29.36720832551341
50174,54.49,34.471943,-20.018057098388674,-36.73712075314493
27882,8.87,7.7545977,-1.1154023361206047,-12.57499815243072
181053,4.89,6.684962,1.794961795806885,36.70678519032485
62492,55.0,32.108852,-22.89114761352539,-41.620268388227984
139269,4.905,6.403329,1.4983288955688474,30.546970347988733
192945,3.935,7.6740932,3.739093246459961,95.02142938907143
267453,7.29,9.688876,2.398876152038574,32.906394403821324
70243,1.2,1.7696812,0.5696812152862549,47.47343460718791
200046,35.99,29.658787,-6.331213226318361,-17.59158995920634
195126,12.41,10.568806,-1.841194305419922,-14.836376353101707
275543,4.67,6.207857,1.5378571319580079,32.930559570835285
100791,32.4,12.762727,-19.637273216247557,-60.60886795138135
67980,19.87,18.069347,-1.8006526184082041,-9.062167178702587
187916,9.95,15.501362,5.551361846923829,55.79258137611889
202460,33.76,10.067039,-23.69296146392822,-70.18057305665943
240408,10.55,22.955559,12.405558776855468,117.5882348517106
237290,22.93,15.818247,-7.111753158569336,-31.015059566373033
111055,7.49,5.3459015,-2.1440985107421877,-28.626148341017192
129791,21.99,22.42238,0.4323804473876969,1.9662594242278169
124090,49.345,28.489096,-20.855904312133788,-42.2654864973833
257242,14.42,12.630692,-1.7893084716796874,-12.408519221079663
251635,28.14,5.7756467,-22.364353313446045,-79.47531383598452
5449,83.74,53.338608,-30.401392211914057,-36.30450467149995
281706,6.5,6.4559274,-0.044072628021240234,-0.6780404310960035
127057,39.97,41.741917,1.7719166564941418,4.4331164785943
225163,39.99,33.736336,-6.253664245605471,-15.638070131546563
235363,30.37,34.00537,3.635371093749999,11.970270311985507
133226,21.99,13.804321,-8.185678710937498,-37.224550754604365
216378,6.29,9.25505,2.965049705505371,47.13910501598364
81302,4.29,14.682865,10.392865142822266,242.25792873711578
296304,9.99,8.800275,-1.189725151062012,-11.90916067129141
150843,13.49,20.399347,6.909347305297851,51.218289883601564
298079,51.82,10.981058,-40.83894187927246,-78.80922786428495
195158,41.75,31.009056,-10.740943908691406,-25.726811757344688
290119,33.12,32.340767,-0.7792330932617162,-2.352756924099385
109467,6.09,6.3892465,0.2992464637756349,4.913735037366748
260601,8.15,8.418533,0.26853332519531214,3.2948874257093514
169690,1.89,6.7821445,4.892144546508789,258.8436267994068
145363,9.23,9.714776,0.48477603912353473,5.252178105347072
192998,31.24,17.257872,-13.982128372192381,-44.75713307359918
41695,10.99,12.377208,1.3872077560424803,12.622454559076255
260898,5.19,4.37702,-0.812980117797852,-15.664356797646473
166954,3.98,23.536375,19.556375045776367,491.3662071803107
196033,55.28,64.513,9.233000488281249,16.702244009191837
20174,64.31,55.471264,-8.838736114501955,-13.743952907015947
193696,5.18,6.9796386,1.7996385765075686,34.74205746153608
13285,6.0,5.3072248,-0.6927752494812012,-11.54625415802002
81446,3.34,5.3936934,2.0536934471130373,61.487827757875365
31988,11.52,18.962238,7.4422383117675786,64.60276312298245
99505,107.83,25.910074,-81.91992576599121,-75.97136767689067
257331,13.49,13.208654,-0.2813455963134768,-2.085586332939042
141183,19.275,12.244721,-7.030278587341307,-36.47355946739978
294519,21.49,8.279352,-13.210647811889647,-61.47346585337202
135229,11.99,10.014886,-1.975114097595215,-16.473011656340407
73690,3.39,8.255695,4.865695343017578,143.53083607721467
186555,8.005,10.922387,2.9173871231079094,36.44456118810629
81031,4.0600000000000005,9.726851,5.666851463317871,139.57762224920862
27924,1.84,5.5302486,3.6902486419677736,200.55699141129205
80369,9.72,10.339571,0.6195709991455072,6.374187234007275
94165,4.25,7.375677,3.1256771087646484,73.5453437356388
4221,5.49,10.4219055,4.931905517578125,89.8343445824795
155652,6.66,11.588944,4.928944435119629,74.00817470149592
225115,29.99,18.138552,-11.851448287963866,-39.518000293310656
190482,6.37,5.7354717,-0.6345282745361329,-9.961197402451067
5109,35.63,33.94258,-1.68741882324219,-4.735949546006708
136536,6.970000000000001,9.205062,2.2350619125366205,32.06688540224707
225527,6.285,16.631084,10.346084442138672,164.61550425041642
20319,50.19,55.39027,5.200270233154299,10.361168027802947
298233,13.79,10.5113735,-3.278626480102538,-23.775391443818265
233653,29.99,26.086586,-3.903414001464842,-13.015718577742055
3701,47.99,52.99093,5.000928649902342,10.42077234820242
231297,28.085,15.827766,-12.25723358154297,-43.64334549240865
40838,27.49,24.350975,-3.1390249633789047,-11.418788517202273
260805,31.97,18.672356,-13.29764434814453,-41.594133087721396
94251,17.08,15.819511,-1.2604885864257795,-7.379909756591216
88354,15.07,11.609317,-3.460683174133301,-22.9640555682369
56608,42.435,16.71143,-25.723570404052737,-60.61875905279306
57747,14.97,5.174784,-9.795215816497803,-65.43230338341885
160658,5.37,6.166762,0.7967618751525878,14.837278866901077
241291,3.97,6.4612694,2.491269378662109,62.75237729627479
269263,10.0,13.948709,3.9487085342407227,39.48708534240723
288512,13.98,8.79304,-5.18695972442627,-37.1027161976128
94388,37.39,39.192677,1.8026765441894526,4.8212798721301215
250353,20.9,17.955942,-2.9440578460693345,-14.086401177365238
230058,15.28,8.740259,-6.539740829467773,-42.79935097819223
188723,2.18,5.6078463,3.4278462600708006,157.24065413168807
90983,9.19,13.219866,4.029865798950196,43.85055276333184
247339,52.41,22.865505,-29.544494781494137,-56.37186563917981
71411,3.19,3.3148894,0.12488943099975591,3.9150291849453263
135950,25.01,21.424244,-3.5857560729980484,-14.337289376241696
13286,38.33,34.554947,-3.775053100585936,-9.848821029444132
154545,3.99,6.753568,2.7635681724548338,69.26236021190059
2583,38.54,50.3764,11.836399993896485,30.71198752957054
268867,1.0,1.6859677,0.6859676837921143,68.59676837921143
79895,5.38,6.979119,1.599118824005127,29.72339821570868
170412,3.12,3.0285764,-0.09142362594604503,-2.930244421347597
45021,2.44,11.055222,8.615221557617188,353.0828507220159
14635,17.47,15.971863,-1.4981372070312489,-8.575484871386656
39390,3.495,9.969628,6.47462833404541,185.25402958642087
36525,12.239999999999998,17.925726,5.68572593688965,46.45200928831414
247694,13.99,13.873316,-0.11668418884277365,-0.8340542447660733
22589,1.99,6.394569,4.404568920135498,221.33512161484913
63806,59.63,27.926462,-31.70353782653809,-53.16709345386229
249996,21.47,18.603456,-2.866543502807616,-13.351390325140272
228727,9.99,11.450754,1.4607541656494138,14.622163820314451
203208,23.99,35.980507,11.990506896972658,49.981270933608414
85780,4.0,9.33352,5.33351993560791,133.33799839019775
48044,28.49,23.226442,-5.263557662963866,-18.47510587210904
151696,1.29,3.6751256,2.3851255989074707,184.89345727964889
211391,27.89,63.816536,35.92653594970703,128.81511634889577
149185,46.8,57.526546,10.726546478271487,22.91997110741771
34802,3.21,7.743223,4.533223190307617,141.22190624011267
236762,4.99,9.886855,4.896855125427246,98.133369247039
30747,4.04,8.566226,4.526226005554199,112.03529716718315
231909,9.79,13.257884,3.4678840255737313,35.422717319445674
119553,4.63,8.946519,4.316518898010254,93.22934984903357
214618,7.140000000000001,4.440554,-2.6994458580017096,-37.807364958007135
51615,7.98,25.717726,17.73772575378418,222.27726508501476
141098,40.06,51.871212,11.811212005615232,29.483804307576712
121577,65.98,119.96892,53.98891784667968,81.82618649087554
271406,9.78,9.862599,0.08259937286377017,0.8445743646602267
199484,5.98,6.8869734,0.90697338104248,15.166778947198662
39922,26.450000000000003,13.818397,-12.631603431701663,-47.75653471342783
285860,5.24,7.7046947,2.4646947479248045,47.03615931154207
244173,10.7,11.188426,0.4884260177612312,4.564729137955432
148340,2.98,5.4301343,2.4501342964172363,82.21927169185356
78605,2.095,3.9059172,1.810917167663574,86.43996027033765
98726,7.29,6.2657747,-1.0242252731323243,-14.049729398248617
31560,11.95,9.0366335,-2.913366508483886,-24.379636054258462
49779,8.84,15.780739,6.940738830566406,78.51514514215393
97131,29.99,30.404325,0.41432548522949375,1.381545465920286
269434,27.725,5.9805503,-21.74444971084595,-78.42903412388078
231868,16.99,25.330147,8.340146789550783,49.08856262242956
44780,54.95,70.02971,15.079708862304685,27.442600295367942
151897,2.5,9.880589,7.380588531494141,295.2235412597656
97452,5.36,5.609667,0.24966682434082,4.65796314068694
38535,6.37,6.3182945,-0.05170547485351573,-0.8117029019390225
299196,5.98,8.567645,2.5876450729370113,43.271656738077105
91140,33.3,31.524021,-1.7759788513183565,-5.333269823778849
223912,8.69,16.862164,8.172163543701172,94.04100740737829
18757,46.93,51.879105,4.949104614257813,10.545716203404673
9506,69.99,20.155409,-49.834591140747065,-71.20244483604382
30522,4.92,4.6358175,-0.28418247222900384,-5.77606650871959
106508,8.82,8.122602,-0.6973975372314456,-7.907001555912081
36334,14.12,23.268238,9.148238067626954,64.78922144211724
79960,3.75,6.6050673,2.855067253112793,76.13512674967447
189090,7.76,22.48128,14.721279373168946,189.70720841712557
193239,110.81,28.847305,-81.96269470214844,-73.96687546444223
274127,2.79,21.124613,18.33461280822754,657.1545809400551
209245,39.99,20.962143,-19.027857055664064,-47.58153802366608
27717,9.09,8.648524,-0.4414757156372069,-4.8567185438636615
40354,8.39,12.729194,4.339193687438964,51.718637514171206
205119,45.02,16.54257,-28.47742988586426,-63.25506416229288
62208,25.48,8.805184,-16.674815635681153,-65.44276152151158
99658,16.99,49.44077,32.450769195556646,190.999230109221
177610,23.59,28.777678,5.187677536010742,21.99100269610319
117097,4.98,15.76499,10.784989852905273,216.56606130331872
277244,2.98,8.653381,5.67338134765625,190.38192441799495
105310,22.99,15.51181,-7.478189697265623,-32.52801086239941
79580,9.29,14.505063,5.215063056945802,56.13630847089131
68229,15.83,11.554257,-4.275742607116699,-27.010376545272898
71747,36.83,12.118457,-24.71154315948486,-67.09623448135993
217556,61.99,46.420803,-15.569196929931643,-25.115658864222684
146958,30.83,69.306274,38.4762744140625,124.8014090628041
132812,7.96,10.044773,2.0847731018066407,26.190616856867344
240725,12.99,26.113789,13.123788604736328,101.02993537133432
62258,106.445,14.914346,-91.53065425872802,-85.98868360066515
147684,83.74,59.048862,-24.691137542724604,-29.485475928737287
69264,12.99,14.936801,1.946800956726074,14.986920375104496
31590,4.18,8.502829,4.322828598022461,103.4169521058005
135866,12.19,11.350549,-0.8394512557983393,-6.886392582431005
119370,29.95,26.67457,-3.2754299163818352,-10.936326932827496
151717,2.99,9.949096,6.959095726013183,232.74567645529038
273448,67.61,10.66659,-56.94341026306152,-84.22335492243977
149042,2.97,15.277899,12.307898788452148,414.40736661455037
200028,5.99,13.563276,7.5732762908935545,126.43199150072712
263178,74.98,73.90897,-1.0710263061523477,-1.4284159857993435
164422,26.505000000000003,15.481722,-11.023278121948245,-41.589428869829256
184407,9.8,8.995259,-0.8047407150268562,-8.211639949253634
135412,4.99,10.944406,5.954405555725097,119.32676464378953
153533,14.49,13.051478,-1.4385216140747072,-9.927685397340975
124507,28.65,8.160449,-20.489550971984862,-71.51675731931888
217937,13.95,16.612946,2.6629455566406257,19.089215459789433
176441,51.99,37.936634,-14.053365936279299,-27.03090197399365
63841,34.01,39.900326,5.890325775146486,17.319393634655945
293285,5.29,25.277893,19.98789306640625,377.8429691192108
215841,2.26,9.698417,7.438416709899903,329.13348273893376
102854,9.48,10.531142,1.0511422348022457,11.087998257407653
30360,5.58,4.7234263,-0.856573657989502,-15.350782401245555
50419,17.99,13.042954,-4.9470455551147445,-27.49886356372843
188641,8.89,6.65909,-2.2309099578857428,-25.094600201189454
81020,9.86,10.973711,1.1137110137939459,11.295243547605944
262656,29.79,31.799255,2.009255371093751,6.744731020791376
245177,27.0,26.239132,-0.7608680725097656,-2.8180298981843173
241982,27.75,21.360659,-6.389341354370117,-23.02465352926168
196706,7.055,11.436285,4.381285018920899,62.10184293296809
21598,11.99,11.383649,-0.6063511276245119,-5.0571403471602325
16688,17.4,16.759596,-0.6404041290283189,-3.6804835001627527
115410,39.99,30.453346,-9.536653747558596,-23.84759626796348
289521,9.14,8.907422,-0.2325779342651373,-2.544616348633887
108367,13.99,13.247394,-0.7426063919067385,-5.308122887110354
260498,27.195,14.629766,-12.565233535766602,-46.204204948580994
123832,19.99,19.191965,-0.7980348968505844,-3.992170569537691
285289,1.99,4.2210526,2.2310526466369627,112.11319832346547
205295,3.97,26.154926,22.18492630004883,558.8142644848572
32446,3.68,7.208868,3.5288680267333983,95.89315290036407
222056,21.56,19.738066,-1.8219342803955065,-8.450530057493074
38305,8.2,10.895198,2.6951978683471687,32.8682666871606
213582,15.2,15.386566,0.1865661621093757,1.227408961245893
288155,9.95,10.021551,0.07155113220214915,0.7191068563030065
169506,21.69,11.728526,-9.96147388458252,-45.9265739261527
116117,16.14,19.95338,3.8133805847167963,23.626893337774447
161985,120.88,20.772469,-100.10753143310546,-82.81562825372723
100000,13.134999999999998,7.9477806,-5.187219390869139,-39.49158272454617
181946,11.74,16.537739,4.797738800048828,40.86659965970041
223423,149.0,111.100266,-37.89973449707031,-25.436063420852555
117923,5.3,15.013456,9.713456344604491,183.2727612189527
252722,19.99,20.846935,0.8569352722167984,4.286819770969477
251889,4.99,4.7746487,-0.21535133361816428,-4.315657988339965
140621,21.0,14.362963,-6.63703727722168,-31.60493941534133
120429,4.49,4.3867197,-0.1032802963256838,-2.3002293168303742
172021,17.86,8.396331,-9.46366916656494,-52.988069241685
49955,26.69,46.720257,20.03025680541992,75.04779619865089
186361,7.46,8.39378,0.9337797546386719,12.517154887917853
220222,18.99,17.582357,-1.4076425933837875,-7.4125465686350065
251511,24.09,18.544588,-5.545411911010742,-23.01955961399229
7443,20.24,17.686007,-2.5539934539794906,-12.61854473310025
130342,26.435,8.392113,-18.042887268066405,-68.25378198625461
52776,44.88,30.01536,-14.864640121459963,-33.12085588560598
195117,7.8,7.5871544,-0.21284561157226545,-2.728789891952121
259414,7.135,4.579317,-2.555682907104492,-35.81896155717578
74930,4.54,27.289513,22.749512634277345,501.0905866580913
277372,4.890000000000001,7.5856247,2.695624694824218,55.125249382908336
107637,2.29,3.5943103,1.3043102836608886,56.95678094589033
58135,49.96,11.620956,-38.33904357910156,-76.73947874119608
49776,44.88,6.9616494,-37.918350582122805,-84.48830343610251
133386,9.485,8.32967,-1.1553300476074213,-12.180601450789894
106800,12.99,24.790863,11.800863037109375,90.84575086304369
119032,14.99,16.48954,1.499540100097656,10.00360306936395
113083,21.25,22.263939,1.0139389038085938,4.771477194393382
181780,117.99,7.052227,-110.93777297973632,-94.02302990061558
272776,4.16,2.2611828,-1.8988172149658205,-45.64464459052453
10235,15.99,19.176249,3.186248550415039,19.926507507286047
246165,19.88,19.759947,-0.12005317687988182,-0.6038892197177155
240038,4.4350000000000005,9.394937,4.959936561584472,111.83622461295313
227516,2.9,5.4662523,2.566252326965332,88.49145955052869
159293,105.0,20.702023,-84.29797744750977,-80.28378804524739
213459,49.98,33.163414,-16.816585998535153,-33.64663064933004
173009,4.19,10.649037,6.459037361145019,154.15363630417704
67191,7.0,11.911752,4.911751747131348,70.1678821018764
288862,4.29,6.823884,2.5338840103149414,59.06489534533663
109160,3.72,26.62258,22.902579574584962,615.660741252284
132709,6.29,8.652323,2.362322769165039,37.55680078163814
57833,1.99,2.6071491,0.6171491241455078,31.012518801281804
123911,55.95,32.236282,-23.71371765136719,-42.38376702657228
287885,10.1,14.710738,4.6107381820678714,45.65087308978091
282735,12.0,18.174885,6.174884796142578,51.45737330118815
39252,2.69,10.326405,7.636404571533204,283.88121083766555
293314,36.38,33.28017,-3.0998295593261744,-8.52069697450845
166699,8.99,1.3426311,-7.647368898391724,-85.06528251826167
60582,4.2,9.931847,5.731846618652344,136.4725385393415
277082,2.99,6.9926486,4.002648601531982,133.867846205083
44714,3.12,8.442499,5.3224991607666015,170.59292181944235
64935,33.99,28.145344,-5.844656219482424,-17.195222769880623
159096,4.54,3.546731,-0.9932690048217774,-21.87817191237395
168596,23.27,8.049597,-15.220403213500976,-65.4078350386806
109295,30.28,20.260399,-10.019601135253907,-33.089832018672084
122695,26.99,23.809898,-3.1801016235351547,-11.782518056817914
70609,32.98,20.25564,-12.72435997009277,-38.582049636424415
38529,11.31,10.757301,-0.5526986694335942,-4.886814053347429
254207,5.99,11.575809,5.585808525085449,93.25222913331301
175601,20.49,12.09442,-8.395579566955565,-40.97403400173531
61311,71.99,26.696829,-45.29317115783691,-62.91592048595209
176090,33.9,21.135735,-12.76426544189453,-37.65270041856794
56799,35.88,8.293962,-27.586038475036624,-76.88416520355803
17925,26.14,28.721409,2.58140884399414,9.875320749786304
79589,7.8,10.064205,2.2642051696777346,29.0282714061248
258559,9.2,9.136269,-0.06373138427734304,-0.692732437797207
60823,8.440000000000001,10.441603,2.0016027069091784,23.715671882810167
141378,59.99,21.807556,-38.18244384765625,-63.64801441516295
160849,22.99,9.805013,-13.184987297058104,-57.350966929352346
114469,5.6850000000000005,7.4357224,1.7507223510742183,30.795467916872788
102101,56.99,32.19917,-24.790830841064455,-43.50031732069566
79816,2.57,9.629969,7.059968643188476,274.7069510968279
282027,23.36,33.816586,10.456585540771485,44.762780568371085
170657,1.525,11.126724,9.601724243164062,629.6212618468238
130668,5.19,10.820979,5.630979118347168,108.49670748260438
129547,14.99,7.904316,-7.085684051513672,-47.26940661450082
128032,32.585,15.73671,-16.84829040527344,-51.70566335821217
114923,33.99,24.863794,-9.126205673217775,-26.849678356039348
271325,6.98,13.326535,6.34653522491455,90.92457342284456
65465,15.99,17.527979,1.5379788970947263,9.618379594088344
106841,44.0,22.262575,-21.737424850463867,-49.40323829650879
2163,46.64,57.35102,10.71102081298828,22.965310490969728
205709,13.035,5.7454066,-7.289593372344971,-55.923232622516075
177861,6.45,6.844415,0.3944151878356932,6.114964152491368
118184,4.27,7.898779,3.628778915405274,84.98311277295724
237503,20.495,18.507067,-1.9879332733154307,-9.699601235986488
214973,5.99,7.2032022,1.2132022476196287,20.253793783299308
113692,14.79,19.560753,4.770752868652345,32.256611687980694
265225,25.47,26.333168,0.8631680297851574,3.388959677209099
147695,72.8,55.812687,-16.98731307983398,-23.33422126350822
182112,18.5,16.016464,-2.4835357666015625,-13.424517657305742
291841,27.585,18.038162,-9.546837768554688,-34.608801046056506
190249,8.379999999999999,21.302418,12.922417755126954,154.20546247168204
22234,1.96,6.3941755,4.4341755294799805,226.23344538163167
146857,34.99,29.579943,-5.410057296752932,-15.46172419763627
153754,17.96,19.82162,1.8616209411621085,10.365372723619757
219935,18.99,9.260863,-9.729136695861815,-51.23294731891425
181797,7.49,9.205721,1.7157209014892576,22.906821114676333
36726,27.98,23.611984,-4.368015747070313,-15.61120710175237
252762,7.49,8.244485,0.7544849014282224,10.07322965858775
149767,23.99,8.737146,-15.252853622436522,-63.5800484470051
146884,17.9,18.261517,0.3615165710449233,2.019645648295661
110595,46.99,46.348656,-0.6413442993164082,-1.364852733169628
298050,41.99,15.983103,-26.006897201538088,-61.93593046329623
60674,16.9,13.939512,-2.9604877471923814,-17.517678977469714
94311,9.79,17.065367,7.275366744995118,74.31426705817282
17884,20.98,13.763385,-7.216615180969239,-34.39759380824232
41121,6.75,8.150145,1.4001445770263672,20.742882622612846
236215,14.945,11.797534,-3.1474660110473636,-21.060327942772588
126609,12.49,34.512043,22.022042999267576,176.3173979124706
208197,10.0,18.114311,8.114311218261719,81.14311218261719
253370,1.32,5.7050896,4.385089569091797,332.203755234227
259010,33.955,19.604689,-14.350311355590819,-42.26273407625038
262221,104.37,73.96507,-30.404927368164067,-29.131864873205004
297839,16.99,20.917831,3.927831420898439,23.11848982282778
198015,92.12,15.999619,-76.12038146972657,-82.63176451338099
267070,22.99,37.82549,14.835489044189455,64.53018288033691
35895,12.49,11.7097435,-0.7802565002441408,-6.24704964166646
210882,18.47,22.003916,3.533915786743165,19.133274427412918
272319,8.98,8.695633,-0.2843670654296879,-3.166671107234832
109552,20.95,23.947754,2.9977539062500007,14.309087857995232
175517,43.22,20.592184,-22.627815933227538,-52.35496513935109
48969,6.19,6.023748,-0.16625207901001016,-2.6858171084008102
142360,15.32,18.208622,2.8886219787597653,18.85523484830134
30668,24.745,24.859743,0.11474311828613182,0.4637022359512298
38749,22.0,8.819999,-13.180001258850098,-59.909096631136805
207375,12.99,18.462738,5.472738037109375,42.130392895376254
65894,24.99,20.764315,-4.225685348510741,-16.909505196121412
5793,1.28,8.525084,7.245083541870117,566.0221517086029
202737,319.99,179.4221,-140.56789611816407,-43.92884031318606
74193,9.79,8.489656,-1.3003435516357413,-13.282365185247613
14607,25.31,29.735113,4.4251131439209,17.48365525057645
111748,19.98,22.040335,2.0603347015380855,10.311985493183611
11625,32.0,15.988464,-16.01153564453125,-50.036048889160156
36143,3.39,8.692529,5.30252872467041,156.41677653895013
203986,15.989999999999998,16.929338,0.9393384552001969,5.874536930582845
283141,15.76,37.65503,21.895029296875002,138.92785086849622
14479,29.24,10.356277,-18.883722534179686,-64.58181441237923
222086,40.95,29.820335,-11.129664611816409,-27.17866816072383
118975,19.99,27.532211,7.542211303710939,37.72992147929434
278758,8.8,17.718401,8.918400955200195,101.3454654000022
193781,11.11,8.947162,-2.1628383255004877,-19.467491678672257
98031,5.11,13.015083,7.905083312988281,154.69830358098395
108792,29.95,8.38221,-21.567790222167968,-72.01265516583629
188567,6.46,9.950646,3.49064640045166,54.03477400079969
32381,14.739999999999998,7.68316,-7.056840171813963,-47.875442142564204
97657,14.99,16.840479,1.8504788970947263,12.344755817843405
73255,36.94,11.223739,-25.716261329650877,-69.61630029683508
73007,34.74,38.422535,3.682534942626951,10.600273294838662
121099,61.83,11.257148,-50.57285221099853,-81.79338866407656
102289,41.15,39.510067,-1.6399330139160142,-3.985256412918625
203873,1.89,3.011856,1.1218560791015626,59.357464502728185
275942,3.39,6.960249,3.5702489471435546,105.3170780868305
60314,55.99,36.472164,-19.517835845947268,-34.85950320762148
210104,7.59,11.657308,4.067307624816895,53.58771574198807
37048,3.295,3.3702273,0.07522733688354499,2.2830754744626707
75657,12.8,13.425154,0.625153732299804,4.884013533592219
83296,4.26,2.2747827,-1.9852173423767088,-46.60134606518096
51515,17.9,11.0420885,-6.8579114913940415,-38.312354700525376
160883,13.29,16.6228,3.332800827026368,25.07750810403588
42770,4.87,5.30312,0.4331201362609862,8.89363729488678
45980,2.77,3.1306071,0.36060712814331053,13.018307875209768
266946,13.71,12.388704,-1.321295700073243,-9.637459519133792
66529,9.855,15.836405,5.981404800415039,60.69411263739257
117474,5.69,9.76657,4.076570091247558,71.64446557552826
108184,52.57,35.214382,-17.35561782836914,-33.01430060560993
5953,74.95,19.807909,-55.14209098815918,-73.57183587479543
227183,35.83,57.975674,22.14567367553711,61.807629571691635
23800,1.87,1.8700862,8.61930847166903e-05,0.0046092558672026895
292784,36.85,12.423802,-24.426197624206544,-66.2854752352959
178285,15.135,11.088381,-4.046619186401367,-26.73682977470345
167511,21.49,22.19606,0.7060601806640641,3.285528993318121
86688,37.94,19.410946,-18.529054107666013,-48.83778099015818
202843,4.77,5.7235117,0.9535116958618168,19.989763015971004
202336,147.0,44.960022,-102.03997802734375,-69.41495103900935
260893,44.19,20.945467,-23.24453300476074,-52.601341943337275
78235,30.31,40.17101,9.861009063720704,32.53384712543947
163245,8.629999999999999,15.789595,7.159594650268556,82.96169930786277
17190,1.5,4.6990786,3.1990785598754883,213.27190399169922
240458,41.49,26.98189,-14.508110275268557,-34.96772782662944
211510,46.58,53.80899,7.228990478515627,15.51951584052303
219281,5.13,6.7278028,1.5978027534484864,31.146252503869132
150762,24.92,22.879353,-2.0406474304199236,-8.188793862038215
134600,7.49,10.265367,2.7753665542602537,37.0542931142891
268554,8.99,10.089918,1.0999181365966795,12.234906969929693
114083,4.99,5.7843013,0.7943012809753416,15.917861342191214
192648,12.97,9.019431,-3.9505688858032233,-30.459282080209892
298607,10.97,9.646485,-1.3235146713256842,-12.06485570944106
252594,8.17,14.287114,6.117114143371582,74.87287813184311
153663,7.99,12.795563,4.805562744140625,60.1447151957525
255477,5.99,12.449874,6.459873924255371,107.84430591411302
232128,19.99,35.70625,15.716249237060548,78.62055646353451
8355,7.99,9.647857,1.6578567123413084,20.749145335936277
212641,18.99,10.320943,-8.669057121276854,-45.65064308202661
243948,3.77,4.613475,0.8434748458862305,22.373338087167916
163665,21.98,16.5051,-5.47489974975586,-24.90855209170091
175423,9.19,6.708713,-2.481286945343017,-26.999857947149263
98877,279.0,54.789383,-224.2106170654297,-80.36222833886369
14964,2.58,4.266903,1.6869029235839843,65.38383424744126
71041,23.5,13.989894,-9.510106086730957,-40.46853653928067
47401,52.25,22.01678,-30.233219146728516,-57.86262037651391
136133,7.64,12.718779,5.0787786102294925,66.47615981975777
160180,15.795000000000002,18.369734,2.574733810424803,16.300942136276053
173318,1.99,2.461491,0.47149110794067384,23.693020499531347
73037,33.58,18.612951,-14.967048721313475,-44.571318407723275
250306,16.99,9.664459,-7.325540771484373,-43.11677911409284
26288,8.99,17.488392,8.498391876220703,94.53161152637044
50914,8.49,9.748897,1.2588965988159178,14.827992918915402
5438,56.01,64.36703,8.357027282714846,14.920598612238612
249049,12.59,13.647912,1.0579120254516603,8.402796071895633
206712,29.98,44.948746,14.968745727539062,49.92910516190481
29159,58.01,26.092386,-31.91761375427246,-55.02088218285203
81320,2.34,34.67348,32.333480987548825,1381.7726917755908
269088,18.99,15.296061,-3.6939394378662094,-19.452024422676196
207470,34.629999999999995,46.509296,11.879296417236333,34.30348373443931
197856,15.46,15.564758,0.10475830078124915,0.6776086725824654
288338,5.39,9.791795,4.401794776916504,81.66595133425797
125050,7.99,8.537643,0.5476434326171873,6.854110545897213
218243,3.94,11.167435,7.227434692382813,183.43742874068053
200125,6.79,10.564015,3.7740153884887695,55.58196448437068
137997,47.42,48.634007,1.214006500244139,2.5601149309239535
247979,8.94,32.487293,23.547293243408205,263.392541872575
8441,11.49,11.231586,-0.2584135437011721,-2.2490299712895743
150561,11.51,4.9565287,-6.553471336364746,-56.937196666939585
62220,9.23,8.320752,-0.9092478561401371,-9.851006025353598
9076,19.95,18.529879,-1.4201213836669915,-7.11840292564908
288972,11.98,8.982287,-2.9977125930786137,-25.022642680121983
229873,1.69,3.5858507,1.895850715637207,112.18051571817793
296101,27.5,21.788635,-5.71136474609375,-20.768599076704543
213000,8.95,9.196156,0.24615554809570384,2.750341319505071
2695,29.13,26.31845,-2.811549072265624,-9.651730423156964
190397,7.49,8.642726,1.1527259445190428,15.390199526288956
40987,3.445,24.469662,21.024661712646484,610.2949698881418
206551,52.99,52.808372,-0.18162750244140824,-0.3427580721672169
179211,6.56,5.654869,-0.9051309204101559,-13.797727445276767
228327,4.88,26.92048,22.040480728149415,451.6491952489634
221020,20.0,14.476321,-5.523678779602051,-27.61839389801025
149105,12.99,14.158691,1.1686914062499998,8.996854551578135
156606,105.725,62.321945,-43.40305480957031,-41.05278298375058
6394,6.58,11.798516,5.218516273498535,79.30875795590478
170166,11.07,10.450627,-0.6193726730346683,-5.595055763637473
145872,18.49,18.958244,0.4682443237304703,2.5324192738262323
263989,23.99,17.742622,-6.247377624511717,-26.041590764950882
36147,8.47,7.1607666,-1.3092333984375006,-15.457301044126334
241684,14.99,19.671598,4.681598434448242,31.231477214464586
43547,13.125,3.6715593,-9.45344066619873,-72.02621459960938
107755,22.98,25.847382,2.8673815917968746,12.477726683189184
42404,17.79,14.348245,-3.4417553329467765,-19.346572978902625
206818,74.98,67.64352,-7.33648345947266,-9.78458716920867
60781,8.49,15.722595,7.23259521484375,85.18957850228209
137105,6.98,10.988261,4.008261222839355,57.42494588595064
68123,42.99,44.31119,1.3211915588378886,3.073253218976247
209704,18.99,17.04255,-1.9474508666992172,-10.255138845177553
168159,7.24,10.325681,3.0856807327270506,42.619899623301805
180219,41.99,22.448967,-19.541033020019533,-46.537349416574266
208446,10.97,13.2193165,2.2493164825439447,20.504252347711436
152650,6.99,15.17338,8.183379898071289,117.07267379215006
5255,20.99,16.464373,-4.525627365112303,-21.56087358319344
219863,29.34,23.532818,-5.807182159423828,-19.792713563135063
90835,1.99,6.7240877,4.734087715148926,237.89385503260934
285997,6.49,7.6600437,1.1700437164306638,18.028408573662
161003,2.08,9.384803,7.30480281829834,351.19244318742017
236738,22.42,17.102072,-5.317928237915041,-23.71957287205638
283955,76.94,26.99198,-49.948020401000974,-64.91814452950477
220390,14.99,13.582063,-1.4079372787475588,-9.392510198449358
118220,127.54,119.12865,-8.411353149414069,-6.595070683247663
105305,15.95,22.265642,6.315642166137696,39.59650260901377
246739,38.41,35.155968,-3.254032287597653,-8.471836208272984
188106,16.2,27.724514,11.52451400756836,71.13897535536024
233319,5.105,6.5833564,1.478356380462646,28.95898884353861
153982,2.76,9.441084,6.681083908081055,242.06825753916868
196130,91.65,102.42551,10.77550659179687,11.757235779374652
109251,11.9,9.875583,-2.024417304992676,-17.011910125988873
213468,19.95,18.749899,-1.2001010894775384,-6.015544308158087
73907,70.77,31.763123,-39.006877441406246,-55.117814669218944
125782,49.95,18.985853,-30.964146804809573,-61.990283893512654
54562,19.99,17.421438,-2.5685617828369125,-12.849233530950038
208017,2.94,3.5448246,0.6048246002197266,20.572265313596144
17476,55.4,24.656195,-30.74380531311035,-55.4942334171667
258697,21.95,22.093246,0.1432464599609382,0.6526034622366206
141490,11.99,12.035296,0.045296440124511506,0.37778515533370727
296412,7.25,39.361473,32.111473083496094,442.9168701171875
29697,4.2700000000000005,15.792652,11.522652130126954,269.8513379420832
204055,32.02,35.444607,3.4246067810058562,10.695211683341212
102595,6.62,7.0628433,0.44284332275390614,6.689476174530304
147575,15.65,9.380057,-6.269942665100098,-40.0635314063904
187641,15.99,12.288944,-3.7010557556152346,-23.146064763072136
10611,14.99,14.731369,-0.2586309814453127,-1.725356780822633
123029,8.17,9.190687,1.0206871795654298,12.493111132991796
61630,18.0,16.174484,-1.8255157470703125,-10.141754150390625
111624,114.99,79.40205,-35.587953796386714,-30.948737974073147
241374,22.99,11.472586,-11.517414321899412,-50.097495963024855
104342,15.99,10.032416,-5.957583656311035,-37.258184217079645
223325,24.99,13.182019,-11.807980766296385,-47.25082339454336
16873,4.18,4.0058722,-0.17412775039672823,-4.165735655424121
215982,7.48,21.899666,14.41966583251953,192.7762811834162
79602,13.07,5.5818877,-7.488112277984619,-57.292366319698694
45855,6.279999999999999,7.7175236,1.4375235748291022,22.890502783902903
294270,2.99,13.990166,11.000165710449219,367.898518744121
279329,28.52,17.435312,-11.084687728881836,-38.866366510805875
189011,14.99,8.421187,-6.568812599182129,-43.82129819334309
113342,1.0,3.2854857,2.2854857444763184,228.54857444763184
233147,26.99,15.760338,-11.229662170410155,-41.60675127977086
217309,9.435,11.398565,1.963565292358398,20.811502833687314
141272,8.62,9.997874,1.3778742599487313,15.984620185020084
284603,7.0,4.9085627,-2.091437339782715,-29.87767628261021
93978,17.99,21.404156,3.4141557312011734,18.978075215126037
267434,31.1,13.38065,-17.71935043334961,-56.97540332266756
137522,4.245,3.788392,-0.4566079330444337,-10.75637062531057
18004,16.82,21.460945,4.640945129394531,27.591825977375333
18694,35.39,8.418612,-26.971388473510743,-76.21189170248867
229861,5.99,11.545682,5.555681953430176,92.74928135943532
74372,25.03,14.712724,-10.317276268005372,-41.21964150221882
22488,5.49,5.168851,-0.32114910125732443,-5.849710405415745
54704,4.6850000000000005,7.0129595,2.327959480285644,49.68963671901054
268446,10.75,9.347733,-1.4022674560546875,-13.044348428415697
126659,18.19,12.934941,-5.255058708190919,-28.889822474936334
181100,36.19,50.45055,14.260550079345705,39.40467001753442
76833,16.45,11.801397,-4.648602676391601,-28.258982835207302
256424,49.0,42.38266,-6.617340087890625,-13.504775689572703
78538,83.99,15.238148,-68.75185226440429,-81.85718807525217
212483,4.19,4.4744735,0.2844734764099117,6.789343112408394
205348,22.83,18.11993,-4.710069732666014,-20.63105445758219
118937,23.99,10.539451,-13.450549354553221,-56.06731702606596
193221,55.99,40.943985,-15.04601501464844,-26.872682648059364
178211,11.29,11.380753,0.09075256347656335,0.8038313859748748
251410,18.55,16.110432,-2.4395683288574226,-13.151311745862115
224152,2.3200000000000003,5.642699,3.322698764801025,143.21977434487175
199853,4.745,13.084899,8.339898948669433,175.76183242717457
244207,34.49,17.093325,-17.39667533874512,-50.43976613147323
183650,5.140000000000001,6.787089,1.6470888710021967,32.044530564245065
254103,18.99,9.559864,-9.430135955810545,-49.65843052032936
118869,10.49,11.974024,1.4840238189697263,14.147033545945915
205310,5.44,10.451687,5.011686859130859,92.12659667519961
176667,4.99,15.909597,10.919597396850586,218.82960715131432
89660,25.99,24.077679,-1.9123213195800766,-7.357911964525113
9577,28.99,24.297304,-4.692695846557616,-16.18729164041951
207910,77.98,21.414312,-56.565687637329106,-72.53871202530021
298197,3.28,9.424513,6.14451286315918,187.33270924265796
137839,28.32,11.521877,-16.79812271118164,-59.315405053607485
201954,5.99,13.311425,7.32142520904541,122.22746592730233
104312,8.99,15.295465,6.305465469360351,70.13865928098278
118229,29.99,25.107342,-4.882658233642577,-16.28095443028535
188616,10.96,28.518183,17.5581827545166,160.20239739522444
67341,9.93,10.463688,0.5336878967285159,5.374500470579214
71199,65.34,42.262627,-23.077373352050785,-35.31890626270398
96736,13.99,16.413149,2.4231488800048826,17.32057812726864
242496,5.29,13.86787,8.577870330810548,162.15255823838464
45332,7.01,15.389406,8.379406204223633,119.53503857665669
161698,114.97,21.088335,-93.88166496276855,-81.65753236737284
198486,19.99,37.42505,17.435048828125,87.21885356740871
89234,7.35,7.096895,-0.25310478210449183,-3.4436024776121337
188681,28.17,16.243631,-11.926368637084963,-42.33712686221144
242185,17.34,22.45863,5.118629608154297,29.519201892469994
98140,30.13,8.675135,-21.454865341186522,-71.20765131492374
132438,2.98,14.6150875,11.635087509155273,390.4391781595729
188870,15.56,4.065563,-11.494436798095704,-73.87170178724745
12739,7.19,7.3234844,0.1334844207763668,1.856528800783961
230715,72.99,53.14931,-19.840688934326167,-27.18274960176211
287288,17.99,15.649769,-2.3402311706542953,-13.00851123209725
112137,25.96,18.117546,-7.842453918457032,-30.209760856922312
221276,14.99,18.34129,3.3512895202636717,22.35683469155218
237665,122.98,29.515219,-93.4647812652588,-75.999984766026
25087,46.24,14.919105,-31.320895423889162,-67.73550048418936
185144,14.0,12.013845,-1.986154556274414,-14.186818259102957
40273,13.0,12.310522,-0.6894779205322266,-5.303676311786358
142634,20.08,26.895521,6.815521163940431,33.9418384658388
218173,22.99,16.439013,-6.550987472534178,-28.49494333420695
28572,5.07,7.838414,2.7684141921997067,54.60383022090151
130618,12.0,15.402487,3.402486801147461,28.35405667622884
85391,6.140000000000001,3.6396565,-2.500343456268311,-40.722206128148386
114833,35.99,22.884926,-13.105074157714846,-36.4130985210193
215197,48.48,50.435783,1.9557833862304719,4.034206654765825
66989,25.99,18.552362,-7.437637557983397,-28.617304955688333
171537,21.085,22.950802,1.8658018493652335,8.848953518450243
172354,6.24,4.3692064,-1.8707935714721682,-29.980666209489875
157280,92.93,67.64561,-25.2843930053711,-27.207998499269447
48516,0.99,13.849633,12.85963321685791,1298.9528501876678
184229,1.25,7.5644016,6.314401626586914,505.1521301269531
193855,20.235,13.423197,-6.81180320739746,-33.66347026141567
203890,18.23,30.405352,12.175351638793945,66.78744727807978
36677,13.11,80.541534,67.43153442382813,514.3519025463626
218798,19.99,20.009583,0.019582519531251563,0.09796157844548056
177280,12.99,16.671473,3.6814725494384763,28.340820242020605
203592,18.99,4.556637,-14.433363189697264,-76.0050720889798
120911,6.99,9.422023,2.4320228195190428,34.79288726064439
175,30.37,12.799194,-17.5708056640625,-57.85579737919823
231923,8.92,17.648811,8.728811340332031,97.85662937591964
194713,9.59,8.014137,-1.5758627319335936,-16.43235382621057
124244,18.99,15.1493435,-3.8406565093994125,-20.22462616850665
148898,50.1,37.51489,-12.585111236572267,-25.119982508128274
69670,9.99,10.058548,0.06854797363281229,0.6861659022303532
276939,30.95,20.541609,-10.408391189575195,-33.62969689685038
213583,29.47,22.982367,-6.48763343811035,-22.014365246387346
207626,11.12,13.359477,2.2394770431518563,20.13918204273252
67536,13.75,4.780479,-8.969521045684814,-65.2328803322532
294475,45.69,9.458202,-36.23179763793945,-79.2991850250371
228794,35.88,18.542805,-17.337195281982424,-48.31994225747609
100033,7.68,13.486798,5.806798286437989,75.60935268799464
287772,18.09,27.488409,9.398409042358399,51.95361549120177
135808,15.99,16.343683,0.35368324279785135,2.2119027066782446
140874,8.54,10.434692,1.8946923828125009,22.186093475556216
172431,13.99,21.673964,7.6839635467529295,54.92468582382366
55224,29.99,14.029624,-15.960376014709471,-53.21899304671381
31047,16.99,18.091507,1.101506958007814,6.4832663802696535
286949,9.48,9.946277,0.4662766647338863,4.918530218711881
14431,5.24,8.865887,3.6258866882324217,69.19631084413018
232945,69.99,61.178524,-8.81147598266601,-12.58962134971569
64342,5.46,22.573885,17.113884963989257,313.4411165565798
256204,26.72,16.953468,-9.766531677246093,-36.551391007657536
43091,11.24,14.114965,2.8749654388427732,25.577984331341398
98596,7.99,7.9621944,-0.027805557250976776,-0.3480044712262425
180871,10.77,10.908628,0.1386284637451176,1.2871723653214264
285573,7.36,16.839445,9.479445114135743,128.79680861597475
207942,46.95,59.88468,12.934681701660153,27.549907777763906
209256,1.49,11.648734,10.158734092712402,681.7942344102283
15014,25.96,31.401947,5.441947021484374,20.96281595332964
22630,86.625,10.912658,-75.71234226226807,-87.40241530997757
183142,14.94,5.8676286,-9.072371425628662,-60.72537768158408
81750,10.0,17.352175,7.352174758911133,73.52174758911133
204602,17.95,38.786198,20.836197662353516,116.07909561199732
42619,21.82,11.831416,-9.988583869934082,-45.77719463764474
192083,129.98,120.02321,-9.956791381835927,-7.660248793534334
131875,13.49,12.203205,-1.286794891357422,-9.538879846978666
34034,64.98,21.789858,-43.19014213562012,-66.46682384675303
298860,8.075,10.504539,2.429538536071778,30.08716453339664
284174,5.585,7.01581,1.4308100128173828,25.618800587598617
268661,19.99,21.087334,1.0973336791992203,5.489413102547376
14292,34.99,44.496853,9.506852874755857,27.170199699216507
108018,27.225,11.219927,-16.005073165893556,-58.788147533126015
79461,10.24,14.986319,4.746318588256836,46.350767463445656
130631,4.99,26.30955,21.319549331665037,427.2454775884777
32490,1.61,3.3959851,1.7859851264953612,110.93075319846963
222332,15.99,15.709511,-0.28048919677734396,-1.7541538259996496
244138,4.94,5.3520374,0.4120374298095699,8.340838660112752
215763,26.99,17.353369,-9.636631240844725,-35.704450688568826
112320,10.255,9.019546,-1.2354544448852547,-12.047337346516377
108488,73.92,18.24668,-55.67332069396973,-75.31563946695039
152026,20.45,25.226694,4.776694107055665,23.35791739391523
72678,7.625,16.894188,9.269187927246094,121.56312035732581
126420,19.995,22.155712,2.160712127685546,10.806262203978724
162164,1.94,2.6837327,0.7437327480316163,38.33673958925857
39429,17.78,10.944368,-6.835631637573243,-38.44562225856717
244553,34.99,9.304653,-25.685346832275393,-73.40767885760329
131561,5.49,28.8342,23.344199905395506,425.2131130308835
288920,3.61,9.536285,5.926285400390626,164.1630304817348
245772,5.99,13.805529,7.81552864074707,130.47627113100285
366,17.96,13.9525795,-4.007420501708985,-22.31303174670927
184155,12.99,9.403074,-3.586925735473633,-27.61297717839594
129809,14.79,11.1104,-3.6795998001098624,-24.87897092704437
158520,8.934999999999999,10.261631,1.326631011962892,14.84757707848788
113619,7.45,6.581681,-0.8683192253112795,-11.655291614916504
177873,8.69,3.975161,-4.7148389244079585,-54.255913974775126
178557,54.295,25.286854,-29.0081462097168,-53.426919992111245
215940,85.24,11.786259,-73.45374130249023,-86.17285464862768
54062,99.9,46.415276,-53.48472442626954,-53.5382626889585
45882,3.56,5.623935,2.0639352226257324,57.975708500722824
211907,2.0,3.618003,1.6180028915405273,80.90014457702637
227639,13.99,16.483675,2.4936750030517576,17.82469623339355
138870,3.26,10.242118,6.982117881774903,214.1753951464694
228828,13.739999999999998,7.0658712,-6.674128761291502,-48.574445133125934
54831,13.47,11.887542,-1.582458229064942,-11.7480195179283
30692,3.065,4.455433,1.3904328918457032,45.36485780899521
204242,19.28,18.67116,-0.6088402557373058,-3.1578851438656943
176213,5.79,7.7105865,1.9205865478515625,33.170752121788645
39240,97.0,58.585022,-38.41497802734375,-39.603070131282216
80540,4.92,20.789408,15.86940773010254,322.54893760371016
278158,14.99,5.334233,-9.655767192840576,-64.41472443522733
150310,1.48,9.470552,7.990552444458007,539.9021921931086
240780,14.26,9.915332,-4.344668159484863,-30.467518649963978
36198,3.855,6.204414,2.349413890838623,60.94458860800579
187809,1.87,4.51593,2.64593017578125,141.49359228776737
267440,3.4850000000000003,5.0410967,1.5560966873168942,44.65126792874876
179290,8.535,13.6092615,5.0742615127563475,59.45239030763149
179284,21.49,10.197928,-11.292071571350096,-52.545702984411804
156354,46.365,9.082221,-37.28277896881104,-80.41147194826061
45466,10.25,7.848178,-2.401822090148926,-23.432410635599275
156584,65.12,10.5488615,-54.57113849639893,-83.80088835442095
134728,14.99,14.459505,-0.5304949188232424,-3.538992120235106
119643,17.29,25.798107,8.508107147216798,49.20825417707807
125495,55.0,62.733833,7.733833312988281,14.061515114524148
215073,64.42,24.805286,-39.6147135925293,-61.49443277325256
148482,8.39,14.358934,5.96893440246582,71.14343745489654
296765,8.795,6.384118,-2.4108819198608398,-27.411960430481408
147601,11.95,8.267203,-3.682796669006347,-30.81838216741713
166979,7.95,8.6835165,0.7335165023803709,9.226622671451207
77986,37.36,9.1625595,-28.197440490722656,-75.4749477803069
183983,17.99,17.790592,-0.1994078063964828,-1.1084369449498768
236000,39.95,36.331688,-3.618312072753909,-9.057101558833313
70315,12.95,16.94242,3.992419052124024,30.829490749992466
226329,44.0,28.175613,-15.824386596679688,-35.964514992453836
144874,57.63,38.06598,-19.564020996093753,-33.947633170386524
105081,25.95,24.640125,-1.3098747253417962,-5.04768680285856
296654,14.3,12.36351,-1.9364898681640632,-13.541887189958482
121235,8.24,5.958827,-2.2811729812622072,-27.684138122114167
131453,28.99,27.383928,-1.6060717010498031,-5.540088654880314
283359,6.85,4.423887,-2.4261132240295407,-35.417711299701324
127968,12.489999999999998,14.400619,1.9106185531616227,15.297186174232369
283893,4.08,10.699751,6.619750900268555,162.24879657520967
251155,5.49,5.93778,0.447779903411865,8.156282393658744
169046,2.17,2.0568528,-0.11314718246459954,-5.214155873944679
122904,7.05,9.878565,2.8285648345947267,40.12148701552804
181698,2.28,6.07636,3.7963602256774904,166.5070274419952
292128,9.805,19.15233,9.34733039855957,95.33228351412107
202750,3.54,6.831209,3.2912091827392578,92.97201081184345
217988,3.99,4.488921,0.4989211654663084,12.504289861310985
232253,73.27,29.181803,-44.08819725036621,-60.17223590878423
183176,103.18,22.503775,-80.67622535705567,-78.18979003397524
125891,15.99,22.039347,6.049346694946289,37.83206188209061
163655,21.37,18.248823,-3.1211768341064463,-14.605413355668912
9807,23.63,16.978119,-6.651881103515624,-28.150152786777927
56188,39.98,15.985552,-23.99444816589355,-60.01612847897337
243452,4.99,6.525817,1.5358169174194334,30.777894136661992
222286,11.23,8.645787,-2.5842127609252934,-23.01168976781205
241195,19.99,15.427557,-4.56244300842285,-22.823626855542024
266381,6.48,5.4027495,-1.0772504615783696,-16.624235518184715
65061,26.99,23.001247,-3.988752593994139,-14.778631322690403
80006,2.91,4.7500925,1.8400925064086913,63.23341946421619
178691,12.99,14.824838,1.8348376846313474,14.125001421334469
158449,13.95,5.21295,-8.737049770355224,-62.63118114949982
142328,39.71,50.284054,10.574053802490234,26.62818887557349
7438,24.99,35.73565,10.74564910888672,42.999796354088524
15396,39.99,39.8411,-0.14890121459961136,-0.37234612302978587
1599,72.8,54.70416,-18.095841217041013,-24.85692474868271
274891,11.585,13.399812,1.8148117446899406,15.665185538972295
4744,16.99,21.871593,4.881593475341798,28.732157006131835
263676,2.3,7.9294596,5.629459571838379,244.75911181905997
288163,24.99,30.43528,5.445279846191408,21.78983531889319
209303,169.98,303.42807,133.44807006835939,78.50810099326944
233392,26.14,21.468771,-4.67122901916504,-17.870042154418666
67960,21.95,11.939521,-10.010479164123534,-45.60582762698649
260630,2.5,5.310305,2.810305118560791,112.41220474243163
21980,35.97,18.571825,-17.39817497253418,-48.368570955057486
161965,1.59,10.38328,8.79327980041504,553.0364654349081
199499,17.65,11.481207,-6.1687931060791,-34.95066915625553
295799,6.115,17.398056,11.283056030273437,184.51440769048958
227582,19.17,17.4574,-1.712600631713869,-8.933753947385856
147279,38.92,56.206394,17.28639419555664,44.41519577481151
16339,55.0,31.567932,-23.43206787109375,-42.603759765625
294059,1.75,3.9057374,2.1557374000549316,123.18499428885323
229908,1.26,4.972301,3.712301006317139,294.62706399342375
270953,51.99,52.088776,0.09877563476562301,0.18998968025701676
137164,15.99,13.084701,-2.905299415588379,-18.169477270721572
101965,6.279999999999999,9.023259,2.7432591629028327,43.682470746860396
127985,2.72,10.012662,7.292661933898925,268.11257109922514
237749,28.99,20.051098,-8.938902130126952,-30.83443301182115
202937,7.99,9.976629,1.9866292572021482,24.863945647085707
297125,18.24,10.816642,-7.423358192443846,-40.69823570418776
34439,8.49,8.209215,-0.2807848358154299,-3.307241882396112
299165,7.98,7.86331,-0.11669013977050824,-1.462282453264514
82831,21.94,40.568092,18.628092346191405,84.90470531536647
282698,4.79,5.9981647,1.2081646537780761,25.222644128978626
267586,2.12,3.5789542,1.4589542198181151,68.81859527443939
8794,59.95,20.506845,-39.44315452575684,-65.79341872519906
208674,59.95,17.787098,-42.1629020690918,-70.33011187504887
80334,3.98,5.610638,1.63063814163208,40.97080757869548
184148,6.4,6.1746125,-0.22538747787475621,-3.5216793417930656
154703,3.99,5.539749,1.5497491455078123,38.84083071448151
109526,11.97,9.088552,-2.8814475250244147,-24.07224331682886
157751,9.97,10.096517,0.1265166091918939,1.268973010951794
111321,39.99,50.901787,10.911786804199217,27.286288582643703
96938,9.204999999999998,7.1341095,-2.070890502929686,-22.497452503310008
29503,16.49,32.005054,15.515054473876955,94.08765599682812
287945,30.92,21.271631,-9.648368759155275,-31.20429740994591
63363,84.2,27.561533,-56.63846702575684,-67.26658791657582
297328,6.93,3.2635098,-3.666490249633789,-52.90750720972278
281243,7.97,16.498758,8.52875831604004,107.01076933550866
124909,29.99,27.983353,-2.006647338867186,-6.691054814495452
23183,8.26,10.071139,1.8111393356323244,21.926626339374387
56649,69.99,66.24887,-3.74112915039062,-5.345233819675125
148368,51.77,51.533924,-0.2360758972168,-0.4560090732408731
34567,33.96,20.710402,-13.249598464965821,-39.015307611795706
24891,10.29,13.29567,3.0056695556640634,29.209616673120152
179731,16.37,19.614162,3.2441624450683584,19.817730269201945
254722,20.295,19.038256,-1.2567443084716814,-6.19238388012654
196420,32.99,53.136597,20.146596679687498,61.068798665315235
224726,41.99,47.24131,5.251310119628904,12.506096974586578
130285,3.36,3.4198718,0.059871807098388796,1.781899020785381
226956,16.11,6.8444657,-9.265534267425537,-57.514179189481915
217163,10.59,10.919553,0.3295528030395509,3.111924485737025
151335,68.99,52.433666,-16.556333770751948,-23.99816461915053
18771,54.69,51.5501,-3.1399015808105446,-5.741271861054205
48936,6.135,4.579902,-1.5550978279113767,-25.347967855116167
215445,9.7,17.903173,8.203173446655274,84.56879841912655
73841,4.49,11.655141,7.165140876770019,159.5799749837421
62113,9.98,8.548657,-1.4313425827026371,-14.342110047120613
98701,7.2,8.278499,1.0784986495971678,14.979147911071774
81323,1.69,9.441174,7.751173553466797,458.649322690343
223645,69.99,27.78448,-42.20552085876464,-60.302215829067926
295416,12.49,10.667633,-1.8223669433593752,-14.590608033301644
271703,10.99,8.647203,-2.34279655456543,-21.317530068839215
230844,29.99,17.224983,-12.765016784667967,-42.56424403023664
60436,14.84,6.133115,-8.706885185241699,-58.671733054189346
216708,35.0,39.938423,4.938423156738281,14.109780447823661
32755,10.66,13.364739,2.704739418029785,25.37279003780286
290561,11.265,8.585525,-2.6794754409790045,-23.785845015348464
105936,8.485,7.474041,-1.0109590148925776,-11.914661342281411
269059,19.49,7.0078983,-12.482101669311522,-64.04362067373793
8705,53.99,26.433214,-27.55678581237793,-51.04053678899413
241557,1.48,9.377747,7.89774658203125,533.6315258129223
216570,28.44,20.419525,-8.020474853515626,-28.201388373824283
106293,7.640000000000001,12.250296,4.610295639038085,60.344183757043
68554,31.99,31.8666,-0.12339996337890469,-0.3857454310062666
177614,10.89,9.03249,-1.8575102233886724,-17.057026844707735
225227,5.65,8.180033,2.5300327301025387,44.779340355797146
66112,83.88,42.280983,-41.59901702880859,-49.59348715880852
190431,111.97,20.239895,-91.73010513305664,-81.92382346437138
259738,18.74,16.22629,-2.5137102508544906,-13.413608595808382
139231,11.99,14.910692,2.92069221496582,24.359401292458884
46341,31.29,16.950018,-14.33998207092285,-45.829281147084856
92537,6.42,13.198685,6.778684692382813,105.58698897792542
170006,6.07,12.317804,6.247804336547851,102.92923124461039
217024,16.98,14.275182,-2.7048182296752934,-15.929435981597722
212333,16.99,16.641302,-0.34869789123535,-2.052371343351089
121474,3.79,5.5951366,1.8051366424560547,47.62893515715184
248332,26.96,26.400824,-0.5591764068603524,-2.0740964646155504
97408,2.39,13.766726,11.376725540161132,476.01362092724406
282788,1.315,3.4431891,2.1281891441345215,161.83947864140848
132032,22.95,16.51941,-6.430590820312499,-28.020003574346404
90742,22.99,20.575779,-2.414221038818358,-10.501178942228611
275125,8.39,13.666171,5.276171073913574,62.886425195632576
34529,4.63,8.414072,3.784072036743164,81.72941764024114
19534,37.63,37.767548,0.13754760742187244,0.365526461392167
165390,7.99,17.0687,9.078700790405273,113.62579212021618
270751,26.49,21.262775,-5.22722457885742,-19.732822117242055
128548,29.345,15.86232,-13.482680053710936,-45.94540825936594
96133,4.72,17.713541,12.99354103088379,275.28688624753795
228622,38.45,33.68629,-4.763709259033206,-12.38936088175086
219642,14.47,18.192719,3.7227185058593744,25.727149314854003
217571,36.5,45.806458,9.30645751953125,25.49714388912671
160691,27.92,28.639627,0.7196274566650374,2.577462237338959
211355,12.5,8.421131,-4.078868865966797,-32.630950927734375
19048,6.72,13.806867,7.0868666458129885,105.45932508650282
188966,37.28,10.415356,-26.864644317626954,-72.06181415672465
294947,3.49,9.076233,5.58623291015625,160.06398023370343
265439,5.6,2.9951553,-2.6048446655273434,-46.515083312988274
89444,29.99,15.549768,-14.440231552124022,-48.150155225488575
105180,28.89,28.812534,-0.07746566772460994,-0.2681400751976806
157189,124.44,82.5874,-41.85259765625,-33.632752857802956
29966,6.87,42.419353,35.549353485107424,517.4578382111706
19619,3.095,11.892532,8.797532348632812,284.2498335584107
209809,4.48,6.2860637,1.8060636711120601,40.31392123017991
266253,4.39,7.986207,3.5962070083618167,81.91815508796849
128226,5.48,9.246362,3.7663617324829097,68.7292286949436
21767,17.99,7.372159,-10.617840995788573,-59.020794862637985
276036,1.48,4.949583,3.469583053588867,234.4312874046532
25855,6.99,8.417801,1.4278009033203123,20.42633624206455
84163,7.94,5.5200534,-2.419946613311768,-30.477917044228814
98899,8.49,7.789315,-0.7006847763061526,-8.253059791591904
231174,3.99,6.1926746,2.20267463684082,55.20487811631127
250277,6.24,15.878208,9.63820816040039,154.45846410898062
30433,5.35,4.0233054,-1.326694583892822,-24.79802960547331
159427,9.99,12.945763,2.9557626342773435,29.58721355632977
159367,19.99,18.121101,-1.8688986206054672,-9.349167686870773
34478,9.99,16.026056,6.036056289672851,60.42098388060913
230616,45.105,13.545978,-31.559022407531735,-69.9679024665375
136938,26.11,26.397453,0.2874533081054693,1.1009318579297944
41186,4.93,14.068952,9.138951606750489,185.3742719422006
48678,2.0,5.0344625,3.0344624519348145,151.72312259674072
26262,16.5,12.428562,-4.071437835693359,-24.675380822383996
233185,29.99,22.087845,-7.902155151367186,-26.34930027131439
115776,38.5,9.887704,-28.612296104431152,-74.3176522193017
204717,69.87,87.25963,17.389628295898433,24.888547725631074
119425,10.25,12.343221,2.0932207107543945,20.42166547077458
222828,2.38,6.8422666,4.46226655960083,187.4901915798668
193756,20.0,9.0985155,-10.901484489440918,-54.50742244720459
107264,12.49,16.090286,3.6002862548828123,28.82535031931795
264727,3.79,8.243367,4.4533671951293945,117.50309221977292
66619,47.5,26.660006,-20.839994430541992,-43.87367248535156
71455,21.99,11.986914,-10.003086318969725,-45.4892511094576
155956,12.99,11.906295,-1.0837051773071291,-8.342611064720009
254892,35.46,20.989136,-14.4708642578125,-40.80897985846729
164121,39.99,23.030863,-16.959137191772463,-42.408445090703836
69913,45.975,12.837691,-33.13730869293213,-72.0767997671172
63991,4.3,8.873198,4.573197555541992,106.35343152423238
219107,49.99,44.17822,-5.811781158447268,-11.625887494393414
194490,4.37,16.552814,12.182814483642577,278.7829401291208
161078,163.09,12.85165,-150.2383497619629,-92.1199029750217
163213,4.49,8.301572,3.8115718460083006,84.89024155920491
35041,11.19,9.434477,-1.7555231475830073,-15.688321247390594
132833,6.63,10.086349,3.456348533630371,52.13195375008102
156871,74.38,45.929104,-28.450896148681636,-38.25073426819257
126684,3.34,10.118221,6.7782212829589845,202.94075697481992
106374,11.74,19.019136,7.279136428833008,62.00286566297281
124224,9.49,9.755192,0.2651918029785154,2.7944341725870956
180712,6.720000000000001,6.777669,0.05766895294189389,0.8581689425877066
73146,11.29,8.690586,-2.5994139099121085,-23.02403817459795
186115,8.29,6.329094,-1.9609060668945304,-23.65387294203294
231633,62.99,61.411407,-1.578592529296877,-2.5061002211412555
43531,3.9,3.7657528,-0.13424720764160147,-3.442236093374397
76653,5.24,9.5967245,4.356724510192871,83.14359752276471
134241,29.99,15.217442,-14.772558441162108,-49.2582808975062
288336,11.255,16.20053,4.945529098510741,43.940729440344214
110791,14.69,6.3150086,-8.374991359710693,-57.011513680807994
253174,7.99,5.8407426,-2.1492574119567873,-26.899341826743274
46205,37.21,30.482576,-6.727423629760743,-18.079612012256767
206226,13.49,12.160642,-1.3293583297729494,-9.854398293350256
31352,13.489999999999998,13.064054,-0.42594646453857266,-3.15749788390343
227549,39.99,22.164536,-17.825464477539064,-44.57480489507143
223675,9.75,15.413301,5.663301467895508,58.085143260466744
207314,13.99,15.704643,1.7146432495117185,12.256206215237444
45705,2.59,20.417004,17.827003631591797,688.3012985170578
157263,121.97,112.374626,-9.59537384033203,-7.866995031837362
163308,34.99,20.202597,-14.787403335571291,-42.26179861552241
40950,14.71,7.1773443,-7.532655677795411,-51.207720447283556
269839,7.29,3.7330565,-3.5569434547424317,-48.79209128590441
153603,6.99,6.2651258,-0.7248742485046389,-10.370160922813145
142517,24.42,23.89071,-0.5292891693115251,-2.167441315772011
213568,7.255,27.95576,20.700759048461915,285.3309310608121
120607,9.99,23.091063,13.101062545776367,131.14176722498866
236024,60.59,18.913918,-41.6760824584961,-68.78376375391333
207673,11.98,13.278219,1.2982192230224605,10.836554449269286
296314,14.44,13.87165,-0.5683502578735347,-3.93594361408265
12397,34.99,62.04429,27.054288635253904,77.32005897471821
114665,8.57,9.789067,1.2190672683715817,14.224822268046461
250878,16.73,7.3997126,-9.330287437438965,-55.76979938696333
225491,8.39,7.4302073,-0.9597927474975592,-11.439722854559703
154584,26.99,24.343637,-2.6463625335693344,-9.804974188845256
96830,11.44,8.5461855,-2.893814506530761,-25.295581350793366
13587,14.99,13.079816,-1.910184135437012,-12.743056273762587
26511,9.43,11.124574,1.6945737075805667,17.97002871241322
42522,12.99,15.093174,2.1031739807128904,16.190715786858277
186149,13.69,12.48395,-1.2060503387451167,-8.809717594924155
272299,68.0,63.63925,-4.360748291015625,-6.412865133846507
194832,10.64,25.247557,14.607556686401367,137.2890666015166
121431,4.890000000000001,9.892595,5.002595291137695,102.30256219095489
241653,9.94,10.139771,0.1997714614868169,2.0097732543945366
265158,7.95,8.081815,0.1318147659301756,1.658047370190888
172020,5.03,6.5750966,1.5450966072082517,30.717626385849933
39215,4.975,5.8861985,0.9111985206604007,18.315548153977907
88196,8.64,10.710398,2.0703977203369135,23.962936577973533
153485,2.08,6.6389313,4.558931274414062,219.17938819298377
293599,8.99,14.911307,5.921307334899902,65.86548759621694
101802,17.99,18.905392,0.9153916931152359,5.088336259673352
179725,25.99,28.334467,2.344466934204103,9.020649996937681
231686,5.99,19.246946,13.256946334838867,221.3179688620846
284348,2.39,2.8288038,0.438803777694702,18.359990698523095
288702,43.64,9.614581,-34.02541889190674,-77.96842092554247
92191,55.0,29.227648,-25.77235221862793,-46.85882221568715
241258,55.99,45.770382,-10.219618072509768,-18.25257737544163
187807,19.95,19.134995,-0.8150054931640618,-4.085240567238405
144684,2.0,6.5224214,4.522421360015869,226.12106800079346
183400,41.53,16.607891,-24.92210891723633,-60.009893853205696
98147,22.18,19.728254,-2.451745681762695,-11.05385789793821
243091,3.04,2.560376,-0.47962407112121586,-15.777107602671576
135454,21.5,8.490441,-13.00955867767334,-60.50957524499228
288761,20.0,20.741983,0.7419834136962891,3.7099170684814458
101935,17.15,13.0619955,-4.0880044937133775,-23.836760896287917
225102,1.28,8.191206,6.911205978393554,539.9379670619965
223684,4.54,16.601553,12.061552963256837,265.6729727589612
30634,3.5,1.8150039,-1.6849961280822754,-48.14274651663644
234305,16.395,11.883249,-4.5117507171630855,-27.519065063513786
100192,7.79,14.762033,6.972033462524414,89.49978770891417
228951,7.95,9.946502,1.9965017318725584,25.11322933173029
128903,6.99,21.301897,14.311897048950195,204.74816951287832
45364,8.55,8.937592,0.3875915527343743,4.533234534904961
159324,6.19,17.914324,11.724323806762694,189.40749283946192
283044,30.68,27.088106,-3.591893844604492,-11.707607055425333
138842,7.755,10.019364,2.264364356994629,29.198766692387224
156876,147.32,96.5355,-50.78450042724609,-34.47223759655586
276957,13.99,13.1082,-0.8817999267578127,-6.303073100484722
232749,42.22,12.550182,-29.669817657470702,-70.27431941608408
69543,9.99,12.62256,2.632559547424316,26.35194742166483
141265,28.01,53.913788,25.903787841796873,92.48049925668286
201848,1.99,3.0366426,1.0466425514221191,52.59510308653865
115568,36.99,9.1212,-27.86880039215088,-75.3414446935682
6292,5.75,10.9232025,5.1732025146484375,89.96873938519022
280016,77.32,19.83107,-57.48893005371093,-74.35195299238352
109930,24.095,13.648681,-10.446319313049315,-43.354718045442276
99807,57.74,9.791607,-47.94839309692383,-83.04190006394843
136749,2.79,6.0644956,3.27449556350708,117.3654323837663
238683,34.45,22.264982,-12.18501777648926,-35.37015319735634
225342,3.135,8.854671,5.719670524597168,182.44563076864972
109092,27.0,33.631718,6.631717681884766,24.561917340313947
16521,52.86,50.351994,-2.508006439208984,-4.744620581174771
160000,11.98,12.995456,1.0154557418823238,8.476258279485172
174868,4.835,4.1234727,-0.7115273094177246,-14.716180132734738
122005,25.32,16.613047,-8.706953353881836,-34.38765147662652
119154,17.39,17.506681,0.11668144226074162,0.6709686156454376
253711,7.49,9.319582,1.8295819854736326,24.426995800716057
38644,3.695,17.718271,14.023271255493164,379.52019635976086
208852,10.5,11.820362,1.3203620910644531,12.574877057756698
164475,6.24,9.985785,3.7457845306396482,60.02859824743025
247584,2.99,20.388376,17.398376235961912,581.8854928415356
239169,15.74,17.42251,1.6825101470947263,10.689391023473483
46182,68.41499999999999,17.132023,-51.282977142333976,-74.95867447538403
76924,6.74,16.042301,9.302301177978515,138.0163379522035
154713,3.49,7.9368877,4.446887741088867,127.41798685068386
76887,8.845,6.175284,-2.6697160911560065,-30.18333624823071
178011,259.535,12.705897,-246.82910266876223,-95.104360748555
70868,48.99,7.7498674,-41.24013256072998,-84.18071557609711
35420,21.0,8.333799,-12.666200637817383,-60.315241132463726
19837,8.205,19.056528,10.851528091430664,132.2550650997034
272834,5.29,11.552826,6.262825927734375,118.38990411596171
186563,12.99,11.8884325,-1.1015674972534182,-8.480119301411996
236744,14.39,13.618557,-0.7714430236816412,-5.360966113145526
244642,14.64,11.081235,-3.5587650680542,-24.30850456321175
186028,3.99,17.05794,13.067939529418945,327.5172814390713
17316,17.95,17.488771,-0.4612285614013665,-2.5695184479184765
30277,5.99,26.316835,20.32683540344238,339.34616700237694
29372,23.99,14.329905,-9.660095443725584,-40.26717567205329
103393,33.98,13.055546,-20.92445419311523,-61.57873511805543
47335,48.97,6.380764,-42.58923599243164,-86.97005512034234
139810,13.98,8.656716,-5.323283653259278,-38.07785159699054
5775,50.39,66.272736,15.882735595703124,31.519618169682722
188160,8.29,6.8931193,-1.3968806648254386,-16.850188960499864
122681,1.09,13.664451,12.574450645446777,1153.6193252703465
282106,6.17,8.755656,2.5856562423706055,41.906908304223755
93272,15.99,13.670088,-2.3199121856689455,-14.508518984796407
34691,7.640000000000001,9.145751,1.505750999450683,19.708782715323075
182845,8.055,5.562467,-2.4925329017639157,-30.943921809607893
5079,42.74,51.357094,8.617093811035154,20.1616607651735
62074,27.43,10.877112,-16.55288761138916,-60.34592639952301
16266,9.52,8.768793,-0.751206893920898,-7.890828717656492
141752,4.515000000000001,5.143935,0.6289352035522455,13.929904840581294
42414,10.26,16.132904,5.872904052734375,57.24078024107578
258665,18.94,10.524135,-8.415865364074708,-44.43434722320331
246727,53.57,32.36985,-21.200149841308594,-39.57466836159902
101308,10.49,9.800106,-0.6898939514160158,-6.576682091668406
15041,79.1,20.384047,-58.715953445434565,-74.23002964024597
39782,6.43,6.3353095,-0.09469049453735323,-1.4726359959152913
48752,6.49,7.9619274,1.4719274139404295,22.67992933652434
295015,4.09,13.019354,8.929353866577149,218.32161042975912
154913,9.99,14.02948,4.03947998046875,40.435235039727225
282558,24.64,9.017129,-15.622871055603028,-63.40450915423307
245868,18.99,17.488754,-1.501245727539061,-7.905454068136182
30911,26.475,12.185051,-14.289949035644533,-53.97525603642883
166732,267.395,16.567335,-250.8276648712158,-93.80417168279729
135297,3.725,3.8646188,0.13961877822875968,3.748155120235159
34535,11.64,7.7012625,-3.938737525939942,-33.83795125377957
178214,14.09,11.564408,-2.525591697692871,-17.924710416556927
271375,14.99,13.687085,-1.302914848327637,-8.691893584573961
166610,10.0,8.022568,-1.9774322509765625,-19.774322509765625
160696,2.07,10.698131,8.62813060760498,416.81790374903284
21725,26.34,5.5810113,-20.758988704681396,-78.81165035945861
194256,12.49,32.17405,19.684049377441404,157.59847379857007
200315,50.94,11.220582,-39.71941799163818,-77.9729446243388
34823,7.99,13.33153,5.34152961730957,66.85268607396208
42512,14.565,18.367895,3.802895126342774,26.109818924426875
132614,9.64,13.647328,4.007328376770019,41.56979643952302
37995,4.52,31.041111,26.52111099243164,586.7502431953903
253197,7.27,7.1943827,-0.07561733245849567,-1.0401283694428565
43900,1.99,10.1093445,8.119344482421875,408.00726042320974
112773,34.99,16.65781,-18.33218978881836,-52.39265444074982
116165,5.49,5.5535774,0.06357742309570291,1.158058708482749
230396,13.75,8.653163,-5.096837043762207,-37.067905772816054
7935,9.99,10.11781,0.12781024932861307,1.279381875161292
185417,4.9,7.5299215,2.6299215316772457,53.67186799341317
11544,24.61,14.580332,-10.029668197631835,-40.754442087085884
127620,9.425,13.557174,4.13217372894287,43.84269208427448
278824,6.79,16.643354,9.853354415893556,145.11567622818197
191986,13.95,15.98625,2.0362499237060554,14.596773646638391
109636,5.77,7.588624,1.8186240005493168,31.518613527717797
215717,9.74,11.190345,1.4503448104858396,14.890603803756052
292662,1.92,1.8965988,-0.02340118408203118,-1.218811670939124
175609,2.99,5.2227945,2.2327945327758787,74.67540243397586
212438,18.55,17.612734,-0.9372661590576179,-5.052647757723007
230618,16.99,10.142835,-6.847165336608885,-40.301149715178845
279413,43.62,20.402527,-23.217473144531247,-53.22666929053474
68411,51.03,43.960087,-7.0699131774902355,-13.854425195944023
3366,7.74,8.96396,1.2239596939086912,15.813432737838387
158023,18.96,16.581732,-2.3782682037353524,-12.543608669490256
254534,8.49,19.455502,10.965501556396484,129.15785107651925
120928,32.49,21.048862,-11.441137542724611,-35.214335311556205
28949,144.25,46.632664,-97.61733627319336,-67.6723301720578
295848,3.64,7.172922,3.532922134399414,97.05830039558829
989,10.16,9.624058,-0.5359422302246095,-5.275021951029621
48324,10.19,9.494309,-0.6956905746459956,-6.827189152561291
127154,3.985,11.572127,7.587127342224122,190.39215413360407
123979,9.99,10.172688,0.1826875305175779,1.828704009184964
170295,5.395,5.646421,0.2514209556579594,4.660258677626681
2511,50.76,27.914272,-22.84572769165039,-45.007343758176496
17285,6.390000000000001,10.770509,4.380508766174316,68.55256285092825
51668,42.93,120.82343,77.89343292236327,181.44289057154268
295085,50.16,50.2587,0.09870132446289404,0.19677297540449373
58681,12.47,13.553547,1.0835469055175775,8.689229394687871
287121,6.5,3.9938407,-2.5061593055725098,-38.556297008807846
155070,14.489999999999998,19.0751,4.585099945068361,31.643201829319263
79470,4.37,4.681018,0.3110178756713866,7.117113859757131
240027,10.94,7.9680614,-2.971938552856445,-27.16580030033314
255786,19.81,45.34446,25.534459533691408,128.89681743408082
22749,31.16,17.522366,-13.63763442993164,-43.76647763135957
197638,98.99,28.938118,-70.05188201904296,-70.7666249308445
117732,44.99,20.978397,-24.011602630615236,-53.37097717407254
149566,20.445,9.576361,-10.868639297485352,-53.16037807525239
129958,6.98,6.9467683,-0.033231716156006286,-0.4760990853296029
132587,3.13,5.1820607,2.052060718536377,65.56104532065102
136419,17.314999999999998,3.6475039,-13.66749614715576,-78.93442764744881
174262,4.29,10.638469,6.348468742370605,147.98295436761316
251675,58.34,67.91671,9.57670989990234,16.41534093229746
18341,23.36,31.484451,8.124451293945313,34.77932916928644
128092,29.95,20.978107,-8.971892547607421,-29.956235551276865
192045,59.98,35.234573,-24.745426635742184,-41.25612976949347
249056,6.99,24.61888,17.628879318237303,252.20142086176395
232925,2.49,6.841234,4.35123420715332,174.74836173306505
149973,16.77,20.278852,3.508852462768555,20.92338976009872
124179,3.89,9.562214,5.672213897705078,145.81526729318966
130928,5.640000000000001,15.887676,10.247676239013671,181.69638721655443
127625,11.35,23.085325,11.735325241088868,103.39493604483584
12046,4.99,14.356638,9.366637954711914,187.70817544512852
124393,30.0,13.998016,-16.001983642578125,-53.33994547526042
138011,40.28,38.902893,-1.3771069335937511,-3.418835485585281
75139,14.46,14.851481,0.3914814376831046,2.7073405095650385
168796,19.89,13.3294935,-6.560506477355958,-32.98394407921547
99516,71.99,32.950184,-39.03981613159179,-54.22949872425586
62889,26.48,25.927814,-0.5521855163574223,-2.085292735488755
262183,25.255000000000003,16.772053,-8.482947235107424,-33.589179311452874
240043,1.97,4.265758,2.295758037567139,116.53594099325579
171122,25.65,7.1385384,-18.511461639404295,-72.1694410892955
159768,1.63,6.1446056,4.51460563659668,276.96967095685153
24070,10.35,12.142092,1.7920917510986332,17.314896145880514
242002,12.935,14.044168,1.1091684722900386,8.574939870815914
55834,19.39,9.931641,-9.458359375,-48.77957387828778
33023,4.23,8.847599,4.617599029541015,109.1630976250831
16200,0.99,2.0119975,1.0219974613189697,103.23206679989593
248615,13.18,16.049553,2.869552917480469,21.772025170565016
205590,57.99,39.331993,-18.65800689697266,-32.17452474042535
187842,19.99,11.528303,-8.461696853637694,-42.32964909273484
89534,19.98,14.7303295,-5.249670486450196,-26.27462705931029
40777,14.93,17.415176,2.485176391601563,16.64552171199975
201662,9.48,9.229058,-0.25094173431396527,-2.64706470795322
205781,7.91,4.5312257,-3.3787743186950685,-42.715225267952825
204561,8.31,9.749126,1.4391264343261714,17.318007633287262
131831,15.0,20.017357,5.017356872558594,33.449045817057296
19802,50.19,50.26288,0.07287841796875227,0.1452050567219611
115312,11.805,15.607819,3.8028186035156253,32.21362645925986
9547,11.69,21.352924,9.662924346923829,82.65974633809948
159176,2.175,3.6629844,1.487984371185303,68.41307453725531
3123,29.99,26.567125,-3.422874679565428,-11.413386727460582
242666,5.869999999999999,16.288435,10.418434982299805,177.48611554173436
285443,5.48,5.059811,-0.42018888473510785,-7.667680378377879
50311,21.45,22.95921,1.5092094421386726,7.035941455191947
272962,2.12,8.015339,5.895338897705078,278.0820234766546
297158,16.965,13.715898,-3.249102439880371,-19.151797464664728
177420,1.795,9.146066,7.351065711975098,409.53012322981044
156072,11.445,11.693457,0.24845664978027315,2.1708750526891496
123559,22.865,30.459152,7.594152221679689,33.212999001441894
293574,4.93,15.861042,10.931042022705078,221.72499031856145
202019,15.49,15.98819,0.4981896972656248,3.2162020481964158
39448,7.07,7.847623,0.7776228713989255,10.998909072120586
275259,8.92,8.392857,-0.5271434020996093,-5.90967939573553
225384,16.72,12.059679,-4.6603209686279286,-27.872733065956513
57177,126.94,27.106287,-99.83371299743652,-78.64637860204547
108539,60.39,32.398884,-27.991116180419922,-46.35058152081458
218844,34.46,34.404568,-0.05543228149414148,-0.16085978379031188
137838,6.49,5.64705,-0.8429500961303713,-12.98844524083777
74741,19.99,22.51453,2.524530181884767,12.628965392119898
71701,47.38,20.161245,-27.218754653930667,-57.447772591664545
60529,49.95,21.561024,-28.3889762878418,-56.834787363046644
149343,81.92,74.23093,-7.689073486328127,-9.386076033115389
143245,13.57,16.154737,2.5847374725341794,19.047439001725714
202299,10.0,15.238005,5.238004684448242,52.38004684448242
233140,5.41,12.818997,7.408997383117676,136.9500440502343
10403,44.545,26.707323,-17.83767692565918,-40.044173141001636
165062,27.39,13.435485,-13.954515113830567,-50.947481248012295
71197,32.23,22.058832,-10.171167831420895,-31.558075803353695
72467,29.99,16.025002,-13.964998474121092,-46.56551675265453
42500,9.92,12.708698,2.788698272705078,28.111877749043128
21217,2.29,1.4046581,-0.8853419208526612,-38.66121925120791
51432,22.99,11.7039385,-11.286061515808104,-49.091176667281886
1195,4.055,19.044405,14.989404983520508,369.65240403256496
251328,17.98,14.97033,-3.0096697616577153,-16.738986438585734
142739,57.7,75.27981,17.57980804443359,30.467604929694264
186223,42.99,26.473875,-16.516124954223635,-38.41852745806847
229657,36.0,23.17524,-12.824760437011719,-35.624334547254776
57364,98.99,80.780426,-18.20957397460937,-18.39536718315928
100493,17.42,17.075233,-0.34476654052734546,-1.9791420236931427
225893,43.95,30.915775,-13.034224700927737,-29.656939023726363
200843,29.99,33.794685,3.804685363769533,12.686513383693008
264538,2.96,10.706816,7.746815719604492,261.71674728393555
73243,1.67,11.389296,9.71929557800293,581.9937471858042
274452,10.99,8.58374,-2.406259765625,-21.8949933177889
184966,2.24,1.7382596,-0.5017404460906985,-22.399127057620465
155454,1.63,2.6471083,1.017108316421509,62.3992832160435
237601,38.0,34.661327,-3.338672637939453,-8.785980626156457
13875,8.54,8.235992,-0.30400756835937415,-3.5598075920301424
186511,15.19,9.374068,-5.815931739807128,-38.28789822124509
23544,11.96,20.939623,8.97962287902832,75.08045885475183
140474,30.22,33.678665,3.4586651611328136,11.444954206263446
268207,4.39,15.242147,10.85214744567871,247.20153634803444
65929,24.54,8.417852,-16.1221475982666,-65.69742297582152
287493,46.99,12.439315,-34.55068515777588,-73.52774028043387
273921,6.66,11.008999,4.348998870849609,65.30028334609023
150123,8.5,3.6657405,-4.834259510040283,-56.87364129459157
9996,21.99,24.877525,2.8875253295898453,13.131083808957916
20862,52.41,46.71508,-5.694919738769528,-10.866093758384904
211948,118.73,80.13464,-38.595356445312504,-32.50682763017983
21776,7.47,28.229712,20.759711532592775,277.9077849075338
140325,5.9,1.5693052,-4.3306948184967045,-73.40160709316447
22570,14.99,14.280318,-0.7096817398071291,-4.73436784394349
170648,10.475,15.88505,5.410049819946289,51.64725365103856
120212,6.99,8.214018,1.224017868041992,17.510985236652246
37352,18.36,19.78587,1.4258695983886724,7.766174283162703
259062,19.365,24.564617,5.199617156982423,26.850592083565317
160170,22.4,10.286511,-12.113488578796385,-54.07807401248387
289854,11.37,9.22425,-2.1457501602172844,-18.872033071392124
280782,11.47,10.9243965,-0.5456034851074225,-4.756787141302724
53779,23.26,8.191986,-15.068013916015627,-64.7807992949941
50313,71.245,27.12696,-44.11803924560547,-61.92440065352722
274609,7.77,4.022338,-3.747662086486816,-48.23245928554461
134968,20.96,16.263187,-4.696812591552735,-22.408457020766864
18051,16.82,19.448666,2.628665618896484,15.628214143260905
199389,12.64,11.098845,-1.5411554718017584,-12.192685694634164
141111,60.12,20.81981,-39.30018913269043,-65.3695760690127
239546,36.99,34.17019,-2.8198110961914082,-7.623171387378773
134604,38.99,18.657082,-20.332918395996096,-52.14905974864349
104107,81.49,8.010091,-73.4799091720581,-90.17046161744767
244336,78.19,28.860104,-49.32989639282226,-63.08977668860758
238153,37.99,22.386234,-15.603765716552736,-41.07335013570081
21714,35.98,18.759945,-17.220055084228512,-47.86007527578798
191777,8.49,9.547749,1.057748565673828,12.458758135145205
120705,8.14,16.107796,7.967795715332031,97.88446824732225
103538,31.99,20.822573,-11.167427291870116,-34.90911938690252
242884,4.96,11.066384,6.106384315490723,123.11258700586134
285381,18.335,10.657008,-7.677991828918458,-41.87614850787269
129187,17.17,8.330966,-8.839034004211427,-51.47952244735834
225278,50.95,32.941013,-18.008986663818362,-35.34639188188098
73766,13.99,10.594082,-3.395918121337891,-24.27389650706141
229783,10.99,11.301436,0.3114364242553709,2.8338164172463225
219814,8.99,16.668444,7.67844367980957,85.41094193336562
218211,6.22,6.2081656,-0.011834354400634517,-0.1902629324860855
119592,34.86,20.058443,-14.801556930541992,-42.460002669368876
278714,58.295,20.862661,-37.432338638305666,-64.2119197843823
16775,2.73,7.103628,4.3736281585693355,160.20615965455443
81790,4.39,6.7210736,2.331073627471924,53.099627049474364
290856,31.765,42.978115,11.213115081787109,35.30022062580547
177737,8.03,3.7402868,-4.289713172912597,-53.421085590443305
193541,7.864999999999999,7.585553,-0.27944683074951104,-3.5530429847363134
75107,74.22,24.258217,-49.96178314208984,-67.3157951254242
278953,28.785,18.111868,-10.673132095336914,-37.078798316265114
158452,2.93,27.42385,24.49384910583496,835.9675462742308
246560,41.0,24.139446,-16.860553741455078,-41.12330180842702
146978,46.89,44.55563,-2.334370269775391,-4.978396821871169
278270,10.29,11.280599,0.9905986404418954,9.626808945013561
297436,10.36,7.642213,-2.717787132263183,-26.2334665276369
273193,37.835,14.99275,-22.84224983215332,-60.37333112766835
277025,30.89,13.337374,-17.552626266479493,-56.82300507115408
140436,4.69,11.55057,6.860569534301757,146.2808003049415
139910,8.95,10.997618,2.047617721557618,22.87841029673316
60397,3.245,3.5732923,0.3282922554016112,10.116864573239175
75079,72.47,57.273273,-15.19672653198242,-20.96967922172267
273305,44.32,52.389797,8.069797210693359,18.208026197412813
68584,13.99,18.543941,4.553941497802734,32.551404558990235
41498,3.64,2.1249783,-1.5150216960906984,-41.62147516732688
227138,29.99,26.834826,-3.155174484252928,-10.520755199242842
235609,46.97,8.565234,-38.40476581573486,-81.76445777248215
152694,28.99,19.035824,-9.954176177978514,-34.33658564325117
62732,16.99,16.14242,-0.8475801849365219,-4.988700323346215
178041,6.98,5.5983663,-1.381633739471436,-19.794179648587907
274305,25.99,22.267134,-3.7228662872314437,-14.324225806969773
295377,21.99,14.192481,-7.797518959045409,-35.45938589834201
203467,10.99,12.556509,1.5665090179443357,14.253949207864746
186031,9.96,10.270447,0.31044677734374915,3.116935515499489
135818,15.99,10.961302,-5.028698196411133,-31.449019364672502
78954,14.99,9.888189,-5.101810684204102,-34.03476106873984
185724,7.455,11.95287,4.4978703689575195,60.333606558786315
197536,9.99,13.491504,3.5015037155151365,35.05008724239376
128724,22.95,18.46336,-4.486640167236327,-19.549630358328223
261907,6.18,10.402552,4.222551651000977,68.32607849516144
124472,9.99,9.883187,-0.10681270599365256,-1.0691962561927182
167529,1.48,15.139929,13.659928817749023,922.9681633614204
140314,1.875,6.9604063,5.085406303405762,271.221669514974
257883,14.69,19.176678,4.486677703857422,30.542394171936166
229555,23.27,20.643152,-2.626847763061523,-11.288559359954977
4231,18.95,17.590733,-1.3592674255371087,-7.172915174338304
36586,15.76,18.347677,2.587677230834961,16.419271769257367
293219,7.99,8.538143,0.5481431579589842,6.860364930650616
191843,15.48,9.949704,-5.53029582977295,-35.725425256931196
169107,12.565,18.14636,5.581360397338868,44.419899700269546
148968,31.99,40.161556,8.171556243896486,25.544095792111555
289947,4.89,5.420233,0.5302327728271488,10.84320598828525
50268,46.95,47.77505,0.8250511169433565,1.7572973736812703
128263,29.29,8.736904,-20.55309585571289,-70.17103399014302
16369,54.99,52.376354,-2.613645782470705,-4.752947413112757
65961,19.98,8.775657,-11.204343299865723,-56.07779429362224
53996,39.95,34.112713,-5.837287139892581,-14.611482202484558
263526,21.0,8.421444,-12.578556060791016,-59.89788600376674
210529,18.59,12.052183,-6.537816848754883,-35.16846072487834
78982,18.35,27.757467,9.40746726989746,51.26685160707062
74901,13.99,41.941166,27.951165924072264,199.79389509701403
290576,3.94,8.982756,5.042755661010743,127.98872236067875
143258,6.99,8.613743,1.6237428283691404,23.229511135466957
159893,11.95,10.777729,-1.1722709655761712,-9.809798875114403
229964,23.49,15.860834,-7.629165878295897,-32.47835622944188
267787,4.655,9.92408,5.269079895019531,113.19183447947434
231759,22.33,10.732347,-11.597653465270994,-51.9375435077071
155648,8.99,6.8930626,-2.096937408447266,-23.325221451026316
94863,6.99,8.015339,1.025338897705078,14.668653758298683
185149,8.004999999999999,10.7870865,2.7820864868164072,34.75435961044857
97374,17.49,18.904518,1.4145181274414078,8.087582203781635
154281,14.15,11.917368,-2.2326320648193363,-15.778318479288595
22859,12.98,9.743493,-3.2365069198608403,-24.934567949621265
153981,1.99,10.206922,8.216921577453613,412.91063203284483
17470,36.515,39.02137,2.5063699340820307,6.863946142905738
231668,4.29,7.0290155,2.73901554107666,63.84651610901305
202675,3.79,7.7996244,4.009624443054199,105.79484018612663
245357,29.99,24.293434,-5.696565856933592,-18.994884484606843
251449,21.17,20.80737,-0.36263076782226733,-1.7129464705822735
286824,72.97,51.795357,-21.174643249511718,-29.01828593875801
290698,6.99,15.459843,8.469842681884765,121.17085381809392
240917,295.0,268.52628,-26.473724365234375,-8.974143852621822
236331,13.95,12.648213,-1.3017866134643548,-9.331803680748063
230492,17.685000000000002,14.551273,-3.1337266540527366,-17.719687045816997
247269,143.38,37.875637,-105.50436294555664,-73.58373758233829
85223,26.555,8.98812,-17.566879920959472,-66.15281461479748
19291,64.31,54.456783,-9.853216705322268,-15.321437887299435
164963,4.74,6.035202,1.2952020263671873,27.324937265130533
103262,2.085,12.3480215,10.263021507263183,492.2312473507522
120501,15.99,20.42827,4.43827033996582,27.75653746069931
249816,17.78,18.104652,0.3246524047851551,1.8259415342247194
41796,7.13,30.38991,23.259909744262696,326.22594311728886
75446,3.98,10.624166,6.644165534973144,166.93883253701367
181929,22.99,9.428003,-13.561996688842772,-58.99085119113864
225809,10.49,10.3189535,-0.17104648590087912,-1.6305670724583328
86620,38.99,38.124805,-0.8651945495605489,-2.2190165415761705
289658,13.69,15.557789,1.8677888488769536,13.643453972804629
122144,25.0,27.001932,2.001932144165039,8.007728576660156
42211,35.989999999999995,4.7985744,-31.19142555236816,-86.66692290182874
32762,3.19,15.263836,12.073835906982422,378.4901538239004
184143,8.99,5.5851736,-3.4048263931274416,-37.87348601921515
251214,3.39,6.600217,3.2102168655395507,94.69666270028173
196981,3.78,5.836461,2.0564610671997072,54.4037319365002
28945,6.95,12.233667,5.283667373657226,76.02399098787376
235690,22.99,18.709774,-4.280225982666014,-18.617772869360653
297725,7.49,9.266886,1.7768857574462888,23.72344135442308
103893,11.985,5.246519,-6.738480911254882,-56.224287953732855
120018,13.99,11.810236,-2.1797640228271487,-15.580872214632944
120090,16.13,22.872612,6.74261199951172,41.801686295794916
228388,37.31,21.406267,-15.903732833862307,-42.62592557990433
107093,31.9,31.577694,-0.3223060607910142,-1.010363826931079
131747,20.3,10.729183,-9.570816802978516,-47.146880802849836
91425,50.53,19.708204,-30.82179573059082,-60.997023017199325
29996,11.4,82.859116,71.45911560058593,626.8343473735608
258402,16.515,7.557541,-8.957459106445313,-54.23832338144301
166315,21.18,3.9551272,-17.224872760772705,-81.3261225721091
257456,20.505000000000003,29.80568,9.30067932128906,45.35810446861282
259505,78.93,5.376304,-73.55369585037232,-93.18851621737275
109896,6.9,6.196021,-0.7039789199829105,-10.202593043230587
148737,77.04,77.323555,0.283554992675775,0.3680620361835085
228415,27.55,10.255409,-17.294590759277344,-62.77528406271268
213033,167.99,21.05343,-146.93656944274903,-87.46745011176202
136907,6.49,23.58986,17.099860916137693,263.48013738270714
67995,1.19,5.786875,4.596874771118165,386.29199757295504
56205,22.97,22.4138,-0.556200714111327,-2.421422351377131
107559,2.85,9.922562,7.072561645507813,248.16005773711623
50745,26.34,20.913317,-5.4266832733154295,-20.602442191782192
223849,6.98,7.553835,0.5738349151611324,8.221130589701037
244735,22.66,14.865131,-7.794868621826172,-34.3992436973794
150226,8.135,21.524279,13.38927864074707,164.5885512077083
152082,45.04,33.97572,-11.064280548095702,-24.565454147636995
243523,10.91,10.363767,-0.5462333297729494,-5.006721629449581
14285,17.674999999999997,17.316072,-0.35892753601073935,-2.030707417316772
241141,17.99,23.54844,5.558440933227541,30.897392624944644
229152,19.99,29.645851,9.655851135253908,48.30340737995952
18035,44.85,57.874832,13.024832153320311,29.040874366377505
76655,6.2250000000000005,8.433555,2.208554649353027,35.47878954783978
293385,5.13,6.350344,1.2203441810607911,23.788385595726925
91959,26.94,19.866665,-7.073335113525392,-26.255883866092766
155273,34.405,22.717146,-11.687854080200196,-33.97138229966632
57400,12.77,9.276145,-3.4938550186157222,-27.359867021266425
172823,3.68,5.886397,2.2063968849182127,59.956437090168826
293126,2.12,2.8089743,0.688974266052246,32.498786134539905
27493,93.99,19.505669,-74.48433135986328,-79.24708092335703
78583,3.98,3.0331755,-0.9468245315551758,-23.78956109435115
79665,5.62,14.083822,8.46382225036621,150.601819401534
108647,33.0,38.954395,5.954395294189453,18.043622103604402
202177,13.95,14.157387,0.20738677978515696,1.4866435826892974
60472,78.99,21.197987,-57.79201339721679,-73.16370856718166
231315,36.99,32.436913,-4.553087463378908,-12.308968541170339
204752,12.99,12.508626,-0.4813740158081057,-3.7057276043734078
172063,43.43,16.153835,-27.27616470336914,-62.80489224814446
4339,12.535,11.710949,-0.8240510559082033,-6.574001243783034
2381,26.09,19.814964,-6.275035705566406,-24.051497529959395
235143,146.45,81.46194,-64.9880630493164,-44.37559784862847
40487,6.98,10.248872,3.268871803283691,46.83197425907866
36493,16.44,9.98596,-6.454039993286134,-39.258150810742904
47871,10.78,15.114256,4.334255905151368,40.206455520884674
108427,6.365,6.368887,0.0038869476318357243,0.06106751974604437
41957,9.32,8.727688,-0.5923121643066409,-6.355280732903871
71048,25.335,17.067488,-8.267512283325196,-32.632770015098465
96704,6.45,13.238348,6.788348007202148,105.2457055380178
87217,3.34,2.9632668,-0.3767331504821776,-11.27943564317897
143154,20.98,12.802389,-8.17761085510254,-38.97812609677092
204058,2.99,4.062948,1.0729482269287107,35.88455608457226
257675,15.99,10.835209,-5.154791107177735,-32.23759291543299
181028,2.17,3.6476383,1.4776383209228516,68.09393183976276
252733,19.99,19.697918,-0.29208206176757656,-1.4611408792775216
5024,39.88,16.428343,-23.451657180786135,-58.80555963085791
56018,3.08,3.229044,0.149043960571289,4.839089628937955
131746,24.07,18.233587,-5.836412734985352,-24.247664042315545
118129,19.95,18.07644,-1.8735591888427727,-9.391274129537708
199594,69.99,21.641718,-48.34828208923339,-69.07884281930761
63919,3.395,5.0606356,1.6656355667114258,49.06143053641902
140902,17.99,17.089891,-0.9001085662841781,-5.003382803136065
266916,5.87,8.26241,2.3924101638793944,40.7565615652367
157373,287.37,61.83238,-225.53762161254883,-78.48335651339696
20932,72.93,74.234764,1.304764099121087,1.7890636214467115
212696,3.59,12.330781,8.740780982971192,243.47579339752622
170507,2.28,13.237136,10.957135887145997,480.5761354011403
158098,125.34,16.165768,-109.17423233032227,-87.10246715360002
95989,4.59,14.510557,9.920557174682617,216.1341432392727
173907,48.69,41.669567,-7.020432891845701,-14.418633994343194
57213,12.74,8.598215,-4.141784896850586,-32.51008553257917
19149,36.16,10.4396305,-25.720369491577145,-71.12934040812264
113027,22.95,20.502272,-2.4477283477783196,-10.665482996855422
255579,21.73,21.11455,-0.6154503631591801,-2.8322612202447313
270692,10.475,6.9454384,-3.529561614990234,-33.695098949787436
13708,12.29,10.549057,-1.7409429931640616,-14.165524761302372
133460,34.89,16.567799,-18.322201385498047,-52.51419141730595
42879,13.99,13.404032,-0.5859682464599612,-4.188479245603725
157200,111.49,81.5816,-29.908403625488276,-26.826086308627033
285019,8.690000000000001,5.703689,-2.986310901641847,-34.36491256204657
259115,1.98,5.7943983,3.814398307800293,192.64637918183297
239929,13.82,17.561556,3.7415558624267575,27.073486703522125
262680,21.85,16.572725,-5.277274703979494,-24.152286974734523
231993,12.39,12.197732,-0.1922680282592779,-1.5518000666608385
198374,23.535,12.249077,-11.285923156738281,-47.95378439234451
137589,10.48,23.877161,13.397161026000976,127.83550597329175
146690,16.77,21.151287,4.381287078857422,26.125742867366856
72324,64.99,19.41078,-45.579220046997065,-70.13266663640108
209504,80.49,75.59202,-4.897981872558589,-6.085205457272442
234464,26.66,9.324979,-17.335021171569824,-65.02258503964676
82110,8.145,10.187969,2.0429692077636723,25.082494877393152
285952,16.49,15.722036,-0.7679636383056625,-4.657147594333915
10302,17.99,17.586092,-0.4039080047607406,-2.2451806823832166
46732,4.98,4.5493684,-0.4306316184997563,-8.647221255015186
251430,11.4,11.875554,0.4755540847778317,4.171527059454664
8054,50.875,26.260141,-24.614858627319336,-48.38301450087339
243845,12.99,17.877462,4.887462387084961,37.62480667501894
198194,50.9,21.00285,-29.897150421142577,-58.73703422621331
150465,19.995,8.628811,-11.366189117431642,-56.8451568763773
51112,24.95,14.712885,-10.237115097045898,-41.030521431045685
155280,22.995,27.78111,4.786110763549804,20.81370195064059
256118,47.8,51.05944,3.2594406127929716,6.818913415884878
24105,9.97,11.674073,1.7040732192993158,17.092008217646097
203808,1.785,13.311179,11.526179161071777,645.7243227491192
223857,9.99,11.562248,1.5722482299804685,15.738220520325012
53199,12.99,12.242028,-0.7479717636108401,-5.758058226411394
17594,10.4,10.695489,0.2954889297485348,2.8412397091205266
216045,29.98,22.671556,-7.30844352722168,-24.377730244235092
37283,20.7,4.825733,-15.874266815185546,-76.68727930041327
135019,16.99,12.737939,-4.252061119079588,-25.026845903941076
288855,22.985,22.492188,-0.49281249999999943,-2.144061344355012
209302,4.99,11.276863,6.286863098144531,125.98924044377817
53953,33.66,23.844685,-9.815315399169918,-29.160176468122163
202717,29.99,16.102531,-13.88746856689453,-46.30699755550027
242944,45.99,39.81869,-6.171308746337893,-13.418805710671652
180420,2.19,3.0152512,0.8252511596679688,37.68270135470178
138000,29.99,13.571154,-16.418846359252928,-54.74773710987972
112730,5.58,6.1262646,0.5462645721435546,9.78968767282356
211571,58.72,47.880653,-10.839346618652343,-18.45937775656053
142115,30.01,17.775755,-12.234245071411134,-40.76722782876086
277640,26.795,10.821918,-15.97308246612549,-59.61217565264224
6614,4.48,12.083567,7.603566665649414,169.72247021538868
148267,39.99,26.80016,-13.189840545654299,-32.98284707590472
134447,7.99,7.6993933,-0.29060672760009787,-3.6371305081363934
271353,20.74,11.945588,-8.794411888122557,-42.40314314427463
103719,14.99,9.770563,-5.219436874389649,-34.81945880179886
83954,164.02,158.69496,-5.325038452148448,-3.2465787417073817
249429,13.09,9.405552,-3.6844480895996092,-28.147044229179595
237731,72.45,37.83083,-34.619170379638675,-47.783533995360486
8013,8.545,9.027109,0.48210914611816413,5.642002880259382
64320,89.97,69.62905,-20.340948791503905,-22.608590409585315
54718,15.74,18.598726,2.8587262725830076,18.162174539917455
133812,11.975,13.391187,1.4161867141723636,11.826193855301575
73046,2.39,5.1409373,2.750937328338623,115.10198026521434
92616,26.910000000000004,4.9333825,-21.976617488861088,-81.66710326592748
251211,2.52,16.24889,13.728889923095704,544.7972191704645
76426,6.17,8.281001,2.111001091003418,34.21395609405864
232976,19.0,16.933558,-2.0664424896240234,-10.876013103284334
26254,56.58,16.220337,-40.3596630859375,-71.33203090480293
289403,14.87,10.334144,-4.535856361389159,-30.503405254802686
294872,4.48,4.8685474,0.3885474395751949,8.672933919089171
249161,9.92,9.034162,-0.8858384323120116,-8.929822906371085
121482,34.835,37.52488,2.6898794555664054,7.721772514902843
36816,12.99,11.77024,-1.2197601699829104,-9.389993610338031
286146,1.99,9.828711,7.838710556030273,393.90505306684787
129467,20.98,30.175423,9.19542266845703,43.829469344409105
38939,7.585,26.792664,19.20766357421875,253.23221587631838
233532,39.99,16.834372,-23.15562843322754,-57.9035469698113
265567,5.59,12.430916,6.840915832519531,122.37774297888248
196249,53.87,58.78997,4.919970397949221,9.133043248467091
183877,7.365,4.841897,-2.5231029891967776,-34.25801750436901
169039,5.83,5.67691,-0.15309007644653327,-2.625901825841051
69816,6.99,7.2733164,0.2833163833618162,4.053167143945869
176928,6.29,7.5985365,1.308536491394043,20.80344183456348
52872,4.58,12.825849,8.245848579406738,180.0403619957803
6075,29.99,32.66514,2.675138244628908,8.920100849046042
165741,26.48,26.031506,-0.44849441528320355,-1.6937100275045451
276591,11.85,6.8639197,-4.986080265045166,-42.07662670924191
36370,1.72,2.623326,0.903326063156128,52.51895716024
289359,33.95,22.664148,-11.285851669311526,-33.242567509017746
59709,23.38,18.562723,-4.81727684020996,-20.604263645038323
37854,12.91,7.4327087,-5.477291259765625,-42.42673322823877
269546,6.55,10.753196,4.2031957626342775,64.17092767380576
172065,7.485,3.1939063,-4.291093692779541,-57.32924105249888
4848,28.29,18.518116,-9.771884002685546,-34.54183104519458
289496,11.51,7.429078,-4.080921897888183,-35.455446549853896
125333,7.52,16.587667,9.067667465209961,120.58068437779204
91874,4.235,10.569354,6.334354057312011,149.57152437572634
198104,26.95,17.299765,-9.650235366821288,-35.80792343904003
13167,22.28,14.217419,-8.062581329345704,-36.18752840819436
283177,18.495,20.981777,2.4867771911621084,13.445672836778092
249384,5.8,23.467535,17.667535018920898,304.6126727400155
110200,8.56,3.9351015,-4.624898490905762,-54.029187977871054
102988,7.49,6.534562,-0.9554378890991213,-12.756180094781325
61043,3.21,18.527908,15.317908325195312,477.1934057693244
23219,7.375,7.006526,-0.36847400665283203,-4.996257717326536
67816,43.5,35.355766,-8.144233703613281,-18.722376330145472
149994,128.44,93.384026,-35.05597442626953,-27.293658070904335
239289,26.38,12.558365,-13.821635131835937,-52.394371235162765
16428,13.99,13.484692,-0.5053083801269533,-3.611925519134763
253152,4.795,5.57888,0.7838798332214356,16.347858878444956
42224,33.84,31.295609,-2.544391479492191,-7.518887350745245
253687,8.1,11.163777,3.063777351379395,37.82441174542463
134620,5.81,14.552297,8.74229663848877,150.46982166073616
134647,43.37,27.028496,-16.34150421142578,-37.679281096208854
280294,33.1,18.879482,-14.220517730712892,-42.962289216655265
262434,13.49,12.592648,-0.8973524475097658,-6.651982561228806
272711,10.52,7.1471243,-3.372875709533691,-32.06155617427463
250051,4.44,9.304067,4.864066658020019,109.55105085630672
4189,26.675,9.49438,-17.180620002746583,-64.40719776099937
277848,8.99,2.9778144,-6.012185564041138,-66.87636889923402
159507,5.5,5.5521946,0.05219459533691406,0.9489926424893466
186412,5.475,7.2578955,1.7828954696655277,32.56430081580873
188614,25.875,16.83406,-9.040939331054688,-34.940828332578505
219857,39.99,46.879498,6.88949752807617,17.22805083289865
55956,29.99,16.86414,-13.125860443115233,-43.767457296149495
183609,48.59,24.51044,-24.079559173583988,-49.55661488698083
158248,8.45,17.541391,9.091391372680665,107.59043044592505
166323,25.0,22.938625,-2.0613746643066406,-8.245498657226562
35220,1.985,7.671792,5.686792030334472,286.4882634929205
123914,19.95,20.694609,0.7446086883544929,3.7323743777167566
82206,4.59,8.465732,3.8757316207885744,84.43859740280118
20494,12.38,18.825958,6.445958251953124,52.06751415147919
13037,11.92,13.188181,1.2681809234619141,10.639101706895254
218986,11.99,13.087693,1.0976932144165037,9.155072680704784
772,11.48,12.262443,0.7824425888061519,6.8157019930849465
136586,10.19,13.270389,3.0803886032104497,30.22952505603974
121180,16.99,17.094986,0.10498596191406406,0.617927968887958
5131,38.92,48.217384,9.297384338378905,23.88844896808557
60072,5.39,7.122201,1.732200965881348,32.13730920002501
268654,43.99,40.89666,-3.0933401489257832,-7.031916683168409
244578,22.905,17.2677,-5.637299804687501,-24.611655990777127
250676,8.995000000000001,11.434447,2.4394472885131826,27.120036559346104
98451,5.24,10.107345,4.867344627380371,92.888256247717
296045,6.22,14.7921715,8.572171478271486,137.8162617085448
145767,97.46,58.429413,-39.03058715820312,-40.04780131151562
88573,6.77,6.667703,-0.10229684829711871,-1.5110317326014582
65668,21.145,21.783968,0.6389679718017582,3.0218395450544255
22602,43.99,23.13213,-20.85787033081055,-47.41502689431813
190207,7.94,11.953967,4.013967094421386,50.55374174334239
224633,18.37,17.971184,-0.39881622314453224,-2.171019178794405
43334,9.99,9.01838,-0.9716198348999026,-9.725924273272298
92869,35.99,25.171377,-10.818622817993166,-30.0600800722233
214710,14.99,16.098639,1.1086385345458982,7.395854133061362
197774,57.21,21.26226,-35.94773956298828,-62.83471344692935
19026,26.14,34.713146,8.573146209716796,32.79703982294107
263061,170.22,63.498978,-106.72102233886719,-62.69593604680248
193625,7.73,14.575782,6.845781822204589,88.56121374132715
70713,59.49,31.84512,-27.644880523681643,-46.469794122846935
274411,39.48,25.026754,-14.453245620727536,-36.60903146080937
125335,2.875,16.664927,13.789926528930664,479.64961839758826
270921,59.99,42.511345,-17.478655090332033,-29.135947808521472
212216,155.99,51.393833,-104.59616683959962,-67.0531231743058
280361,9.49,5.533838,-3.956162204742432,-41.687694465146805
198065,19.6,8.794049,-10.805950736999513,-55.13240171938527
180541,15.24,9.749993,-5.490006675720215,-36.023665851182514
30,24.99,13.263266,-11.726734390258787,-46.92570784417282
61522,27.95,30.31792,2.367920684814454,8.471988138871033
250431,6.94,11.046134,4.106133995056152,59.16619589418086
19257,3.59,9.172193,5.582192573547363,155.49282934672323
97395,32.39,19.971647,-12.418352737426758,-38.3400825484
271317,23.99,11.102116,-12.887884368896483,-53.72190232970606
228778,25.99,7.6690426,-18.320957412719725,-70.49233325401973
263194,16.99,17.700188,0.7101876831054703,4.1800334497084775
144389,66.99,20.376753,-46.61324714660644,-69.58239609883033
258389,3.495,3.3551488,-0.1398512077331544,-4.001465171191828
133826,18.45,13.798784,-4.651215744018554,-25.20984143099487
222975,54.59,64.58138,9.99138275146484,18.302587930875326
285149,10.44,10.059131,-0.3808693313598628,-3.6481736720293374
280180,37.95,24.296665,-13.653334808349612,-35.97716682042058
155020,6.76,6.8954587,0.1354586982727053,2.0038268975252262
158463,14.99,9.642519,-5.347481002807617,-35.67365578924361
179621,8.87,8.1227045,-0.7472954940795891,-8.424977385339224
1013,20.84,10.690658,-10.149342384338379,-48.7012590419308
259372,12.32,4.344819,-7.975180931091309,-64.73361145366322
67527,19.99,18.497643,-1.4923574829101547,-7.465520174638093
79417,3.34,9.480385,6.140384826660156,183.84385708563343
137033,14.79,15.700375,0.9103746032714852,6.155338764513085
33797,51.0,13.030024,-37.9699764251709,-74.45093416700176
16180,4.64,8.782026,4.142026290893555,89.26780799339559
83732,5.33,21.653105,16.323104782104494,306.24962067738267
181351,6.390000000000001,7.6002216,1.2102216339111322,18.939305695009892
25574,14.56,20.875456,6.315455856323242,43.37538362859369
135429,12.0,7.571144,-4.428855895996094,-36.90713246663411
109357,9.98,5.1661015,-4.813898544311524,-48.23545635582689
187088,12.99,29.0234,16.03339935302734,123.42878639743913
180149,40.260000000000005,15.842588,-24.417411575317388,-60.649308433475866
25290,28.95,19.62279,-9.327210617065429,-32.218344100398724
99903,18.485,14.229868,-4.255132064819335,-23.019378224610957
227664,10.99,7.6424274,-3.3475725555419924,-30.460168840236506
192572,7.79,7.342923,-0.44707683563232425,-5.739112139054227
247812,17.13,21.84308,4.713080520629884,27.51360490735484
213307,6.97,14.30909,7.3390896606445315,105.29540402646387
178858,21.015,19.888647,-1.1263529205322271,-5.359756938054852
120948,44.92,24.100033,-20.819967193603517,-46.348991971512724
12513,11.49,14.174682,2.6846816635131834,23.365375661559472
297891,5.85,4.1458683,-1.704131698608398,-29.130456386468346
150828,11.1,9.83944,-1.2605596542358395,-11.356393281403959
150756,9.28,5.3375154,-3.942484645843505,-42.48367075262398
65371,11.95,13.814564,1.8645637512207038,15.60304394326949
48480,8.0,5.0152407,-2.9847593307495117,-37.3094916343689
215276,33.98,35.98643,2.006431121826175,5.904741382655018
24108,6.78,7.2839336,0.5039336395263669,7.432649550536386
274809,1.19,3.9407482,2.7507482147216797,231.15531216148568
85601,2.38,9.817341,7.437340850830078,312.4933130600873
45064,4.99,13.031563,8.041562805175781,161.15356322997556
125307,3.29,5.174707,1.8847069358825683,57.28592510281363
287301,11.13,10.823812,-0.30618846893310625,-2.7510194872695974
115062,19.87,19.376984,-0.493016357421876,-2.4812096498332963
124930,22.42,21.473907,-0.9460925292968767,-4.219859631118986
72359,12.0,12.787086,0.7870855331420898,6.559046109517415
149597,46.04,88.26956,42.229561767578126,91.7236354638969
104213,2.76,16.081259,13.321258773803711,482.6543033986853
188841,15.32,15.176611,-0.14338905334472685,-0.9359598782292875
236892,10.385,13.758958,3.373957862854004,32.48876131780457
272708,77.09,21.085497,-56.00450309753418,-72.64820741670019
261665,12.01,5.6345315,-6.3754685020446775,-53.08466696123795
207762,22.99,38.398388,15.408387908935548,67.0221309653569
273703,14.0,12.140353,-1.8596467971801758,-13.283191408429825
289209,20.98,10.977214,-10.002786140441895,-47.677722309065274
223270,34.99,17.479856,-17.510143508911135,-50.04327953389864
164949,7.93,5.925352,-2.0046479034423825,-25.279292603308733
174019,31.585,18.767937,-12.817063293457032,-40.57958934132351
16502,49.99,49.66599,-0.32401107788086136,-0.6481517861189465
42006,6.88,11.75613,4.8761302185058595,70.8739857340968
294317,24.98,13.931753,-11.048246841430664,-44.228370061772075
24159,15.825,15.206638,-0.6183616638183587,-3.907498665518854
204467,27.85,21.92497,-5.925029373168947,-21.27479128606444
219851,42.99,17.008337,-25.98166297912598,-60.4365270507699
256244,4.95,9.742351,4.792350578308105,96.81516319814354
72992,53.99,36.542225,-17.4477751159668,-32.316679229425446
35942,3.43,6.168498,2.7384980392456053,79.83959298092144
193026,6.69,16.172064,9.482063827514647,141.73488531412028
115701,31.0,12.092682,-18.907318115234375,-60.991348758820564
47066,14.99,8.988141,-6.001858940124512,-40.03908565793537
39361,5.69,9.418436,3.7284360504150387,65.52611687899892
126127,13.99,13.574641,-0.41535877227783224,-2.968969065602804
257683,24.91,10.782962,-14.127038154602051,-56.71231695946227
109650,2.99,3.7119894,0.7219894027709959,24.14680276826073
43880,5.82,11.301935,5.481935195922851,94.191326390427
163206,49.99,45.230812,-4.759187927246096,-9.520279910474287
200241,9.59,8.658193,-0.9318073654174803,-9.71644802312284
233038,46.68,13.710116,-32.969883613586425,-70.62957072319286
216041,32.95,23.199795,-9.750205230712893,-29.590911170600588
122269,68.79,31.364487,-37.42551330566407,-54.405456179188924
149654,4.49,3.4076986,-1.0823013687133791,-24.10470754372782
274525,8.19,13.795595,5.605595169067383,68.4443854586982
250055,11.91,4.9035106,-7.006489429473877,-58.82862661187135
6876,17.58,17.657938,0.07793800354004077,0.443333353470084
275780,5.44,5.6502504,0.2102504348754879,3.864897699917057
96629,23.49,4.0939465,-19.39605354309082,-82.5715348790584
142293,55.93,60.330498,4.400497741699219,7.867866514749185
113867,64.95,60.729015,-4.220984649658206,-6.498821631498393
141663,14.97,14.708105,-0.2618949127197272,-1.749465014827837
167958,10.95,21.198864,10.248863983154298,93.59693135300729
268576,82.99,36.490562,-46.49943756103515,-56.03016937105092
206837,5.99,6.638689,0.6486890411376951,10.829533241029967
233977,39.95,33.564236,-6.3857643127441435,-15.984391270949045
23898,49.42999999999999,21.302923,-28.127076797485344,-56.902846039824695
4541,39.71,54.83742,15.127421417236327,38.09474041107108
233737,3.3550000000000004,17.013515,13.658515472412109,407.1092540212253
290104,14.99,13.379439,-1.6105606460571291,-10.744233796245025
169111,10.485,12.801148,2.316148414611817,22.090113634828967
223983,28.3,41.308952,13.008952331542968,45.96802944008116
72377,21.99,22.078028,0.08802772521972813,0.4003079818996277
230528,13.92,9.2566805,-4.663319511413574,-33.500858559005565
96407,3.34,5.4791474,2.1391474342346193,64.04633036630597
178046,19.99,27.201853,7.211852798461916,36.0773026436314
238249,71.67,52.413975,-19.25602523803711,-26.867622768295117
118458,8.39,16.485409,8.095408782958984,96.48878168008324
194130,7.36,6.1497626,-1.2102373695373538,-16.44344252088796
187530,9.675,5.962538,-3.712462234497071,-38.37170268214027
69655,16.74,10.164862,-6.57513832092285,-39.27800669607437
244070,19.875,13.524873,-6.350127220153809,-31.950325635994005
163960,41.89,22.94057,-18.949429168701172,-45.23616416495864
32130,2.0,21.588554,19.58855438232422,979.4277191162109
65740,9.99,9.05804,-0.9319603347778322,-9.32893228005838
77502,9.49,28.867928,19.37792755126953,204.1931248816599
135379,7.49,11.260783,3.7707831954956053,50.34423491983452
289261,23.02,16.275646,-6.744353790283203,-29.29780100036144
189143,5.485,23.984962,18.499962463378907,337.28281610535834
75814,5.19,17.72378,12.533779678344725,241.49864505481165
269797,1.58,10.905761,9.325760765075684,590.238023106056
20281,54.69,55.456512,0.7665124511718773,1.4015586966024454
209222,21.36,15.638462,-5.721537933349609,-26.786226279726634
46768,13.07,8.979677,-4.0903227996826175,-31.29550726612561
79357,0.975,6.206728,5.231727981567383,536.5874852889624
165331,3.99,6.463424,2.473424205780029,61.990581598496966
164481,13.99,18.972225,4.982225189208984,35.612760466111396
19326,19.6,21.052958,1.4529575347900376,7.4130486468879475
177659,3.49,4.7689333,1.278933296203613,36.64565318634994
56621,34.195,16.183897,-18.011102981567383,-52.671744353172635
450,19.99,15.08684,-4.903160324096678,-24.528065653310048
66581,19.99,21.588667,1.5986669158935563,7.997333246090828
48759,8.89,26.480904,17.59090362548828,197.87293167028437
239541,19.99,19.236246,-0.7537538909912094,-3.7706547823472207
255753,10.59,14.837871,4.247870597839356,40.112092519729515
118155,5.49,8.653565,3.163565406799316,57.624142200351834
213734,7.140000000000001,6.957731,-0.18226922988891658,-2.5527903345786633
267000,17.99,18.819233,0.8292329406738297,4.609410453995719
17076,6.79,23.166815,16.37681480407715,241.1902033001053
223502,5.825,18.547068,12.722067642211915,218.40459471608438
254184,15.99,11.300384,-4.689616432189942,-29.328432971794506
105764,77.945,13.363079,-64.58192092895507,-82.85575845654638
130821,52.92,22.620462,-30.299537582397463,-57.255362022670944
14821,6.21,6.5930734,0.3830733680725098,6.168653270088725
195129,3.82,8.87594,5.055940322875976,132.35445871403078
92602,10.635,9.8491745,-0.785825500488281,-7.389050310185999
62153,35.49,17.151703,-18.338297119140627,-51.671730400508956
138900,50.0,22.300148,-27.699851989746094,-55.39970397949219
60017,6.2,7.2702045,1.0702045440673826,17.261363613990042
143293,17.99,13.429994,-4.560006370544432,-25.34745064227033
47457,3.98,9.1753,5.195299644470214,130.53516694648778
103454,14.98,15.256067,0.27606727600097614,1.8429057142922305
143527,32.2,40.7203,8.520298767089841,26.46055517729764
96375,5.98,5.964592,-0.015408020019531676,-0.25765919765103135
19355,93.46,83.372955,-10.087044677734369,-10.792900361367826
101192,27.99,9.579155,-18.41084503173828,-65.77650958105853
93946,20.65,22.174927,1.5249267578125014,7.384633209745769
218963,29.99,35.209114,5.219114074707033,17.402847864978437
276438,1.03,4.582249,3.5522491645812986,344.87855966808723
286336,9.62,12.236283,2.6162833023071297,27.19629212377474
203503,31.05,15.091047,-15.958952713012696,-51.39759327862382
212982,4.43,6.593577,2.1635769081115725,48.83920785804904
142156,76.44,72.65832,-3.781682434082029,-4.947255931556815
128770,56.055,7.191597,-48.86340301513672,-87.17046296518905
69666,24.94,19.87646,-5.0635408782959,-20.302890450264233
70414,11.57,12.432012,0.8620116043090817,7.450402803017128
10168,16.99,15.583397,-1.4066030883789047,-8.279005817415568
200090,3.64,6.5611343,2.921134338378906,80.25094336205785
690,48.23,18.620823,-29.609177093505856,-61.39161744454874
281542,9.44,11.220393,1.7803931808471685,18.860097254736953
154530,5.29,10.962645,5.672644577026367,107.23335684359863
225955,8.125,6.82541,-1.2995901107788086,-15.994955209585338
291659,9.24,21.175653,11.935653457641601,129.17373871906494
197353,15.29,15.418688,0.12868782043457117,0.8416469616387913
207819,8.49,7.6068783,-0.8831217193603518,-10.4019048216767
160629,36.735,32.377457,-4.357543334960937,-11.862102449873246
169534,3.59,14.114303,10.524302635192871,293.1560622616399
188615,59.99,34.926136,-25.0638639831543,-41.78006998358776
127422,36.22,24.465765,-11.75423500061035,-32.452332966897714
59641,6.49,8.4109125,1.92091251373291,29.598035650738208
279064,24.99,23.414543,-1.5754568481445297,-6.304349132231011
24155,12.99,13.487814,0.4978139495849607,3.832285986027411
75001,4.49,33.077484,28.587484130859373,636.6922969010996
75908,29.28,17.09436,-12.185639648437501,-41.61762175012807
287417,5.895,10.084303,4.18930290222168,71.06535881631349
33154,6.91,8.8421135,1.9321134948730467,27.961121488756103
158617,29.98,56.621483,26.641482849121093,88.86418562081752
56156,38.825,4.8366017,-33.988398265838626,-87.54255831510271
278093,48.945,12.632106,-36.31289417266846,-74.19122315388387
227240,23.11,14.706799,-8.403201446533203,-36.3617544203081
209864,19.99,14.503547,-5.486453285217284,-27.445989420796817
240931,320.0,279.3008,-40.699188232421875,-12.718496322631836
197150,6.99,5.5926356,-1.397364368438721,-19.99090655849386
210420,19.25,9.5624075,-9.687592506408691,-50.32515587744775
23315,33.34,10.096339,-23.24366077423096,-69.71703891490989
234775,13.995,13.03546,-0.9595395278930656,-6.856302450111223
19964,26.14,35.661503,9.521502838134765,36.42502998521333
195550,43.79,58.14665,14.356648406982423,32.785221299343284
34109,16.585,18.759068,2.1740675354003898,13.108637536330356
36591,43.73,10.577977,-33.15202281951904,-75.81070848277851
160643,31.74,14.02045,-17.7195503616333,-55.82719080539792
61413,44.99,17.449705,-27.540294876098635,-61.21425844876336
33863,4.37,4.320428,-0.04957210540771495,-1.134373121458008
7878,36.99,20.483006,-16.50699447631836,-44.62555954668386
67140,9.99,9.573255,-0.41674541473388693,-4.171625773111981
18574,4.29,9.8065195,5.516519508361816,128.59019833011226
250970,6.44,9.236497,2.7964969253540035,43.423865300528
131813,8.99,7.284587,-1.7054130935668947,-18.970112275493822
235400,30.37,34.207638,3.8376377868652334,12.636278521123586
204209,10.364999999999998,26.989323,16.624322662353517,160.38902713317432
211854,46.58,53.079136,6.499135894775392,13.952631805013723
259067,4.64,9.074838,4.434837684631348,95.5783983756756
211502,54.35,9.236131,-45.1138692855835,-83.00619923750413
227176,20.88,20.746918,-0.133082275390624,-0.6373672193037548
287557,3.605,3.9219913,0.3169913482666016,8.793102587145675
206919,39.99,15.360979,-24.629020919799807,-61.58794928682122
120040,4.93,5.75018,0.8201797676086429,16.63650644236598
275565,12.99,17.779846,4.78984619140625,36.873334806822555
64720,21.99,30.214104,8.22410369873047,37.39928921660059
5122,56.37,57.475246,1.105246429443362,1.9606997151736065
214505,23.35,21.705896,-1.6441036224365249,-7.041129004010813
272583,11.44,9.265786,-2.174213829040527,-19.005365638466145
238474,27.95,29.083101,1.1331012725830085,4.054029597792517
284952,3.045,8.428239,5.383238868713379,176.78945381653133
45535,14.6,11.104087,-3.4959131240844723,-23.944610438934745
223120,50.97,21.697123,-29.27287742614746,-57.43158215842155
7298,7.18,9.135947,1.9559472274780276,27.24160483952685
195185,40.24,35.488235,-4.7517645263671895,-11.808559956180888
45511,18.98,5.707785,-13.272214870452881,-69.92737023420906
229369,44.99,33.204906,-11.785093536376955,-26.194917840357757
241681,9.94,10.300078,0.3600783920288091,3.6225190344950615
170410,5.985,3.4105453,-2.5744546508789066,-43.015115302905706
7446,3.0,13.666958,10.66695785522461,355.5652618408203
142745,26.09,19.20832,-6.881679382324219,-26.376693684646295
277157,2.73,2.7631607,0.03316070556640627,1.2146778595753212
26658,52.125,15.790251,-36.33474922180176,-69.70695294350458
249865,10.96,11.959812,0.9998121643066398,9.122373761921896
196764,19.99,20.337723,0.34772277832031406,1.7394836334182797
173874,53.0,17.594673,-35.40532684326172,-66.8025034778523
147615,47.775,19.01778,-28.75721969604492,-60.19302919109351
136569,7.065,5.614266,-1.450734081268311,-20.534098814838085
167368,6.575,10.247783,3.6727827072143553,55.85981303748069
20291,37.63,36.214634,-1.415366058349612,-3.76127041814938
83077,24.49,10.095771,-14.394229164123534,-58.77594595395481
41890,44.595,17.08251,-27.512490005493163,-61.69411370219344
34712,0.55,0.8494377,0.29943771362304683,54.44322065873578
5619,32.2,38.806644,6.606644439697263,20.517529315830007
176842,22.65,27.09897,4.448970413208009,19.642253479947062
285946,11.0,14.66962,3.669619560241699,33.360177820379086
119315,8.44,36.56152,28.121519622802737,333.1933604597481
85953,36.99,27.960157,-9.029842605590822,-24.411577738823524
202164,12.95,14.157387,1.207386779785157,9.32345003695102
139506,7.82,30.897078,23.077077560424804,295.1032936115704
157434,95.25,79.6983,-15.55169677734375,-16.327240711122048
292971,46.9,9.771028,-37.12897243499756,-79.16625252664724
171381,1.08,5.596639,4.516639156341553,418.20732929088445
243731,49.99,33.073586,-16.916414489746096,-33.83959689887197
257464,44.205000000000005,11.685745,-32.51925476074219,-73.56465277851417
272040,6.885,32.48145,25.596449127197268,371.771229153192
204202,1.39,5.6863184,4.296318397521973,309.0876544979837
20093,23.36,30.563702,7.203701629638672,30.83776382550802
240184,8.95,17.416758,8.466757583618165,94.60064339238173
141762,30.99,28.454075,-2.535925140380858,-8.183043370057625
274296,11.64,6.872226,-4.767773761749268,-40.960255685131166
24950,23.2,20.190731,-3.009268951416015,-12.97098685955179
171629,1.72,13.427344,11.70734432220459,680.659553616546
141686,13.95,16.787449,2.8374488830566413,20.3401353624132
250357,120.95,24.291739,-96.65826148986817,-79.9158838279191
240500,50.4,27.413828,-22.986172103881835,-45.60748433309888
233253,20.99,15.320532,-5.669468154907225,-27.010329465970585
20489,1.19,1.6291273,0.4391272640228272,36.901450758220776
66622,17.99,24.79031,6.800309906005861,37.80049975545226
161502,47.27,47.34595,0.0759510803222625,0.16067501654804842
46365,10.99,12.517238,1.5272376632690428,13.89661204066463
18790,54.69,51.680096,-3.009904327392576,-5.50357346387379
215633,8.155,4.1821156,-3.972884445190429,-48.71716057866866
97935,17.99,18.961899,0.9718988037109391,5.4024391534793725
295874,1.54,3.0713706,1.5313706016540527,99.43964945805537
288807,1.905,3.2494926,1.3444926452636718,70.57704174612451
281266,1.99,3.5827436,1.5927436447143555,80.03736908112339
149668,23.99,23.290983,-0.6990167999267562,-2.913784076393315
170643,26.99,9.158773,-17.831226577758787,-66.06604882459722
54993,48.44,9.758403,-38.68159717559814,-79.85465973492597
233436,123.19,51.74204,-71.44796127319336,-57.9981827041102
63896,14.97,24.691141,9.721141128540038,64.9374824885774
200246,33.99,24.334703,-9.655296554565432,-28.406285832790324
48467,120.99,21.4461,-99.54389976501464,-82.27448530045017
53512,6.62,13.631887,7.011887435913086,105.91974978720673
258925,17.68,17.170916,-0.5090843963623044,-2.879436631008509
93208,12.19,14.395552,2.205551681518555,18.09312290007018
240541,17.99,15.242094,-2.7479059600830062,-15.274630128310207
186466,7.52,24.997667,17.47766731262207,232.41578873167649
100141,21.0,19.79034,-1.2096595764160156,-5.760283697219122
7780,39.845,8.051125,-31.793875427246093,-79.79388989144458
280916,37.245,7.8110685,-29.433931465148923,-79.0278734465
210052,17.99,11.213228,-6.776771774291991,-37.66965966810446
153811,55.205,33.800594,-21.404405670166014,-38.772585219030915
84081,23.99,16.97562,-7.014379730224608,-29.238765028030883
188144,93.17,136.45085,43.280851440429686,46.45363468973885
93870,6.19,9.945541,3.755541381835937,60.67110471463549
223760,12.99,18.575186,5.585185775756836,42.996041383809356
22498,12.54,8.674862,-3.8651380920410148,-30.82247282329358
83003,8.98,10.3931465,1.4131465148925777,15.736598161387278
245406,21.99,21.572763,-0.4172365570068344,-1.8973922556017937
52979,7.99,14.260523,6.270522842407226,78.47963507393274
170665,23.49,23.011076,-0.47892402648925625,-2.0388421732194817
37978,5.99,9.06268,3.0726802444458006,51.296832127642745
51713,26.11,27.942564,1.8325640106201178,7.01862891849911
267381,29.21,37.023624,7.813624420166015,26.749826840691593
2374,117.49,105.23977,-12.250231018066401,-10.42661589757971
296296,32.425,13.984184,-18.44081573486328,-56.872215065114204
164822,11.99,8.166139,-3.823861351013184,-31.892087998441898
60762,14.99,14.62461,-0.36539005279541037,-2.4375587244523707
197945,5.62,7.2531204,1.6331204223632811,29.059082248456956
213569,9.99,9.575611,-0.4143888854980471,-4.148036891872343
134745,19.6,14.135932,-5.464068031311037,-27.877898118933857
143928,16.77,36.063435,19.29343460083008,115.04731425658963
77592,6.14,15.048298,8.908297882080078,145.08628472443124
40366,2.39,5.921931,3.5319307899475096,147.77953096014684
127787,15.17,14.117186,-1.0528144073486327,-6.940108156549984
19007,64.31,57.21212,-7.0978799438476585,-11.036977054653487
243946,203.27,112.18039,-91.08961059570314,-44.81212702105728
119186,10.97,5.6928306,-5.277169437408448,-48.105464333714195
107568,11.92,5.596478,-6.32352201461792,-53.04968133068725
87885,1.08,2.4646134,1.3846134376525878,128.20494793079516
293396,3.6,6.686466,3.0864662170410155,85.73517269558376
268062,30.61,26.49837,-4.111630783081054,-13.432312260963913
23511,3.99,16.755087,12.76508689880371,319.92698994495515
61083,63.59,25.22078,-38.36922058105469,-60.338450355487794
142315,18.47,21.101347,2.6313469696044933,14.246599727149395
76381,9.75,14.25439,4.504389762878418,46.19886936285557
11331,17.5,29.713072,12.213071823120117,69.78898184640066
174869,2.18,16.355742,14.175741500854492,650.26337159883
89228,5.825,8.113605,2.2886045455932615,39.28934842220191
292541,26.93,12.995605,-13.93439453125,-51.74301719736354
25642,20.950000000000003,5.3997045,-15.550295543670657,-74.22575438506279
246862,12.99,15.254572,2.2645719146728513,17.433194108336036
182273,12.99,11.247963,-1.742037048339844,-13.410600834024972
296923,14.989999999999998,8.674604,-6.315395584106444,-42.130724376960934
238513,60.0,51.602283,-8.397716522216797,-13.996194203694662
57920,18.99,12.767511,-6.222488632202147,-32.76718605688335
190032,61.99,30.431915,-31.558084716796877,-50.9083476638117
152424,47.74,32.772236,-14.967764129638674,-31.35266889325235
295946,6.5,10.387892,3.8878917694091797,59.813719529372
204916,8.99,9.442062,0.4520623779296873,5.028502535369158
109711,31.99,23.088316,-8.901684036254881,-27.826458381540736
258156,8.99,10.272527,1.2825267410278318,14.266148398529833
190951,72.58,65.099464,-7.480535583496092,-10.306607307104013
74523,9.915,12.742657,2.8276567077636727,28.518978393985606
157265,128.58,110.00859,-18.571409301757825,-14.44346655915214
138093,46.99,27.13189,-19.858110656738283,-42.26029082089441
267897,5.58,21.237,15.65699951171875,280.5913890989023
232092,3.09,6.8028636,3.712863597869873,120.15739798931628
67491,4.62,4.501778,-0.11822187423706065,-2.5589150267762046
251805,36.99,26.968616,-10.021383514404299,-27.092142509879153
122848,75.99,81.43583,5.445829162597661,7.166507649161287
122708,4.45,11.788457,7.338456916809082,164.9091441979569
287006,23.99,5.711461,-18.27853893280029,-76.19232568903833
291136,3.005,7.500085,4.49508487701416,149.58685114855774
43550,16.99,22.662224,5.67222381591797,33.38566107073556
12091,49.155,18.674795,-30.480204849243165,-62.00835082747058
56674,2.42,17.46325,15.043249206542969,621.6218680389657
66782,7.49,10.452588,2.962588081359863,39.553912968756514
146645,26.09,20.335226,-5.754773941040039,-22.05739341142215
261620,11.71,11.996711,0.286710777282714,2.448426791483467
79095,30.99,21.420439,-9.569561233520506,-30.879513499582146
282761,33.48,19.387169,-14.092831115722653,-42.09328290239742
70536,9.99,12.518466,2.528465995788574,25.30996992781355
95625,4.48,4.7725215,0.29252149581909137,6.529497674533288
69146,26.745,29.830574,3.0855740356445303,11.537012658981231
112399,14.49,12.501913,-1.9880869293212893,-13.720406689587916
204607,17.95,48.302273,30.35227279663086,169.09344176396024
21239,19.99,18.914246,-1.0757543945312484,-5.381462704008247
163601,21.12,22.38974,1.269739990234374,6.012026468912755
100753,36.7,23.809288,-12.890711975097659,-35.12455579045684
156799,157.03,142.2483,-14.781693725585939,-9.41329282658469
99271,3.72,7.342551,3.622551231384277,97.3804094458139
248680,29.35,39.805195,10.455194854736327,35.62246969245767
101524,14.09,17.891222,3.8012220001220705,26.978154720525694
83573,7.23,7.38501,0.15500976562499957,2.143980160788376
62147,9.99,17.098257,7.108257064819336,71.15372437256592
60213,9.315,8.351892,-0.9631075286865229,-10.339318611771583
257868,42.49,36.998493,-5.491506805419924,-12.92423347945381
57290,36.58,25.90026,-10.67973907470703,-29.195568820959622
29484,11.88,17.159256,5.279255981445312,44.438181661997575
298894,10.0,6.094778,-3.905221939086914,-39.05221939086914
193853,8.49,17.359991,8.869991073608398,104.47574880575263
123709,5.99,10.036039,4.046039352416992,67.54656681831372
40570,13.45,16.945293,3.4952934265136726,25.987311721291245
174936,13.545,5.8495193,-7.6954807472229,-56.8141804889103
174935,7.99,5.7741456,-2.2158543968200686,-27.73284601777307
31410,5.21,4.124874,-1.0851258850097656,-20.827752111511817
118939,7.98,10.037076,2.0570759963989254,25.77789469171585
48988,9.5,9.3530855,-0.14691448211669922,-1.5464682328073602
256065,11.0,12.471972,1.4719724655151367,13.381567868319424
294535,10.99,10.479176,-0.5108244323730471,-4.648084007034095
273669,9.4,13.546907,4.1469074249267575,44.11603643539104
168745,2.49,10.739672,8.24967170715332,331.31211675314535
152707,21.555,23.918821,2.3638213348388675,10.966464091110497
18724,50.19,55.14753,4.9575296020507835,9.877524610581357
282924,1.49,4.2663436,2.776343593597412,186.33178480519544
202081,12.99,11.730921,-1.2590792083740237,-9.692680587944755
184067,3.79,5.5222983,1.7322983360290527,45.70708010630746
200830,42.12,17.667416,-24.452584381103513,-58.05456880603873
109750,1.99,14.4015875,12.41158748626709,623.6978636315121
147264,30.98,26.240904,-4.739096145629883,-15.29727613179433
146409,53.01,60.076218,7.0662176513671895,13.329971045778514
146671,18.55,19.334717,0.7847167968749993,4.230279228436654
70822,3.99,7.100518,3.110518226623535,77.95785029131666
149063,28.3,30.486399,2.1863986968994134,7.725790448407821
143986,86.43,71.84156,-14.588439636230476,-16.87890736576475
89696,3.63,3.7397785,0.10977851867675792,3.0242016164396124
91286,3.98,10.206226,6.226226348876953,156.43784796173247
108525,5.99,11.325771,5.335771331787109,89.07798550562786
51423,24.8,13.140279,-11.659721183776856,-47.015004773293775
93971,6.99,5.8086734,-1.1813266181945803,-16.900237742411733
210933,6.135,9.224748,3.089747657775879,50.362635008571786
25776,10.56,8.369546,-2.190454063415528,-20.74293620658644
193764,17.22,7.890847,-9.329152793884276,-54.17626477284714
236484,9.99,15.144417,5.154416809082031,51.59576385467498
72912,2.39,4.9180465,2.528046474456787,105.77600311534674
18588,7.69,13.110989,5.420988616943359,70.49400022032977
34288,5.46,13.137635,7.677635231018066,140.61602987212575
77409,24.99,30.587439,5.597438583374025,22.398713819023712
21849,16.99,21.705458,4.715457687377931,27.754312462495186
272967,5.29,10.425871,5.135870895385742,97.08640633999512
250567,27.38,21.307714,-6.072285537719726,-22.177814235645453
199881,14.0,7.9091234,-6.090876579284668,-43.50626128060477
96336,7.42,8.835247,1.415247039794922,19.073410239823748
77736,20.0,6.205145,-13.794855117797852,-68.97427558898926
266642,28.79,15.214487,-13.575512924194335,-47.15357042095983
27911,3.29,4.9657226,1.6757225608825683,50.93381644019964
249518,2.69,10.148654,7.458653984069825,277.27338230742845
277763,22.995,13.81663,-9.178369636535646,-39.91463203538006
97371,22.48,16.85948,-5.620520095825196,-25.002313593528452
77210,5.55,25.135704,19.585704040527343,352.89556829778996
9419,2.98,6.1444626,3.1644625854492188,106.19001964594695
148752,57.7,78.47375,20.773747253417966,36.00302816883529
21674,22.87,13.9449415,-8.925058479309083,-39.02517918368641
191629,19.44,12.262676,-7.177323760986329,-36.920389717007865
34331,40.975,29.419617,-11.555383300781251,-28.20105747597621
74368,12.78,16.199362,3.4193618011474616,26.75556964904117
126008,7.39,5.7272353,-1.662764682769775,-22.50019868430007
46643,15.49,7.798526,-7.691474189758301,-49.65444925602519
66020,6.99,6.2870393,-0.7029607200622561,-10.056662661834851
168742,11.72,13.680357,1.9603569793701165,16.726595387117037
148142,6.494999999999999,8.907065,2.412065391540528,37.137265458668644
33304,11.605,19.114157,7.5091567230224605,64.70621906956019
170411,6.75,2.797063,-3.952936887741089,-58.56202796653464
194250,71.97,18.222815,-53.747185440063475,-74.67998532730788
269028,20.74,11.093775,-9.646225204467772,-46.51024688750132
280443,8.455,12.937615,4.482615394592285,53.01733169239841
260416,25.35,10.572638,-14.777362442016603,-58.29334296653492
215629,20.95,14.586495,-6.363504600524902,-30.374723630190463
156499,42.2,37.923676,-4.276324462890628,-10.133470291210019
155686,6.99,7.094797,0.10479713439941385,1.4992436967011995
241250,14.99,14.720878,-0.26912235260009787,-1.7953459146103925
46303,2.995,12.070887,9.075886611938476,303.0346114169775
168736,4.94,9.535909,4.595908699035644,93.03458904930453
199666,4.5,29.721457,25.22145652770996,560.476811726888
173617,29.95,24.274698,-5.67530174255371,-18.949254566122573
29125,8.99,6.9499636,-2.040036430358887,-22.692285098541568
190123,2.59,15.889307,13.299307022094727,513.486757609835
63858,69.99,23.852049,-46.13795112609863,-65.92077600528451
106480,19.98,33.102398,13.122397918701171,65.67766726076663
145870,26.0,14.204055,-11.795945167541504,-45.36901987515963
268153,4.975,4.731416,-0.24358377456665004,-4.896156272696484
37247,8.99,13.948929,4.958928833007812,55.16049869864085
66860,41.99,29.929768,-12.060232391357424,-28.721677521689504
192439,17.09,14.927028,-2.162972297668457,-12.656362186474293
235604,29.25,10.713193,-18.5368070602417,-63.37369935125368
266392,6.24,10.309192,4.0691917037963865,65.21140550955748
95376,66.84,23.310421,-43.52957901000977,-65.12504340216901
280525,6.04,25.97993,19.939930877685548,330.1313059219462
83149,13.49,10.142747,-3.3472530746459963,-24.812847106345412
247057,9.15,9.392367,0.24236736297607386,2.6488236390827744
227173,27.965,72.53114,44.56614318847656,159.36400210433243
77464,4.44,9.297968,4.857967910766601,109.41369168393244
243969,9.5,9.239643,-0.2603569030761719,-2.7405989797491777
68078,16.19,19.734863,3.5448632812499987,21.89538777794934
246238,34.18,11.685721,-22.494278602600097,-65.81123055178494
173552,17.235,21.352633,4.117632522583008,23.891108341067643
30233,49.21,9.914413,-39.29558654785156,-79.85284809561382
152519,33.4,29.73589,-3.6641105651855455,-10.97039091372918
83246,8.64,14.007534,5.367534027099609,62.12423642476399
261282,21.74,18.29552,-3.4444792175292953,-15.843970641809088
254898,23.3,27.790443,4.4904434204101555,19.2722893579835
91315,16.88,18.083174,1.2031737518310557,7.12780658667687
241311,14.49,9.452606,-5.037393798828125,-34.7646224901872
74380,12.89,20.85001,7.96000991821289,61.75337407457634
298974,9.17,10.495143,1.325142936706543,14.45084990955881
67252,8.88,7.0544605,-1.8255394744873055,-20.557876964947134
31295,2.99,7.490509,4.500509033203125,150.5186967626463
54678,3.33,5.07397,1.743969841003418,52.37146669679934
140351,9.99,11.992798,2.0027978515625,20.048026542167165
154564,8.99,10.921394,1.931394348144531,21.48380809949423
48585,3.69,11.897172,8.20717197418213,222.4165846661824
216516,6.79,9.400307,2.610306701660156,38.44339766804354
297769,6.29,6.685242,0.39524217605590817,6.283659396755296
227692,8.29,25.390978,17.10097785949707,206.28441326293213
152992,93.49,16.722673,-76.7673265838623,-82.11287472870072
210242,4.28,9.1670475,4.887047500610351,114.18335281799885
241606,4.69,16.27014,11.580139694213866,246.9112941196986
28627,2.49,6.467069,3.9770691490173338,159.72165257097726
225578,83.98,30.065536,-53.91446350097657,-64.19917063702853
174654,21.44,21.765207,0.3252072906494128,1.5168250496707685
43392,62.03,13.5205965,-48.509403495788575,-78.2031331545842
133350,19.99,23.228643,3.2386434173584,16.201317745664834
128520,14.95,27.70566,12.755659866333009,85.32213957413384
223879,1.67,1.6123624,-0.05763761520385735,-3.4513542038237937
219602,1.38,1.7465267,0.36652671813964854,26.559907111568737
202502,23.99,19.482988,-4.507011642456053,-18.78704311153003
264106,3.99,6.806023,2.8160231208801267,70.57702057343676
88497,67.85,25.96255,-41.88745079040527,-61.73537330936665
196954,22.99,23.545935,0.555934677124025,2.4181586651762723
170152,6.18,7.793746,1.6137459945678714,26.11239473410795
86738,32.86,19.087395,-13.77260528564453,-41.91298017542462
10574,4.72,7.7597446,3.0397446441650393,64.40136957976779
69417,60.0,10.26357,-49.736430168151855,-82.8940502802531
62844,36.09,44.199463,8.109462890624997,22.470110530964245
219325,12.88,13.971464,1.0914641571044914,8.474100598637355
95107,18.69,13.628797,-5.061203422546388,-27.079740088530702
25067,4.39,3.3629642,-1.0270358467102048,-23.394894002510362
42324,4.425,4.805864,0.3808638572692873,8.607092819644912
126129,4.89,6.0522013,1.1622012710571292,23.766897158632503
157144,11.88,24.777288,12.897288436889648,108.56303398055258
127921,7.88,5.97726,-1.9027398872375487,-24.14644526951204
7984,1.24,9.134635,7.894634971618652,636.6641106144075
193436,25.98,13.718108,-12.261891822814942,-47.19742810937237
87852,15.99,14.648944,-1.3410560989379885,-8.386842394859215
248886,28.48,13.933882,-14.546118240356446,-51.07485337203808
118200,8.175,16.549057,8.374057006835937,102.43494809585243
228957,7.34,7.191375,-0.14862522125244126,-2.0248667745564206
38078,23.880000000000003,13.472099,-10.407900695800784,-43.584173768009975
217543,164.99,58.199497,-106.79050277709962,-64.72543958852029
174722,10.945,5.258705,-5.686294860839844,-51.953356426129226
50325,7.16,20.085058,12.925058212280273,180.51757279721053
158306,8.99,7.067292,-1.9227077865600588,-21.387183387764836
77534,12.75,28.392834,15.642833709716797,122.68889184091604
73498,21.99,13.246558,-8.743441810607909,-39.760990498444336
27090,7.29,12.179209,4.889208755493164,67.06733546629854
126472,44.99,17.421473,-27.568527450561525,-61.27701144823633
41773,9.035,10.937479,1.902479019165039,21.056768336082335
180037,17.6,12.937297,-4.662703132629396,-26.492631435394294
10144,21.99,19.175344,-2.8146555328369125,-12.799706834183322
137609,7.98,12.392519,4.412518997192382,55.294724275593765
127400,5.29,13.755978,8.465977630615235,160.03738432164906
32102,19.97,23.045254,3.0752537536621105,15.399367820040613
6602,3.34,15.466974,12.126974258422852,363.0830616294267
155872,7.845,5.4697804,-2.375219554901123,-30.276858571078684
275154,12.99,10.33796,-2.6520397567749026,-20.416010444764453
177275,6.99,9.391443,2.4014432525634763,34.35541133853328
113497,51.98,27.98405,-23.995949249267575,-46.16381156073023
66453,48.99,50.51962,1.5296189880371074,3.1223086099961366
158092,15.0,29.022247,14.022247314453125,93.48164876302083
92587,13.47,6.310536,-7.159464092254639,-53.15118108578054
147354,88.39,23.226206,-65.16379417419434,-73.72303900236943
37449,2.14,8.941383,6.801383361816406,317.82165242132737
198256,46.69,48.536224,1.8462243652343773,3.9542179593796902
169186,19.99,19.032537,-0.95746253967285,-4.78970755214032
155688,4.38,8.366227,3.986227149963379,91.00975228226893
234109,6.3,10.409386,4.109385681152344,65.2283441452753
45790,8.49,15.337206,6.84720588684082,80.65024601697078
219105,49.99,45.224773,-4.76522659301758,-9.532359657966753
23931,49.99,21.960476,-28.029524078369143,-56.07026220918012
92196,4.58,10.184945,5.604945106506348,122.37871411585913
27024,64.75,6.9589033,-57.791096687316895,-89.25265897655119
70124,47.99,10.380949,-37.60905097961426,-78.36851631509535
153001,28.86,16.893147,-11.966853485107421,-41.46518879108601
254258,10.49,10.400026,-0.0899736785888674,-0.8577090427918722
197161,4.99,2.9318998,-2.058100214004517,-41.244493266623586
244725,2.6100000000000003,7.398775,4.7887751007080075,183.47797320720335
61461,34.99,33.177444,-1.8125555419921895,-5.180210180029121
119426,14.74,23.388624,8.64862419128418,58.674519615225094
117545,25.99,9.638141,-16.351859321594237,-62.91596506961999
126784,4.25,4.3965726,0.14657258987426758,3.448766820571002
58206,5.47,7.396475,1.9264748382568362,35.2189184324833
1398,38.54,49.959988,11.41998764038086,29.63151956507748
110786,16.64,9.006167,-7.633832588195801,-45.87639776559976
40783,79.98,14.536787,-65.44321296691895,-81.82447232673037
200184,3.99,4.996269,1.0062692260742185,25.21978010211074
78750,1.77,3.2243795,1.454379539489746,82.16833556439244
91899,27.95,31.782597,3.8325965881347663,13.712331263451757
134872,20.85,15.027172,-5.8228279113769545,-27.92723218885829
265863,79.0,11.363126,-67.63687419891357,-85.61629645432099
64987,19.99,20.566996,0.5769956207275406,2.8864213142948505
58178,24.99,22.864594,-2.1254064941406234,-8.505027987757598
122405,25.95,24.722502,-1.227498245239257,-4.730243719611781
277551,11.99,10.559078,-1.4309217834472658,-11.934293439927155
191974,7.07,4.4555135,-2.614486522674561,-36.98000739285093
104580,14.965,9.380273,-5.58472713470459,-37.31859094356558
103872,16.99,19.37267,2.3826692199707047,14.02395067669632
277794,24.97,11.097218,-13.872782440185546,-55.55779911968581
101424,34.99,24.306902,-10.683098068237307,-30.531860726599902
264365,5.49,8.033173,2.543172607421875,46.32372691114526
159216,4.24,6.187061,1.9470608329772947,45.92124606078525
85830,7.29,13.851796,6.5617961502075195,90.01092112767516
293726,22.26,13.410712,-8.849287757873537,-39.75421274875802
172060,7.99,7.9891176,-0.0008823776245119319,-0.01104352471228951
242954,36.12,36.449886,0.32988632202148693,0.9133065393728875
43099,44.905,7.447583,-37.45741680145264,-83.41480191838913
235474,32.84,33.030453,0.19045272827148096,0.579941316295618
260960,7.28,10.564043,3.284043045043945,45.11048138796628
202465,11.49,11.0386,-0.45140003204345724,-3.9286338733112034
236660,7.895,14.080719,6.185718994140625,78.34982893148354
226741,17.39,8.846544,-8.54345573425293,-49.128555113587865
148703,38.54,48.41049,9.87048812866211,25.611022648318915
34105,30.92,20.69744,-10.222560806274416,-33.061322141896554
101330,4.39,9.650652,5.260651931762696,119.83261803559672
213960,11.0,17.335236,6.335235595703125,57.59305087002841
252345,46.55,26.62019,-19.92981033325195,-42.81377085553588
144561,26.94,12.932492,-14.00750774383545,-51.99520320651615
123028,7.32,7.556921,0.23692100524902315,3.2366257547680757
88455,49.55,11.415311,-38.13468914031982,-76.96203661013082
245188,21.58,20.700373,-0.8796273040771467,-4.076122817781033
41760,6.3,21.590332,15.29033203125,242.70368303571428
163630,37.44,19.02675,-18.413249435424802,-49.18068759461753
293718,26.5,17.132631,-9.367368698120117,-35.34856112498158
195284,67.99,35.220573,-32.769426574707026,-48.197421054135944
196898,14.99,16.197012,1.2070119476318357,8.052114393808111
98375,6.46,10.916456,4.45645622253418,68.98539044170558
145294,26.09,21.778156,-4.311843719482422,-16.526806130634043
168235,14.99,23.163248,8.173248062133789,54.524670194354826
221564,9.99,13.132911,3.1429107284545896,31.46056785239829
63762,35.55,31.82209,-3.727909851074216,-10.486384953795264
181390,92.8,88.34255,-4.457447814941403,-4.8032842833420295
12154,1.49,2.857463,1.3674628829956055,91.77603241581245
1721,51.77,44.10468,-7.6653208923339875,-14.80649196896656
64131,276.5,124.25263,-152.24736785888672,-55.06233918947079
147147,4.5,3.58225,-0.9177498817443848,-20.39444181654188
126699,7.23,11.442712,4.21271183013916,58.26710691755407
19809,16.82,24.425003,7.605003051757812,45.21404905920221
212206,71.1,54.433277,-16.66672286987304,-23.441241729779243
235735,32.49,14.699296,-17.790704002380373,-54.757476153833096
217898,16.59,8.206622,-8.383377876281738,-50.532717759383594
11388,24.95,14.336207,-10.613792610168456,-42.54025094255894
88969,10.9,9.841867,-1.0581325531005863,-9.70763810184024
119792,5.085000000000001,5.506727,0.42172721862792883,8.293553955318167
240841,9.25,10.525038,1.2750377655029297,13.784192059491133
156075,12.015,18.7262,6.711200103759765,55.85684647323982
293026,35.445,14.818692,-20.626307792663575,-58.19243276248716
114747,149.81,51.08986,-98.72014099121094,-65.89689672999862
94050,8.29,10.023973,1.7339734649658212,20.916447104533432
142421,77.04,80.609184,3.5691842651367125,4.632897540416294
155935,6.0,6.2795463,0.27954626083374023,4.659104347229004
161490,9.67,30.949358,21.279357986450194,220.05540833971247
193158,13.57,9.691252,-3.878748245239258,-28.583258992183186
39402,1.295,9.937402,8.64240177154541,667.3669321656687
199017,18.27,9.625529,-8.644470710754394,-47.31511062262941
107339,1.05,6.678354,5.628353786468506,536.0336939493816
38,3.89,2.8853035,-1.004696502685547,-25.827673590888097
273041,9.8,6.0346756,-3.7653244018554695,-38.421677569953765
231004,19.96,9.217315,-10.742685279846192,-53.821068536303564
106261,18.0,22.26,4.260000228881836,23.666667938232422
16525,7.36,8.132826,0.7728258514404294,10.500351242397137
90842,9.18,8.895069,-0.2849308776855466,-3.1038221970103117
25701,14.99,10.408853,-4.581147422790528,-30.561357056641274
194984,11.36,31.1623,19.802300109863282,174.3160220938669
96235,72.935,15.178705,-57.7562947845459,-79.18872253999575
207055,19.99,11.952024,-8.037975540161131,-40.20998269215173
146135,88.39,72.920906,-15.46909393310547,-17.500954783465854
61511,42.67,18.953115,-23.716884536743166,-55.582105780977656
152058,19.13,26.426294,7.296294326782228,38.1405871760702
109118,11.99,65.124245,53.134244689941404,443.1546679728224
171843,57.98,38.351845,-19.62815521240234,-33.85332047672015
293689,46.77,13.320931,-33.449068565368655,-71.51821373822675
180633,5.29,15.535662,10.245661697387696,193.67980524362375
60478,11.82,11.288504,-0.5314963531494143,-4.496585052025502
84009,20.7,16.1251,-4.574900817871093,-22.10097013464296
158313,11.97,11.798187,-0.17181274414062564,-1.435361271016087
44910,3.13,16.996164,13.866164321899415,443.0084447891187
276093,2.315,4.2451954,1.9301953887939454,83.3777705742525
153527,2.99,8.494384,5.504383811950683,184.09310407861815
169166,21.09,24.383211,3.293211135864258,15.615036206089417
289915,23.92,12.090828,-11.82917205810547,-49.45306044358474
66747,45.98,19.695856,-26.284143905639645,-57.16429731544073
267359,6.59,9.16029,2.570289764404297,39.00287958124882
16754,7.79,7.350519,-0.4394808197021485,-5.6416023068311745
173671,38.99,13.242205,-25.747795333862307,-66.03692057928265
281924,5.69,6.0837917,0.39379173278808555,6.920768590300273
87124,3.09,5.3674703,2.2774702644348146,73.70453930209756
282038,9.715,8.420918,-1.2940815353393553,-13.320448124954765
291850,9.485,12.490085,3.005084648132325,31.682494972401948
98337,5.49,10.686414,5.196413764953613,94.652345445421
249945,3.82,7.6835413,3.863541297912598,101.13982455268582
207647,11.99,14.862007,2.872007141113281,23.953353970919775
44070,2.79,5.0451717,2.2551717376708984,80.83052823193184
125271,1.935,3.5409236,1.6059235954284667,82.99346746400344
270408,27.41,13.369131,-14.040868911743164,-51.22535173930377
186685,22.88,15.798574,-7.081425552368163,-30.950286505105606
175381,7.19,21.686903,14.496902999877928,201.6259109857848
16165,88.49,103.786514,15.296514282226568,17.286150166376505
248272,16.0,9.919146,-6.080854415893555,-38.00534009933472
90921,3.0,5.974913,2.9749131202697754,99.16377067565918
298190,13.21,10.759575,-2.450425109863282,-18.54977373098624
181339,8.74,2.8167548,-5.923245182037354,-67.77168400500403
136100,7.885,6.802741,-1.082258949279785,-13.7255415254253
7407,2.08,8.523836,6.443836135864258,309.79981422424316
69938,9.86,6.9833603,-2.8766397094726557,-29.174844923657766
41400,2.79,8.329672,5.539671859741211,198.5545469441294
197927,4.965,8.889717,3.9247171020507814,79.04767577141554
246640,45.94,12.422778,-33.51722187042236,-72.95868931306566
226011,23.34,23.975742,0.6357423400878908,2.7238317912934478
182164,12.59,7.2854204,-5.304579582214355,-42.133277062862234
263474,28.5,16.387794,-12.112205505371094,-42.498966685512606
36732,29.85,6.576802,-23.273198223114015,-77.96716322651261
116121,2.99,7.6389084,4.6489083862304685,155.48188582710597
253543,11.48,8.243522,-3.236478309631348,-28.19231977030791
296760,33.51,14.440475,-19.06952453613281,-56.90696668496811
219301,20.55,19.578674,-0.9713256835937507,-4.726645662256694
142959,67.78,92.3173,24.537298889160155,36.20138520088545
224697,9.9,18.989504,9.089503860473632,91.81317030781446
232365,55.945,29.589197,-26.355802841186524,-47.11020259395214
23056,20.34,23.090614,2.7506143188476564,13.52317757545554
104767,33.98,41.133926,7.153926391601566,21.05334429547253
197947,34.99,25.866718,-9.123281707763674,-26.07396887043062
81303,3.12,14.98098,11.860979919433593,380.1596128023587
153324,7.62,25.28624,17.666239624023437,231.8404150134309
134364,7.99,15.494999,7.504998931884765,93.92989902233748
140244,22.99,19.678095,-3.311905136108397,-14.405850961759011
189724,34.94,22.470673,-12.469327392578123,-35.687828828214435
97482,16.49,21.963717,5.473716506958009,33.194157107083136
138006,45.99,48.254585,2.2645852661132793,4.924081900659446
241138,50.775000000000006,12.8093405,-37.96565952301026,-74.77234765733186
188442,10.98,11.271381,0.2913813781738277,2.653746613604988
151200,10.995,8.994447,-2.000553245544433,-18.19511819503804
131670,27.87,17.850576,-10.019423599243165,-35.95056906796973
292132,19.91,20.675737,0.7657373809814452,3.845993877355325
204416,11.99,41.031948,29.041948089599607,242.21808248206514
39227,3.935,12.780487,8.845487060546875,224.79001424515565
113088,14.95,15.003899,0.05389862060546946,0.36052589033758836
292722,0.4599999999999999,16.323032,15.863032379150392,3448.485299815303
36957,7.98,9.923525,1.9435248565673824,24.354948077285492
8428,34.515,16.222845,-18.292154922485352,-52.99769642904636
12067,69.99,47.41375,-22.576250305175776,-32.256394206566334
85257,14.615,14.270707,-0.3442928695678713,-2.355750048360392
68719,25.99,48.36302,22.37302185058594,86.08319296108479
192019,14.9,11.193699,-3.7063011169433597,-24.874504140559463
242339,58.14,33.308167,-24.83183349609375,-42.71041192998581
64543,26.07,13.354065,-12.71593505859375,-48.776122204042004
110869,16.99,7.2577085,-9.732291450500487,-57.282468808125294
23966,2.04,3.5059967,1.4659967041015625,71.86258353439031
143580,80.86,68.26943,-12.590567932128906,-15.57082356187102
166975,28.99,22.794468,-6.195532073974608,-21.371273107880675
260316,13.79,11.580037,-2.2099628829956046,-16.025836714979004
284782,8.95,7.104534,-1.8454658508300774,-20.619730176872373
245925,106.0,43.428967,-62.5710334777832,-59.02927686583321
233446,26.12,17.98884,-8.131159896850587,-31.130014919029815
155570,21.24,13.528454,-7.711546173095702,-36.30671456259747
135098,2.23,9.135497,6.905497093200683,309.66354678029967
266359,81.59,68.09848,-13.491519775390628,-16.535751655093307
7110,21.25,14.050181,-7.1998186111450195,-33.881499346564794
196143,119.04,79.3073,-39.73270324707032,-33.37760689438031
280910,11.99,8.950722,-3.039278259277344,-25.348442529419046
88489,82.79,10.196362,-72.59363845825196,-87.68406626193013
92809,21.05,9.782855,-11.267144966125489,-53.52562929275767
244075,9.99,14.592052,4.602052459716797,46.06659118835632
138106,13.0,18.248354,5.248353958129883,40.37195352407602
33963,11.65,9.537823,-2.1121772766113285,-18.130277052457757
180196,12.99,14.622706,1.6327064132690428,12.568948524011105
65632,19.99,20.51577,0.5257699584960953,2.6301648749179356
61205,64.98,71.882385,6.902385253906246,10.622322643746147
53738,232.1,117.56499,-114.5350128173828,-49.34726963265093
156711,3.53,3.7586236,0.2286236000061037,6.476589235300388
30599,44.7,8.006535,-36.69346542358399,-82.0882895382192
57411,12.77,12.704685,-0.06531478881835895,-0.5114705467373449
116224,13.98,11.0965805,-2.8834194946289067,-20.62531827345427
261221,2.79,19.845871,17.05587097167969,611.321540203573
258371,15.7,16.003466,0.303465652465821,1.9329022450052296
20145,16.82,20.30146,3.481460266113281,20.698336897225214
114351,10.99,12.611888,1.6218879318237303,14.757851972918381
285120,6.13,5.9274626,-0.20253742218017567,-3.3040362509000927
59279,12.16,14.9827175,2.822717514038086,23.2131374509711
151787,46.78,13.507938,-33.272061614990236,-71.12454385419032
216369,23.51,15.862812,-7.647187957763673,-32.52738391222319
58665,16.0,22.063648,6.063648223876953,37.89780139923096
26177,9.34,8.002192,-1.3378084564208983,-14.323431010930388
221417,3.58,3.494123,-0.08587701797485359,-2.3987993847724467
196507,48.53,56.519886,7.989886016845702,16.46380798855492
51158,29.0,23.683525,-5.316474914550781,-18.332672119140625
206469,19.99,24.039497,4.049497375488283,20.25761568528406
100826,9.99,8.61223,-1.37776969909668,-13.791488479446246
169727,9.99,8.359715,-1.6302845382690432,-16.31916454723767
46527,1.82,6.733441,4.91344087600708,269.9692789014879
28913,3.4,2.5187678,-0.8812321662902831,-25.918593126184795
34651,17.99,16.25023,-1.7397692108154281,-9.670757147389818
26943,58.1,14.023282,-44.076717948913576,-75.86354208074626
293060,2.27,8.669438,6.3994383621215825,281.91358423443097
233971,39.95,35.85332,-4.09667892456055,-10.254515455721025
119858,5.7,8.916669,3.216668891906738,56.432787577311196
215508,9.99,18.743336,8.753335723876953,87.62097821698652
188472,7.1,7.3814077,0.28140773773193395,3.9634892638300556
94552,18.11,15.51528,-2.5947202301025385,-14.327555108241516
79293,20.99,20.69266,-0.2973406219482406,-1.416582286556649
157160,69.99,65.772675,-4.21732543945312,-6.025611429422947
275862,3.59,5.678576,2.0885759925842287,58.17760425025706
247088,5.98,8.306514,2.3265137863159175,38.904912814647446
102298,46.23,28.783506,-17.44649360656738,-37.73846767589743
179154,4.29,5.616338,1.326337776184082,30.91696447981543
29897,21.95,13.797846,-8.152154159545898,-37.13965448540272
66620,17.99,16.034071,-1.9559290313720687,-10.872312570161585
134295,2.78,5.195943,2.4159428787231447,86.90442009795485
116344,17.98,25.765083,7.785083312988281,43.298572374795775
145487,29.41,40.61301,11.20301040649414,38.092520933336075
223351,16.72,20.947533,4.227532653808595,25.284286206989204
114681,29.16,13.5979595,-15.562040481567383,-53.3677657118223
114657,20.49,21.776093,1.2860925292968766,6.276683891151179
283924,26.87,20.067003,-6.802996749877931,-25.31818663892047
254615,17.73,10.280181,-7.449819068908692,-42.018156057014615
163285,2.84,9.106382,6.266382369995117,220.64726654912388
249150,18.985,18.647482,-0.3375180816650385,-1.7778144938901157
34548,142.41,34.167515,-108.2424851989746,-76.0076435636364
210348,48.99,9.507146,-39.48285411834717,-80.59370099683031
149247,7.88,7.498249,-0.38175094604492177,-4.844555152854337
176400,6.99,9.256252,2.266252288818359,32.421348910133894
3102,3.94,6.042058,2.102057991027832,53.35172566060488
86570,23.995,14.737044,-9.25795566558838,-38.582853367736526
194283,12.49,8.819914,-3.670086135864258,-29.38419644406932
263878,2.99,7.220786,4.230786094665527,141.49786269784371
260651,4.630000000000001,9.425195,4.795194740295409,103.56792095670428
60271,4.1850000000000005,7.1298304,2.944830360412597,70.36631685573708
134763,15.39,6.340757,-9.049243106842042,-58.799500369343995
120788,34.5,27.209284,-7.290716171264648,-21.13251064134681
25727,2.39,23.68867,21.298669204711913,891.1577073101219
198746,9.155,10.827779,1.6727788162231452,18.27175113296718
269671,28.5,13.91162,-14.588379859924316,-51.18729775412041
38377,4.49,11.42199,6.931990394592285,154.38731391074128
32943,11.84,11.601298,-0.2387016677856444,-2.016061383324699
51456,9.405,8.221872,-1.1831276702880853,-12.579773208804735
211241,12.285,14.821642,2.53664192199707,20.648285893342045
147117,138.28,33.012333,-105.26766708374024,-76.12645869521279
121540,54.99,22.639202,-32.35079788208008,-58.83032893631584
64066,13.64,10.365203,-3.274797096252442,-24.008776365487112
67285,8.65,11.04794,2.3979402542114254,27.721852649843065
239639,16.99,20.433134,3.4431340789794938,20.265650847436692
146393,20.68,28.729574,8.049574203491211,38.924440055566784
178669,18.99,19.986238,0.9962384796142594,5.246121535620113
230986,24.99,11.91138,-13.07862018585205,-52.33541490937195
138412,47.33,13.394972,-33.93502815246582,-71.69877065807272
227809,12.19,15.105875,2.9158750152587896,23.92022161820172
197656,33.99,44.789005,10.799005279541014,31.771124682380147
180842,35.46,12.627588,-22.832411727905274,-64.38920397040404
294625,74.98,38.01753,-36.96247146606446,-49.296441005687456
27545,2.885,3.6266074,0.741607418060303,25.705629742124884
147785,35.63,35.704525,0.07452499389648182,0.20916360902745387
5906,31.99,29.811337,-2.178663482666014,-6.810451649471755
219269,24.47,13.773473,-10.696527214050292,-43.7128206540674
135829,9.41,9.147048,-0.26295200347900405,-2.794388984899087
150246,12.99,11.332585,-1.6574146652221682,-12.75915831579806
99274,9.68,9.946488,0.2664883804321292,2.7529791366955494
46446,12.99,13.889002,0.8990018463134763,6.920722450450165
109464,11.915,11.225597,-0.6894026184082023,-5.786006029443578
193109,2.48,16.452473,13.972472686767578,563.4061567244992
9870,75.0,19.927368,-55.0726318359375,-73.43017578125
202035,12.99,14.327818,1.337817916870117,10.298829229177189
251217,22.09,18.095411,-3.99458869934082,-18.083244451520237
79182,28.3,10.276755,-18.023244667053223,-63.68637691538241
11951,10.73,5.6778235,-5.052176456451416,-47.08458952890416
140463,5.68,6.1859875,0.50598747253418,8.908230150249647
173319,0.945,2.4751534,1.53015344619751,161.9209995976201
259886,43.11,51.18693,8.076931610107422,18.73563351915431
49272,15.49,8.302651,-7.187348594665528,-46.39992636969353
103959,24.0,33.42447,9.424468994140625,39.268620808919266
120477,22.36,30.016966,7.656965866088868,34.24403339037955
183633,1.69,8.835475,7.1454749679565435,422.8091697015707
114270,16.94,14.107929,-2.832070770263673,-16.71824539707009
48234,14.99,9.747873,-5.242126693725586,-34.97082517495388
90186,9.99,12.41733,2.4273297882080076,24.297595477557632
48895,10.66,14.490397,3.8303974533081053,35.932433895948456
24583,10.49,16.408543,5.91854263305664,56.42080679748942
256003,546.94,35.720955,-511.2190451049805,-93.4689445103632
145278,56.01,66.51047,10.500467529296877,18.74748710818939
29189,5.585,16.448761,10.863760986328124,194.51675893156892
141310,6.87,8.268698,1.3986977386474608,20.359501290356054
21461,29.53,3.9843545,-25.545645503997804,-86.50743482559365
108949,14.78,11.448282,-3.3317177581787103,-22.542068729219963
35870,4.12,4.0755486,-0.04445135116577159,-1.0789162904313492
88514,31.82,26.01829,-5.801710433959961,-18.232905197862856
16331,27.99,28.28507,0.295070419311525,1.0541994259075564
187983,18.97,13.652813,-5.317187042236327,-28.02945198859424
50027,14.36,7.1848345,-7.175165519714355,-49.966333702746205
205554,18.99,25.73563,6.745630035400392,35.52201177146073
175789,18.8,15.612888,-3.18711166381836,-16.952721616055104
81496,41.85,16.840548,-25.009452438354494,-59.759742982925914
139591,4.94,15.042032,10.102032241821288,204.49457979395316
113168,31.95,21.790983,-10.159016799926757,-31.796609702431166
204887,16.5,30.363218,13.863218307495117,84.0195048939098
178878,24.37,20.66562,-3.704379196166993,-15.200571178362713
211959,38.49,8.769613,-29.72038673400879,-77.2158657677547
264025,4.49,7.6260366,3.1360366439819334,69.84491411986488
38143,7.09,9.71105,2.621050033569336,36.9682656356747
102215,11.98,13.751426,1.771425743103027,14.78652540152777
13112,36.0,14.242259,-21.75774097442627,-60.4381693734063
149593,42.74,46.813778,4.073777923583982,9.531534683163272
268904,44.19,20.838707,-23.351293029785154,-52.842935120581934
75751,4.48,6.7568483,2.276848335266113,50.82250748361859
203490,13.97,18.048513,4.078513412475585,29.1947989439913
150793,38.09,35.920002,-2.1699980163574253,-5.6970281343067075
102457,21.95,6.687012,-15.262987804412841,-69.53525195632274
115946,9.79,8.889248,-0.9007521057128898,-9.200736524135749
121455,3.42,5.710153,2.290153102874756,66.96354101972972
260188,35.99,16.675585,-19.31441520690918,-53.66606059157871
159595,30.99,12.988497,-18.00150321960449,-58.08810332237655
268565,11.99,11.669723,-0.3202774429321291,-2.671204695013587
151297,29.75,24.048788,-5.701211929321289,-19.163737577550553
10784,11.49,13.409871,1.9198711013793943,16.709060934546514
164425,16.99,22.841505,5.851505050659181,34.44087728463321
26166,7.99,9.426877,1.4368770217895506,17.983442074963087
126694,34.8,8.73865,-26.061349678039548,-74.8889358564355
254364,32.98,14.414247,-18.56575344085693,-56.29397647318657
118604,9.99,11.838014,1.8480136489868162,18.498635124993154
150374,13.29,6.128941,-7.16105894088745,-53.88306200818247
79394,70.64,54.79042,-15.849579467773438,-22.43711702685934
234093,13.39,28.270494,14.88049446105957,111.13140000791313
253857,44.165,22.278315,-21.886685409545898,-49.55662947932956
299416,5.37,5.7880654,0.41806543350219716,7.785203603392871
273922,8.99,7.7280254,-1.261974563598633,-14.037536858716718
214441,29.99,28.831028,-1.1589720153808578,-3.8645282273453083
47424,10.495,6.3877087,-4.1072913360595695,-39.13569638932415
72868,25.72,23.919802,-1.800198287963866,-6.999215738584239
19893,46.93,49.134426,2.2044261169433597,4.697264259414787
180935,9.145,4.5911226,-4.553877372741699,-49.79636274184471
282492,2.31,5.223897,2.9138969802856445,126.14272641929196
240258,23.59,9.647887,-13.942112770080566,-59.10179215803547
246833,1.24,12.182841,10.942841300964355,882.4872016906738
256598,6.48,9.943149,3.463148612976074,53.443651434815955
15613,13.25,12.115492,-1.1345081329345703,-8.562325531581664
82489,50.96,16.283567,-34.676432571411134,-68.04637474766706
39167,7.7,16.06943,8.369429397583009,108.69388828029881
205916,4.99,8.888916,3.898916015625,78.13458949148296
95805,7.67,18.820557,11.150556640625,145.3788349494785
80423,158.21,115.552055,-42.65794464111329,-26.962862424065033
213489,14.95,18.922792,3.9727924346923835,26.573862439413936
262044,9.49,26.34996,16.859960327148436,177.66027741989922
161702,241.86,26.212933,-215.6470674133301,-89.16193972270325
64674,11.99,13.224206,1.23420597076416,10.293627779517598
76332,6.57,7.122344,0.5523440170288083,8.407062664061009
276760,9.99,11.082707,1.0927074050903318,10.938012062966285
5071,86.91,52.693737,-34.2162629699707,-39.369765239869636
133412,81.78,38.855465,-42.92453506469727,-52.487814948272515
250398,21.66,10.5262,-11.133799705505371,-51.40258405127134
212427,3.5,19.68528,16.185279846191406,462.4365670340402
52728,19.87,18.20316,-1.6668406677246104,-8.388730084170158
233050,36.99,13.235514,-23.754486312866213,-64.21867075659965
152419,29.97,27.183334,-2.7866656494140614,-9.2981836817286
75809,4.79,7.7004843,2.910484275817871,60.76167590433968
1031,8.495000000000001,8.585525,0.0905245590209951,1.0656216482753984
155092,3.49,13.151165,9.661165008544922,276.8242122792241
190412,73.95,27.927477,-46.02252311706543,-62.23464924552459
50427,8.77,6.864578,-1.9054222297668453,-21.726593269861407
237587,69.99,56.371746,-13.618253936767573,-19.4574281136842
59266,31.99,16.104525,-15.88547538757324,-49.65762859510235
14556,2.08,6.5037885,4.423788471221924,212.68213803951554
185798,6.37,7.095994,0.7259939956665038,11.397079994764582
69401,129.99,122.809685,-7.18031524658204,-5.523744323857251
49063,3.99,10.153724,6.16372371673584,154.47929114626163
47835,2.745,15.7499275,13.004927520751952,473.7678513935137
195989,94.76,83.66426,-11.095739135742193,-11.709306812729201
274060,1.25,14.018867,12.768866539001465,1021.5093231201172
62981,31.99,25.856485,-6.133514633178709,-19.173224861452674
106988,61.99,47.30493,-14.685068359375002,-23.689415001411522
229567,29.86,28.956738,-0.9032624816894526,-3.024991566274121
245694,17.814999999999998,11.880065,-5.934935035705564,-33.31425784847356
287089,5.44,5.63696,0.1969600296020504,3.6205887794494553
236638,4.945,4.980613,0.03561323165893526,0.7201866867327656
270075,6.59,7.0666018,0.4766017532348634,7.232196558950886
223745,3.0,2.7780497,-0.22195029258728027,-7.398343086242676
237276,4.495,11.023828,6.52882755279541,145.24644166396908
30510,87.94,27.814253,-60.12574714660644,-68.37132948215424
90023,93.81,29.132572,-64.67742782592774,-68.94513146351959
209692,36.5,40.68057,4.180568695068359,11.453612863200984
114476,1.97,1.9171989,-0.05280110359191892,-2.6802590655796403
28749,7.29,11.446421,4.156420669555664,57.015372696236824
198305,13.005,6.4857893,-6.51921070098877,-50.12849443282407
239257,21.955,9.473201,-12.48179920196533,-56.85173856508919
76877,9.99,12.518473,2.528472671508789,25.310036751839725
149729,29.41,39.478428,10.06842788696289,34.23470889820772
143325,12.49,11.988893,-0.5011074447631838,-4.012069213476251
271680,7.47,7.0968065,-0.3731934738159177,-4.995896570494214
51819,42.0,23.897757,-18.102243423461914,-43.10057957967122
55074,9.915,7.1217766,-2.7932234191894523,-28.17169358738732
280675,3.24,10.772361,7.532360801696777,232.48027165730792
19754,36.06,39.188747,3.128747406005857,8.676504176388953
176599,5.49,6.239966,0.7499659156799314,13.660581342075254
69940,192.44,45.81704,-146.6229605102539,-76.19151969977858
141988,54.27,25.454447,-28.815553207397464,-53.09665230771598
147959,39.71,51.3726,11.662600555419921,29.369429754268246
172764,7.6,8.406774,0.8067735671997074,10.61544167368036
294592,24.99,11.609287,-13.380712738037108,-53.544268659612285
56198,40.58,42.50429,1.9242915344238298,4.741970267185387
113542,49.99,33.645344,-16.344656219482424,-32.695851609286706
94834,7.36,12.241523,4.8815227890014645,66.32503789404164
183356,14.989999999999998,11.237907,-3.7520925903320297,-25.03063769400954
151277,16.005,7.4861336,-8.518866424560546,-53.22628194039704
204676,8.98,12.518263,3.5382628631591793,39.40159090377705
257066,8.99,13.816062,4.826061973571777,53.68255810424668
41855,13.05,8.84842,-4.201579856872559,-32.196014228908496
299396,19.02,16.037289,-2.982711334228515,-15.681973366080523
197808,100.23,7.7559967,-92.47400329589844,-92.26180115324597
202218,9.99,15.913952,5.923951873779297,59.298817555348315
196949,40.41,26.303064,-14.10693565368652,-34.90951658917724
236284,14.79,33.615093,18.825093231201173,127.28257762813504
24352,36.3,17.11166,-19.188339996337888,-52.86044076126141
21771,11.79,6.7689896,-5.021010437011718,-42.58702660739371
143101,15.95,21.541378,5.591378021240235,35.05566157517389
275548,9.45,10.452151,1.00215129852295,10.604775645745503
133185,13.99,8.619603,-5.370396842956543,-38.38739701898887
233531,9.295,27.49182,18.196819381713865,195.76997721047732
190196,11.19,18.399982,7.209982452392579,64.43237222870938
243424,1.97,9.16153,7.191529541015625,365.0522609652602
124414,3.33,18.325165,14.995164794921875,450.305249096753
22158,35.95,39.74361,3.7936103820800753,10.5524628152436
72200,14.97,17.95343,2.9834301757812494,19.92939329179191
251569,25.035,17.359478,-7.675522003173828,-30.659165181441296
112268,27.99,25.058134,-2.9318659210205062,-10.474690678887127
233683,10.2,11.423637,1.2236373901367195,11.996445001340387
147452,34.81,34.894653,0.08465332031249773,0.24318678630421636
51462,14.99,13.922215,-1.0677845382690432,-7.123312463435911
163721,5.960000000000001,3.2515035,-2.7084965324401864,-45.44457269194943
175636,2.935,5.0023575,2.067357482910156,70.43807437513308
82665,32.86,23.95767,-8.902329788208007,-27.091691382252
189350,44.34,8.425191,-35.91480907440186,-80.99866728552516
254554,3.56,8.421156,4.861155929565429,136.54932386419745
84721,15.56,11.56413,-3.995870170593262,-25.680399553941275
171355,1.59,3.0586991,1.4686991310119628,92.37101452905426
285967,9.99,9.5148115,-0.47518848419189474,-4.756641483402349
86696,2.68,20.705753,18.025753326416016,672.602736060299
29388,28.99,8.473428,-20.516572227478026,-70.77120464807875
263643,23.66,16.67186,-6.988140258789063,-29.535673114070427
70238,16.98,6.7945523,-10.185447673797608,-59.98496863249474
215585,79.99,55.574303,-24.41569732666015,-30.523437087961184
238733,36.99,24.118135,-12.871864547729494,-34.798228028465786
42401,11.685,10.940095,-0.7449050521850591,-6.374882774369355
283611,5.0,5.445115,0.4451150894165039,8.902301788330078
43325,30.09,9.036602,-21.053397979736328,-69.96808899879139
215272,33.98,36.080837,2.1008372497558625,6.182569893336853
58970,4.795,6.0504713,1.255471305847168,26.182926086489427
266405,22.99,15.808567,-7.181432952880858,-31.23720292684149
214297,8.864999999999998,17.358608,8.493608245849611,95.81058370952749
243559,114.49,13.973249,-100.51675056457519,-87.79522278327818
258310,7.03,3.1512127,-3.878787307739258,-55.1747838938728
295441,1.54,7.8692856,6.329285583496094,410.9925703568892
57158,29.99,25.011202,-4.978798141479491,-16.601527647480797
9019,45.37,39.449554,-5.920445556640622,-13.049251833018785
87847,3.68,8.616262,4.936262435913086,134.13756619329038
203859,44.49,13.10451,-31.38548969268799,-70.54504313933016
59756,89.99,17.399183,-72.59081672668457,-80.66542585474448
295120,2.7300000000000004,24.874237,22.144237060546875,811.1442146720466
188336,14.99,13.742642,-1.2473575973510744,-8.321264825557535
150522,7.49,7.4898443,-0.0001556777954103694,-0.0020784752391237575
160598,9.345,8.773303,-0.5716969680786139,-6.117677561033856
63618,3.29,8.94838,5.658380470275879,171.98724833665284
271760,3.78,10.291754,6.511753768920899,172.26861822542062
181718,1.52,6.847062,5.327062110900879,350.46461255926835
235420,44.79,24.886522,-19.90347770690918,-44.43732464145832
127928,8.92,9.586482,0.666482048034668,7.4717718389536785
110928,41.61,26.36716,-15.242839202880859,-36.63263446979298
290427,27.375,9.404937,-17.97006320953369,-65.64406651884454
67275,28.99,19.321049,-9.668951263427733,-33.35271218843647
233348,6.345000000000001,9.766581,3.4215805816650384,53.92561988439777
264149,25.28,29.611595,4.331595153808593,17.134474500825128
180918,2.52,7.188443,4.668443183898926,185.25568190075103
13754,19.9,12.079057,-7.82094326019287,-39.3012224130295
196545,4.79,13.391561,8.601560554504395,179.57328923808757
229607,11.99,15.539043,3.5490434265136717,29.600028578095678
283769,13.215,15.654818,2.439817581176758,18.462486425855147
104737,16.98,17.55967,0.5796694946289058,3.4138368352703523
23213,10.735,8.789954,-1.9450458145141596,-18.118731388115133
292753,11.04,22.601053,11.56105323791504,104.71968512604204
28703,35.28,26.029617,-9.250382690429689,-26.219905585118163
42726,66.25,65.46987,-0.7801284790039062,-1.1775524211379718
221275,5.49,14.258227,8.768227348327637,159.71270215533036
257880,22.475,13.316691,-9.158308601379396,-40.74887030647117
139485,2.29,24.026241,21.736241302490235,949.1808429035037
215961,39.99,39.325203,-0.6647970581054707,-1.6624082473255082
127590,20.105,20.181599,0.0765986633300777,0.3809931028603715
16816,6.675,17.065393,10.390393447875976,155.6613250618124
181327,11.69,10.22475,-1.4652504348754878,-12.534220999790316
97823,11.505,7.924122,-3.5808781433105477,-31.124538403394585
215769,12.8,7.3389683,-5.461031723022462,-42.66431033611298
128719,3.215,7.850602,4.635602149963379,144.18669206729018
72625,2.285,6.0588045,3.7738045120239256,165.15555851308207
157660,1.39,12.70367,11.313669548034667,813.9330610096885
210661,6.930000000000001,8.970375,2.0403750610351556,29.442641573378868
36314,2.58,14.111294,11.53129379272461,446.9493718110313
157881,12.99,13.913985,0.9239852523803709,7.113050441727259
281353,2.76,5.50606,2.7460601234436037,99.49493200882623
2955,6.99,9.749626,2.7596261596679685,39.47963032429139
49027,26.29,19.755642,-6.53435806274414,-24.854918458517076
11420,20.78,11.048598,-9.731401710510255,-46.83061458378371
279137,10.715,9.450077,-1.2649229431152342,-11.805160458378294
135553,39.99,33.644413,-6.345587005615236,-15.867934497662507
280582,2.97,7.830759,4.860759048461913,163.66192082363344
173543,7.54,5.784681,-1.7553191566467286,-23.280094915739106
105973,127.07,31.655659,-95.41434127807617,-75.08801548601257
53672,5.085,5.734445,0.6494450950622559,12.771781613810344
132450,26.55,49.689293,23.139292907714843,87.15364560344574
243546,26.8,21.113068,-5.686932373046876,-21.219896914354013
247692,2.95,3.498537,0.5485370635986326,18.594476732157037
99683,85.81,19.269396,-66.54060417175293,-77.54411393981229
66108,47.99,59.648212,11.658212432861326,24.293003610880028
240445,3.47,10.995621,7.525620727539062,216.8766780270623
174032,40.89,36.51398,-4.376019134521485,-10.70192989611515
174584,2.35,4.304076,1.9540761947631835,83.152178500561
50776,3.98,4.8706694,0.8906693649291992,22.37862725952762
35685,59.99,12.046512,-47.94348834991455,-79.91913377215295
60617,6.24,6.7642345,0.5242345428466795,8.401194596901915
95043,8.98,11.904886,2.9248862457275386,32.57111632213295
179666,32.98,35.670174,2.6901736450195344,8.156984975802107
9239,5.99,10.732995,4.74299503326416,79.18188703279064
125525,3.89,5.949633,2.0596331214904784,52.94686687636191
48170,5.745,7.185976,1.4409760284423827,25.082263332330424
177161,22.86,6.114268,-16.745732173919677,-73.25342158320069
207295,29.42,26.36067,-3.059329910278322,-10.398810028138415
53558,45.91,5.5636406,-40.346359405517575,-87.88141887501106
267685,42.0,18.852093,-23.147907257080078,-55.11406489780971
99640,19.99,22.020964,2.0309636688232438,10.15989829326285
49031,3.39,4.6399527,1.2499526596069335,36.87175987041101
103739,64.0,47.12058,-16.87942123413086,-26.374095678329468
248057,9.81,24.941898,15.131898345947265,154.24972829711788
93380,22.44,20.840302,-1.5996984863281263,-7.1287811333695466
183702,59.96,41.185814,-18.774186096191407,-31.31118428317446
220376,7.99,7.8347454,-0.15525459289550803,-1.9431113003192495
294910,1.69,10.2724085,8.582408485412598,507.8348216220473
27874,19.99,11.548203,-8.441796531677245,-42.23009770723984
50610,18.95,18.624584,-0.3254158020019524,-1.7172337836514642
202139,22.75,15.901541,-6.848459243774414,-30.10311755505237
107886,7.99,9.404466,1.4144656753540037,17.70294962896125
60669,14.97,17.710142,2.7401421356201165,18.30422268283311
186441,5.99,10.549048,4.55904842376709,76.11099204953405
297624,16.435,19.777025,3.3420252227783216,20.334805127948414
110819,2.39,2.454943,0.06494294166564929,2.717277893960221
198758,6.96,9.855837,2.895836868286133,41.60685155583524
181117,4.34,11.340961,7.000961456298828,161.3124759515859
91840,19.99,15.4819145,-4.508085479736327,-22.551703250306787
93986,11.49,10.289296,-1.2007038497924807,-10.449989989490692
210328,8.75,13.056786,4.306785583496094,49.220406668526785
47839,3.99,9.37812,5.388120422363281,135.04061208930528
272629,11.875,8.760677,-3.1143226623535156,-26.225875051398027
77315,7.99,14.843173,6.853173027038574,85.77187768508854
184930,5.29,11.402515,6.112515411376953,115.54849548916735
80398,5.23,9.369857,4.139856834411621,79.15596241704819
61142,3.49,3.469089,-0.02091096878051779,-0.5991681599002232
260143,6.324999999999999,13.6375885,7.312588500976563,115.6140474462698
146672,20.08,25.079247,4.9992465209960955,24.896646020896892
20723,24.99,21.815514,-3.1744863891601547,-12.70302676734756
266696,1.94,2.4248393,0.4848392581939698,24.99171433989535
287448,8.204999999999998,13.872337,5.6673373413085955,69.0717530933406
221635,29.99,30.108042,0.11804176330566563,0.39360374560075234
172202,12.0,17.395517,5.395517349243164,44.96264457702637
109886,9.44,12.449979,3.0099788284301763,31.88536894523492
98482,17.195,13.570337,-3.6246627044677737,-21.079748208594207
78776,2.58,8.968586,6.388585968017578,247.619611163472
279619,3.335,3.8239198,0.4889197731018067,14.660263061523438
248278,12.78,12.736246,-0.0437538909912103,-0.3423622143287191
29862,15.925,14.108221,-1.8167789459228523,-11.408345029342872
280226,9.75,6.5226364,-3.2273635864257812,-33.101164988982376
46616,52.1,26.100346,-25.999654388427736,-49.903367348229814
234916,19.25,20.090288,0.8402881622314453,4.365133310293222
127596,11.955,18.20467,6.249669952392578,52.276620262589525
248548,79.99,78.956795,-1.0332052612304636,-1.2916680350424599
179221,15.99,16.25287,0.2628705596923826,1.6439684783763766
121308,12.97,13.371625,0.40162494659423764,3.096568593633289
24770,9.99,6.2499595,-3.7400405311584475,-37.43784315473921
166689,1.425,2.2135537,0.7885536670684814,55.3370994434022
202792,4.99,7.5207224,2.530722389221191,50.715879543510844
250828,13.66,13.751559,0.09155925750732408,0.6702727489555204
193348,19.03,20.815351,1.7853514862060536,9.38177344301657
283199,43.94,26.601606,-17.338393630981443,-39.459248136052445
235266,27.86,35.69434,7.834339752197266,28.12038676309141
75824,14.73,15.493469,0.7634692382812496,5.183090551807533
246796,24.065,17.114613,-6.950387420654298,-28.881726244148336
264245,6.19,5.491319,-0.6986808204650883,-11.28725073449254
237672,12.4,13.3491955,0.9491954803466793,7.6548022608603175
159538,14.355,13.701453,-0.6535467910766606,-4.552746715964197
281431,4.345,12.673983,8.328982620239259,191.69119954520735
265149,2.97,5.966331,2.9963310050964354,100.8865658281628
198302,75.99,22.284048,-53.70595191955566,-70.67502555540948
56826,22.33,19.138863,-3.191137390136717,-14.290807837602854
198901,8.78,10.375252,1.595251770019532,18.169154556031117
101796,17.99,18.839912,0.8499124145507828,4.724360280993791
75030,19.98,10.82642,-9.153580169677735,-45.813714562951624
118882,24.94,22.708542,-2.231458129882814,-8.947306054061
71764,4.79,6.2115846,1.4215845680236816,29.678174697780406
282234,2.81,2.8127034,0.0027033710479735795,0.09620537537272525
257374,20.0,18.554144,-1.4458560943603516,-7.229280471801758
263435,1.5,14.784025,13.284025192260742,885.6016794840494
246014,5.34,21.54866,16.208660278320313,303.532964013489
247376,6.1850000000000005,5.913025,-0.2719750976562505,-4.397333834377534
230992,92.99,20.470285,-72.51971458435058,-77.98657337815958
278780,7.99,37.481697,29.49169708251953,369.10759802903044
8341,20.99,11.465489,-9.524510612487791,-45.37642025958929
184770,28.145000000000003,8.539081,-19.60591938018799,-69.66039929006213
132593,15.5,11.886353,-3.6136474609375,-23.313854586693548
138790,15.99,9.713129,-6.276870956420899,-39.25497783877985
228292,15.99,15.275671,-0.7143289947509768,-4.467348309887284
27381,8.045,4.933652,-3.111348075866699,-38.67430796602485
108703,32.24,11.046625,-21.1933748626709,-65.73627438793703
283584,0.5,9.621439,9.121438980102539,1824.2877960205078
288494,7.744999999999999,16.926607,9.181607131958009,118.54883320797947
179734,55.22,22.805431,-32.4145686340332,-58.70077622968708
279310,4.390000000000001,9.144895,4.75489459991455,108.31194988415831
168388,4.49,19.949533,15.459533462524414,344.3103221052208
29397,2.145,5.4279385,3.282938461303711,153.05074411672314
3115,16.47,16.184027,-0.2859732818603504,-1.7363283658794808
167900,12.965,11.932742,-1.0322578811645506,-7.96188107338643
240314,19.99,25.10072,5.110719451904298,25.56638044974637
134143,17.33,14.439802,-2.8901978302001936,-16.677425448356573
105247,27.98,27.504694,-0.47530601501464886,-1.698734864241061
2347,77.04,82.29564,5.255639038085931,6.821961368231998
264118,39.06,13.996325,-25.063675460815432,-64.1671158751035
59411,6.79,7.5918493,0.8018493270874023,11.809268440167928
266951,23.99,18.125515,-5.864485015869139,-24.445539874402417
96475,8.73,9.195713,0.4657130432128902,5.334628215497024
29901,2.69,17.009594,14.319593963623047,532.3269131458381
274184,14.49,9.735299,-4.754700889587403,-32.813670735592844
22861,14.85,9.555354,-5.294645881652832,-35.65418102123119
35989,29.24,9.917459,-19.322541465759276,-66.0825631523915
35683,11.89,13.456577,1.56657730102539,13.175587056563415
213237,12.99,12.4408655,-0.5491344833374026,-4.227363228155523
294104,28.99,13.903094,-15.086905708312987,-52.04175822115553
78230,13.49,10.269033,-3.2209665679931643,-23.876698057769936
151044,10.4,12.76418,2.364180183410644,22.732501763563885
68997,32.99,17.545404,-15.4445955657959,-46.81599140889936
206643,47.98,31.562054,-16.417946319580075,-34.21831246265126
23486,2.84,2.9322631,0.09226313591003432,3.2487019686631804
43589,24.1,10.726644,-13.373356437683107,-55.49110555055231
147742,128.44,116.18377,-12.256230773925779,-9.54237836649469
270615,2.29,2.4235866,0.13358660697937008,5.833476287308737
27168,1.69,8.464959,6.774959144592286,400.88515648475067
233054,22.99,17.903854,-5.086145629882811,-22.123295475784303
131199,13.79,18.627882,4.8378820037841805,35.08253809850748
92012,29.99,19.62272,-10.36727928161621,-34.56912064560257
96259,12.63,16.445824,3.815823669433593,30.212380597257265
97575,13.99,10.4251795,-3.5648205184936526,-25.481204563928895
268390,33.69,25.351894,-8.338105621337888,-24.749497243508127
176390,77.99,67.82023,-10.169771423339839,-13.03984026585439
6701,8.53,31.5668,23.03679916381836,270.0679855078354
191552,14.5,16.51817,2.018169403076172,13.918409676387391
19113,49.59,14.298435,-35.29156478881836,-71.16669648884525
298244,4.39,7.512945,3.1229451751708988,71.13770330685419
13492,39.97,33.506786,-6.463213653564452,-16.170161755227554
39482,27.075000000000003,5.78907,-21.28592987060547,-78.61839287388909
53568,105.65,40.357677,-65.29232254028321,-61.80058924778344
67807,8.99,9.2457285,0.2557284927368162,2.844588350798845
145114,83.74,51.006344,-32.73365615844726,-39.08962999575742
272493,15.97,24.990002,9.020001678466796,56.480912200793966
42308,22.5,23.981876,1.4818763732910156,6.586117214626736
117986,3.99,3.904923,-0.08507703781127951,-2.1322565867488597
99171,1.89,2.3682148,0.47821484565734873,25.30237278610311
114381,9.99,16.933323,6.94332290649414,69.50273179673813
141601,52.07,22.085022,-29.98497802734375,-57.585899802849525
161399,4.99,13.698516,8.708515892028808,174.51935655368354
69644,10.49,11.823844,1.3338439559936521,12.715385662475235
270801,11.32,8.861992,-2.4580081176757815,-21.713852629644713
266325,12.3,16.752974,4.452973556518554,36.20303704486629
270807,6.9,6.79698,-0.10302009582519567,-1.493044867031821
128884,36.54,19.661793,-16.878207244873046,-46.19104336308989
151006,14.195,7.9079704,-6.287029571533203,-44.290451366912315
150807,14.61,12.726526,-1.8834737396240229,-12.891675151430684
121122,9.735,10.85281,1.11780990600586,11.482382188041704
31742,10.66,12.999353,2.3393534088134764,21.94515392883186
125449,6.98,9.229602,2.2496018600463863,32.229253009260546
65956,27.45,30.490751,3.040751266479493,11.07741809282147
5831,12.6,16.640629,4.040628814697266,32.068482656327504
106218,24.99,24.92109,-0.06891082763671719,-0.2757536119916654
157464,88.52,134.30638,45.78638122558594,51.724334868488405
985,29.88,21.805887,-8.07411277770996,-27.021796444812452
268947,19.01,19.836117,0.8261167907714828,4.34569590095467
85145,3.99,10.475317,6.485317001342773,162.53927321661087
162801,58.44,65.13736,6.697359619140627,11.460232065606824
174050,39.95,30.333538,-9.616461944580081,-24.071243916345633
295734,9.84,7.363742,-2.4762581253051756,-25.165224850662355
161472,1.88,11.405768,9.525768394470216,506.6898082165009
24591,24.99,24.469475,-0.5205252075195297,-2.0829340036795907
220840,7.88,20.474966,12.594966049194337,159.83459453292306
12753,4.99,16.939459,11.949458847045898,239.46811316725248
18098,64.31,58.819145,-5.4908547973632835,-8.538104178764241
241257,8.99,10.822842,1.8328416442871092,20.38756000319365
263043,152.25,108.996704,-43.2532958984375,-28.409389752668307
45370,7.529999999999999,9.442597,1.912597389221192,25.399699724053015
296295,9.985,7.311285,-2.673714981079101,-26.777315784467714
7107,7.49,10.510808,3.020807991027832,40.3312148334824
252908,12.99,10.303202,-2.686798324584961,-20.683589873633267
294033,24.96,24.447926,-0.5120744323730477,-2.0515802579048383
40748,1.23,2.2800803,1.0500803184509278,85.37238361389656
106816,10.99,12.888273,1.898273239135742,17.27273193026153
143150,22.98,21.521942,-1.4580578613281254,-6.344899309521869
87715,34.99,19.899826,-15.090173950195314,-43.12710474477083
275207,3.75,5.5100465,1.7600464820861816,46.934572855631515
210546,18.88,14.535168,-4.344832305908202,-23.012882976208697
267407,38.88,14.108203,-24.771797065734866,-63.713469819276916
71099,11.94,13.672232,1.7322316741943364,14.50780296645173
162455,59.61,13.98696,-45.62303958892822,-76.5358825514649
291982,32.91,9.736074,-23.17392555236816,-70.41606062706826
276641,5.74,12.613943,6.873943099975586,119.75510627135166
278699,3.29,16.017063,12.727063140869141,386.8408249504298
270166,11.99,11.240151,-0.7498485946655276,-6.253949913807569
25914,52.48,17.45622,-35.02377937316894,-66.73738447631278
29249,10.99,13.42179,2.4317901229858396,22.127298662291533
169125,11.25,10.562204,-0.6877956390380859,-6.113739013671875
120806,1.88,1.9652791,0.08527910232543956,4.536122464119126
50086,20.24,15.668865,-4.571134796142577,-22.584658083708383
235899,10.89,13.200432,2.310431823730468,21.216086535633316
183248,26.525,16.468925,-10.05607452392578,-37.911685292839884
4076,42.11,33.9964,-8.11360107421875,-19.267634942338514
293122,1.16,18.260296,17.10029586791992,1474.1634368896487
59440,18.78,9.644861,-9.135138778686525,-48.64291149460343
280357,3.99,15.235376,11.245376358032226,281.8390064669731
99865,6.88,11.146632,4.266632194519043,62.01500282731167
161381,20.0,6.905574,-13.094426155090332,-65.47213077545166
83430,48.52,10.32749,-38.19251014709473,-78.71498381511691
74245,30.0,15.961264,-14.038736343383789,-46.7957878112793
60509,29.99,10.811358,-19.178641548156737,-63.950121867811724
121429,9.98,10.523489,0.5434889984130855,5.445781547225305
122515,21.99,24.511475,2.5214746093750016,11.466460251819017
282490,1.25,6.546667,5.296667098999023,423.73336791992193
21085,93.46,69.79926,-23.660736999511712,-25.316431627981718
186934,13.99,13.570069,-0.4199306869506838,-3.0016489417489907
226844,6.81,9.046028,2.2360281372070316,32.83448072257022
40065,19.99,11.817804,-8.172195663452147,-40.881419026774125
52771,71.99,27.952198,-44.03780197143554,-61.17210997560153
111722,48.29,20.482985,-27.80701545715332,-57.583382599199254
252866,16.68,21.561384,4.881384201049805,29.2648932916655
292962,3.675,9.90823,6.2332298278808596,169.6116959967581
246421,10.72,17.454382,6.734381942749023,62.82072707788268
150148,2.89,4.5872006,1.69720064163208,58.72666580041799
260655,23.25,9.377902,-13.872097969055176,-59.664937501312586
248142,6.29,5.377541,-0.9124589347839356,-14.506501347916304
211589,45.99,42.73801,-3.2519895935058614,-7.07107978583575
36257,4.24,14.392469,10.15246940612793,239.44503316339456
171328,1.41,11.73498,10.324979629516601,732.2680588309646
3788,2.92,4.4697175,1.5497175025939942,53.072517212123095
185942,9.44,8.083134,-1.3568663024902339,-14.373583712820276
178547,8.16,9.294858,1.1348579788208006,13.907573269862752
47693,10.99,7.1382685,-3.85173152923584,-35.04760263180928
135631,14.95,26.429768,11.479767608642579,76.7877432016226
211800,1.99,1.9223433,-0.06765674591064452,-3.399836477921835
118836,9.5,16.074228,6.574228286743164,69.20240301834909
14824,1.3,10.363499,9.06349868774414,697.1922067495492
95382,61.69,20.06265,-41.627349319458006,-67.47827738605609
275508,9.14,8.792753,-0.3472467803955084,-3.7991989102353214
32434,66.14,27.20658,-38.93342079162598,-58.86516599882972
235157,41.33,30.283466,-11.04653366088867,-26.72764011828858
175286,3.99,4.9297585,0.939758548736572,23.55284583299679
214713,2.07,3.4780865,1.4080864715576173,68.02350104143079
222597,79.1,44.98179,-34.11821136474609,-43.13301057490024
126536,6.98,22.799212,15.819211502075195,226.63626793804005
279243,13.83,8.586524,-5.24347599029541,-37.91378156395814
115743,2.135,3.6254463,1.4904463195800783,69.81013206464067
116728,17.419999999999998,9.51689,-7.9031104278564435,-45.36802771444572
200958,39.99,37.21701,-2.772989501953127,-6.934207306709494
198497,9.99,4.675004,-5.314995994567871,-53.2031631087875
242506,6.04,12.378923,6.338923416137695,104.94906318108768
36927,3.06,11.154019,8.094019355773925,264.51043646320016
233735,53.99,25.96467,-28.025329818725588,-51.908371584970524
163336,10.99,11.885075,0.8950746154785154,8.144446000714426
55575,26.99,19.054945,-7.935055007934569,-29.399981504018413
15920,2.99,7.2968063,4.3068063354492185,144.04034566719795
151583,10.435,4.2133284,-6.22167163848877,-59.62311105403708
201298,2.88,6.9801197,4.100119705200195,142.36526754167346
281424,8.765,10.950085,2.1850846862792963,24.929659854869325
64161,14.97,18.473684,3.5036843109130853,23.40470481571867
69026,17.49,6.910623,-10.579376926422118,-60.48814709217907
287529,9.11,6.9692326,-2.140767440795898,-23.49909375187594
54666,41.400000000000006,16.296932,-25.10306777954102,-60.6354294191812
12762,14.95,14.342359,-0.607641410827636,-4.064491042325324
61446,16.955,8.94636,-8.008640365600584,-47.23468219168732
205862,2.99,2.2627637,-0.7272362613677981,-24.322282988889565
128114,4.59,7.201663,2.6116630172729494,56.898976411175376
220557,2.67,3.0217075,0.35170753479003913,13.17256684606888
283750,2.59,8.741361,6.151360664367676,237.50427275550874
283900,9.57,16.333038,6.763038330078125,70.66915705410788
108194,3.58,3.1723733,-0.4076267051696778,-11.38622081479547
83069,2.79,21.845015,19.055014572143556,682.9754326933174
12601,25.14,14.041113,-11.098887100219727,-44.14831782108086
282537,2.28,6.695104,4.415104122161866,193.64491763867835
45808,2.16,3.6558614,1.4958613777160643,69.2528415609289
195192,86.47,80.050964,-6.419035644531249,-7.42342505439025
241813,9.8,12.389205,2.5892049789428704,26.420458968804798
43123,46.0,28.417393,-17.58260726928711,-38.22305928105894
192700,21.99,16.387594,-5.6024057769775375,-25.477061286846464
282777,1.695,3.254232,1.5592319297790527,91.99008435274646
81458,8.54,6.698672,-1.8413281822204581,-21.56121993232387
47240,4.99,4.472656,-0.5173442268371584,-10.36761977629576
67032,7.56,8.373881,0.8138813400268559,10.765626190831428
136326,27.0,22.860533,-4.139467239379883,-15.331360145851416
285837,5.49,6.126334,0.6363341903686521,11.590786709811514
120336,13.49,16.00763,2.51762939453125,18.662931019505187
22492,11.64,7.0096416,-4.630358352661133,-39.77971093351489
181821,11.445,6.391338,-5.053662128448487,-44.15606927434239
201992,19.63,17.92473,-1.7052696990966787,-8.687059088622918
243197,13.99,12.279057,-1.7109434509277346,-12.229760192478446
1295,9.69,12.133678,2.4436784362792974,25.218559713924638
288414,12.94,8.465036,-4.474963607788085,-34.582408097280414
226656,67.39,20.370491,-47.01950897216797,-69.77223471163076
35630,3.99,7.2459555,3.255955467224121,81.60289391539149
28674,13.95,7.576948,-6.373051834106445,-45.684959384275594
282710,3.99,6.832154,2.842153797149658,71.23192474059293
100452,24.21,15.830458,-8.379542312622071,-34.61190546312297
180469,8.09,10.682548,2.5925475692749025,32.04632347682204
192923,7.865,9.074098,1.2090976333618162,15.373142191504337
183174,9.99,11.625757,1.6357572174072263,16.373946120192457
191658,7.58,6.047713,-1.5322871971130372,-20.214870674314476
59499,23.84,6.940969,-16.899031009674072,-70.88519718823017
259535,6.5,14.908087,8.408086776733398,129.35518118051382
269333,21.8,12.102797,-9.697203445434571,-44.48258461208518
252516,10.25,13.995202,3.74520206451416,36.538556726967414
123558,12.99,13.647336,0.6573360061645506,5.0603233730912285
29099,6.82,13.724752,6.904752426147461,101.24270419571056
234829,9.99,14.055079,4.065079460144043,40.691486087527956
243785,22.99,20.385746,-2.604253997802733,-11.327768585483831
89123,18.96,11.380121,-7.579878768920899,-39.97826354916086
116446,47.99,13.464483,-34.5255167388916,-71.94314802853012
135604,14.46,13.1844,-1.2756003952026376,-8.821579496560425
170554,5.49,8.319676,2.829676399230957,51.542375213678625
278567,14.98,14.409786,-0.570213775634766,-3.8065005049049807
171074,78.89,7.6673536,-71.22264636993408,-90.28095623011039
298737,9.99,9.633913,-0.3560869598388674,-3.5644340324210955
83485,7.79,10.644192,2.8541917419433593,36.63917512122413
284492,3.22,3.6006918,0.3806917953491209,11.822726563637294
143220,13.48,16.193096,2.7130961608886714,20.126826119352163
202618,20.06,17.962208,-2.0977922058105456,-10.457588264259948
106502,3.45,8.086632,4.636631774902344,134.39512391021285
32229,25.355,14.368645,-10.986355285644532,-43.33013325042213
38762,10.99,11.733966,0.7439658737182615,6.769480197618394
61006,40.99,17.908575,-23.081424942016604,-56.309892515288126
225500,13.23,8.914702,-4.315297584533692,-32.6175176457573
217470,8.645,7.445737,-1.1992631149291988,-13.872332156497382
51258,8.79,4.096002,-4.693997898101806,-53.40156880661896
63278,9.98,12.357942,2.377941627502441,23.82707041585612
108520,16.07,17.816275,1.7462746429443357,10.866674816081739
186809,10.33,8.3549595,-1.975040512084961,-19.11946284690185
239550,1.48,5.3805304,3.90053035736084,263.549348470327
229034,3.49,11.767933,8.277932891845703,237.19005420761326
122620,12.845,12.340287,-0.5047127914428717,-3.9292548964022713
261535,9.925,9.136145,-0.7888553619384773,-7.948164855803297
96775,10.91,7.709118,-3.2008821105957033,-29.33897443259123
249132,93.54,44.488415,-49.05158523559571,-52.439154624327244
40660,7.1,9.494835,2.394834899902344,33.73006901270907
212424,6.6850000000000005,8.177131,1.4921306991577143,22.320578895403354
174230,21.635,7.483115,-14.151884803771974,-65.41199354643852
243870,74.51,66.49151,-8.018491516113286,-10.761631346280078
39291,7.1850000000000005,8.585611,1.4006113433837886,19.493546880776456
262202,84.35,22.437256,-61.912744140624994,-73.39981522302904
151159,14.95,6.781126,-8.168873977661132,-54.64129750943901
265269,45.99,35.517876,-10.472124328613283,-22.770437766064976
202146,29.95,32.36448,2.414479064941407,8.06169971599802
103017,12.56,14.494065,1.9340652847290034,15.398608954848752
109445,25.6,26.550232,0.9502319335937486,3.7118434906005806
297550,32.0,14.809192,-17.190808296203613,-53.72127592563629
263324,2.58,2.754547,0.17454711914062493,6.765392214752904
141865,9.98,13.098385,3.118384857177734,31.24634125428591
138977,7.745,16.869316,9.124316101074218,117.80911686345019
158710,6.945,8.800875,1.8558747100830075,26.722458028553024
182561,12.905,13.26784,0.36284038543701236,2.8116263885084263
70892,9.99,11.882605,1.8926045989990232,18.944990980971202
248658,20.75,23.098967,2.348966598510742,11.320320956678277
120399,14.28,61.1466,46.86659881591797,328.19747069970566
153018,3.69,21.372189,17.682188568115233,479.192102116944
259828,6.03,12.299029,6.2690293502807615,103.96400249221827
225513,4.9350000000000005,8.334985,3.3999847793579097,68.89533494139634
52472,5.29,9.536101,4.246101341247559,80.2665659971183
192471,36.75,17.811274,-18.9387264251709,-51.53394945624734
20865,33.5,34.908794,1.4087944030761719,4.20535642709305
94652,9.94,8.0745125,-1.8654875183105464,-18.76748006348638
131853,16.95,17.701544,0.7515438079833991,4.433886772763417
258541,7.29,9.58988,2.2998799896240234,31.548422354239
282347,5.49,11.908145,6.418144950866699,116.90610110868305
243097,33.05,35.909237,2.859236907958987,8.65124631757636
273880,62.93,34.497536,-28.432464294433593,-45.181096924254874
22333,8.39,7.015772,-1.374228134155274,-16.37935797562901
134776,29.425,10.373123,-19.051876831054688,-64.74724496535153
258866,11.45,13.769715,2.319715309143067,20.259522350594477
8932,28.15,24.723066,-3.426933670043944,-12.173831865164987
61502,3.29,11.021895,7.731895408630371,235.01201849940338
246077,17.99,9.107435,-8.882564773559569,-49.37501263790756
281987,0.785,8.777522,7.992522087097168,1018.1556798849895
31550,40.805,26.603191,-14.201808624267578,-34.80408926422639
203672,19.99,16.381468,-3.6085321807861312,-18.05168674730431
293046,11.52,15.86355,4.343550186157227,37.704428699281486
87289,6.98,7.088375,0.10837509155273395,1.5526517414431795
195094,10.765,12.970795,2.2057946777343744,20.490428961768455
62004,5.68,14.223032,8.543031997680664,150.40549291691312
15073,4.93,23.707376,18.77737648010254,380.879847466583
259161,7.72,14.786898,7.066897659301758,91.54012512048911
145399,9.4,9.966336,0.5663362503051754,6.024853726650802
95167,4.79,5.3584323,0.5684322929382324,11.867062483052868
259198,26.99,26.012995,-0.9770052337646469,-3.6198785986092883
181697,12.455,8.2496195,-4.205380516052246,-33.7645966764532
216518,5.99,5.7026525,-0.2873475456237795,-4.797120961999657
108468,32.14,8.623113,-23.51688732147217,-73.17015345822081
189442,9.98,10.327584,0.34758426666259723,3.482808283192357
2255,18.47,19.643461,1.1734612274169933,6.353336369339433
28374,4.29,8.951025,4.661025009155273,108.64860161201105
119018,10.99,11.377929,0.3879287338256834,3.5298337927723686
129292,6.8,4.7167606,-2.0832393646240233,-30.635873009176812
280112,19.185,16.458311,-2.7266889190673815,-14.212608387111711
114007,74.99,27.15692,-47.83308052062988,-63.78594548690476
191137,23.99,17.860529,-6.129471054077147,-25.55010860390641
279944,33.79,13.859684,-19.930316009521484,-58.982882537796634
46363,10.99,5.371063,-5.618936767578125,-51.12772308988285
269019,13.985,8.730159,-5.2548411941528315,-37.57483871399951
170346,5.29,9.428344,4.138343772888184,78.22956092416226
71794,29.44,34.19118,4.751181182861327,16.138523039610483
71487,16.98,14.880481,-2.0995192337036137,-12.364659798018925
181518,3.715,6.065039,2.350039157867432,63.25811999643154
155631,5.425,16.206793,10.781792831420898,198.7427250031502
35672,4.825,7.5197105,2.694710540771484,55.8489231247976
66431,16.99,22.892439,5.902438888549806,34.74066444114071
227766,8.92,10.563577,1.6435766983032227,18.42574773882537
165004,5.109999999999999,12.140034,7.030033721923829,137.5740454388225
67761,46.99,22.800493,-24.189506759643557,-51.47798842231018
134545,5.31,30.441448,25.131448211669923,473.2852770559308
298039,2.225,4.8253036,2.600303554534912,116.86757548471513
253534,2.56,4.622995,2.062994899749756,80.58573827147484
252324,21.765,14.318352,-7.446648254394532,-34.21386746792801
176641,33.6,15.306253,-18.293746566772462,-54.44567430587042
126645,17.99,13.642385,-4.347615470886229,-24.166845307872315
238772,9.49,9.5647955,0.07479549407958963,0.7881506225457284
111667,14.99,16.430426,1.4404256439208982,9.609243788665097
147513,23.0,23.104345,0.10434532165527344,0.45367531154466717
289984,4.54,2.786329,-1.7536709690093994,-38.62711385483259
105193,21.84,15.136929,-6.7030714416503905,-30.69171905517578
88450,8.99,6.547014,-2.442985763549805,-27.174480128473917
26942,3.19,7.464984,4.274983940124512,134.0120357405803
168656,3.395,4.914912,1.519912223815918,44.769137667626445
90549,2.165,10.680522,8.515521965026856,393.32664965482013
265998,17.19,21.541035,4.351034698486327,25.31142931056618
245679,16.99,16.70781,-0.28219055175781094,-1.6609214347134253
270448,28.99,19.293146,-9.696853866577147,-33.4489612506973
6665,7.435,11.869932,4.434932174682618,59.64939037905337
103507,9.215,8.490555,-0.7244451904296874,-7.861586439822978
206088,15.989999999999998,11.172956,-4.817043533325194,-30.125350427299523
203213,26.99,35.18487,8.194871673583986,30.362621984379352
29225,3.48,6.0634375,2.5834374618530274,74.23670867393757
184463,13.92,10.26506,-3.6549395751953124,-26.256749821805403
62500,57.9,47.791706,-10.10829391479492,-17.458193289801244
53443,13.99,28.270048,14.280048141479492,102.07325333437807
95480,3.97,8.569143,4.599143295288085,115.84743816846562
64185,1.25,5.352537,4.102537155151367,328.2029724121094
55123,17.14,16.6407,-0.4993006134033209,-2.91307242358997
11589,14.96,17.469673,2.5096731567382804,16.77589008514893
228142,4.385,8.010355,3.6253549957275393,82.67628268477854
124848,10.53,15.415169,4.885168762207032,46.39286573795852
204153,77.99,39.618336,-38.37166427612304,-49.2007491679998
109704,17.025,30.738358,13.713357543945314,80.54835561788731
2736,15.32,21.686178,6.366178207397461,41.55468803784243
143828,38.54,46.34945,7.809449157714845,20.263230819187452
119361,32.905,25.332827,-7.572173385620118,-23.012227277374617
251613,23.13,17.625946,-5.504053955078124,-23.7961692826551
187062,3.69,3.2000942,-0.489905776977539,-13.276579321884526
241427,7.89,20.743336,12.853335723876953,162.90666316700828
262515,26.340000000000003,30.721048,4.381048355102536,16.63268168224197
174208,39.99,41.74043,1.7504289245605449,4.3771666030521255
168105,3.49,4.325531,0.8355310058593748,23.940716500268618
244579,29.0,14.76772,-14.232279777526855,-49.07682681905812
170549,5.62,6.5735617,0.953561668395996,16.967289473238363
258605,44.49,14.729879,-29.76012062072754,-66.8917073965555
96465,6.74,6.706664,-0.03333591461181662,-0.4945981396411961
247314,31.37,18.429478,-12.94052230834961,-41.2512665232694
287021,10.94,10.429413,-0.5105871582031245,-4.667158667304612
252833,9.79,9.451188,-0.33881191253662024,-3.4607958379634347
243596,1.49,4.033324,2.543323764801025,170.69287012087418
299068,2.9800000000000004,5.164778,2.1847782325744625,73.31470579108932
211790,31.49,29.187244,-2.3027555847167953,-7.312656667884393
199907,7.21,7.4959097,0.28590969085693363,3.9654603447563606
202498,10.99,16.246296,5.256295928955078,47.827988434532095
170578,9.235,9.464862,0.2298618698120123,2.4890294511316977
237306,24.7,14.165816,-10.534183692932128,-42.64851697543372
281562,4.19,7.5681086,3.3781085586547848,80.62311595834808
26149,20.87,11.018582,-9.851417655944825,-47.20372619043998
127799,16.95,16.794668,-0.15533180236816335,-0.9164118133814948
92882,14.99,15.04624,0.056239852905273224,0.37518247435138913
99344,19.99,41.439552,21.449552307128908,107.30141224176543
197997,51.39,15.273825,-36.11617530822754,-70.27860538670468
141416,13.99,13.609832,-0.3801681900024416,-2.7174280915113767
255864,2.36,7.6402082,5.280208244323731,223.73763747134456
290848,66.38,11.17623,-55.20376956939697,-83.16325635642809
65911,3.39,4.979381,1.5893810844421385,46.88439777115453
58428,18.49,28.3817,9.891700515747072,53.497569041357885
256119,37.99,48.459198,10.469197998046873,27.55777309304257
21900,30.0,17.126606,-12.873394012451172,-42.91131337483724
199956,20.99,30.956337,9.966336975097658,47.48135767078446
118305,18.99,11.871261,-7.118739356994627,-37.48677913109336
58470,15.0,46.196503,31.196502685546875,207.9766845703125
231875,36.99,16.571177,-20.418823471069338,-55.200928551147165
194151,16.375,8.10455,-8.2704496383667,-50.50656267704855
133171,11.99,8.304612,-3.6853878402709963,-30.737179651968276
119626,29.75,34.24883,4.498828887939453,15.122113909040177
264876,23.99,20.890211,-3.0997888946533187,-12.921170882256435
4048,24.29,30.896963,6.606963119506837,27.20034219640526
251507,6.29,3.9081054,-2.3818946266174317,-37.86795908771751
173407,8.99,8.502339,-0.4876606369018557,-5.424478719709184
112190,33.78,19.092089,-14.68791130065918,-43.481087331732326
128486,1.98,19.71784,17.737840194702148,895.850514883947
234195,18.69,86.15047,67.46046691894531,360.9441782715105
147796,34.81,42.495277,7.685277404785154,22.077786282060195
107420,13.38,8.452935,-4.927064781188966,-36.82410150365445
282124,4.59,4.840908,0.2509080505371095,5.466406329784522
102449,68.98,114.00417,45.02417327880859,65.27134427197534
5731,11.99,10.858864,-1.131136169433594,-9.433996408954078
146910,56.56,68.262566,11.702565612792966,20.690533261656586
21370,9.99,9.445653,-0.5443470382690432,-5.448919301992424
5737,13.95,12.763344,-1.186656188964843,-8.506495978242603
159603,12.44,7.7689075,-4.671092453002929,-37.54897470259589
215619,5.005000000000001,6.467363,1.4623628807067863,29.21803957456116
72217,10.59,10.7409315,0.1509315109252931,1.4252267320613137
298031,1.0,14.357828,13.357828140258789,1335.782814025879
204321,28.57,25.114576,-3.4554236602783206,-12.09458754035114
205309,103.5,27.430443,-76.0695571899414,-73.4971567052574
127357,12.99,13.408311,0.4183108901977537,3.220253196287557
203221,5.0,7.168644,2.1686439514160156,43.37287902832031
177009,12.985,59.7187,46.73370040893555,359.90527846696614
79491,7.5,6.0476027,-1.452397346496582,-19.36529795328776
132547,13.95,16.888365,2.938364791870118,21.063546895126294
73859,13.865,9.377962,-4.487037887573242,-32.3623360084619
140300,33.69,18.457626,-15.23237365722656,-45.21333825237922
54259,13.15,14.286352,1.136352157592773,8.641461274469757
184169,2.98,7.885149,4.905149002075195,164.60231550587903
266705,18.99,23.112024,4.122024307250978,21.706289137709206
11606,12.54,12.903523,0.3635234451293954,2.898911045688959
298488,10.0,9.91015,-0.08985042572021484,-0.8985042572021484
55489,14.47,13.760464,-0.7095362854003913,-4.903498862476788
191784,4.07,8.561392,4.491391830444336,110.35360762762494
73320,39.99,27.600906,-12.38909362792969,-30.98047918962163
248321,26.96,26.400824,-0.5591764068603524,-2.0740964646155504
275593,4.585,7.831086,3.2460861587524414,70.79795329885368
104024,10.99,15.428497,4.438497314453125,40.38669075935509
174784,19.99,21.098843,1.108842620849611,5.546986597546828
171436,4.99,25.579733,20.58973289489746,412.6198976933359
163891,2.99,8.15089,5.160890350341797,172.60502843952497
221881,3.12,4.475824,1.3558238792419433,43.45589356544689
260363,10.24,8.51469,-1.7253096008300783,-16.848726570606235
6226,32.38,34.016865,1.6368647766113256,5.0551722563660455
83858,28.37,31.99374,3.6237400817871084,12.77314092981004
270744,3.735,1.7982452,-1.9367548084259032,-51.85421173831066
15390,39.99,37.053036,-2.9369642639160176,-7.3442467214704115
264681,19.15,13.7158375,-5.434162521362303,-28.376827787792706
186608,11.97,10.458206,-1.5117938232421881,-12.629856501605582
47082,13.99,14.320912,0.3309123611450193,2.3653492576484583
246998,18.975,9.371723,-9.603276824951173,-50.61015454519722
120088,7.01,16.358969,9.348968734741211,133.36617310615136
133665,3.24,11.538957,8.298956642150879,256.1406371034222
207169,6.79,4.772717,-2.017283000946045,-29.7096170978799
42287,13.705,24.511055,10.806054992675781,78.84753734166932
57226,10.81,15.829254,5.0192541503906245,46.43158325985776
134416,30.49,15.645643,-14.844356765747069,-48.685984800744734
282088,9.65,10.028188,0.3781877517700192,3.919044059792945
295871,11.0,12.507622,1.5076217651367188,13.705652410333807
214700,14.99,18.183582,3.193582305908203,21.304751873970666
216280,24.99,21.779432,-3.2105677032470687,-12.847409776899035
247840,22.99,28.42604,5.436040649414064,23.645239884358695
122913,19.99,18.832748,-1.157251586914061,-5.789152510825718
294939,1.99,4.1885715,2.198571453094482,110.48097754243629
41990,19.99,18.533045,-1.4569551849365219,-7.288420134749984
53839,20.05,9.814208,-10.235791969299317,-51.05133151770232
21184,32.99,14.445869,-18.54413055419922,-56.211368760834254
16607,42.95,54.477863,11.527863311767575,26.84019397384767
113639,5.98,9.952521,3.9725213241577144,66.43012247755374
102316,34.75,78.73433,43.98432922363281,126.57360927664118
296055,6.24,10.287073,4.047073135375976,64.8569412720509
228535,39.21,20.298466,-18.911534271240235,-48.2314059455247
157301,84.99,181.92485,96.93485046386719,114.05441871263349
132348,49.99,38.59241,-11.397588958740236,-22.799737865053483
131387,32.9,19.021227,-13.878773117065428,-42.18472072056361
237863,31.05,14.196687,-16.85331325531006,-54.27798149858312
120871,7.59,10.525429,2.9354287719726564,38.67495088238019
185462,16.45,9.548848,-6.901151847839355,-41.95229086832435
245710,28.99,25.036318,-3.9536821746826156,-13.638089598767216
102313,40.87,19.748344,-21.12165557861328,-51.6800968402576
138726,19.99,15.697245,-4.292755355834959,-21.474514036192897
2494,18.13,18.225052,0.0950518798828135,0.5242795360331688
222659,8.37,8.412259,0.04225910186767656,0.5048877164596961
285088,34.99,17.536346,-17.453653564453127,-49.88183356517041
121470,27.95,12.703267,-15.246732902526855,-54.55002827379912
94415,30.99,18.841639,-12.148361434936522,-39.20090814758478
167656,21.99,18.236284,-3.753715744018553,-17.070103428915658
217907,13.99,13.685667,-0.304332962036133,-2.175360700758635
3946,22.6,8.470628,-14.129372215270998,-62.5193460852699
155060,10.49,14.651832,4.16183162689209,39.67427671012478
84882,3.09,13.547781,10.457780990600586,338.4395142589187
87944,109.41,31.183384,-78.2266160583496,-71.49859798770643
140356,4.49,5.594578,1.1045777893066404,24.600841632664597
147527,5.445,10.807194,5.362193756103515,98.47922417086346
144429,9.89,6.8582673,-3.0317326927185064,-30.654526721117353
87733,39.99,22.800613,-17.18938659667969,-42.98421254483543
275584,13.93,8.272662,-5.657337837219238,-40.612619075514985
213347,14.99,13.401074,-1.588925590515137,-10.5999038726827
61050,17.34,24.823399,7.483398590087891,43.156854614117016
50953,63.96,23.49946,-40.46053977966309,-63.25913036219995
218636,17.75,15.793634,-1.9563655853271484,-11.021777945505061
14458,34.495000000000005,25.231121,-9.263878936767583,-26.855715137752085
279259,2.0,11.394489,9.394489288330078,469.7244644165039
241928,17.99,11.479445,-6.510554542541502,-36.18985293241524
208068,2.4450000000000003,8.001852,5.556852035522461,227.27411188230923
225396,13.19,17.503305,4.313305435180665,32.70133006202172
260715,6.59,5.5331826,-1.0568173789978026,-16.036682534109296
126856,4.99,8.012241,3.0222413635253904,60.56595918888558
199222,4.48,10.285779,5.805778999328613,129.59328123501365
161250,45.0,30.144398,-14.855602264404297,-33.012449476453995
97553,6.36,5.1839485,-1.1760514831542972,-18.49137552129398
78338,4.39,13.469836,9.079836235046386,206.82998257508856
181936,36.99,31.917637,-5.072363128662111,-13.712795697924063
277592,11.5,14.635942,3.1359424591064453,27.26906486179518
240174,295.74,15.584248,-280.1557524108887,-94.730422807496
67950,13.99,23.88578,9.895780334472656,70.73467001052649
279266,3.645,12.941149,9.29614875793457,255.03837470328043
33056,8.385,18.046165,9.661165466308594,115.21962392735354
224642,19.65,17.850895,-1.799105072021483,-9.155751002653858
114133,5.99,4.983879,-1.0061209106445315,-16.796676304583162
186334,12.99,7.982217,-5.007783164978028,-38.551063625696905
250956,20.99,16.292297,-4.697702636718748,-22.380670017716763
280121,8.96,12.311217,3.3512173080444327,37.401978884424466
81276,6.705,13.991753,7.286752624511719,108.67640006728887
215321,19.99,27.839228,7.849227676391603,39.265771267591816
71553,101.49,134.35756,32.86755920410157,32.385022370776994
102917,28.22,18.650738,-9.569262237548827,-33.909504739719445
246264,13.99,15.930752,1.9407518005371092,13.872421733646242
64679,16.39,9.035593,-7.3544069671630865,-44.87130547384434
263782,36.44,9.725299,-26.714701118469236,-73.3114739804315
163768,14.99,7.671035,-7.318965187072754,-48.8256516816061
209990,7.045,6.413669,-0.6313308906555175,-8.961403699865402
224054,20.99,8.260043,-12.729956855773924,-60.64772203798916
283593,9.364999999999998,9.020014,-0.3449861907958969,-3.6837820693635552
174665,2.24,5.2171755,2.977175483703613,132.909619808197
125827,23.49,11.168195,-12.32180522918701,-52.45553524558114
65090,1.78,16.429241,14.649241180419923,822.991077551681
285166,2.82,3.1170955,0.29709547042846696,10.535300369803794
271709,8.295,44.873352,36.57835205078125,440.9686805398583
289199,29.24,26.132961,-3.107038726806639,-10.625987437779203
33916,2.29,5.6211796,3.3311795806884765,145.46635723530466
221265,31.68,22.004103,-9.67589729309082,-30.542605091827085
186012,6.85,6.7680397,-0.08196029663085902,-1.1965006807424674
203769,13.99,13.873171,-0.1168291473388674,-0.83509040270813
252723,19.99,19.291391,-0.6986086273193344,-3.494790531862604
264747,5.99,9.774333,3.7843330001831053,63.17751252392496
76429,15.835,13.968388,-1.8666123962402352,-11.787890093086423
109341,14.95,11.765576,-3.184423637390136,-21.30049255779355
3201,3.88,4.3504806,0.4704805564880372,12.125787538351474
113740,5.140000000000001,7.192216,2.0522159194946283,39.926379756704826
244550,30.99,18.323277,-12.666723480224608,-40.87358335019235
28078,31.46,20.79607,-10.663929901123048,-33.89678925976811
198055,5.0,5.289052,0.28905200958251953,5.781040191650391
109325,4.09,4.3003216,0.21032157897949233,5.1423368943641155
18764,36.06,28.2057,-7.854300079345705,-21.781198223365795
58570,19.91,9.792292,-10.117708358764649,-50.81721928058588
189868,6.715,8.897232,2.1822320556640626,32.49787126826601
101140,207.98,152.66014,-55.31985900878905,-26.59864362380472
281979,3.58,1.9661758,-1.6138242053985596,-45.07888841895418
90104,4.48,5.984452,1.5044517707824703,33.58151274068014
149960,52.61,49.319965,-3.2900346374511713,-6.25362979937497
289231,21.98,14.714391,-7.265609245300293,-33.055547066880315
248612,16.04,13.519817,-2.5201826477050773,-15.711861893423176
183992,36.99,16.52733,-20.46266960144043,-55.31946364271542
123683,14.99,18.955656,3.965656051635742,26.45534390684284
242016,1.25,13.416871,12.166871070861816,973.3496856689452
110913,11.53,38.7888,27.25879928588867,236.41629909703968
54296,75.8,61.264236,-14.535763549804685,-19.176469063066868
80786,20.145,22.368631,2.2236313629150395,11.038130369397068
180652,5.99,5.3898396,-0.6001603507995608,-10.01937146576896
123570,39.99,39.221676,-0.7683241271972676,-1.9212906406533323
113147,17.99,13.399918,-4.590082397460936,-25.51463255953828
277466,8.99,5.0752487,-3.9147512817382815,-43.545620486521486
34269,55.9,20.615156,-35.284843826293944,-63.12136641555267
232648,4.49,7.8026295,3.312629470825195,73.77793921659676
238764,53.58,31.294239,-22.285760955810545,-41.59343216836608
161501,27.99,19.474669,-8.515331497192381,-30.42276347692884
79358,4.97,15.661943,10.691943435668946,215.12964659293655
153940,59.96,64.35344,4.393439331054687,7.327283740918424
60445,16.95,6.551402,-10.398597908020019,-61.3486602243069
151893,2.24,9.367518,7.127518424987793,318.1927868298121
192917,17.045,21.065449,4.020448760986326,23.587261724765774
256842,15.99,11.315282,-4.674718132019043,-29.2352603628458
86065,7.35,11.373169,4.0231689453125,54.7369924532313
8215,3.99,9.917886,5.927885780334472,148.56856592316973
115804,4.39,8.41541,4.025410041809082,91.69498956284926
173015,3.89,10.391769,6.501769409179687,167.14060177839812
53036,13.91,13.086628,-0.823372039794922,-5.919281378827621
138204,4.775,5.574239,0.7992387771606442,16.737984862003017
77081,7.435,15.914141,8.479140701293947,114.0435871055003
197093,22.99,14.057488,-8.932511558532713,-38.853899776131854
49983,2.13,6.0627675,3.932767505645752,184.6369720960447
281040,8.99,9.3124,0.32239986419677713,3.586205385948578
165971,108.74,58.224598,-50.51540206909179,-46.455216175364896
198947,6.23,10.560548,4.330547828674316,69.51120110231646
293133,37.73,9.560003,-28.16999671936035,-74.66206392621349
210347,44.99,26.315683,-18.674316635131838,-41.5077053459254
277560,4.49,7.822028,3.3320281600952146,74.20998129388006
170728,6.33,7.4090815,1.07908145904541,17.04710045885324
45289,9.99,15.004364,5.014364013671875,50.19383397068944
135199,4.59,15.140017,10.550016555786133,229.84785524588526
144562,0.3,0.65799046,0.3579904556274414,119.33015187581381
50244,12.97,18.307512,5.337512283325195,41.15275469024822
33100,7.99,7.0117903,-0.9782097244262697,-12.242925211843176
280069,14.44,11.18058,-3.2594198608398433,-22.572159701106948
65619,57.9,33.90556,-23.994440460205077,-41.44117523351481
284488,6.99,6.525252,-0.4647481346130373,-6.6487572906013925
228290,15.99,8.148214,-7.841785659790039,-49.04181150587892
125254,10.26,15.495981,5.235981216430664,51.03295532583494
252219,24.1,13.931411,-10.168589210510255,-42.19331622618363
167119,1.56,10.53064,8.9706396484375,575.0410031049679
201058,52.14,50.997307,-1.1426931762695318,-2.1915864523773148
226258,59.99,72.574,12.583997497558592,20.976825300147677
169956,17.43,32.467693,15.037693328857422,86.27477526596341
275178,8.440000000000001,11.734394,3.294394073486327,39.033105136093916
62356,30.99,20.508968,-10.481031646728514,-33.820689405384044
70347,33.96,23.97526,-9.984740219116212,-29.40147296559544
26383,6.49,7.59023,1.1002299880981443,16.952696272698677
270672,12.595,10.094511,-2.5004889678955085,-19.853028724855168
175817,98.97,30.429337,-68.54066345214844,-69.2539794403844
216732,1.99,4.3934336,2.403433570861816,120.77555632471437
69795,417.83,81.53247,-336.297529296875,-80.48668819780174
152657,7.88,5.0206785,-2.859321479797363,-36.28580558118481
22018,14.89,10.232366,-4.6576343917846685,-31.280284699695553
119045,8.26,7.1489744,-1.111025581359863,-13.450672897819166
162785,5.19,4.681954,-0.5080460929870609,-9.788942061407724
68522,11.99,15.978426,3.9884259796142576,33.26460366650757
89850,7.98,4.082134,-3.8978662300109868,-48.84544147883442
110419,3.685,14.302375,10.617374839782714,288.1241476196123
196699,23.99,27.199646,3.2096459960937516,13.379099608560866
277660,19.885,25.582579,5.697578659057616,28.652646009844684
113794,19.99,21.690338,1.7003381347656266,8.505943645650959
84900,3.19,5.7750597,2.585059700012207,81.03635423235758
47569,10.35,13.079352,2.729352378845215,26.370554384977922
251079,8.99,8.673767,-0.3162329101562502,-3.5176074544632954
288553,38.63,16.918983,-21.711016540527346,-56.20247615979122
265155,39.99,13.461521,-26.52847885131836,-66.33778157368933
184305,4.265,6.317674,2.0526741600036624,48.128350762102286
107388,14.9,15.274925,0.3749252319335934,2.5162767243865325
281343,66.0,22.36485,-43.63515090942383,-66.11386501427853
113039,72.8,60.545322,-12.254677581787107,-16.83334832663064
160451,12.489999999999998,5.926615,-6.563384761810301,-52.54911738839313
199051,30.99,15.5208645,-15.469135513305662,-49.91653924913089
44951,7.49,42.02673,34.53672958374023,461.1045338283075
196492,82.05,54.103775,-27.946224975585935,-34.05999387639968
18080,26.14,27.507563,1.367562637329101,5.231685682207731
4417,57.53,23.963615,-33.56638458251953,-58.345879684546375
53401,31.97,15.855728,-16.114271850585936,-50.40435361459473
231359,29.97,29.694265,-0.2757346343994129,-0.9200354834815248
162132,7.64,6.1785274,-1.4614726448059079,-19.12922309955377
252249,18.07,14.683856,-3.3861439895629886,-18.739037020271105
19078,17.95,15.121841,-2.828158569335937,-15.75575804643976
68787,19.0,15.426813,-3.5731868743896484,-18.80624670731394
115133,6.99,11.392421,4.402420768737793,62.98169912357358
198071,10.99,6.8299937,-4.160006275177002,-37.852650365577816
159933,2.0,10.184323,8.18432331085205,409.21616554260254
43145,16.38,5.07639,-11.3036102104187,-69.00860934321551
69896,74.99,39.333416,-35.65658401489257,-47.54845181343189
256016,13.95,14.620376,0.6703756332397468,4.8055600949085795
118478,70.11,10.508478,-59.60152183532715,-85.01144178480551
66869,9.39,11.05845,1.668449745178222,17.7683678932718
148374,30.83,31.281876,0.4518756103515642,1.4657009742185023
278005,3.99,18.116001,14.12600112915039,354.0351160188068
111717,29.99,24.387362,-5.602638473510741,-18.681688807971796
18911,22.17,29.424963,7.254962997436522,32.72423544175246
182008,41.99,29.583355,-12.40664505004883,-29.546665992019122
155109,11.98,12.544087,0.5640874099731441,4.708576043181504
232777,48.485,38.4109,-10.074099884033203,-20.77776608029948
17089,100.93,11.277305,-89.65269535064698,-88.82660789720298
251737,81.985,24.243406,-57.74159370422363,-70.42946112608847
159655,5.99,3.7599907,-2.2300093078613283,-37.228869914212495
61151,3.99,7.6194544,3.6294543838500974,90.96376901879944
291533,18.78,16.703821,-2.0761788177490246,-11.055265270229098
167148,10.865,7.787348,-3.0776522064208987,-28.326297343956732
162905,4.2,4.0074,-0.19259996414184588,-4.585713431948711
171511,3.29,16.575365,13.285365066528321,403.81048834432585
42080,9.86,11.733966,1.8739658737182623,19.005739084363714
149278,52.61,49.467896,-3.1421044921874994,-5.972447238524044
51157,33.98,24.57861,-9.401390533447262,-27.667423582834793
175815,29.99,26.764278,-3.225721588134764,-10.755990623990543
21026,64.31,56.953743,-7.356257019042971,-11.438745170335828
264824,25.71,15.041397,-10.668602905273438,-41.49592728616662
243745,54.99,52.24727,-2.7427313232421895,-4.987691076999798
240811,109.99,26.122116,-83.86788391113281,-76.25046268854697
23920,39.95,35.101658,-4.848342132568362,-12.13602536312481
288712,9.055,12.358521,3.3035214614868167,36.482843307419294
167693,6.640000000000001,5.5408826,-1.0991174125671392,-16.55297308083041
151946,12.49,15.419209,2.929208526611328,23.452430157016234
123119,39.99,26.05376,-13.936239471435549,-34.84931100634046
59406,15.99,18.389181,2.3991811370849607,15.004259769136716
230667,6.885,5.062265,-1.822735080718994,-26.474002624821992
48667,12.52,14.302718,1.7827181625366215,14.23896295955768
44110,8.8,10.867709,2.0677091598510735,23.496694998307653
48685,12.855,18.676325,5.821324844360351,45.284518431430186
108362,9.5,13.408555,3.908555030822754,41.14268453497636
201450,30.45,15.656622,-14.7933780670166,-48.58252238757505
151753,6.220000000000001,4.256799,-1.9632007789611823,-31.562713488121897
197843,15.21,9.260577,-5.949422798156739,-39.11520577354858
71395,20.59,17.392399,-3.1976011657714842,-15.529874530216048
7891,34.99,17.355955,-17.634044876098635,-50.39738461302839
173683,9.17,8.7437315,-0.4262685012817382,-4.648511464359196
119563,14.47,13.381723,-1.0882765960693366,-7.5209163515503565
84444,7.8,18.452621,10.652621459960937,136.5720699994992
283162,33.26,23.213709,-10.046291122436521,-30.205325082491047
36574,33.89,13.901818,-19.98818172454834,-58.97958608600867
32030,3.525,9.045632,5.520632362365722,156.61368403874388
77531,9.6,9.0395775,-0.5604225158691403,-5.837734540303545
171779,1.78,4.946712,3.166712017059326,177.90516949771492
30363,89.99,18.928303,-71.06169723510742,-78.96621539627449
153866,9.105,23.548416,14.443416137695312,158.6316983821561
243331,39.97,41.885754,1.915753631591798,4.792978813089312
295031,3.145,11.241838,8.096838455200196,257.4511432496088
262604,12.835,11.261096,-1.5739039993286141,-12.262594463019976
148450,12.88,13.205993,0.3259926986694328,2.5309992132719934
116102,10.0,21.644697,11.644697189331055,116.44697189331055
113888,22.630000000000003,20.275505,-2.354494934082034,-10.404308148837973
113539,17.99,22.918156,4.928155670166017,27.39386142393562
25666,1.37,8.404744,7.034744148254394,513.4849743251382
204502,16.99,14.629401,-2.3605987930297836,-13.894048222659116
24738,11.98,12.242684,0.26268436431884723,2.192690854080528
25138,16.42,18.506472,2.086471633911131,12.706891802138434
177993,7.735,5.19506,-2.539940223693848,-32.83697768188556
256067,45.78,26.551111,-19.228888778686525,-42.00281515658917
256339,49.01,47.074596,-1.9354035949707011,-3.9489973372183256
208824,40.95,24.183228,-16.766772460937503,-40.944499294108674
59408,17.99,44.13555,26.14555145263672,145.33380462833085
15085,5.995,11.060532,5.065531616210937,84.49594022036592
88753,2.4450000000000003,3.192933,0.7479330825805661,30.59031012599452
260829,3.83,13.346059,9.51605884552002,248.4610664626637
52546,72.86,82.75473,9.894730224609376,13.580469701632412
150525,56.99,59.0963,2.1062982177734355,3.6959084361702677
45675,12.99,13.547854,0.557854423522949,4.294491328121239
51981,9.99,10.436866,0.44686580657958963,4.473131196992889
18136,49.99,56.50842,6.518419036865232,13.039445962923049
130679,12.0,12.4199915,0.41999149322509766,3.499929110209147
77472,39.98,26.56957,-13.410429458618161,-33.542845069079945
140534,37.98,31.002472,-6.977528076171872,-18.371585245318254
125430,58.19,26.200804,-31.98919624328613,-54.973700366534
72559,17.95,10.931407,-7.018593025207519,-39.10079679781347
152447,29.97,15.10574,-14.86426040649414,-49.59713182013393
267722,7.640000000000001,23.573244,15.933244094848632,208.55031537759987
47905,20.39,14.070472,-6.319528236389161,-30.993272370716824
262417,1.24,10.168299,8.928298721313476,720.0240904285062
2186,55.93,52.097828,-3.8321720886230466,-6.851729105351416
98640,6.58,9.90869,3.3286904525756835,50.588000799022545
206867,7.97,10.897382,2.9273817825317385,36.73000981846598
159528,13.49,13.037897,-0.45210289001464865,-3.351392809597099
92149,18.28,14.859571,-3.4204285430908214,-18.711315881240818
246654,3.78,9.909409,6.129408569335938,162.1536658554481
298625,3.985,4.89515,0.9101501846313478,22.839402374688778
54036,12.95,17.43472,4.48471908569336,34.631035410759544
196702,12.37,12.633881,0.2638806152343758,2.1332305192754712
109246,23.175,37.057888,13.882888031005859,59.90458697305656
134289,6.24,7.0982475,0.8582475280761717,13.753966796092493
250635,15.01,14.317172,-0.6928279495239256,-4.61577581295087
155697,249.0,164.42874,-84.57125854492188,-33.964360861414406
11471,15.62,9.603983,-6.01601707458496,-38.514834024231504
149023,17.95,8.364303,-9.585697364807128,-53.402213731516035
138686,37.0,32.557076,-4.442924499511719,-12.007904052734375
118079,90.6,40.92452,-49.675481414794916,-54.829449685204104
192325,10.87,11.548491,0.678490524291993,6.241863148960378
80023,3.87,4.1450686,0.2750686454772948,7.107716937397798
244001,140.0,28.623795,-111.37620544433594,-79.55443246023995
49495,14.99,18.139643,3.1496427154541013,21.011625853596406
248591,7.74,9.531305,1.7913053131103513,23.143479497549755
96636,1.79,3.8495154,2.059515438079834,115.05672838434826
277841,23.155,23.115704,-0.03929641723632926,-0.16971028821563058
105753,2.98,3.7576394,0.7776394081115723,26.095282151395043
160049,75.5,71.54097,-3.9590301513671875,-5.243748544857202
12713,25.99,36.97366,10.983659515380861,42.261098558602775
21514,48.99,27.512049,-21.477951278686525,-43.841500875049036
180152,20.29,7.573756,-12.716243782043456,-62.67246812244187
184737,16.0,11.27343,-4.726570129394531,-29.54106330871582
263490,23.99,43.43708,19.447080383300783,81.06327796290448
58101,12.9,20.21672,7.316720581054687,56.71876419422238
280777,8.8,9.520411,0.7204105377197259,8.186483383178702
205130,7.99,11.079729,3.089729080200195,38.66995094117891
136129,7.45,7.4802513,0.030251312255859197,0.4060578826289825
224557,12.06,8.078914,-3.9810863113403325,-33.01066593151188
44081,4.565,9.295788,4.7307878112792965,103.63171547161656
133854,33.435,17.509167,-15.925833282470705,-47.63222157161868
66582,12.99,14.474155,1.4841554260253904,11.425368945538033
253423,3.525,5.325414,1.8004141807556153,51.07557959590399
229460,47.98,46.61066,-1.3693394470214812,-2.853979672825097
280812,9.62,9.813852,0.19385231018066484,2.0150967794247907
94657,2.49,3.8220134,1.3320133781433103,53.49451317844619
134533,3.94,15.290646,11.350645599365235,288.08745176053895
101217,23.52,23.899485,0.3794846343994145,1.613455078228803
246206,15.95,15.166124,-0.783875656127929,-4.914580916162564
31373,169.99,129.37404,-40.61596130371095,-23.893147422619535
171756,8.445,5.622963,-2.822037048339844,-33.416661318411414
13845,17.99,20.650389,2.6603887176513688,14.78815296081917
27407,4.09,15.477707,11.387706909179688,278.42804178923444
147116,27.46,30.201916,2.741915740966796,9.98512651480989
297458,34.68,32.201607,-2.4783932495117185,-7.146462657184887
296638,23.01,24.352795,1.3427946472167953,5.8357003355792925
11943,13.74,23.50033,9.760329971313476,71.03588043168469
164514,1.54,2.9743946,1.4343945598602295,93.14250388702789
201759,10.99,12.63429,1.644289741516113,14.961690095688015
48594,5.025,9.318369,4.293368911743164,85.44017734812266
262685,8.95,14.6167965,5.666796493530274,63.31616193888575
202162,13.95,14.115917,0.16591720581054759,1.1893706509716673
41289,27.99,29.270226,1.2802255249023453,4.573867541630388
51603,8.99,14.584437,5.594437370300293,62.22955918020347
34090,16.19,16.201698,0.011698303222654971,0.07225635097377993
110671,10.99,15.587608,4.5976083374023435,41.8344707679922
141232,9.73,10.18107,0.45107032775878864,4.635871816637088
124162,6.48,11.010267,4.530267257690429,69.91153175448193
146697,97.46,65.25532,-32.20468231201171,-33.04399990971857
294579,19.83,12.254445,-7.575554924011229,-38.202495834650676
145396,5.390000000000001,15.501902,10.111901626586913,187.60485392554568
77569,22.005,11.569085,-10.435914878845214,-47.42519826787191
100056,8.595,8.106309,-0.48869106292724673,-5.685759894441497
223559,12.88,18.767626,5.8876258087158195,45.711380502452016
45192,19.99,15.794226,-4.195774307250975,-20.98936621936456
2533,67.78,93.87275,26.09274932861328,38.49623683772983
231233,18.99,19.434849,0.4448487854003922,2.34254231385146
203805,11.98,17.216774,5.236773986816406,43.71263761950255
156975,131.22,108.71321,-22.506788940429686,-17.1519501146393
151189,15.005,8.133453,-6.871546630859376,-45.79504585711013
200532,1.69,2.9731245,1.2831245040893555,75.92452686919263
107097,6.67,8.461462,1.7914620208740235,26.858501062579066
123650,35.95,32.917973,-3.032027435302737,-8.434012337420688
222993,3.59,4.676001,1.0860010719299318,30.25072623760256
26775,2.59,13.474349,10.884349021911621,420.2451359811437
200931,11.99,13.061801,1.071800956726074,8.939123909308373
119988,5.29,11.732809,6.442809066772461,121.79223188605786
274736,12.805,30.833055,18.02805549621582,140.78918778770654
164383,1.0,2.6405191,1.640519142150879,164.0519142150879
131339,22.995,13.954016,-9.040984268188478,-39.317174464833556
116798,9.98,9.916277,-0.06372306823730511,-0.6385076977685883
186346,16.95,5.8833995,-11.066600513458251,-65.28967854547642
141057,33.47,14.446213,-19.02378723144531,-56.83832456362508
228522,12.52,12.417134,-0.10286571502685504,-0.8216111423870212
39943,6.29,9.533256,3.2432555770874023,51.56209184558668
52570,12.42,11.673492,-0.7465075683593749,-6.010527925598832
79746,9.17,11.394575,2.2245751190185548,24.25927065450987
246523,22.26,22.235552,-0.02444816589355625,-0.1098300354607199
878,219.99,47.738724,-172.2512762451172,-78.29959372931368
104574,6.49,12.676823,6.186822662353515,95.3285464153084
58559,46.61,13.752424,-32.857575759887695,-70.49469161100129
167795,2.18,11.143285,8.963284797668457,411.1598531040577
112269,27.99,25.158226,-2.8317739868164047,-10.11709177140552
122704,26.75,11.315584,-15.434415817260742,-57.69875071873175
122224,64.95,49.257885,-15.692115020751956,-24.160300262897543
112370,11.25,8.140922,-3.1090784072875977,-27.63625250922309
83967,5.825,9.970141,4.1451414108276365,71.16122593695513
116724,43.99,16.288647,-27.701353302001955,-62.971932943855315
159040,22.49,11.146563,-11.343437423706053,-50.437694191667646
7908,51.28,22.615671,-28.664328842163087,-55.897677149303995
128033,14.29,7.4532547,-6.836745300292968,-47.84286424277794
11162,8.59,9.786305,1.1963054275512697,13.926722090235968
76768,7.79,23.358261,15.568261108398438,199.84930819510188
138404,54.7,45.163647,-9.536353302001956,-17.43391828519553
247126,9.99,9.553857,-0.43614315032959006,-4.365797300596497
215947,34.99,22.153221,-12.836778869628908,-36.686993054098046
70896,8.99,8.507953,-0.4820473098754885,-5.362039041996535
264172,16.98,16.805574,-0.1744255828857426,-1.0272413597511343
227239,5.395,9.768026,4.373026351928711,81.05702227856742
104962,7.95,12.600094,4.650093841552734,58.49174643462559
268244,4.49,4.363062,-0.12693809509277365,-2.8271290666542015
1842,39.71,49.92094,10.210940399169921,25.71377587300408
44615,31.99,10.420106,-21.569894065856932,-67.42698989014359
209027,17.31,29.599672,12.289672317504884,70.99752927501378
283678,70.96,8.123155,-62.83684535980224,-88.55248782384758
40781,0.94,2.140276,1.2002759552001954,127.6889314042761
41020,13.885000000000002,5.2602673,-8.624732742309572,-62.1154680756901
236469,2.99,3.172482,0.18248201370239236,6.103077381350914
33052,44.715,18.732473,-25.982526626586917,-58.1069587981369
267425,10.0,10.971267,0.9712667465209961,9.712667465209961
115922,14.73,21.114582,6.384582061767578,43.34407373908743
26227,15.71,14.477801,-1.2321986770629891,-7.843403418605914
281104,9.35,6.3561172,-2.9938827514648434,-32.02013637930314
34904,11.76,7.1044455,-4.655554542541504,-39.58804883113524
146254,37.39,15.584457,-21.805542602539063,-58.31918321085601
122209,19.74,12.110871,-7.629128684997557,-38.648068313057536
217311,84.99,64.65179,-20.338213195800776,-23.930124950936317
45178,20.485,13.210437,-7.274563179016113,-35.51165818411576
230367,11.73,7.590062,-4.139937858581543,-35.293587882195595
37723,8.69,6.348614,-2.3413857841491694,-26.94344976005949
198085,14.99,19.919573,4.929572830200195,32.885742696465606
212509,86.99,83.729645,-3.26035522460937,-3.7479655415672717
182998,18.0,25.566277,7.566276550292969,42.03486972384983
29780,36.29,25.703434,-10.586566009521484,-29.17213008961555
280645,14.99,14.581331,-0.4086687469482424,-2.726275830208422
291517,145.09,28.1042,-116.98579963684082,-80.62981572599132
49498,9.94,10.798085,0.85808521270752,8.632648015166199
216503,71.485,71.90553,0.42053283691406307,0.5882812295083767
259529,8.69,14.029979,5.339978752136231,61.44969795323626
2917,35.0,13.448311,-21.55168914794922,-61.57625470842633
164266,4.68,4.150004,-0.5299960899353025,-11.324702776395352
18377,4.140000000000001,7.2657824,3.1257823562622065,75.5019892816958
115631,2.76,4.2377367,1.4777367019653322,53.54118485381639
66791,10.24,10.133208,-0.10679172515869162,-1.0428879410028478
217701,19.99,17.368896,-2.6211035156249984,-13.11207361493246
280203,5.56,9.114913,3.5549129867553715,63.93728393444913
17375,9.925,8.182867,-1.7421329498291023,-17.55297682447458
232342,27.85,13.945106,-13.904894447326662,-49.92780771032913
295040,8.64,11.888792,3.2487920379638666,37.60175969865586
262793,21.89,20.071022,-1.8189779663085943,-8.309629814109613
248788,10.22,26.644064,16.424063949584962,160.70512670826773
105673,2.86,8.246754,5.386753692626954,188.34803121073264
28006,32.4,32.216087,-0.18391265869140483,-0.5676316626277927
113380,39.99,26.676544,-13.313455810546877,-33.291962516996435
281141,11.95,10.794471,-1.1555292129516594,-9.66970052679213
66762,54.87,32.987995,-21.88200485229492,-39.879724534891416
285405,1.99,3.8895798,1.8995797729492188,95.45626999744819
152283,29.12,24.191837,-4.928162689208985,-16.92363560854734
156382,41.22,34.017124,-7.202875823974608,-17.474225676794294
96295,21.775,11.410297,-10.36470260620117,-47.59909348427633
143002,13.99,27.111776,13.12177635192871,93.79396963494432
790,16.98,22.445444,5.465444107055664,32.18753891081074
288076,10.44,18.622604,8.182604370117188,78.37743649537536
289820,34.76,25.504301,-9.255698928833006,-26.627442257862505
284158,5.22,7.047224,1.827224044799805,35.00429204597328
233249,24.88,16.523516,-8.356484298706054,-33.587155541423044
263555,8.99,7.72624,-1.2637598419189455,-14.057395349487715
84493,3.225,3.4421062,0.2171062469482421,6.731976649557894
222357,26.33,25.531855,-0.7981453704833967,-3.0313154974682748
105307,23.99,19.952467,-4.037533035278319,-16.83006684151029
80973,64.86,30.478779,-34.38122116088867,-53.00835824990544
107490,9.99,12.78159,2.791590461730957,27.943848465775346
124308,40.59,31.359734,-9.230266418457035,-22.7402473970363
88743,23.99,18.913893,-5.076107254028319,-21.159263251472776
139079,1.89,5.1758947,3.2858947372436527,173.85686440442606
79672,5.405,9.273044,3.868043632507324,71.56417451447408
37768,7.395,7.7093716,0.31437156677246136,4.251136805577572
185819,8.12,9.779356,1.659356002807618,20.4354187537884
108313,51.45,21.814882,-29.63511772155762,-57.59984008077282
129397,27.42,30.935041,3.515041427612303,12.819261223969011
298459,13.99,14.8410845,0.8510844802856443,6.083520230776585
148435,57.63,34.315746,-23.314253692626956,-40.45506453691993
191341,17.55,16.908537,-0.6414630889892585,-3.655060336121131
185193,9.24,8.484651,-0.7553493881225588,-8.174776927733319
268029,19.99,19.89188,-0.09811996459960781,-0.4908452456208495
60910,7.505,12.094445,4.58944522857666,61.15183515758375
198412,16.79,21.110416,4.3204164123535165,25.732081074172225
209174,12.17,10.873641,-1.2963589859008788,-10.652086983573367
234969,20.99,17.25073,-3.7392694854736312,-17.814528277625683
147065,55.93,60.823868,4.893867797851563,8.749987122924303
38051,10.5,16.614336,6.114336013793945,58.23177155994234
14967,6.710000000000001,6.088609,-0.6213907814025887,-9.260667383049011
99430,74.9,30.799929,-44.10007133483887,-58.878599913002496
193727,23.97,20.67903,-3.290970535278319,-13.729539154269165
34227,9.98,8.378329,-1.6016707229614262,-16.048804839292846
103673,2.5700000000000003,5.2268386,2.6568385887145993,103.37893341301942
81644,5.635,7.4576693,1.822669258117676,32.34550591158254
40437,11.83,6.9047804,-4.925219612121582,-41.6333018776127
299230,17.5,12.812601,-4.687398910522461,-26.78513663155692
152033,19.49,31.99382,12.503820190429689,64.15505485084499
209530,9.645,15.569084,5.924084167480469,61.42129774474307
257038,7.02,5.5671463,-1.4528536987304683,-20.695921634337154
281477,3.79,3.9281402,0.13814016342163082,3.6448591931828713
268572,15.239999999999998,14.970997,-0.2690031433105453,-1.7651124889143395
168328,4.49,4.3641953,-0.12580465316772482,-2.8018853712188156
236867,9.85,14.576818,4.726818466186524,47.988004732858116
266004,5.24,2.979689,-2.2603111171722414,-43.1357083429817
95154,9.74,10.112502,0.3725020980834959,3.824456859173469
30725,9.21,18.440502,9.230502166748046,100.222607673703
89285,3.99,10.051648,6.061648139953613,151.921006013875
133287,3.17,5.3263755,2.156375484466553,68.02446323238337
207591,14.99,12.372482,-2.6175177001953127,-17.461759174084808
222813,81.49,36.139206,-45.35079406738281,-55.65197455808419
204489,16.97,22.559074,5.58907440185547,32.93502888541821
187562,2.38,6.972454,4.592454071044922,192.9602550859211
265658,19.33,20.329214,0.9992140960693376,5.1692400210519285
144016,86.43,78.009895,-8.420104675292976,-9.742108845647316
132975,30.0,21.778553,-8.221446990966797,-27.40482330322266
36276,26.775,19.293354,-7.4816459655761705,-27.942655333617815
34366,17.99,19.596413,1.6064126586914078,8.9294755902802
8803,28.8,22.256319,-6.543680953979493,-22.721114423539905
19692,3.88,6.249958,2.3699580383300782,61.08139274046594
50130,12.99,10.272401,-2.717599143981934,-20.920701647282016
173474,1.59,12.468726,10.87872615814209,684.1966137196283
270770,52.49,13.144017,-39.345982780456545,-74.95900701172899
102287,34.3,27.824476,-6.4755237579345675,-18.879078011471044
16759,9.99,24.268293,14.278293380737304,142.92585966704007
126246,7.49,6.901176,-0.5888240242004397,-7.8614689479364435
77739,2.98,8.058151,5.078151245117187,170.4077599032613
161272,94.8,61.647102,-33.152897644042966,-34.97141101692296
73229,44.0,45.642666,1.6426658630371094,3.7333315069025215
212944,33.5,28.850073,-4.649927139282227,-13.880379520245453
229015,49.06,36.409622,-12.65037780761719,-25.785523456211145
217490,32.35,13.407146,-18.94285354614258,-58.55596150275913
254541,19.28,15.052132,-4.22786834716797,-21.9287777342737
44474,27.645,16.849281,-10.795718688964843,-39.05125226610542
161644,93.34,56.99889,-36.3411100769043,-38.93412264506567
105710,5.15,5.9298553,0.7798553466796871,15.142822265624991
243143,9.95,6.7333193,-3.216680717468261,-32.328449421791575
86329,24.51,14.270725,-10.239274749755861,-41.77590677174974
170408,5.105,3.5337338,-1.5712661552429203,-30.778964843152206
199433,2.28,11.431708,9.151708335876465,401.39071648580995
129147,4.12,4.589883,0.46988285064697255,11.404923559392538
274941,9.945,10.284143,0.3391434478759763,3.4101905266563723
174982,21.99,12.251231,-9.738768806457518,-44.28726151185774
45336,36.875,14.722988,-22.15201187133789,-60.073252532441735
172003,4.485,6.6805453,2.195545330047607,48.95307313372591
143896,76.44,65.46949,-10.970509948730466,-14.351792188292082
262230,146.36,49.4943,-96.86569915771486,-66.1831778885726
272450,79.95,33.397385,-46.552615356445315,-58.2271611712887
142929,46.64,59.46344,12.82343994140625,27.494511023598307
157328,101.57,119.283585,17.71358459472657,17.43978004797339
172948,6.84,4.5954804,-2.2445195579528807,-32.814613420363756
231336,71.49,39.330894,-32.15910552978515,-44.984061448853204
61507,8.49,9.223741,0.7337405776977537,8.642409631304519
50692,214.98,95.42373,-119.5562710571289,-55.61274121180059
40180,1.25,4.4198074,3.1698074340820312,253.58459472656253
196666,129.76,74.70572,-55.054281005859366,-42.427775127820105
20669,37.63,35.99376,-1.636240844726565,-4.348235037806444
17652,5.48,8.158871,2.678870697021484,48.884501770465036
92866,45.73,33.246933,-12.48306701660156,-27.297325643126086
110487,19.74,11.219615,-8.520385017395018,-43.1630446676546
13778,3.48,12.843601,9.36360122680664,269.0690007703057
152745,2.64,15.698288,13.058287963867187,494.632119843454
75979,6.75,12.29837,5.548370361328125,82.19807942708334
71888,88.49,18.627077,-69.86292289733886,-78.95007672882683
183639,11.84,4.623497,-7.216502990722656,-60.95019417840081
204865,11.95,13.010559,1.0605590820312507,8.874971397751052
75914,6.3,15.4033375,9.103337478637695,144.49742029583643
33251,4.449999999999999,6.831039,2.38103895187378,53.50649330053439
31364,1.72,3.4978657,1.7778656768798828,103.36428353952807
67379,7.19,13.373212,6.183211860656738,85.99738331928704
110920,6.99,13.704987,6.714986572265625,96.06561619836373
39045,20.65,18.33601,-2.3139900207519517,-11.20576281235812
62400,28.22,11.804991,-16.41500923156738,-58.16799869442729
62911,8.23,9.863902,1.63390209197998,19.853002332685055
105352,35.99,40.17265,4.18264938354492,11.621698759502417
196113,85.69,57.503136,-28.186864318847654,-32.89399500390671
56853,6.115,16.716007,10.601007232666015,173.3607069937206
227556,23.97,17.965557,-6.004442901611327,-25.049824370510336
135675,29.49,39.673264,10.183263549804689,34.53124296305422
149543,59.48,53.582325,-5.897675018310544,-9.915391759096408
104975,51.19,27.586296,-23.60370391845703,-46.109990073172554
217985,77.8,48.038807,-29.761193084716794,-38.25346154847917
150669,27.0,24.553095,-2.4469051361083984,-9.06261161521629
186801,45.99,17.932505,-28.057495346069338,-61.00781766920925
100171,31.73,21.97899,-9.75100944519043,-30.73119900784882
155660,9.99,14.717044,4.727043876647949,47.317756523002494
18793,19.6,18.366468,-1.2335315704345717,-6.293528420584549
41664,158.27,50.098537,-108.17146255493165,-68.34615691851371
88817,24.94,18.70614,-6.233859481811525,-24.99542695193073
265057,9.96,16.777485,6.817484893798827,68.44864351203641
148008,141.62,100.39853,-41.22147094726563,-29.10709712418135
193903,7.87,14.558691,6.688691024780273,84.98972077230334
282277,2.265,9.906849,7.641848907470703,337.38847273601334
128492,74.84,69.26957,-5.570430603027347,-7.4431194588820775
115369,3.79,8.593026,4.803026161193848,126.72892245894056
275351,8.64,10.428026,1.7880261993408197,20.69474767755578
252810,49.24,13.712221,-35.52777885437012,-72.152272246893
1393,20.68,76.93997,56.259971923828125,272.0501543705422
279483,28.3,15.609144,-12.690855789184571,-44.844013389344774
151447,14.49,12.169927,-2.320073356628418,-16.011548354923523
99330,4.16,11.860721,7.700720634460449,185.11347678991464
269828,11.99,12.900394,0.9103944396972654,7.592947787299961
26146,9.99,17.795135,7.805135498046875,78.12948446493368
190913,14.95,21.1162,6.166199493408204,41.24548156125889
2954,19.99,16.19022,-3.799780120849608,-19.008404806651367
167654,41.0,28.71217,-12.287830352783203,-29.97031793361757
292979,23.2,6.2499213,-16.950078678131103,-73.06068395746165
107852,75.98,14.2831745,-61.696825485229496,-81.20140232328178
114334,16.91,17.926914,1.0169142150878905,6.01368548248309
50407,6.49,11.671846,5.181846389770508,79.8435499194223
74021,19.99,24.20076,4.210759887695314,21.06433160427871
158975,9.58,9.150244,-0.42975624084472663,-4.4859732864794015
70595,19.25,15.878651,-3.371349334716797,-17.51350303748985
122789,104.75,35.45558,-69.29441833496094,-66.15218934125149
93811,20.59,20.427458,-0.16254219055175767,-0.7894229749963948
263784,5.99,10.809511,4.819511184692383,80.4592852202401
280805,4.19,6.6867814,2.4967814064025875,59.58905504540781
154086,4.0,14.624495,10.624494552612305,265.6123638153076
244823,236.25,129.62811,-106.62188720703125,-45.130957547949734
64576,14.79,15.190441,0.4004411315917977,2.707512722054075
161968,3.87,3.7431564,-0.12684356689453136,-3.277611547662309
200955,76.48,19.677305,-56.80269477844239,-74.27130593415583
205000,19.49,15.990112,-3.4998876953124984,-17.95735092515392
101491,16.74,21.231857,4.491857299804689,26.8330782545083
201633,9.99,9.32333,-0.6666700744628908,-6.673374118747656
137363,13.33,6.9962397,-6.33376033782959,-47.51508130404793
182408,8.99,7.1167917,-1.8732082748413088,-20.836577028268174
15070,19.99,21.056686,1.066686401367189,5.336100056864377
218194,33.99,42.965797,8.975797424316404,26.407171004167118
62566,19.98,14.919283,-5.060717086791993,-25.328914348308274
63773,12.99,13.864447,0.8744466400146482,6.731690839219771
147223,38.99,45.435764,6.445764312744139,16.531839735173477
2136,18.13,19.698185,1.5681849670410166,8.649668875019398
100999,39.99,25.18989,-14.800110092163088,-37.00952761231079
141873,8.49,8.25203,-0.2379696273803713,-2.8029402518300506
122893,28.48,19.993004,-8.486996154785157,-29.799846049105184
31518,1.98,11.349212,9.369211692810058,473.1925097378817
237868,52.33,51.177063,-1.1529370117187483,-2.2032046851113094
280491,4.24,20.809772,16.569772491455076,390.7965210248839
104159,4.49,5.913851,1.4238507843017576,31.71159875950462
134858,7.99,11.117017,3.127016792297363,39.13663069208214
190769,9.74,6.5607557,-3.1792442703247072,-32.64111160497646
231225,0.89,2.3413532,1.4513531780242919,163.07339078924628
190965,7.65,8.684643,1.0346427917480465,13.524742375791456
188987,4.81,7.558563,2.7485632324218754,57.14268674473754
292444,17.17,18.122005,0.9520054626464827,5.544586270509509
132073,36.435,23.042233,-13.392767486572268,-36.75797306593184
113721,16.439999999999998,15.552326,-0.8876737976074196,-5.3994756545463485
150341,28.4,21.899727,-6.500273132324217,-22.88828567719795
79496,14.99,13.234404,-1.755596389770508,-11.711783787661828
253994,23.7,26.682728,2.982727813720704,12.585349424981873
144690,7.470000000000001,7.898452,0.42845180511474545,5.735633267935012
293807,42.64,15.516386,-27.12361396789551,-63.6107269415936
179176,10.99,18.792686,7.8026864624023435,70.99805698273288
20332,50.19,54.824776,4.6347756958007835,9.234460441922263
288081,1.355,4.337011,2.9820108604431153,220.07460224672437
245448,2.49,3.2907014,0.8007013893127439,32.15668230171662
53014,8.29,9.226634,0.9366340255737313,11.298359777728969
293176,23.48,7.270253,-16.20974681854248,-69.03640041968688
1429,4.69,8.193426,3.503426132202148,74.69991753096264
97072,3.49,10.641017,7.151016960144043,204.9001994310614
52713,219.99,26.692331,-193.2976686859131,-87.86657061044278
86931,7.3,7.3299866,0.029986572265625178,0.4107749625428107
122087,29.99,31.57265,1.5826509094238297,5.2772621187856945
293153,7.37,14.497446,7.127446060180664,96.70890176635908
109654,32.99,22.885548,-10.104452362060549,-30.628834077176563
200332,3.0,6.8197775,3.819777488708496,127.3259162902832
129455,39.99,25.558638,-14.431362380981447,-36.087427809405966
140981,35.835,20.456501,-15.378498992919923,-42.91474534092346
182205,6.28,15.96204,9.682039947509764,154.17261062913636
209054,18.79,18.34986,-0.4401407623291007,-2.3424202359185777
235880,12.99,15.059433,2.0694329833984373,15.930969849102672
68312,14.45,11.773307,-2.676693153381347,-18.523828051081985
231992,13.34,12.253727,-1.0862730407714842,-8.142976317627317
283213,30.495,18.311287,-12.18371307373047,-39.953149938450466
172071,13.225,10.838987,-2.3860126495361325,-18.041683550367733
168651,43.76,9.179711,-34.58028865814209,-79.02259748204317
28112,14.17,7.2255545,-6.944445533752441,-49.00808421843642
157415,175.69,54.36523,-121.32476943969726,-69.05616110176861
235163,140.76,89.167404,-51.5925958251953,-36.65288137623992
108098,120.0,23.552824,-96.44717597961426,-80.37264664967854
224419,4.94,11.788551,6.848551330566406,138.63464231915802
167305,35.99,30.724937,-5.265062561035158,-14.629237457724805
273817,22.825000000000003,17.955444,-4.869555664062503,-21.334307400054776
260873,74.51,65.24426,-9.265737304687505,-12.435562078496181
131800,26.99,19.725279,-7.264721145629881,-26.91634362960312
66928,24.01,17.85395,-6.15604949951172,-25.639523113334945
214004,40.825,32.910366,-7.9146339416503935,-19.386733476179774
122517,11.99,17.150711,5.160711059570312,43.04179365780077
288868,39.99,13.174167,-26.815833320617678,-67.05634738839129
58943,3.79,19.390984,15.60098358154297,411.6354507003422
216951,3.78,10.1885,6.408500404357911,169.53704773433626
210961,59.99,26.745584,-33.24441551208496,-55.416595286022606
8985,76.45500000000001,37.25107,-39.20393188476564,-51.277132803303424
53381,109.49,23.83917,-85.65082954406738,-78.2270796822243
217661,9.99,15.935936,5.9459359741210935,59.51887861983076
252900,23.95,18.251581,-5.698418807983398,-23.792980409116485
54132,43.59,6.4234233,-37.16657670974732,-85.26399795766761
100484,5.35,9.445254,4.0952543258667,76.54680982928411
43264,30.78,30.026098,-0.7539017486572277,-2.4493234199390113
73404,13.739999999999998,11.112216,-2.627784004211424,-19.125065532834242
290973,9.73,22.417389,12.687388916015625,130.39454178844423
209278,73.0,32.826557,-40.17344284057617,-55.03211348024133
73694,16.99,16.018581,-0.9714186096191391,-5.717590403879571
19319,54.69,53.233135,-1.4568647766113259,-2.6638595293679392
158395,12.99,36.44848,23.458478698730467,180.58875056759405
253946,12.99,8.150289,-4.839711418151856,-37.257208761754086
68639,6.99,29.358265,22.3682649230957,320.0037900299814
132708,25.95,26.692636,0.7426364898681648,2.8617976488175905
2741,39.71,54.874176,15.164176025390624,38.187297973786514
110618,60.665000000000006,37.88142,-22.78357986450196,-37.556383193772284
166559,26.48,25.720114,-0.7598862457275395,-2.869661048820013
234526,59.99,52.18525,-7.804750671386721,-13.010086133333424
75659,1.94,2.4252846,0.4852846240997315,25.014671345346983
46685,4.65,7.7455463,3.0955463409423825,66.57088905252435
176210,4.39,9.879496,5.489495620727539,125.04545833092347
164876,7.49,4.9995565,-2.490443458557129,-33.2502464426853
266991,14.98,14.6464815,-0.33351848602294965,-2.2264251403401176
222826,5.56,11.320098,5.760097923278809,103.5988835122088
263557,17.985,5.7137265,-12.27127347946167,-68.23060038622002
60516,3.75,4.01025,0.2602500915527344,6.94000244140625
194983,9.07,11.162318,2.0923182296752927,23.068558210311938
156396,14.27,12.236794,-2.033205528259277,-14.248111620597594
285554,3.59,6.251441,2.66144100189209,74.13484684936185
111239,13.8,14.26715,0.4671499252319329,3.385144385738644
253204,6.7,8.668713,1.9687126159667967,29.38377038756413
167134,34.435,20.721952,-13.71304756164551,-39.82299277376364
211824,3.83,4.8584356,1.0284356307983398,26.852105242776496
134426,9.24,18.964413,9.724412689208984,105.24256157152581
14381,7.99,8.626275,0.6362750625610349,7.96339252266627
12405,34.71,36.33963,1.6296301269531241,4.694987401190216
82894,5.74,14.752537,9.01253677368164,157.01283577842577
152661,3.69,7.5394306,3.849430618286133,104.32061296168382
129834,9.99,6.5936294,-3.3963706398010256,-33.99770410211237
19194,36.06,35.042213,-1.017786560058596,-2.822480754460887
159233,3.14,4.9817867,1.8417867279052733,58.655628277238
271191,22.99,33.42075,10.430749664306642,45.37081193695799
99874,9.8,9.240085,-0.5599153518676765,-5.713421957833433
73344,5.390000000000001,6.552515,1.162515029907226,21.567996844289905
80399,5.69,6.6393027,0.9493027305603023,16.683703524785628
46254,8.36,10.601851,2.2418514633178717,26.816405063610905
286150,1.67,3.6448317,1.974831657409668,118.25339265926156
113013,15.99,18.182356,2.1923558807373045,13.710793500545995
278499,18.38,14.583947,-3.796052818298339,-20.653170937422953
172850,3.34,5.272978,1.9329778289794923,57.873587693996775
170658,4.885,4.741435,-0.14356494903564432,-2.938893531947683
12145,21.92,12.387759,-9.532240791320802,-43.48649996040512
244968,15.99,18.268898,2.278898010253906,14.252020076634809
59372,3.475,7.5433626,4.068362617492676,117.07518323719933
151813,9.95,9.705323,-0.24467678070068288,-2.459063122619929
103014,11.3,11.046412,-0.25358753204345774,-2.244137451712015
194069,9.99,12.02321,2.0332095718383787,20.35244816655034
47071,6.255,23.944975,17.689974899291993,282.8133477105035
116994,12.465,11.803702,-0.6612976455688475,-5.3052358248603895
206945,7.99,17.128077,9.138076553344726,114.36891806438956
106490,11.98,12.529526,0.5495257568359371,4.587026350884282
233024,22.0,22.050817,0.05081748962402344,0.23098858920010654
156310,28.6,34.345387,5.745386505126952,20.08876400394039
56002,16.925,13.433764,-3.491235542297364,-20.627684149467438
171354,1.74,6.721718,4.981717834472656,286.3056226708423
101114,18.630000000000003,10.488572,-8.141427879333499,-43.700632739310244
290868,6.64,12.116527,5.476526603698731,82.47781029666764
83904,142.6,94.80464,-47.79535827636718,-33.51708154022944
111035,12.94,28.125393,15.18539291381836,117.35234091049738
103281,26.48,25.640276,-0.8397240447998051,-3.171163311177512
249205,1.3,3.7735753,2.473575305938721,190.27502353374774
288939,30.75,27.04964,-3.700359344482422,-12.033688925146087
162180,2.35,10.946612,8.596612358093262,365.81329183375584
143529,88.39,61.33072,-27.059281005859376,-30.613509453399
98667,27.91,9.330749,-18.579251441955567,-66.56843941940367
216759,10.24,27.629251,17.389251480102537,169.81690898537633
147344,86.43,45.260086,-41.169913940429694,-47.633823834813946
179647,15.99,16.004585,0.014585266113281037,0.0912149225345906
157413,92.99,80.709526,-12.280473937988276,-13.206230710816513
53455,44.58,15.922604,-28.657396392822264,-64.28307849444205
53105,14.98,6.010652,-8.9693479347229,-59.87548688066022
228220,41.49,30.746698,-10.7433016204834,-25.89371323326922
107326,12.99,7.6836176,-5.30638240814209,-40.849749100401
290809,6.28,15.296354,9.016354293823241,143.5725206022809
289585,24.4,19.230167,-5.169832611083983,-21.187838570016325
98389,7.01,7.8129005,0.8029005432128908,11.453645409599014
280610,5.12,7.848815,2.7288149642944335,53.297167271375656
50196,5.675000000000001,18.076427,12.401427459716796,218.5273561183576
84521,13.835,13.418215,-0.41678520202636804,-3.0125421180077194
275287,8.99,8.466054,-0.5239460372924807,-5.82809830136241
214737,8.135,7.8354244,-0.29957557678222635,-3.6825516506727274
243296,16.080000000000002,17.556095,1.4760951232910138,9.179696040367
274402,8.85,19.404232,10.554232025146485,119.25685904120323
56146,32.99,7.0668573,-25.923142662048342,-78.5787895181823
149833,39.71,51.952,12.24199966430664,30.828505828019743
172291,13.08,6.7388287,-6.341171340942383,-48.479903218213934
102994,22.98,15.509844,-7.470156173706055,-32.50720702221956
73448,32.24,35.01852,2.7785203552246074,8.6182393152128
169763,60.29,20.006887,-40.28311256408691,-66.81557897509855
255925,19.0,18.264381,-0.7356185913085938,-3.8716767963610197
150143,3.49,4.737866,1.2478659248352049,35.75547062565057
141751,8.64,8.076533,-0.5634666824340826,-6.521605120764845
142084,15.32,20.150366,4.830365829467773,31.52980306441105
60189,17.98,7.584153,-10.395846824645997,-57.818947856763046
87307,27.99,21.215517,-6.774482955932616,-24.20322599475747
278143,4.0,8.044398,4.044398307800293,101.10995769500732
87483,3.29,5.3257356,2.035735569000244,61.876461063837205
122881,21.95,18.167585,-3.7824146270751946,-17.23195729874804
291041,7.99,17.648287,9.658286819458008,120.8796848492867
124580,15.99,11.3760605,-4.6139395141601565,-28.85515643627365
896,8.99,7.495283,-1.4947168731689455,-16.626439078631204
284892,4.24,9.386177,5.146177062988281,121.37210054217644
219215,23.99,14.791907,-9.198092689514159,-38.34136177371471
271404,7.49,8.034181,0.5441806411743162,7.265429121152418
27809,49.99,25.91918,-24.070820083618166,-48.151270421320596
43700,50.7,14.649432,-36.05056781768799,-71.10565644514396
64294,3.29,11.625128,8.3351277923584,253.34734931180543
72862,9.99,8.55814,-1.4318601989746096,-14.332934924670768
103156,34.73,26.783468,-7.946531753540036,-22.880886131701807
210369,5.945,4.967979,-0.9770210456848147,-16.43433213935769
110672,9.49,11.066465,1.576465377807617,16.61185856488532
181199,10.99,30.689497,19.699496994018553,179.24929020944998
243943,14.25,15.599743,1.3497428894042969,9.471879925644188
240590,10.99,13.122082,2.1320817565917967,19.400197967168303
229136,14.99,17.7471,2.757100830078125,18.392934156625248
40836,9.05,12.613742,3.5637418746948235,39.37836325629639
14520,15.49,29.852552,14.36255241394043,92.72144876656185
155619,2.98,10.174709,7.194709320068359,241.43319866001204
174480,43.57,8.452504,-35.11749584197998,-80.60017406926781
237057,4.585,12.510639,7.925639190673828,172.86017864065056
197244,27.0,14.817961,-12.182039260864258,-45.11866392912688
38410,31.18,12.607456,-18.57254379272461,-59.565567006814014
104837,11.69,24.064367,12.374367294311524,105.85429678624058
223286,3.4,5.839438,2.4394379615783692,71.74817534054027
202025,1.465,11.03404,9.569040451049805,653.1768225972563
63264,27.43,26.995863,-0.43413703918457003,-1.5827088559408313
21307,8.8,22.60448,13.804480743408202,156.8690993569114
10978,20.2,18.022726,-2.1772739410400384,-10.778583866534843
10817,91.25,48.58316,-42.666839599609375,-46.75818038313356
237562,17.99,31.579643,13.58964324951172,75.53998471101568
59954,9.755,6.048646,-3.7063540267944344,-37.99440314499677
61567,12.99,11.935218,-1.0547821426391604,-8.119954908692534
27854,20.95,71.33569,50.385693359375,240.5045029087112
104998,14.99,12.208907,-2.781092872619629,-18.552987809337086
102762,24.99,22.476292,-2.513708343505858,-10.058856916790146
278673,20.8,13.635502,-7.164498138427735,-34.44470258859488
154548,3.3550000000000004,9.359411,6.004411239624023,178.969038438868
173704,3.42,30.211298,26.7912979888916,783.3712862249006
148360,16.0,15.409557,-0.5904426574707031,-3.6902666091918945
45163,11.23,25.658995,14.428994674682617,128.48615026431537
173237,6.890000000000001,17.19715,10.307149276733398,149.59578050411318
34539,2.08,5.936473,3.8564728927612304,185.4073506135207
257108,9.4,10.686528,1.2865282058715817,13.686470275229592
202626,15.69,15.525797,-0.16420310974121044,-1.0465462698611245
82747,13.895,16.129086,2.234085540771485,16.07834142332843
164067,15.0,12.622979,-2.377020835876465,-15.846805572509764
76055,1.605,3.6527705,2.047770519256592,127.58694824028609
90579,8.48,20.735697,12.255696792602539,144.52472632786012
247776,31.99,16.352335,-15.63766502380371,-48.88297913036483
253784,35.99,17.911383,-18.078617324829104,-50.23233488421535
77172,2.59,5.2325315,2.642531547546387,102.02824507901107
26514,14.99,19.307594,4.317594299316406,28.803164104845933
205014,7.97,23.49602,15.526019363403321,194.80576365625245
289849,9.495,8.40378,-1.0912200164794914,-11.49257521305415
169392,4.98,5.655445,0.6754450988769527,13.563154595922743
271705,6.01,5.2441244,-0.7658755874633787,-12.743354200721777
67473,18.5,12.512659,-5.987340927124023,-32.364005011481204
200526,5.955,3.4373522,-2.517647819519043,-42.27788110023582
74529,20.95,22.48703,1.5370300292968757,7.336658851059073
9157,28.62,14.153986,-14.46601402282715,-50.54512237186285
199684,5.99,30.76711,24.77711082458496,413.64124915834657
154365,21.98,13.018846,-8.961154441833497,-40.769583447832105
45361,4.29,8.626587,4.3365869140625,101.08594205273893
97659,10.19,6.2909145,-3.8990854644775386,-38.26384165336152
45399,4.46,4.5575104,0.09751037597656254,2.186331299922927
65304,15.9,16.750042,0.8500419616699215,5.346175859559255
222694,6.99,8.451838,1.4618375396728513,20.91326952321676
24536,12.34,14.542004,2.202003631591797,17.84443785730792
248542,18.49,14.384918,-4.105081787109373,-22.201632163923062
289615,9.83,11.985836,2.1558360290527343,21.931190529529342
88828,3.98,2.7431216,-1.23687837600708,-31.077346130831156
25974,7.689999999999999,8.943868,1.253867683410646,16.305171435769132
195675,34.12,34.757996,0.6379956054687526,1.8698581637419478
140083,4.99,11.026198,6.036198387145996,120.96589954200392
227226,18.94,17.099102,-1.8408979797363294,-9.719630304838065
138129,25.99,26.416449,0.42644859313965,1.640817980529627
165708,12.48,12.717706,0.23770572662353473,1.9046933223039642
214443,19.315,15.374306,-3.940694274902345,-20.40224838158087
126679,59.99,49.790962,-10.19903778076172,-17.00122983957613
164388,7.72,9.427364,1.7073643493652346,22.116118515093714
278872,1.74,14.874348,13.134347686767578,754.8475682050332
111137,98.0,34.22366,-63.77634048461914,-65.07789845369301
155459,30.145,11.570913,-18.574086685180664,-61.61581252340576
93454,12.95,15.461781,2.511780548095704,19.395988788383814
205317,59.99,57.08078,-2.909219970703127,-4.849508202538968
18948,0.82,2.7405345,1.920534543991089,234.21152975501087
192209,10.0,8.52753,-1.4724702835083008,-14.72470283508301
111005,1.19,15.011841,13.8218408203125,1161.4992285976891
175305,6.46,8.907361,2.4473610305786133,37.88484567459154
185688,22.13,14.066778,-8.0632218170166,-36.43570635796024
90035,5.49,6.344116,0.8541162109374998,15.557672330373402
196678,66.14,61.6572,-4.48280014038086,-6.777744391262262
2033,72.8,56.116474,-16.68352584838867,-22.916931110423995
105455,14.51,10.108629,-4.4013707733154295,-30.33336163553018
177494,7.97,5.8451443,-2.124855728149414,-26.660674129854627
90418,29.85,29.76234,-0.08765945434570455,-0.29366651372095326
152494,31.91,31.163586,-0.7464143371582033,-2.33912358871264
7583,0.78,2.3277452,1.5477451992034912,198.42887169275528
150379,28.99,36.094,7.104001770019533,24.505007830353684
82635,6.29,10.204095,3.914094886779785,62.22726370079149
47206,31.0,13.749336,-17.25066375732422,-55.64730244298135
82856,1.99,4.2558146,2.2658145523071287,113.86002775412707
159266,3.59,7.906842,4.316842231750488,120.24630172006931
95392,24.88,14.576815,-10.303185348510741,-41.41151667407854
185631,10.29,11.77804,1.4880399322509774,14.461029467939529
77187,3.49,6.5223174,3.0323174095153806,86.88588565946648
125359,12.99,13.025067,0.03506732940673807,0.2699563464721945
221246,37.98,17.685257,-20.294743041992184,-53.435342395977315
93187,3.44,10.683656,7.243655738830567,210.57138775670253
222423,79.78,30.194084,-49.58591583251953,-62.153316410779055
298509,29.5,23.264252,-6.235748291015625,-21.138129800052965
35731,7.49,9.81096,2.3209598159790037,30.98744747635519
95562,53.74,22.431948,-31.30805229187012,-58.25837791564964
2089,55.93,61.475185,5.54518539428711,9.914509912903826
282646,11.99,12.578347,0.5883472061157224,4.9069825364113635
156915,74.69,38.88018,-35.80981964111328,-47.944597189869164
42528,12.735,9.6945505,-3.040449485778808,-23.874750575412705
216180,7.48,9.74754,2.267540473937988,30.314712218422297
203257,27.29,15.770462,-11.519537963867187,-42.21157187199409
56810,18.335,19.713009,1.3780088806152335,7.515728828007819
285692,3.98,7.6235285,3.643528480529785,91.5459417218539
255056,32.34,34.57572,2.235721740722653,6.913177924312469
246588,56.97,4.7821712,-52.18782875061035,-91.60580788241242
11434,11.96,10.818758,-1.141241989135743,-9.542157099797182
7960,1.0,2.3622603,1.362260341644287,136.2260341644287
162366,64.98,48.29989,-16.68011138916016,-25.66960817045269
184565,82.8,48.28213,-34.51786880493164,-41.68824734895126
122025,9.99,10.536821,0.5468213653564451,5.473687340905356
8901,76.0,46.348362,-29.65163803100586,-39.01531319869192
122480,9.99,6.841739,-3.148260822296143,-31.514122345306735
281024,3.435,3.5484877,0.11348766326904292,3.3038621039022686
83729,15.87,10.73494,-5.135060424804687,-32.35702851168675
181015,18.99,27.982952,8.992952117919923,47.35625127919918
243753,15.16,13.532206,-1.627794418334961,-10.737430200098688
195396,48.87,54.21161,5.341608886718753,10.930241225125338
35589,5.875,13.409434,7.5344343185424805,128.24569052838262
134737,7.99,12.746376,4.756376037597656,59.52911185979545
195875,48.62,62.119064,13.49906433105469,27.764426842975503
53219,24.0,24.381607,0.3816070556640625,1.5900293986002605
286039,7.995,8.278056,0.28305614471435536,3.540414568034463
2688,26.09,19.391354,-6.6986463928222655,-25.675149071760313
113727,13.385,8.578395,-4.806605110168457,-35.91038558213266
144551,6.19,6.675762,0.4857621765136715,7.847531122999539
203673,15.09,18.934515,3.8445149993896486,25.477236576472155
101898,100.25,100.172646,-0.07735443115234375,-0.07716152733400872
115636,43.49,32.138332,-11.351667633056643,-26.101788073250496
181949,4.19,10.2433405,6.053340492248535,144.47113346655215
280744,12.99,17.7189,4.728900680541992,36.40416228284828
186226,14.78,10.284512,-4.49548843383789,-30.416024586183287
106558,7.44,4.2129855,-3.227014484405518,-43.37385059684836
294356,1.085,4.928161,3.843161144256592,354.2084003923126
236787,46.015,8.644561,-37.37043918609619,-81.21360249070128
274483,2.69,5.025251,2.3352509117126465,86.812301550656
230022,15.77,19.662935,3.8929352569580082,24.685702326937275
57322,3.19,3.5645142,0.37451416015625005,11.740255804271161
76919,12.79,16.286957,3.496956787109376,27.341335317508804
51927,35.95,7.1918507,-28.758149337768558,-79.99485212174842
165312,4.18,4.5793977,0.3993976783752444,9.554968382182881
88582,12.99,16.89778,3.9077794647216795,30.0829827923147
219731,46.99,12.837909,-34.15209125518799,-72.67948766798891
243376,59.12,37.733677,-21.386323089599607,-36.1744301244919
174721,1.92,5.758346,3.8383460807800294,199.91385837395987
272487,14.75,9.882103,-4.867897033691406,-33.00269175384004
87737,24.645,11.427622,-13.217378158569336,-53.631073883421934
85470,146.32,73.94441,-72.37558776855468,-49.46390634811009
30665,4.58,7.493511,2.913511199951172,63.61378165832253
100184,2.48,8.775211,6.295211334228515,253.83916670276272
26521,11.39,14.010991,2.6209910964965815,23.011335351155235
129673,11.07,11.270449,0.20044868469238253,1.8107378924334463
76624,62.0,37.190987,-24.80901336669922,-40.01453768822454
261404,63.95,18.119146,-45.830853652954104,-71.66669844089773
230196,12.91,9.774785,-3.135214958190918,-24.285166213717414
55930,49.99,26.702871,-23.287128677368166,-46.58357406955024
121922,4.59,9.146663,4.556662712097168,99.27369743131086
246317,5.29,8.385283,3.0952834701538086,58.5119748611306
74116,42.195,10.694778,-31.500221557617188,-74.65392003227204
250237,15.09,5.4855666,-9.60443338394165,-63.647669873702114
257355,4.88,15.4415245,10.561524505615235,216.4246824921155
9144,6.99,11.753746,4.7637460327148435,68.15087314327387
52096,161.97,107.825836,-54.144163818359374,-33.428513810186686
224416,17.99,14.8632965,-3.126703491210936,-17.3802306348579
66169,29.52,10.180436,-19.33956386566162,-65.51342772920603
173396,14.51,12.612375,-1.8976247406005857,-13.078047833222506
297197,4.91,9.020193,4.110193099975586,83.71065376732354
121687,30.915,16.369024,-14.5459757232666,-47.05151455043378
233914,21.2,17.331144,-3.868855667114257,-18.249319184501214
36597,9.79,10.685255,0.8952550506591805,9.144586830022273
281916,3.99,6.668482,2.6784818267822263,67.1298703454192
27862,21.45,20.76169,-0.6883098602294915,-3.2089037772936666
281647,4.99,11.287288,6.297287712097168,126.19815054302941
262323,71.23,24.62117,-46.60882995605469,-65.43426920687166
186930,15.25,12.336656,-2.913344383239746,-19.10389759501473
79887,170.31,103.10292,-67.20707946777344,-39.46161673875488
104729,39.92,14.486295,-25.433705253601076,-63.711686507016715
148380,50.58,49.140198,-1.4398022460937483,-2.8465841164368295
243168,14.985,15.587542,0.6025415802001959,4.0209648328341405
113244,16.89,40.014565,23.124564514160156,136.9127561525172
193457,12.36,9.297649,-3.0623506164550776,-24.776299485882504
208421,10.97,11.442724,0.4727242279052728,4.309245468598658
288449,5.91,19.212427,13.302427139282226,225.08336953100212
87874,53.09,25.411549,-27.67845138549805,-52.13496211244688
155437,199.0,115.10508,-83.8949203491211,-42.15825143171914
187102,4.49,10.851519,6.361518630981445,141.68192942052215
42226,29.88,20.312088,-9.567911987304687,-32.02112445550431
79978,42.33,16.38451,-25.945489959716795,-61.293385210764924
113446,27.0,29.98595,2.985950469970703,11.059075814706308
206405,6.0600000000000005,7.306757,1.246756973266601,20.57354741364028
56177,27.785,33.639805,5.8548048400878905,21.071818751441032
262289,6.99,9.868087,2.878086814880371,41.174346421750656
63106,15.15,13.494516,-1.6554836273193363,-10.927284668774497
123920,17.95,19.259277,1.3092773437500007,7.294024199164349
23285,19.99,19.303764,-0.6862356567382797,-3.432894731056927
7271,56.3,14.370968,-41.92903213500976,-74.47430219362303
128576,24.98,45.3211,20.34109832763672,81.42953694009896
22092,14.99,16.190445,1.2004449462890623,8.00830517871289
186886,1.88,4.517961,2.637961025238037,140.3170758105339
213181,4.49,5.806892,1.3168919181823728,29.32944138490808
5347,17.799999999999997,19.087036,1.2870361328125028,7.2305400719803545
185712,20.13,8.327043,-11.80295742034912,-58.63366825806816
294753,2.04,2.7943835,0.7543835258483886,36.97958460041121
235582,8.19,23.220592,15.030592498779297,183.52371793381317
224587,14.99,9.117098,-5.872902145385742,-39.178800169351184
295870,11.44,5.6711655,-5.768834533691406,-50.4268752945053
175940,11.08,13.037924,1.9579238128662109,17.6707925348936
83170,10.0,10.852437,0.8524370193481445,8.524370193481445
67673,12.739999999999998,6.230482,-6.509517898559569,-51.09511694316774
219219,38.99,22.428434,-16.56156562805176,-42.4764442884118
166620,12.99,17.42982,4.439819107055664,34.178746012745684
274493,30.5,21.432629,-9.067371368408203,-29.729086453797386
280944,20.69,13.908045,-6.781955184936525,-32.77890374546411
235305,115.02,81.46194,-33.5580630493164,-29.175850329783
148385,38.92,50.53913,11.61913116455078,29.8538827455056
30821,34.02,16.752377,-17.26762344360352,-50.75727055732956
136101,3.6,6.3771477,2.777147674560547,77.14299096001518
148274,6.98,7.7077503,0.7277503204345699,10.42622235579613
49461,5.365,9.802207,4.437206993103027,82.70656091524748
7677,2.48,12.047224,9.567224044799804,385.7751630967663
275853,30.47,9.841593,-20.62840721130371,-67.7007128693919
77563,18.74,7.766179,-10.973820915222166,-58.5582759616978
58729,9.4,14.1270895,4.727089500427246,50.28818617475793
162239,9.38,8.118016,-1.2619837570190438,-13.453984616407716
29176,20.07,35.255157,15.185157470703125,75.66097394470914
285189,3.645,5.1217713,1.4767713356018066,40.51498863105093
67098,76.68,89.64432,12.964317626953118,16.907039158780798
104823,18.49,19.176403,0.6864030456542984,3.712293378335849
3610,7.33,17.102684,9.772684020996094,133.3244750476957
175389,87.87,42.635624,-45.23437606811524,-51.47874822819533
107628,29.27,22.018103,-7.251897354125976,-24.775870700806205
88504,4.59,6.6053505,2.0153504943847658,43.907418178317336
155882,9.725,16.028683,6.303682708740235,64.8193594729073
18872,52.41,49.547092,-2.862907562255856,-5.4625215841554216
171898,15.080000000000002,18.560719,3.4807185363769513,23.08168790700896
43444,18.34,18.43977,0.09976974487304702,0.5440007899293731
281669,6.23,17.765982,11.535981674194336,185.16824517165867
84737,11.91,8.919384,-2.9906159973144533,-25.11012592203571
92487,2.96,5.4427953,2.4827952766418457,83.87821880546777
295013,3.98,10.320489,6.340488929748535,159.30876707910892
228679,4.69,18.269537,13.579536972045897,289.54236614170355
227640,19.99,20.559145,0.5691449737548844,2.84714844299592
293397,6.99,4.1430893,-2.8469107055664065,-40.72833627419752
162306,23.8,9.370356,-14.4296443939209,-60.62875795765083
213149,27.49,29.188202,1.6982019042968766,6.1775260250886745
63222,85.49,52.540977,-32.94902252197265,-38.54137621005106
95432,33.315,14.066857,-19.248142662048338,-57.77620489883938
168264,10.45,12.507344,2.0573442459106452,19.687504745556414
228110,59.99,22.612732,-37.37726806640625,-62.30583108252418
248412,12.97,26.152655,13.182654647827148,101.63958864939974
124852,16.69,19.879292,3.189291534423827,19.108996611287157
71052,10.0,7.031225,-2.9687747955322266,-29.687747955322262
51691,3.24,7.3681955,4.128195533752441,127.41344239976668
25129,4.485,9.700444,5.215444221496582,116.28638175020247
103492,16.7,3.384183,-13.315817070007324,-79.73543155693008
27756,20.27,14.952121,-5.317879219055175,-26.235220616947093
95978,7.88,8.604009,0.7240086746215821,9.18792734291348
274632,35.95,12.831826,-23.11817378997803,-64.30646394986934
138994,20.515,16.967466,-3.5475336456298834,-17.292389206092533
201843,28.09,26.75897,-1.3310297393798827,-4.738446918404708
224685,19.995,15.402658,-4.592341537475587,-22.967449549765377
261424,5.405,18.99222,13.587219924926757,251.38242229281693
184549,9.97,10.049003,0.0790026473999017,0.7924036850541796
212477,16.52,14.675553,-1.8444466781616207,-11.164931465869374
290743,86.97,22.326777,-64.6432234954834,-74.32818615095252
114051,9.99,11.6787815,1.6887815093994138,16.904719813807947
249213,5.54,9.2626295,3.722629508972168,67.19547850130267
194852,16.99,11.539348,-5.450652351379393,-32.081532380102374
43715,15.44,15.073008,-0.36699241638183544,-2.3768938884833903
5335,77.04,68.285126,-8.754874267578131,-11.364063171830388
81017,16.81,7.677018,-9.13298183441162,-54.33064743849864
39648,9.99,12.993864,3.003864059448242,30.068709303786207
290329,5.49,6.9901795,1.5001795387268064,27.32567465804748
145277,86.02,95.856895,9.836895446777348,11.435591079722563
282892,4.975,6.0002823,1.0252822875976566,20.608689197942848
217787,12.88,18.805182,5.925181503295898,46.002961982111
31523,106.5,22.694714,-83.8052864074707,-78.69040977227296
279753,2.395,7.811261,5.416261177062989,226.14869215294314
114027,12.99,14.884593,1.8945930099487303,14.585011623931718
151802,6.77,3.373414,-3.396585960388183,-50.17113678564525
188565,9.0,10.043222,1.043222427368164,11.591360304090712
115489,16.025,9.757639,-6.2673610687255845,-39.10989746474624
30707,14.88,16.243126,1.363125915527343,9.160792443060101
16666,29.95,14.663053,-15.286947441101074,-51.04156073823397
53701,26.495,14.668693,-11.826307411193849,-44.63599702281128
132995,13.99,16.042423,2.0524232482910154,14.670645091429702
50554,19.39,13.591626,-5.798373832702637,-29.903939312545834
277527,20.39,15.6033535,-4.78664649963379,-23.47546100850314
20933,54.69,55.16515,0.4751496887207054,0.8688054282697119
294564,1.87,4.898812,3.0288118171691893,161.96854637268393
198796,18.54,16.87906,-1.6609392547607413,-8.958679907015865
210586,6.99,9.469145,2.479144821166992,35.46702176204566
29438,52.89,21.897226,-30.992773666381837,-58.598551080321116
1361,27.61,32.098503,4.488503112792969,16.256802291897753
102736,14.99,8.609303,-6.380696525573731,-42.56635440676271
264434,6.005000000000001,5.452612,-0.5523880767822273,-9.198802277805616
140269,47.0,24.806879,-22.1931209564209,-47.21940629025723
155156,13.46,19.815971,6.355971374511718,47.22118406026536
53712,22.32,16.360685,-5.959314651489258,-26.69943840272965
72494,116.975,77.17737,-39.797631835937494,-34.02233967594571
102431,12.13,25.068983,12.938983078002929,106.66927516902662
264100,19.565,23.628508,4.063507614135741,20.769269686356967
222938,22.95,21.86479,-1.0852100372314446,-4.72858404022416
19264,2.05,3.2739992,1.2239992141723635,59.7072787401153
132345,13.99,13.560138,-0.4298622512817385,-3.0726393944370156
121387,8.51,6.3955207,-2.1144793128967283,-24.846995451195397
191193,60.605,48.417038,-12.18796203613281,-20.110489293181764
2755,35.63,40.26,4.629998321533201,12.99466270427505
235265,53.16,46.755573,-6.4044267272949185,-12.047454340283895
172390,12.94,12.207984,-0.7320160293579097,-5.657001772472254
295951,5.98,12.354391,6.3743910980224605,106.59516886325184
257634,12.99,8.371552,-4.618447532653809,-35.55386861165365
116846,30.32,31.129848,0.8098484802246091,2.671004222376679
44541,40.95,32.954304,-7.995696258544925,-19.525509788876494
298583,8.635,14.078267,5.443267097473145,63.03725648492351
199645,8.49,8.485653,-0.004347076416015838,-0.05120231349841976
20303,50.19,53.02303,2.8330293273925804,5.64460914005296
273082,4.965,8.134414,3.1694137191772462,63.83512022512077
180777,8.84,14.101869,5.2618686294555665,59.52340078569646
233847,7.025,9.789081,2.7640806198120114,39.34634334251974
220151,12.97,14.977966,2.0079663085937494,15.481621500337312
209938,17.99,4.3431664,-13.646833648681639,-75.85788576254386
240656,17.98,13.877189,-4.102811317443848,-22.818750375104827
291749,215.02,69.15079,-145.86921264648439,-67.83983473466859
219028,19.95,19.485283,-0.46471710205078054,-2.3294090328359927
63065,6.48,10.990817,4.510817070007324,69.61137453715006
69432,3.98,4.1696105,0.18961050033569338,4.764082923007371
162604,6.46,3.8647337,-2.5952663040161132,-40.17440099096151
163012,14.99,22.719091,7.729091415405273,51.56165053639275
62671,15.489999999999998,23.81605,8.326049575805666,53.751127022631806
34303,7.91,5.841319,-2.0686809158325197,-26.1527296565426
39627,9.745,9.267717,-0.4772826385498039,-4.897718199587521
142092,141.62,95.634445,-45.98555480957032,-32.471087988681205
12580,7.390000000000001,26.594105,19.204104766845703,259.8660996866807
235904,22.6,15.37125,-7.228749847412111,-31.985618793858894
238858,14.99,29.101797,14.111797103881836,94.14140829807762
176235,3.285,12.035797,8.750797119140625,266.38651808647256
183237,14.99,16.436348,1.446347961425781,9.648752244334762
156533,5.495,7.876072,2.3810719299316405,43.33160927992066
150768,24.92,23.103075,-1.8169249725341814,-7.291031189944548
63588,19.98,16.4913,-3.4886994171142582,-17.460958043614905
279487,9.99,9.663755,-0.326244583129883,-3.265711542841672
94768,10.73,14.682226,3.952226181030273,36.833422004009996
66122,36.95,46.639694,9.689694213867185,26.223800308165586
100757,35.02,27.389551,-7.630448837280277,-21.78883163129719
213490,14.95,18.618856,3.6688564300537116,24.540845685978006
289483,6.385,14.111445,7.726445426940918,121.00932540236364
124176,3.99,5.7726083,1.7826082801818846,44.67689925267881
105545,9.49,10.210414,0.7204139328002928,7.591295393048396
186780,4.99,4.913819,-0.07618116378784201,-1.52667662901487
193830,59.99,19.919342,-40.07065795898438,-66.79556252539486
170043,10.99,11.65815,0.668149719238281,6.079615279693185
148917,9.72,7.2921276,-2.427872390747071,-24.978111015916365
176786,51.655,26.114616,-25.540383605957032,-49.44416533918697
54136,15.96,6.156266,-9.803733787536622,-61.42690343068059
81572,1.89,7.151821,5.26182113647461,278.4032347341063
255723,8.99,5.7909107,-3.199089279174805,-35.5849752967164
21501,4.74,5.0466523,0.3066523170471189,6.469458165551031
128413,6.029999999999999,14.013804,7.983804435729981,132.40140026086203
101070,109.98,30.003155,-79.97684524536133,-72.71944466754076
161608,119.41,117.021225,-2.388775024414059,-2.000481554655438
96841,30.535,7.8616877,-22.673312339782715,-74.25352002548784
110068,15.68,8.133658,-7.546341590881347,-48.1271785132739
92898,12.54,12.466594,-0.07340625762939368,-0.5853768550988332
48649,9.11,9.145052,0.03505195617675838,0.3847635145637583
82670,6.335000000000001,11.045548,4.710548439025878,74.35751284965868
42927,5.58,7.304991,1.7249907684326171,30.913813054347976
209240,5.29,7.0510426,1.7610425567626953,33.290029428406335
134209,6.59,8.01114,1.4211398696899415,21.565096656903513
289945,18.0,23.456594,5.456594467163086,30.31441370646159
181042,18.9,9.078986,-9.821013832092284,-51.96303614863642
147134,20.44,9.37673,-11.06327003479004,-54.1255872543544
52594,26.98,32.522697,5.542697448730468,20.54372664466445
199787,23.99,12.012313,-11.977687110900877,-49.92783289245885
257549,50.675,21.972944,-28.702055740356442,-56.63947852068366
42304,4.855,7.6204348,2.765434761047363,56.9605512059189
189253,4.12,13.544983,9.424982910156249,228.7617211202973
121331,18.395,13.413025,-4.98197509765625,-27.083311213135364
149943,14.63,5.6927767,-8.937223320007325,-61.08833438145813
222230,5.535,7.4770823,1.9420822525024413,35.087303568246455
145708,117.49,61.360508,-56.129492034912104,-47.77384631450515
219009,14.45,13.347424,-1.1025764465332024,-7.630286827219394
268794,6.59,12.350072,5.760071907043457,87.40625048624366
85039,9.49,11.963366,2.47336555480957,26.06286148376786
28084,7.28,7.895031,0.6150309753417966,8.448227683266436
116657,66.99,10.443066,-56.54693435668945,-84.41100814552837
167340,26.99,18.057503,-8.932497253417967,-33.095580783319626
176137,11.99,15.716467,3.7264669036865232,31.07979068962905
45480,15.87,21.19839,5.328389053344727,33.575230329834454
34538,3.92,4.196775,0.27677495956420906,7.060585703168599
214142,67.59,33.559093,-34.03090652465821,-50.34902577993521
66183,21.97,18.9234,-3.046599121093749,-13.867087487909647
274055,1.29,9.756831,8.466831169128419,656.3435014828232
174738,20.47,7.8670635,-12.602936477661132,-61.567838190821355
156398,10.0,7.4967356,-2.5032644271850586,-25.032644271850586
165300,54.99,24.487225,-30.50277542114258,-55.46967707063571
134851,41.5,13.573624,-27.926376342773438,-67.2924731151167
209387,55.99,27.152166,-28.837833633422854,-51.505328868410174
95131,26.59,8.628946,-17.96105369567871,-67.54815229664803
190157,10.99,13.110137,2.1201369857788084,19.291510334657037
179195,23.95,8.582913,-15.367086601257324,-64.16320084032286
32532,62.51,42.78204,-19.727960357666014,-31.559687022342047
252478,35.25,26.783602,-8.466398239135742,-24.018151033009197
251940,25.02,18.465101,-6.55489875793457,-26.198636122840007
200105,18.48,33.436584,14.95658447265625,80.9338986615598
86758,1.68,1.4269586,-0.2530414390563964,-15.061990420023596
130926,27.95,7.8902264,-20.059773635864257,-71.7702097884231
276715,15.225,6.910391,-8.314609146118164,-54.61155432589927
278159,2.0,16.915997,14.915996551513672,745.7998275756836
166532,8.49,13.331756,4.841755638122558,57.028923888369356
101809,26.99,27.676498,0.6864984130859391,2.5435287628230423
2346,141.62,96.30495,-45.31505310058594,-31.997636704269127
179136,30.49,17.080208,-13.409792175292967,-43.98095170643807
171972,68.99,45.330463,-23.659536590576167,-34.294153631796156
28313,3.79,10.245839,6.4558391189575195,170.33876303317993
71200,47.47,38.35535,-9.114649505615233,-19.20086266192381
221845,3.29,5.4608216,2.1708216285705566,65.98242032129352
94640,68.64,18.884867,-49.75513328552246,-72.48708229242783
262579,6.79,20.085732,13.295731506347657,195.8134242466518
167961,3.13,9.210077,6.080077285766602,194.25167047177644
28620,50.45,13.015651,-37.43434925079346,-74.2008904872021
77130,8.97,7.2715054,-1.6984946441650397,-18.935280313991523
98852,17.79,12.779635,-5.010364570617675,-28.16393800234781
117058,25.99,22.31097,-3.679029693603514,-14.155558651802671
219391,16.99,19.541714,2.551713714599611,15.018915330191943
70340,44.95,53.09914,8.149140167236325,18.12934408728882
62130,18.51,10.430503,-8.079497108459474,-43.6493630927038
133038,14.665,20.216112,5.551112136840821,37.85279329588013
297933,1.985,10.45089,8.465889587402344,426.49317820666715
155084,5.57,19.014082,13.444081954956054,241.36592378736182
140681,21.4,10.793549,-10.606451416015624,-49.56285708418516
135257,14.99,11.491554,-3.498445739746094,-23.338530618719773
183099,10.9,12.001924,1.101923561096191,10.109390468772395
20013,33.5,54.35541,20.855411529541016,62.25495978967467
211888,10.99,10.529752,-0.46024822235107443,-4.187881914022515
223833,12.99,17.858902,4.868901977539062,37.48192438444236
230418,31.55,36.52824,4.978240203857421,15.778891295903078
200412,8.7,7.8143587,-0.8856412887573235,-10.179784928245098
208948,11.99,18.773348,6.783347854614258,56.575044659001314
50270,24.99,30.16478,5.174779663085939,20.707401612988953
203250,17.9,26.45702,8.557019805908205,47.804579921274886
172575,2.09,10.314944,8.22494426727295,393.53800321880146
227532,14.38,16.51398,2.133980865478515,14.839922569391618
286591,9.285,8.274299,-1.0107013320922853,-10.8853132158566
242472,51.99,15.10955,-36.88044952392578,-70.93758323509479
268365,44.99,39.539497,-5.450502624511721,-12.114920258972484
156190,2.14,2.6307144,0.4907144165039061,22.930580210462903
170550,4.99,6.3836565,1.3936565017700193,27.928988011423233
124927,19.99,16.27473,-3.7152693176269516,-18.585639407838677
141167,35.99,11.617503,-24.37249683380127,-67.7201912581308
120116,21.05,12.821314,-8.228686141967774,-39.09114556754287
152193,32.7,26.790379,-5.909621429443362,-18.072236787288567
172434,64.245,22.365171,-41.87982856750489,-65.18768552806426
33909,3.49,9.546074,6.0560739135742185,173.5264731683157
128691,5.02,17.060747,12.040747146606446,239.855520848734
295835,30.19,15.63015,-14.559850158691408,-48.22739370219081
185618,12.95,12.173136,-0.7768642425537102,-5.998951679951431
51057,45.99,40.12374,-5.866258850097658,-12.755509567509584
41439,2.6100000000000003,5.2934837,2.683483734130859,102.81546874064593
180603,12.595,6.6916485,-5.9033515167236335,-46.870595607174536
66427,39.99,39.523647,-0.4663526916503926,-1.1661732724440925
38927,11.69,30.6801,18.99009948730469,162.44738654666116
6979,33.94499999999999,18.442772,-15.5022280883789,-45.66866427567802
231935,10.49,15.641113,5.15111328125,49.10498838179218
106640,9.99,13.862497,3.872497329711914,38.76373703415329
46648,18.95,9.369913,-9.58008689880371,-50.55454827864755
86825,5.8,5.2177763,-0.5822237014770506,-10.038339680638805
134034,4.22,20.795534,16.575534133911134,392.78516905002687
1402,39.71,59.914387,20.204386749267577,50.8798457548919
155834,49.99,22.632439,-27.357561340332033,-54.72606789424292
232839,9.99,13.053569,3.0635688400268553,30.66635475502358
105954,29.99,17.791115,-12.198885192871092,-40.67650947939678
147148,5.59,3.7095814,-1.8804186248779295,-33.63897361141198
208283,13.99,25.5342,11.54420066833496,82.51751728616841
61641,9.99,14.452746,4.4627463912963865,44.67213604901288
260433,5.39,13.374754,7.9847539520263675,148.14014753295675
283561,2.39,2.016658,-0.37334193229675305,-15.621001351328578
186948,10.235,6.7521615,-3.4828384971618647,-34.028710280037764
283889,4.49,9.94877,5.458769569396972,121.57615967476553
298251,0.66,6.4367824,5.776782360076904,875.2700545571066
62490,27.51,14.441528,-13.068471679687502,-47.50444085673392
52459,60.33,45.082283,-15.247716979980467,-25.273855428444335
78016,3.92,12.656868,8.736867980957031,222.87928522849572
254577,1.39,10.041274,8.651274070739746,622.3938180388307
87325,43.495000000000005,17.874744,-25.6202555847168,-58.903909839560406
74939,59.99,19.647718,-40.34228157043457,-67.24834400805896
36424,10.69,8.210328,-2.479671897888183,-23.196182393715464
181255,3.12,5.637255,2.5172551918029784,80.68125614753136
234226,14.19,11.515764,-2.674235763549804,-18.84591799541793
256790,1.49,1.4370449,-0.052955141067504874,-3.5540363132553607
109135,7.98,15.257036,7.277036209106445,91.19092993867724
212647,69.99,30.423664,-39.56633590698242,-56.53141292610718
48801,13.485,28.607824,15.122824325561524,112.14552707127568
74411,22.75,16.039022,-6.710977554321289,-29.498802436577094
272015,20.87,15.321735,-5.548264617919923,-26.584880775850134
47307,5.46,12.829063,7.369063415527344,134.96453141991472
121770,16.78,6.5199823,-10.260017662048341,-61.144324565246365
171260,2.07,5.427585,3.3575851249694826,162.20217995021656
213191,4.965,12.283968,7.318967971801758,147.41123810275445
110516,24.89,10.899237,-13.990763320922852,-56.210378951076144
44970,4.75,9.230934,4.480934143066406,94.33545564350328
245519,5.48,6.4080467,0.928046722412109,16.935159168104178
84166,3.19,6.638824,3.448823986053467,108.11360457847859
246662,37.98,32.013737,-5.966263275146481,-15.708960703387262
93256,7.0,7.996073,0.9960727691650391,14.229610988071986
57064,62.49,24.698032,-37.79196762084961,-60.47682448527703
212176,76.99,52.85646,-24.133539428710932,-31.34632995026748
176919,24.99,18.682316,-6.307684173583983,-25.240833027546948
210165,7.67,19.997263,12.327262954711914,160.72050788411883
245281,5.99,6.056451,0.06645084381103494,1.1093630018536718
41101,5.16,12.331124,7.1711243057250975,138.97527724273445
296988,69.99,31.4925,-38.497499694824214,-55.004285890590396
178383,7.125,7.4894867,0.3644866943359375,5.11560272752193
159685,11.84,5.7110357,-6.12896427154541,-51.76490094210651
48259,13.829999999999998,24.443018,10.613017959594728,76.73910310625256
190257,18.99,39.92224,20.9322412109375,110.22770516554768
162157,18.99,20.05674,1.0667398071289078,5.617376551495039
121694,93.825,72.142105,-21.68289489746094,-23.109933277336467
204741,12.99,13.039748,0.04974819183349588,0.3829729933294525
278563,1.99,7.9600964,5.9700963592529295,300.0048421735141
283804,12.55,11.858976,-0.6910236358642585,-5.506164429197279
238432,18.95,23.070675,4.120674896240235,21.74498625984293
208733,5.49,5.2211127,-0.26888727188110373,-4.897764515138501
251857,16.99,11.551255,-5.4387447738647445,-32.01144657954529
79354,9.48,7.5291204,-1.9508795547485356,-20.57889825684109
160489,1.59,4.393428,2.803427848815918,176.3162169066615
102839,18.79,15.374716,-3.415284194946288,-18.176073416425165
71387,55.81,60.413635,4.603635253906248,8.248764117373675
170238,5.99,5.0637913,-0.9262087249755862,-15.462583054684242
9608,24.99,24.954605,-0.03539489746093594,-0.14163624434148037
241581,19.95,12.691087,-7.258913230895995,-36.38552997942855
75557,6.79,3.312272,-3.477727928161621,-51.218378912542285
177104,3.24,4.4529843,1.2129843330383299,37.437788056738576
55331,16.48,11.951318,-4.52868221282959,-27.47986779629606
177697,4.74,10.591163,5.85116268157959,123.44225066623606
30773,9.98,5.711226,-4.2687740135192875,-42.773286708610094
261843,13.99,11.577551,-2.4124491119384768,-17.244096582834
95134,15.614999999999998,13.099891,-2.5151092910766586,-16.107007947977323
140297,20.465,22.457973,1.9929734802246095,9.738448474100217
30131,3.28,7.3056498,4.0256497573852545,122.73322431052607
295282,7.59,10.120305,2.530305061340332,33.33735258682914
79302,18.99,19.683031,0.6930310821533219,3.649452775952196
270382,14.92,19.962275,5.042274551391602,33.795405840426284
29786,1.22,5.752609,4.5326087760925295,371.5253095157811
120341,29.99,20.097967,-9.89203285217285,-32.984437653127216
167471,17.805,24.066261,6.2612612915039065,35.1657472142876
288735,9.95,13.514812,3.5648124694824226,35.827260999823345
252021,20.96,13.205613,-7.754386863708497,-36.99612053296038
123593,13.99,17.926994,3.9369943237304685,28.141489090282118
91553,8.34,8.162265,-0.17773517608642564,-2.1311172192616983
297068,10.99,11.310693,0.32069278717040994,2.918041739494176
188773,38.74,10.315387,-28.42461322784424,-73.37277549779101
104435,18.88,30.385254,11.505253906250001,60.93884484242585
174523,12.6,10.702044,-1.8979564666748043,-15.063146560911145
93315,15.47,9.95746,-5.512539596557618,-35.633740119958745
221906,8.344999999999999,9.111202,0.7662022399902355,9.18157267813344
274870,5.94,9.724606,3.784605560302734,63.71389832159484
244926,24.99,18.960068,-6.029932250976561,-24.12938075620873
258292,44.49,27.232214,-17.25778602600098,-38.79025854349511
149161,10.77,6.138904,-4.631095905303955,-42.99996198053812
229711,17.99,35.5888,17.59879852294922,97.82545037770551
180487,40.99,11.460792,-29.529208412170412,-72.04003028097196
207463,89.98,39.62089,-50.35910842895508,-55.967002032624
51722,26.11,27.722563,1.6125627899169928,6.176035196924523
163137,14.69,8.764059,-5.925940933227539,-40.33996550869666
136562,28.0,22.235828,-5.764171600341797,-20.586327144077845
71832,68.95,68.74441,-0.2055923461914091,-0.29817599157564767
96566,14.99,20.995668,6.005668411254883,40.064499074415494
214621,3.92,3.7997293,-0.12027065277099602,-3.068128897219286
186860,4.83,4.9754376,0.14543764114379876,3.0111312866210924
29369,11.9,11.044411,-0.8555892944335941,-7.189826003643647
126087,11.18,9.372356,-1.8076435852050778,-16.16854727374846
52285,33.93,18.522017,-15.407983474731445,-45.41109187955038
44381,9.0,12.499685,3.499685287475586,38.885392083062065
241172,12.99,11.253212,-1.736788024902344,-13.370192647439138
209119,20.99,21.18705,0.1970498657226578,0.9387797318849824
281603,11.95,33.87175,21.921749877929688,183.4456056730518
33700,6.88,12.03281,5.152810211181641,74.8954972555471
26550,4.0,8.246006,4.246006011962891,106.15015029907227
262852,12.42,12.411764,-0.008235855102538991,-0.06631123270965371
61177,13.0,9.716708,-3.283291816711426,-25.256090897780197
117730,44.99,46.13942,1.1494195556640605,2.5548334200134706
38082,4.79,12.663685,7.873684844970703,164.37755417475373
116069,8.38,8.449093,0.0690928649902336,0.8244971955875129
244161,35.99,19.941788,-16.04821228027344,-44.590753765694465
242796,19.99,18.421503,-1.5684969329833969,-7.846407868851411
213224,53.99,12.418443,-41.57155727386475,-76.99862432647666
117079,14.99,18.469091,3.4790914154052732,23.209415713177272
205252,55.49,15.167709,-40.322290649414064,-72.66586889424052
198116,15.495,12.266278,-3.228721733093261,-20.83718446655864
16955,44.99,18.744234,-26.245765914916994,-58.33688800826182
40534,9.0,7.0002995,-1.9997005462646484,-22.218894958496094
63999,16.89,22.343636,5.453635559082031,32.28913889332167
137548,2.49,4.409492,1.9194920158386228,77.08803276460333
37757,9.93,10.289795,0.3597949218750003,3.623312405589127
291079,5.24,8.886426,3.646425971984863,69.58828190810807
267801,53.24,64.22576,10.985761413574217,20.634412872979368
37038,3.245,4.5311604,1.2861603546142577,39.63514189874446
194148,2.4400000000000004,5.091268,2.6512680625915523,108.65852715539148
122558,10.98,27.36953,16.389529724121093,149.2671195275145
126660,29.37,14.21465,-15.155349845886231,-51.60146355426023
239652,43.1,27.301258,-15.798741912841798,-36.656013718890485
100234,22.99,31.134315,8.144315490722658,35.42546972911117
250328,9.99,9.918237,-0.07176326751709006,-0.7183510261970977
294815,5.29,14.225798,8.935797653198243,168.91867019278342
110313,7.58,17.848267,10.2682666015625,135.46525859581132
43874,11.0,24.903858,13.903858184814453,126.39871077104048
7777,13.99,11.884979,-2.105020751953125,-15.046610092588459
186237,12.92,11.820157,-1.0998429489135741,-8.51271632286048
147001,126.3,82.083374,-44.2166259765625,-35.00920504874307
280303,35.0,15.01038,-19.989620208740234,-57.113200596400674
228045,4.635,6.809657,2.174657096862793,46.918168217104494
174951,3.805,12.07886,8.27386028289795,217.44705079889485
77574,8.0,13.235839,5.235838890075684,65.44798612594604
28159,8.115,14.201822,6.086822280883789,75.00705213658397
114950,16.99,15.422359,-1.567640533447264,-9.226842457017446
105207,15.99,16.306639,0.316638717651367,1.980229628839068
231005,7.99,14.606624,6.616623649597168,82.81130975716104
61270,18.99,38.19644,19.206441650390627,101.13976645808651
111357,21.06,31.846436,10.786435546875001,51.21764267272081
234437,7.62,7.7019014,0.08190143585205067,1.0748219928090639
166087,3.39,15.861565,12.471564636230468,367.8927621306923
227031,25.95,32.937485,6.987484741210938,26.92672347287452
100792,51.89,20.035294,-31.854706420898438,-61.38891196935524
292135,10.6,27.334597,16.73459663391113,157.87355315010504
155667,3.99,9.395127,5.405127296447754,135.4668495350314
132275,21.81,21.686026,-0.12397438049316278,-0.5684290714954736
205314,17.29,17.196741,-0.09325889587402258,-0.5393805429382451
191386,13.29,11.506184,-1.783816375732421,-13.422245114615661
296603,38.83,11.037886,-27.792114334106444,-71.57382007238333
46993,29.62,39.137203,9.517203216552733,32.13100343198087
36239,44.76,16.426498,-28.33350158691406,-63.30094188318603
202141,13.95,14.115917,0.16591720581054759,1.1893706509716673
135245,4.08,5.2128177,1.1328176689147949,27.76513894399007
183998,12.37,10.9116955,-1.4583045196533195,-11.78904219606564
30594,8.99,17.276085,8.286084899902344,92.1700211335077
152386,19.14,18.882967,-0.25703300476074276,-1.3429101607144345
259003,27.0,19.17597,-7.824029922485352,-28.977888601797595
69917,4.885,6.2175207,1.3325207138061526,27.277803762664334
156108,1.75,16.173988,14.423988342285156,824.2279052734375
293100,180.99,41.82595,-139.16404937744142,-76.89046321754871
29516,2.04,6.0243173,3.9843172645568847,195.30966983121985
259660,24.445,8.261396,-16.183603591918946,-66.2041464181589
64227,59.99,55.42064,-4.5693609619140645,-7.616871081703724
30140,6.49,10.13091,3.6409099197387693,56.10030692971909
42601,11.99,24.181852,12.191852340698242,101.6835057606192
37576,1.49,5.44755,3.957549819946289,265.60737046619386
47483,60.99,9.134541,-51.855459442138674,-85.0228880835197
220315,55.95,19.132502,-36.81749839782715,-65.8042866806562
270215,10.99,9.423392,-1.5666077041625979,-14.254847171634195
25057,2.98,7.4104795,4.430479545593261,148.67381025480745
240240,48.485,49.016766,0.5317655944824224,1.0967631112352736
74470,12.55,13.356433,0.806432914733886,6.425760276764031
275630,18.93,10.6222725,-8.307727508544922,-43.88656898333292
163572,3.555,4.0021973,0.44719726562499984,12.579388625175802
221495,12.0,10.550357,-1.4496431350708008,-12.08035945892334
148546,10.005,13.432729,3.4277287673950187,34.260157595152606
258983,5.99,22.364231,16.37423110961914,273.35945091183874
297186,10.905,13.286668,2.3816678237915045,21.840145105836815
143835,57.63,39.303345,-18.326655273437503,-31.800547064788308
211984,74.49,62.053696,-12.436304321289057,-16.695266910040353
284896,34.065,6.0154886,-28.049511375427244,-82.34114597219212
150135,37.945,3.6491838,-34.29581624984741,-90.38296547594523
60852,10.99,22.02515,11.035150299072265,100.4108307467904
291222,10.04,10.879587,0.8395871734619149,8.362422046433418
248295,4.99,10.323894,5.333893547058105,106.89165424966143
273640,5.49,8.597615,3.1076152420043943,56.60501351556274
216673,30.6,24.891855,-5.708144760131837,-18.654067843568097
183109,12.99,12.345574,-0.6444256210327151,-4.960936266610585
222432,337.67,108.08847,-229.58152954101564,-67.98991013149396
157151,108.82,45.034286,-63.785713500976556,-58.615799945760486
92632,8.0,10.31539,2.315389633178711,28.942370414733887
173139,2.79,6.850183,4.060183010101318,145.5262727634881
34977,7.74,7.087941,-0.6520588302612307,-8.424532690713574
263612,10.69,12.989007,2.2990069961547857,21.506145894806227
103641,14.49,11.5211935,-2.968806495666504,-20.48865766505524
53975,11.945,12.219814,0.2748143005371091,2.3006638805953044
140408,5.59,9.442787,3.8527871704101564,68.92284741341962
150479,3.29,9.062091,5.772090873718262,175.44349160237877
221493,41.985,22.544172,-19.440827713012695,-46.3042222532159
239034,11.99,12.086331,0.09633136749267557,0.8034309215402466
272041,6.27,18.277409,12.007408599853516,191.50571929590936
210829,19.755,19.943756,0.188756103515626,0.9554852114180005
47950,5.13,15.094006,9.964005584716798,194.2301283570526
68769,2.97,15.41544,12.44543960571289,419.03837056272357
260512,11.49,14.291861,2.8018605804443357,24.385209577409363
18875,93.46,83.00972,-10.450280151367181,-11.181553767779993
239490,5.24,8.669754,3.4297540283203123,65.453321151151
165402,48.0,4.723734,-43.27626609802246,-90.15888770421347
97019,7.24,34.720257,27.48025680541992,379.5615580859105
25182,1.42,2.825979,1.405978994369507,99.01260523728922
100535,9.45,9.207843,-0.24215717315673757,-2.562509768854366
105243,39.99,26.321077,-13.668922653198244,-34.1808518459571
80534,4.38,11.403352,7.0233517837524415,160.35049734594617
201787,176.7,112.10507,-64.59492797851561,-36.55626937097658
296608,3.98,4.1735544,0.19355442047119142,4.863176393748528
20819,64.31,55.345627,-8.964373168945315,-13.939314521762267
161690,133.12,28.13379,-104.9862109375,-78.8658435528095
245295,19.99,16.472145,-3.517854919433592,-17.598073633984953
291397,14.989999999999998,15.367043,0.3770425415039078,2.51529380589665
44438,5.49,6.833224,1.3432238197326658,24.466736242853656
24309,2.59,3.9192405,1.3292404747009279,51.32202605022888
138157,8.85,7.510689,-1.3393112182617184,-15.133460093352753
279282,1.72,3.8763127,2.1563127326965335,125.3670193428217
156954,1.78,2.1575701,0.3775701236724853,21.21180470070142
137083,38.99,29.740412,-9.24958824157715,-23.722975741413567
233832,15.99,14.537976,-1.452023735046387,-9.080823858951764
29781,8.649999999999999,6.836377,-1.8136228561401353,-20.966738221273243
111845,62.49,28.290823,-34.199177017211916,-54.72743961787793
182989,19.99,7.014393,-12.975607147216795,-64.91049098157477
127570,8.465,8.509762,0.04476181030273452,0.5287868907588248
228230,9.07,8.422978,-0.6470215988159183,-7.133644970407037
293971,5.99,11.862708,5.87270809173584,98.04187131445475
112677,4.04,3.2606788,-0.779321231842041,-19.29012950104062
28044,52.9,11.643605,-41.25639476776123,-77.98940409784731
51748,11.8,5.5789742,-6.221025753021241,-52.720557228993556
275027,7.5,8.991321,1.4913206100463867,19.88427480061849
292874,33.12,18.695906,-14.424094314575193,-43.55100940391061
167892,1.49,6.739122,5.249121913909912,352.2900613362357
279528,17.95,8.117188,-9.832811546325683,-54.778894408499625
61441,11.11,10.6728525,-0.437147483825683,-3.934720826513799
228686,3.29,6.6626463,3.3726462936401367,102.51204539939624
290344,17.705,12.375601,-5.329399185180662,-30.101096781590865
138738,12.99,14.495598,1.5055978393554685,11.590437562397755
192925,7.58,34.622196,27.042196197509767,356.7572057718967
158702,1.48,2.5542307,1.0742306900024414,72.58315472989469
174705,10.96,37.953934,26.99393371582031,246.2950156552948
192786,8.24,10.572215,2.3322150802612303,28.303581071131433
108994,25.15,36.18298,11.032979583740236,43.868706098370716
297720,7.99,11.452144,3.4621436691284178,43.33095956355967
88726,6.22,13.871103,7.651103286743164,123.00809142673899
208085,27.5,26.23856,-1.2614402770996094,-4.587055553089488
129841,32.49,16.582043,-15.907957305908205,-48.96262636475286
262825,9.5,9.101557,-0.39844322204589844,-4.194139179430509
286561,3.4400000000000004,5.675802,2.2358022308349605,64.99425089636513
264011,62.010000000000005,9.53201,-52.47798992156983,-84.62826950745013
285371,2.59,7.265893,4.67589298248291,180.53640859007376
23522,2.1,12.525552,10.425551795959473,496.45484742664155
58762,36.805,12.332867,-24.472133331298828,-66.49132816546346
112056,32.34,18.52015,-13.819850769042972,-42.73299557527202
75126,12.94,24.622189,11.682188568115235,90.2796643594686
226758,6.755,6.87728,0.12228023529052745,1.8102181390159504
238485,5.58,6.843345,1.2633451652526855,22.64059435936712
252971,1.74,12.24938,10.509380111694336,603.9873627410537
222656,8.99,15.806366,6.816365966796875,75.8216459043034
292432,23.5,12.884228,-10.615772247314453,-45.173498924742354
194428,7.19,13.476803,6.286802825927734,87.43814778759018
219504,11.45,13.652872,2.2028720855712898,19.239057515906463
281853,2.99,7.017066,4.02706600189209,134.68448166863175
246307,4.95,4.3882194,-0.5617806434631349,-11.34910390834616
82133,4.824999999999999,8.853916,4.028916168212891,83.50085322721019
132692,3.46,7.1795073,3.7195072555541993,107.50020969809823
107570,9.99,8.930359,-1.0596411132812502,-10.607018150963466
115711,9.99,32.941143,22.95114303588867,229.74117153041712
155201,9.37,10.483158,1.1131581115722664,11.880022535456419
93447,10.84,18.350653,7.510652694702149,69.28646397326705
254981,36.99,11.051001,-25.93899940490723,-70.12435632578325
145309,10.99,16.805553,5.815553436279297,52.916773760503155
260007,3.91,5.07281,1.1628101730346678,29.739390614697385
253127,3.99,4.90419,0.9141900634765623,22.912031666079255
219522,12.99,13.024967,0.03496719360351541,0.26918547808710863
217181,3.19,16.166906,12.976906356811524,406.7995723138408
81076,40.53,20.387785,-20.14221504211426,-49.697051670649536
140858,3.98,20.082867,16.10286666870117,404.5946399171148
240605,25.99,35.58052,9.590520629882814,36.900810426636454
78773,2.245,7.3529444,5.1079443740844725,227.5253618745867
79640,2.79,2.6262193,-0.16378072738647464,-5.870276967257156
178220,23.87,17.746166,-6.123833770751954,-25.65493829389172
84178,29.48,17.876896,-11.603104095458985,-39.35924048663156
68458,31.02,22.332335,-8.687665481567382,-28.006658547928375
150758,17.689999999999998,39.654095,21.964094696044924,124.16107798781756
204594,39.98,63.668602,23.688601989746097,59.251130539635064
292849,4.59,10.222878,5.632878456115723,122.72066353193296
217124,14.989999999999998,13.0394,-1.9505998992919906,-13.012674444909877
131530,35.0,19.387339,-15.612661361694336,-44.60760389055525
226332,7.8,11.016735,3.216735076904297,41.240193293644836
113710,56.25,21.450157,-34.799842834472656,-61.86638726128473
135576,19.99,19.478003,-0.511997451782225,-2.561267892857554
71879,4.97,15.766977,10.796977310180665,217.24300422898725
43156,63.46,20.201433,-43.258566818237306,-68.16666690551104
220232,51.36,53.122593,1.7625929260253912,3.431839809239469
118396,9.34,9.132806,-0.2071941757202147,-2.2183530591029412
43146,13.95,11.349224,-2.6007759094238274,-18.643554906263997
32180,4.79,29.765047,24.97504707336426,521.3997301328656
25246,18.99,11.948835,-7.041164627075194,-37.07827607727854
54053,12.99,11.192501,-1.7974989318847658,-13.837559136911207
266168,41.22,10.67862,-30.541379661560057,-74.09359452100936
264164,5.35,12.7400255,7.390025520324707,138.1313181369104
178598,10.985,13.900696,2.9156958007812506,26.542519806838875
146473,53.01,55.385887,2.3758871459960957,4.481960282958113
124773,9.99,9.943378,-0.04662155151367209,-0.46668219733405497
225686,2.29,4.331101,2.0411009407043457,89.13104544560461
66238,26.495,32.722237,6.22723663330078,23.503440774866124
180879,8.64,8.152381,-0.4876190567016607,-5.643739082195147
8551,17.965,15.335684,-2.629316177368164,-14.63577053920492
286755,31.58,19.573076,-12.006923751831053,-38.020657858869704
274670,6.915,10.62577,3.71076961517334,53.66261193309241
51685,6.245,18.504208,12.259207611083983,196.30436526955938
292020,9.3,17.643166,8.343165588378906,89.71145793955812
5111,68.14,58.866028,-9.27397216796875,-13.610173419384724
211028,16.380000000000003,9.947982,-6.4320181655883815,-39.267510168427236
84643,18.365,13.409795,-4.955205192565916,-26.98178705453807
58863,63.9,74.04487,10.144868469238283,15.876163488635811
173072,47.21,29.521898,-17.68810173034668,-37.46685390880466
232304,4.965,4.907225,-0.05777486801147447,-1.163642860251248
132914,22.5,29.149073,6.649072647094727,29.551433987087673
149132,34.5,35.949455,1.4494552612304688,4.201319597769475
188548,17.55,11.971033,-5.578966903686524,-31.78898520619102
113852,15.39,12.315366,-3.0746342086792,-19.97813001091098
74061,13.19,14.860808,1.670808372497559,12.667235576175582
120849,23.06,10.0831,-12.976899681091307,-56.274499918002206
223533,4.48,9.12874,4.648740310668945,103.7665247917175
46793,20.380000000000003,16.92164,-3.4583596038818385,-16.969379803149355
88980,10.0,13.846532,3.846531867980957,38.46531867980957
45513,8.45,8.177748,-0.2722522735595696,-3.22192039715467
277590,4.77,4.4552293,-0.3147707176208492,-6.598966826432898
232740,44.99,27.081732,-17.908268203735354,-39.804997118771624
173706,5.96,9.214326,3.2543259048461914,54.60278363835892
44564,2.5,6.7634444,4.263444423675537,170.53777694702148
119364,4.79,12.403833,7.6138333892822265,158.95268036079804
34599,2.135,4.776675,2.6416752243041994,123.73186062314751
221656,11.5,21.88409,10.384090423583984,90.29643846594769
16,19.37,8.863848,-10.506152267456056,-54.23929926409941
205114,33.69,48.013397,14.323397216796877,42.51527817392959
22734,22.95,19.563524,-3.386475753784179,-14.755885637403832
266518,154.19,82.19363,-71.9963735961914,-46.69328334923886
240614,18.435,11.931414,-6.503586349487303,-35.27847219683918
227531,59.18,22.575172,-36.60482757568359,-61.853375423595125
201155,4.96,17.377295,12.417294540405273,250.3486802501063
208230,3.735,4.0377154,0.3027154350280763,8.104830924446487
205011,16.07,33.989307,17.919307403564453,111.5078245399157
16026,59.98,78.39292,18.41292144775391,30.69843522466474
184619,7.95,6.1349773,-1.815022659301758,-22.830473701908904
98587,4.98,14.414603,9.434603233337402,189.44986412324099
125393,10.0,8.733506,-1.266493797302246,-12.664937973022461
237024,24.0,21.507883,-2.492116928100586,-10.383820533752441
28436,11.985,12.493842,0.5088421249389654,4.245658113800296
258535,8.56,8.198754,-0.36124568939209034,-4.220159922804793
26540,3.49,5.2261896,1.736189613342285,49.747553390896414
86753,42.395,10.197939,-32.19706108093262,-75.94542064142615
203130,3.905,12.364014,8.459013671875,216.62006842189504
154452,39.91,15.48877,-24.421230468749997,-61.19075537146078
109175,22.78,20.353128,-2.426871566772462,-10.653518730344432
106952,6.39,12.387169,5.997168884277344,93.85240820465329
29640,25.4,12.204757,-13.195243263244627,-51.949776626947354
263605,36.76,34.160698,-2.5993020629882793,-7.071006700185743
211439,48.37,44.1064,-4.263600463867185,-8.814555434912519
251879,14.96,12.495508,-2.4644918060302743,-16.473875708758516
14203,91.96,90.17447,-1.7855310058593687,-1.9416387623525106
223488,5.025,10.2052145,5.180214500427246,103.08884577964668
85560,59.99,24.181414,-35.80858634948731,-59.69092573676831
227670,17.95,16.039442,-1.9105579376220696,-10.643776811265013
240017,5.380000000000001,17.923271,12.543271179199218,233.14630444608207
279910,2.935,9.434298,6.499297561645507,221.44114349729156
97034,4.82,11.823483,7.0034834671020505,145.30048686933713
179265,8.44,16.646156,8.206156311035157,97.22934017814168
266419,8.98,12.605137,3.62513687133789,40.369007475923055
210941,9.49,8.379701,-1.1102993392944338,-11.699676915642083
234100,49.38,14.51925,-34.86075008392334,-70.59690174954099
196242,39.27,52.435436,13.165436248779294,33.525429714232985
219372,35.99,14.293323,-21.696677436828615,-60.285294350732464
109716,23.425,15.637474,-7.787525939941407,-33.24450774788221
210458,7.98,7.714757,-0.2652430343627934,-3.3238475484059324
206700,2.39,7.4825163,5.092516288757324,213.07599534549468
161559,5.13,10.130426,5.000426406860352,97.47419896413942
172636,8.11,5.6128964,-2.4971035575866694,-30.790426110809737
61591,49.99,48.05408,-1.9359190368652364,-3.8726125962497226
64894,14.989999999999998,16.373175,1.3831746673584,9.227315993051368
145055,72.8,69.73849,-3.0615127563476534,-4.205374665312711
158490,4.99,11.676279,6.686279067993164,133.993568496857
207233,2.28,6.6562276,4.376227588653565,191.9398065198932
135076,104.99,66.53851,-38.451486816406245,-36.62395163006595
253000,38.03,6.8304677,-31.19953229904175,-82.03926452548448
253146,6.49,17.046156,10.55615592956543,162.6526337375259
180180,8.87,10.985221,2.115220909118653,23.846909911146035
21082,54.69,67.2834,12.593401489257815,23.02688149434598
75069,3.26,5.737933,2.477933158874512,76.01021959737767
279202,5.895,11.339203,5.444202880859375,92.3528902605492
1574,97.46,59.33424,-38.1257600402832,-39.11939261264437
39085,15.69,11.733966,-3.956034126281738,-25.21372929433867
135087,2.49,3.1521192,0.6621191596984861,26.591130911585786
199532,11.98,13.811421,1.831421394348144,15.28732382594444
247882,12.99,12.402021,-0.5879785919189455,-4.526394087135839
205269,12.14,11.961597,-0.17840255737304744,-1.4695433062030268
121560,65.98,116.95653,50.97652770996093,77.26057549251429
11052,27.52,18.239225,-9.280774612426757,-33.72374495794607
81978,5.24,7.6843834,2.444383392333984,46.64853802164092
229710,19.97,25.959078,5.989077835083009,29.99037473752133
56931,4.89,11.720429,6.830429420471192,139.68158324071968
151739,14.41,12.488618,-1.9213821029663087,-13.333671776310263
198310,4.635,18.976221,14.341221084594727,309.4114581358086
287748,185.11,86.668175,-98.44182525634767,-53.180176790204555
297827,27.99,19.016224,-8.973776092529295,-32.060650562805634
17382,24.77,14.786596,-9.983403701782226,-40.30441542907641
247447,12.465,20.567436,8.102436218261719,65.00149392909522
117232,38.96,9.743754,-29.216245613098145,-74.99036348331146
212300,21.24,20.885218,-0.3547823333740219,-1.6703499688042462
91520,3.59,3.5365534,-0.0534466171264647,-1.4887637082580698
288545,36.245000000000005,18.122278,-18.122721786499028,-50.000611909226166
194381,6.18,12.790827,6.610826797485352,106.97130740267559
106067,48.99,42.18059,-6.809408416748049,-13.899588521633085
39335,4.96,14.5909,9.630900421142577,194.1713794585197
259644,7.73,28.867558,21.137557525634765,273.44835091377445
70907,36.33,28.043991,-8.28600891113281,-22.80762155555412
133199,15.94,14.4760895,-1.463910522460937,-9.183880316567986
194887,6.89,11.858492,4.968491897583008,72.11163857159664
260712,9.49,10.052304,0.5623042678833006,5.92522937706323
84014,2.2,7.1515913,4.951591300964355,225.0723318620161
143185,2.59,6.101722,3.51172176361084,135.58771288072742
35983,23.99,13.702872,-10.287127723693846,-42.880899223400775
293898,5.87,6.697809,0.8278092193603515,14.10237170971638
40993,4.29,17.83603,13.546029052734376,315.7582529774913
267858,6.29,13.513359,7.223359069824219,114.83877694474116
26533,6.79,6.640097,-0.1499028587341309,-2.2077004231830766
227683,1.56,2.8555021,1.2955021286010742,83.0450082436586
46093,14.99,16.402327,1.4123265838623045,9.421791753584419
57510,23.88,14.61195,-9.268050079345702,-38.81092998050964
209161,18.99,24.501957,5.511956939697267,29.025576301723365
3547,152.4,144.62958,-7.770422363281256,-5.09870233811106
77243,11.99,10.80611,-1.183889617919922,-9.873975128606522
85351,7.07,6.16669,-0.9033101272583011,-12.776663751885446
10264,28.715,8.8681,-19.8468998336792,-69.11683731039247
51021,15.99,11.943464,-4.0465357208251955,-25.30666492073293
19244,14.735,8.099071,-6.635929450988769,-45.0351506684002
171531,2.86,9.545825,6.685825004577637,233.77010505516216
217130,6.345,6.88437,0.5393698501586917,8.500706858293013
160479,49.45,27.713799,-21.736201477050784,-43.95591805268106
68516,42.99,29.872965,-13.117035140991213,-30.511828660133084
74788,6.73,12.550182,5.8201823425292964,86.48116407918717
280502,18.98,11.46106,-7.5189404296875,-39.615070757046894
100370,45.99,39.039036,-6.950964202880861,-15.114077414396307
60424,2.645,3.2032676,0.5582675743103027,21.106524548593676
44009,11.99,11.017849,-0.9721510314941408,-8.108015275180492
54787,4.99,9.262317,4.2723167037963865,85.61756921435644
85649,11.89,18.634977,6.744977340698242,56.728152571053336
106264,55.49,15.29077,-40.199230422973635,-72.4440987979341
210146,13.02,15.597321,2.5773205566406254,19.795088760680688
274193,48.0,31.705845,-16.29415512084961,-33.94615650177002
243557,24.99,14.165538,-10.824462165832518,-43.315174733223365
136316,2.3,5.406216,3.1062161445617678,135.05287585051164
61143,2.69,3.5292773,0.8392773246765137,31.199900545595305
12475,35.15,37.413734,2.2637344360351577,6.440211766814105
6433,5.99,6.728035,0.738034973144531,12.321118082546427
89351,7.0,6.565718,-0.4342818260192871,-6.204026085989816
265385,1.99,14.2995,12.309500465393066,618.5678625825661
136034,41.99,21.920347,-20.069652786254885,-47.796267650047355
163524,7.36,10.268625,2.9086252593994137,39.519364937492035
1060,14.99,13.582024,-1.4079763793945315,-9.39277104332576
138089,10.35,10.7409315,0.3909315109252933,3.7771160475873753
183857,9.99,5.595584,-4.394416084289551,-43.9881489918874
215237,59.98,54.060963,-5.919037322998044,-9.868351655548588
111217,9.99,11.736392,1.746392021179199,17.481401613405396
33920,16.99,10.545244,-6.444755783081053,-37.93264145427342
219557,9.98,9.631576,-0.34842441558837933,-3.4912266091019974
175617,1.265,4.4307747,3.1657746887207034,250.25886867357343
178280,146.55,63.6772,-82.8727996826172,-56.549163891243396
86241,13.99,8.178258,-5.811742057800293,-41.5421162101522
283654,4.44,8.847547,4.407546577453613,99.26906705976604
87602,3.64,3.74223,0.10222993850707995,2.808514794150548
155967,7.29,9.099611,1.8096112823486328,24.823200032217187
100987,14.99,11.836098,-3.153902282714844,-21.04004191270743
142554,53.01,51.80398,-1.2060182189941386,-2.2750768137976585
99060,16.99,16.612333,-0.37766670227050625,-2.222876411244887
135267,10.0,16.743156,6.743156433105469,67.43156433105469
293975,26.06,14.189304,-11.870695648193358,-45.5514031012792
102934,5.99,9.237251,3.247251281738281,54.21120670681604
141113,34.99,20.304398,-14.68560241699219,-41.97085572161242
281681,11.135,8.195415,-2.9395854568481443,-26.399510164779024
255959,28.99,15.365263,-13.624737014770506,-46.99805800196795
167794,6.98,7.8223314,0.8423314285278316,12.06778550899472
42279,4.890000000000001,8.180864,3.2908643341064447,67.29783914328107
225394,17.055,7.823736,-9.231263809204101,-54.12643687601349
270882,94.99,28.801477,-66.18852256774902,-69.67946369907256
137401,1.98,1.8283837,-0.1516163158416748,-7.657389688973475
278867,15.24,13.459325,-1.7806751632690432,-11.684220231424169
20890,64.31,55.84667,-8.4633317565918,-13.160211097172756
199046,5.13,6.825636,1.6956359100341798,33.05333157961364
211796,36.08,29.642534,-6.437465744018553,-17.842199955705524
5761,7.725,13.029606,5.304605865478516,68.66803709357303
191919,41.75,30.906662,-10.843338012695312,-25.9720670962762
251478,22.26,13.92625,-8.33374954223633,-37.43822795254415
33492,4.59,14.738069,10.148068580627442,221.0908187500532
5193,97.555,47.64744,-49.907558135986335,-51.15838054019408
239699,15.49,7.111722,-8.378278007507324,-54.088302178872325
145911,24.29,35.438934,11.148934326171876,45.89927676480806
225489,7.99,10.834382,2.844382057189941,35.59927480838475
243421,19.99,13.613936,-6.376063575744627,-31.896266011729
60055,15.99,11.771398,-4.218602409362793,-26.38275427994242
103561,6.29,16.11556,9.825560531616212,156.20922943745964
91632,14.625,11.800122,-2.8248777389526367,-19.315403343265892
191870,1.97,11.817263,9.847262649536132,499.86104819980363
263711,6.44,14.252979,7.812979278564453,121.31955401497596
101905,46.99,22.077158,-24.912842025756838,-53.01732714568384
239449,4.84,6.7044096,1.8644095993041994,38.52085948975619
107372,8.9,16.76467,7.864669418334961,88.36707211612314
32616,18.74,17.149677,-1.5903227233886703,-8.486247189907527
69595,5.87,4.014927,-1.8550730895996095,-31.60260799999335
30142,5.78,5.9067225,0.12672254562377905,2.1924315851864886
96107,8.7,14.900162,6.200161743164063,71.26622693292028
247361,10.255,16.608223,6.3532229614257805,61.95244233472238
143348,22.74,19.441061,-3.2989389801025375,-14.507207476264458
277774,23.99,12.028191,-11.96180938720703,-49.86164813341822
45153,14.49,6.53275,-7.957249870300293,-54.91545804210002
10258,29.99,16.403482,-13.58651756286621,-45.30349304056755
175062,2.72,7.5900373,4.87003734588623,179.04549065758198
77340,1.8,1.7620432,-0.03795676231384282,-2.108709017435712
269607,3.89,7.433386,3.5433858489990233,91.0896105141137
46382,16.29,11.552883,-4.73711685180664,-29.079907009248863
148410,7.22,11.191661,3.9716608810424807,55.00915347704267
78078,6.09,6.7910223,0.701022300720215,11.511039420693185
95652,8.99,17.699078,8.709077606201172,96.87516803338345
207049,5.29,5.8713937,0.5813936805725097,10.990428744281848
289517,10.71,6.1856976,-4.524302444458009,-42.24372030306264
289223,27.11,23.238564,-3.871436462402343,-14.280473856150289
86973,23.98,25.881687,1.9016871643066402,7.930305105532278
63282,12.99,18.739452,5.749452362060547,44.260603249118915
163919,5.69,6.456607,0.7666068649291988,13.472879875732843
260744,10.99,5.8563123,-5.133687725067139,-46.7123541862342
294056,13.895,11.152023,-2.742976684570312,-19.740746200577995
201902,7.99,4.826681,-3.1633188629150393,-39.5909745045687
126529,15.99,17.017862,1.0278623199462888,6.4281570978504625
229585,9.99,6.434015,-3.555985202789307,-35.59544747536844
189649,6.52,14.525045,8.005045394897461,122.77676986039052
272331,22.93,11.90707,-11.02292984008789,-48.072088269027
165285,11.49,13.694514,2.2045142745971678,19.186373147059772
154765,2.785,2.4986825,-0.2863175010681154,-10.28070021788565
212397,5.42,13.2768345,7.856834487915039,144.9600459024915
109054,20.99,39.33629,18.34628845214844,87.40489972438515
210927,14.99,11.667621,-3.3223793411254885,-22.163971588562298
280315,3.99,4.4750824,0.4850823974609373,12.157453570449556
241848,1.9,9.203955,7.303954696655273,384.41866824501443
128448,18.95,16.36791,-2.5820896148681634,-13.625802716982394
167662,24.99,21.040558,-3.9494421386718734,-15.8040901907638
48543,5.49,18.12791,12.637910614013672,230.19873613868253
273283,11.29,13.379381,2.089381179809571,18.506476349066176
55953,19.99,19.55422,-0.4357798004150375,-2.1799889965734747
140157,4.71,7.682355,2.9723549270629883,63.107323292207816
57605,13.99,15.038017,1.0480172729492185,7.491188512860747
97163,10.99,4.9788046,-6.011195411682129,-54.69695552031054
199626,6.12,16.580006,10.460005645751952,170.91512493058744
212083,13.85,20.700983,6.850983047485352,49.46558157029135
117371,6.95,25.830502,18.880501556396485,271.6618928977911
1945,27.4,24.67806,-2.7219394683837876,-9.934085651035723
87082,7.79,11.690621,3.9006213760375976,50.072161438223326
182502,2.0,4.672054,2.672053813934326,133.6026906967163
64013,11.98,13.280589,1.30058910369873,10.85633642486419
43186,7.279999999999999,23.335236,16.055235595703124,220.53895049042757
290704,20.5,13.611585,-6.888415336608887,-33.60202603223848
275928,5.995,6.2954774,0.30047739028930653,5.01213328255724
286328,3.04,20.227705,17.187705001831056,565.3850329549689
280879,11.39,10.389106,-1.0008942031860357,-8.787482029728144
47828,15.28,13.426178,-1.8538220214843744,-12.132343072541719
62241,4.29,6.860025,2.570024929046631,59.90734100341797
248255,12.78,12.780854,0.0008542251586920457,0.006684077924037917
291437,44.99,15.530851,-29.45914863586426,-65.47932570763338
239548,10.0,12.748074,2.7480735778808594,27.480735778808597
143238,12.6,12.363619,-0.23638114929199183,-1.8760408673967606
148565,50.58,50.493122,-0.08687789916992017,-0.1717633435546069
212961,13.79,15.000614,1.2106141662597665,8.778927964175248
240261,14.99,15.796932,0.8069322204589842,5.383136894322776
225906,14.99,13.579198,-1.4108021163940432,-9.41162185719842
255357,18.49,20.543991,2.053991088867189,11.108659215074036
254669,9.05,8.212814,-0.8371856689453132,-9.250670375086333
250654,12.94,12.989004,0.049004135131836435,0.3787027444500497
80937,14.29,15.307249,1.017249069213868,7.118607902126439
67686,19.99,18.0931,-1.8969004058837875,-9.48924665274531
247476,23.49,14.139152,-9.350848426818846,-39.80778385193208
153584,11.64,9.561851,-2.0781494522094732,-17.85351763066558
281744,1.49,5.5718217,4.081821689605713,273.947764403068
67482,3.99,16.818756,12.828756103515625,321.52270936129383
40848,11.49,14.240899,2.750899085998535,23.94168046996114
261666,16.49,17.576399,1.0863988494873063,6.588228317084939
255184,120.1,54.56099,-65.53901062011718,-54.57036687769957
236161,72.98,64.42849,-8.55151031494141,-11.717607995260906
279406,3.22,32.596596,29.376595764160157,912.3166386385142
51147,3.685,13.854609,10.169608535766601,275.9730945933949
139255,10.89,9.619978,-1.2700220489501959,-11.662277768137702
89174,43.31,24.519766,-18.790234146118166,-43.38544018960555
248633,5.99,25.173561,19.183561096191404,320.25978457748585
193486,4.38,13.873164,9.493164176940919,216.73890814933605
229887,1.29,1.7102807,0.42028065681457516,32.57989587709885
26588,14.66,24.987293,10.327293243408203,70.44538365217056
270713,2.69,4.8332024,2.143202362060547,79.67295026247386
235961,46.99,19.969177,-27.020822753906252,-57.503346997033944
109576,26.91,25.408487,-1.501512680053711,-5.57975726515686
161007,62.21,55.190544,-7.019455871582032,-11.283484763835448
83827,3.37,3.3650455,-0.004954452514648544,-0.1470163950934286
85945,31.99,50.414204,18.42420364379883,57.5936343976206
125222,5.26,8.432513,3.172513236999512,60.31393986691087
145368,29.33,25.703924,-3.62607582092285,-12.363027006214967
267293,10.48,8.845155,-1.634845237731934,-15.599668298968835
192766,5.73,2.9064095,-2.8235904979705815,-49.27732108151102
76710,1.48,3.3144326,1.8344326210021973,123.94815006771603
55629,59.99,59.07816,-0.9118406677246114,-1.519987777503936
29167,16.48,14.897599,-1.5824007797241215,-9.601946478908504
30746,7.96,9.449385,1.4893846893310547,18.71086293129466
200791,19.75,10.812854,-8.937146186828613,-45.2513730978664
152639,7.99,17.269924,9.27992416381836,116.1442323381522
80133,10.5,7.30853,-3.191470146179199,-30.39495377313523
76691,4.345000000000001,8.432902,4.087902336120605,94.08290762072737
181908,11.45,17.70008,6.250080871582032,54.58585914045443
86822,46.09,19.375288,-26.71471199035645,-57.96205682437936
173768,41.97,20.403477,-21.56652328491211,-51.38556894189209
104164,17.39,15.603344,-1.7866560363769537,-10.274042762374663
281882,3.49,5.121118,1.6311180686950681,46.73690741246613
274822,2.88,7.4740143,4.594014282226563,159.51438479953345
44618,10.0,8.708666,-1.2913341522216797,-12.913341522216799
154224,19.99,58.09227,38.10226989746094,190.60665281371158
268418,34.7,11.424407,-23.275592994689944,-67.0766368723053
33744,1.5750000000000002,2.521461,0.9464610099792479,60.092762538364944
215072,22.0,17.64082,-4.359180450439453,-19.814456592906605
76680,4.59,5.0905156,0.5005156135559083,10.904479598167939
195454,42.92,54.19284,11.272840576171873,26.264773010652082
212934,13.66,20.453886,6.793886032104492,49.73562248978398
138325,21.99,14.920839,-7.069160690307616,-32.14716093818834
271423,109.97,69.602516,-40.36748382568359,-36.70772376619404
154260,1.815,3.5801282,1.7651281929016114,97.25224203314664
199761,4.88,15.471788,10.591788406372071,217.04484439287032
28841,3.45,9.223816,5.77381591796875,167.35698312952897
152229,20.88,28.321686,7.441685791015626,35.64025761980664
148742,46.04,41.173233,-4.866766967773437,-10.570736246249862
62956,20.99,20.3411,-0.648899307250975,-3.091468829209028
102702,8.64,8.846173,0.2061732864379877,2.386264889328561
217020,20.55,20.256628,-0.2933719635009773,-1.4276007956251935
264021,3.49,4.920089,1.4300887680053709,40.97675553023985
130995,15.11,7.130369,-7.979630813598632,-52.81026349171828
105020,10.0,18.497995,8.497995376586914,84.97995376586914
219889,10.98,9.964245,-1.0157551574707036,-9.250957718312417
175818,8.99,11.356805,2.366804847717285,26.327083956810732
194369,18.99,17.061258,-1.9287416839599594,-10.156617609057186
200610,15.02,21.458107,6.438106994628907,42.8635618816838
233677,49.915,25.524359,-24.39064125061035,-48.864351899449765
238533,13.97,18.22712,4.257119445800781,30.473295961351326
61692,29.94,13.650276,-16.28972381591797,-54.40789517674672
139717,48.85,7.756009,-41.093990898132326,-84.12280634213373
249874,15.09,14.171971,-0.9180286788940428,-6.0836890582772885
215488,5.49,3.68828,-1.80171989440918,-32.81821301291766
76462,13.45,10.708173,-2.741827201843261,-20.38533235571198
57567,20.97,14.410587,-6.559412689208983,-31.279984211773886
193071,26.69,29.114231,2.4242311096191393,9.082919106853275
54,24.99,15.45265,-9.537349929809569,-38.16466558547247
260713,8.29,13.777957,5.48795696258545,66.19972210597649
183721,369.81,183.85083,-185.959169921875,-50.28505717040508
218487,7.48,13.763416,6.283416290283203,84.00289158132624
161566,104.41,32.299812,-72.11018768310547,-69.06444563078773
153806,10.995,10.818905,-0.17609512329101484,-1.601592753897361
83464,6.99,4.2948513,-2.6951486968994143,-38.557205964226235
47751,5.46,8.136271,2.6762714767456055,49.01596111255688
229992,29.99,17.672743,-12.317257156372069,-41.07121425932667
231813,2.49,25.112072,22.622071990966795,908.5169474283852
42829,7.95,7.6513577,-0.29864234924316424,-3.7565075376498647
114194,4.24,7.2191677,2.9791677093505857,70.26338937147607
56609,47.88,21.931147,-25.9488533782959,-54.195600205296365
268343,2.385,4.647335,2.2623350524902346,94.85681561803919
155083,5.57,12.832628,7.26262825012207,130.38829892499226
188300,6.79,8.14954,1.3595399475097656,20.02267963931908
203528,4.965,16.981943,12.016943130493164,242.03309426975156
127189,7.69,22.282366,14.592365798950194,189.75768269115986
275409,18.16,7.5198755,-10.640124473571777,-58.59099379720142
10939,24.41,29.99447,5.584470596313476,22.877798428158442
100619,3.99,3.7626348,-0.227365245819092,-5.698377088197795
193098,38.95,12.070329,-26.879671287536624,-69.01070933899004
27687,9.565,10.628567,1.0635667419433599,11.119359560306952
67167,43.7,23.153578,-20.546422195434573,-47.01698442891206
291977,2.93,8.272278,5.34227783203125,182.33030143451364
295501,7.41,11.730736,4.320735778808594,58.30952468027791
178134,26.99,20.95905,-6.030950775146483,-22.34513069709701
76902,27.99,24.793974,-3.1960260772705062,-11.41845686770456
111941,82.6,69.76963,-12.830369567871088,-15.533135070061851
202108,15.0,12.505309,-2.4946908950805664,-16.63127263387044
159047,5.29,6.2153716,0.9253716087341308,17.492847046013814
61582,7.885,9.484447,1.5994465255737307,20.284673754898296
63089,6.985,8.506393,1.5213934326171872,21.780865177053503
122570,22.0,9.17026,-12.829739570617676,-58.31699804826216
43460,29.52,36.673306,7.15330551147461,24.232064740767647
70097,11.99,11.90559,-0.08440994262695334,-0.7040028576059495
161265,78.11,63.360107,-14.749892578125,-18.883488129720906
54539,13.92,9.768211,-4.151788635253906,-29.82606778199645
261621,43.99,18.630322,-25.359678497314455,-57.64873493365413
48978,13.475,14.883419,1.4084190368652347,10.452089327385787
75795,4.48,5.7910504,1.3110504341125484,29.26451861858367
44318,1.56,5.894523,4.33452314376831,277.85404767745575
64910,8.83,5.8676906,-2.9623094367980958,-33.54823824233404
191879,76.93,5.9658575,-70.96414249420167,-92.24508318497551
161740,184.29,23.294695,-160.9953050994873,-87.35976184246964
176491,2.19,8.397189,6.207189140319825,283.4332940785308
261443,3.495,5.5904336,2.095433597564697,59.955181618446275
139968,3.39,9.0698185,5.679818496704101,167.546268339354
271592,7.49,12.538844,5.048844108581543,67.40779851243715
207509,62.84,37.944313,-24.895686950683597,-39.61757948867536
166690,1.99,1.5238895,-0.46611045837402343,-23.42263609919716
124620,20.745,17.090712,-3.6542884063720713,-17.615273108566264
288740,4.79,16.362011,11.572010955810548,241.58686755345613
100551,12.25,11.317258,-0.9327421188354492,-7.614221378248565
196860,2.37,2.0985167,-0.27148329734802257,-11.454991449283652
42814,51.57,16.847418,-34.7225821685791,-67.330971821949
202415,4.0,5.948679,1.948678970336914,48.71697425842285
218849,27.99,13.2379265,-14.752073516845702,-52.70479998873062
15059,27.380000000000003,20.328726,-7.051274185180667,-25.753375402412953
241649,9.94,10.725182,0.7851815795898442,7.899211062272076
23300,23.99,19.763744,-4.226255645751952,-17.616738831813056
187902,6.9,5.556571,-1.343428993225098,-19.46998540905939
164953,14.99,12.088765,-2.9012348556518557,-19.354468683468014
177626,6.39,8.921458,2.531458244323731,39.61593496594258
266716,8.3,4.9838834,-3.316116619110108,-39.95321227843503
226807,22.49,14.201144,-8.288855781555174,-36.85573935773755
118838,55.0,27.64557,-27.354429244995117,-49.735325899991125
136911,119.99,9.007249,-110.98275112152099,-92.49333371241019
155617,12.485,13.187092,0.7020918273925787,5.623482798498829
239925,18.99,10.716231,-8.273768653869627,-43.56908190557993
267810,4.335,5.355928,1.0209279441833496,23.55081762822029
111007,16.18,16.362106,0.18210632324218778,1.125502615835524
147229,30.83,30.46297,-0.36702926635742017,-1.1904938902284146
219192,29.99,22.938145,-7.051855316162108,-23.51402239467192
106956,12.99,13.337011,0.3470113372802732,2.671372881295406
97474,19.88,30.115513,10.235512847900392,51.48648313833195
209404,38.0,41.544083,3.5440826416015625,9.326533267372533
148012,128.44,55.33993,-73.10006851196289,-56.913787380849335
172998,9.465,15.438652,5.973652038574219,63.113069609870244
80900,9.95,15.3643,5.414299774169923,54.415073107235415
235227,34.07,34.048813,-0.021187133789062784,-0.06218706718245608
175488,35.245000000000005,24.370571,-10.874428863525395,-30.853820012839815
150126,0.76,7.282748,6.522748222351074,858.256345046194
146445,56.01,68.268776,12.258775939941408,21.886762970793445
295714,9.99,11.850048,1.8600480651855467,18.619099751607074
276982,17.625,27.120243,9.495243072509766,53.8737195603391
170402,125.07,13.196268,-111.87373191833495,-89.44889415394177
96781,14.99,7.0852423,-7.90475772857666,-52.733540550878324
151423,71.82,9.242817,-62.577183074951165,-87.13058072257195
8115,18.99,60.682087,41.69208694458008,219.54758791248074
133616,13.97,16.600546,2.6305458831787103,18.82996337278962
36780,34.0,20.735468,-13.264532089233398,-39.01332967421588
35034,29.99,14.178835,-15.811165084838866,-52.721457435274644
188162,16.99,13.982355,-3.007644882202147,-17.70244191996555
219523,39.5,38.7037,-0.7962989807128906,-2.0159467866149128
94849,3.79,10.800845,7.010845146179199,184.98272153507122
221250,5.4,5.601679,0.2016788482666012,3.7347934864185404
102912,23.99,18.410107,-5.579893341064452,-23.259246940660493
58716,28.99,55.448597,26.458596954345705,91.26801295048536
11530,7.13,19.271366,12.141366119384767,170.28563982306827
129258,17.99,6.9672112,-11.02278875350952,-61.271755161253594
75666,1.99,2.2751095,0.28510952949523927,14.327112034936645
191183,21.59,26.325031,4.735031280517578,21.9315946295395
134246,14.48,13.858416,-0.6215843963623051,-4.292709919629179
105282,8.79,11.687496,2.8974961853027352,32.963551596163086
279364,0.91,12.117374,11.207374420166015,1231.57960661165
285188,19.84,8.111838,-11.728161659240723,-59.11371804052784
127296,19.29,9.112246,-10.177754440307616,-52.761816694181526
166092,10.99,6.850728,-4.139271965026856,-37.66398512308331
3773,6.97,11.294133,4.324133186340332,62.03921357733619
258526,2.28,10.43515,8.155150146484376,357.682023968613
160463,18.99,16.117012,-2.872987976074217,-15.128951954050645
239921,8.385,19.185434,10.800434341430664,128.80661110829655
257649,24.99,8.31363,-16.676369895935057,-66.73217245272131
251709,10.4,16.9161,6.516099548339843,62.65480334942157
79745,8.9,10.436448,1.5364480972290036,17.263461766618015
186728,7.29,16.550451,9.260451278686524,127.02950999569993
139200,14.96,18.712255,3.7522554779052726,25.08192164375182
287518,3.59,4.800793,1.2107931709289552,33.726829273787054
154461,30.99,16.273153,-14.716846694946287,-47.48901805403772
170340,7.49,12.575677,5.085676918029785,67.89955831815467
39804,14.93,37.848415,22.91841537475586,153.5057962140379
4013,28.04,13.029402,-15.010598220825194,-53.53280392591011
28355,5.49,7.026681,1.5366809463500974,27.990545470857874
217709,21.47,17.638103,-3.831896514892577,-17.847678224930494
227950,19.99,19.253048,-0.7369520568847641,-3.686603586216929
77609,9.03,5.247744,-3.7822559165954583,-41.88544758134506
150795,2.385,5.7893,3.4042999649047854,142.73794402116502
152866,6.67,12.274998,5.604997711181641,84.03294919312805
24533,29.41,22.265059,-7.1449414825439455,-24.294258696171184
85872,3.26,13.001881,9.741880645751953,298.83069465496794
119598,22.24,20.318161,-1.921838989257811,-8.641362361770733
162894,18.915,11.893716,-7.0212841415405265,-37.12019107343657
88421,4.31,5.431352,1.1213521385192875,26.017451009728248
166965,3.355,5.206238,1.85123779296875,55.17847370994784
109378,6.72,10.153572,3.4335720825195315,51.09482265654065
168957,4.335,5.33845,1.0034499549865723,23.14763448642612
222653,9.75,12.84169,3.0916900634765625,31.709641676682693
251834,21.2,15.001678,-6.198321533203124,-29.23736572265625
275864,4.44,7.446328,3.0063281631469723,67.71009376457144
204443,27.85,21.672968,-6.1770320892334,-22.179648435308437
218516,4.49,21.09802,16.608020553588865,369.8890991890616
102846,36.895,25.340141,-11.554858703613284,-31.318223888367758
53847,12.99,15.418718,2.428718338012695,18.696830931583488
32907,53.44,49.825,-3.6149992370605446,-6.7645943807270665
215722,9.445,9.289653,-0.15534717559814482,-1.6447556971746407
241760,11.99,9.010377,-2.979623069763184,-24.850901332470258
197620,16.73,17.201883,0.47188331604003864,2.820581685834062
18222,23.36,31.459682,8.09968246459961,34.67329822174491
224544,41.91,17.357159,-24.552841339111325,-58.584684655479194
138952,4.28,16.437017,12.157017440795897,284.0424635699976
200631,87.28,60.50956,-26.770440368652345,-30.67190693016996
278070,44.28,7.643136,-36.6368639755249,-82.73907853551242
21054,52.41,49.631027,-2.778972778320309,-5.302371261820853
196359,17.39,24.313553,6.923552856445312,39.81341493068034
54671,11.21,6.669407,-4.54059310913086,-40.50484486289795
12557,18.98,15.795572,-3.1844277191162114,-16.77780673928457
111737,28.575000000000003,24.159689,-4.415311050415042,-15.451657219300232
74028,13.09,16.25065,3.160650405883789,24.14553404036508
190417,9.63,9.949046,0.3190461349487297,3.313043976622323
164913,3.99,12.266243,8.276242980957031,207.42463611421132
137599,9.99,15.840572,5.850572357177734,58.56428785963698
157633,66.78,35.74299,-31.03701141357422,-46.47650705836212
146078,97.46,62.10823,-35.35176940917968,-36.27310630943945
43875,12.95,5.5160913,-7.433908653259277,-57.40470002516817
98248,16.08,14.071177,-2.0088234710693342,-12.492683277794368
156924,97.48,7.989998,-89.49000213623047,-91.80344905234968
60364,12.99,13.137029,0.14702869415283182,1.1318606170348868
270823,14.99,11.770143,-3.219857444763184,-21.480036322636316
269611,2.59,5.1124296,2.5224296188354494,97.39110497434169
49624,4.98,12.752463,7.772463340759277,156.07356105942324
98973,2.08,5.6382256,3.558225555419922,171.06853631826547
190355,14.375,7.3798532,-6.995146751403809,-48.661890444548234
147011,29.13,35.151978,6.021977539062501,20.672768757509445
54118,5.86,10.918183,5.058183326721191,86.31712161640257
28030,8.24,19.655005,11.415004501342773,138.53160802600453
123350,1.48,4.1059823,2.625982303619385,177.43123673103952
149434,18.98,18.745115,-0.23488471984863324,-1.237538039244643
142680,29.13,30.371437,1.2414370727539072,4.261713260397896
256461,3.69,5.756041,2.0660410499572754,55.990272356565725
56640,63.99,42.837254,-21.15274642944336,-33.05633134777834
57828,31.99,25.175146,-6.814853897094725,-21.30307563955838
58768,2.39,7.592432,5.202432022094726,217.6749800039634
109013,45.5,38.287544,-7.212455749511719,-15.851551097827954
86647,17.06,12.581093,-4.4789071655273425,-26.253852083982082
230347,4.605,5.726008,1.1210079383850093,24.34327770651486
53609,51.99,28.095993,-23.894006958007814,-45.9588516214807
246583,7.99,14.869886,6.8798863983154295,86.10621274487396
79315,12.075,9.006218,-3.0687820434570305,-25.4143440451928
198986,31.21,17.355085,-13.854914627075196,-44.39254926970585
95029,12.94,8.108778,-4.83122200012207,-37.3355641431381
74932,35.95,39.314774,3.3647735595703097,9.35959265527207
208957,49.99,43.98401,-6.005991210937502,-12.01438529893479
137241,9.1,2.138391,-6.961608982086181,-76.50119760534265
86278,8.93,11.020379,2.0903790664672854,23.408500184404094
105776,8.23,18.532486,10.302485961914062,125.18208945217573
165817,70.7,39.67454,-31.02545852661133,-43.88325109846016
76213,8.99,14.812429,5.822429428100586,64.76562211457826
78355,44.83,44.47269,-0.35730941772460767,-0.7970319378197807
52599,28.99,15.237148,-13.752851715087889,-47.43998521934422
151144,14.29,13.076949,-1.213050880432128,-8.488809520168846
165890,45.49,41.909786,-3.5802137756347676,-7.8703314478671516
140224,27.56,20.83899,-6.721010742187499,-24.38683143028846
38348,36.85,21.757816,-15.092183685302736,-40.95572234817567
26083,2.48,5.6100025,3.1300025177001953,126.20977893952401
117597,55.0,6.940062,-48.059937953948975,-87.38170537081632
294249,3.6,6.262755,2.6627549171447753,73.96541436513265
275135,9.15,14.981342,5.831342315673828,63.73051711118938
78555,21.99,26.60427,4.614270935058595,20.98349674878852
158003,6.48,6.5469475,0.06694747924804645,1.0331401118525687
213486,14.95,18.618856,3.6688564300537116,24.540845685978006
5670,17.99,17.848621,-0.1413786315917953,-0.7858734385313803
136716,14.91,14.855602,-0.05439773559570327,-0.3648406143239656
7667,27.31,32.851074,5.541074218750001,20.289543093189312
147656,52.61,49.415844,-3.1941560363769526,-6.07138573726849
52561,22.0,19.744738,-2.2552623748779297,-10.251192613081498
83906,80.36,38.834995,-41.52500473022461,-51.67372415408737
133334,19.99,22.03828,2.0482804870605484,10.24652569815182
100603,7.72,3.6274538,-4.0925461959838865,-53.01225642466174
256235,7.58,7.6705427,0.0905427169799804,1.1944949469654405
215312,33.24,19.268206,-13.971794357299807,-42.0330756838141
201197,25.59,24.132082,-1.457918014526367,-5.697217719915463
120300,23.98,17.910517,-6.069483261108399,-25.310605759417843
271086,9.045,15.820839,6.775838928222656,74.91253651987458
50443,31.0,31.593979,0.5939788818359375,1.9160609091481855
147096,5.89,7.3980417,1.5080417251586917,25.603424875359792
14550,22.57,24.652655,2.082654647827148,9.227534992588161
34665,10.7,11.748139,1.0481393814086921,9.795695153352263
291615,8.64,12.918594,4.278594360351562,49.52076805962455
241019,16.99,17.118643,0.1286428070068375,0.7571677869737347
159626,7.99,8.598075,0.6080749130249021,7.610449474654595
48356,2.58,9.149424,6.569423599243164,254.6288216760916
142361,29.13,29.19,0.06000053405761818,0.20597505684043318
6745,44.95,18.25037,-26.699629974365237,-59.39850939792044
275518,6.49,5.993017,-0.4969828033447268,-7.65767031347807
178430,12.91,10.504692,-2.4053079223632814,-18.63135493697352
182743,5.85,11.979512,6.129512214660645,104.77798657539566
172242,3.49,5.799071,2.309070835113525,66.16248811213539
226309,24.99,23.004677,-1.9853231811523422,-7.944470512814496
65851,1.39,3.7811837,2.39118371963501,172.02760572913743
296430,10.49,7.62346,-2.8665401840209963,-27.32640785530025
72980,24.99,9.110973,-15.879026641845702,-63.54152317665347
196547,31.42,62.46054,31.040540771484373,98.79230035481977
9592,2.25,3.0294046,0.7794046401977539,34.640206231011284
169732,17.99,15.058651,-2.931349029541014,-16.29432478899952
237604,10.76,6.3222966,-4.437703380584717,-41.24259647383566
142799,59.48,48.37191,-11.108089904785153,-18.675336087399383
93622,22.99,21.081337,-1.9086630249023422,-8.30214451893146
282820,2.99,2.4520285,-0.5379714870452883,-17.992357426263823
124853,3.34,3.8384614,0.4984613990783693,14.923993984382314
67553,8.99,10.468056,1.478055725097656,16.441109289184162
294410,45.71,17.30261,-28.407389602661134,-62.14699103623088
279094,13.36,15.419952,2.0599523925781256,15.418805333668606
194003,11.925,8.800693,-3.1243074417114265,-26.19964311707695
92116,23.0,9.318199,-13.681800842285156,-59.48609061863112
153708,1.405,5.6516404,4.24664041519165,302.2519868463808
24742,14.49,8.906671,-5.583329429626465,-38.53229420032067
10882,2.19,2.8519497,0.661949691772461,30.226013322943423
222853,88.99,83.92979,-5.060213317871089,-5.686271848377446
69307,28.975,22.048048,-6.926951980590822,-23.906650493842353
58255,2.935,4.935846,2.0008458518981933,68.17191999653129
189129,20.0,15.239832,-4.760168075561523,-23.800840377807617
86168,81.18,73.76217,-7.417831115722663,-9.137510613109956
193849,13.8,5.652944,-8.147055912017823,-59.036637043607406
198313,2.185,13.624864,11.439863624572753,523.5635526120253
101864,13.29,12.910905,-0.37909511566162024,-2.852483940268023
258185,29.95,28.079618,-1.870381546020507,-6.245013509250441
33030,6.72,10.369225,3.649224548339844,54.30393673124768
38345,68.1,8.9303,-59.16970024108886,-86.88649080923476
51601,3.96,7.902524,3.942523994445801,99.55868672842931
238109,66.38,41.095863,-25.28413665771484,-38.089991951965715
216766,18.015,8.827952,-9.18704761505127,-50.99665620344862
223953,9.0,7.9674225,-1.0325775146484375,-11.47308349609375
176630,1.98,10.837695,8.857695121765136,447.3583394830877
32085,16.9,20.759687,3.859687423706056,22.838387122521045
297872,11.49,10.265569,-1.2244312667846682,-10.656494924148548
278083,14.64,8.796415,-5.843584671020508,-39.915195840304015
82992,13.78,8.420341,-5.359659461975097,-38.89448085613278
290846,6.49,6.762804,0.2728040313720701,4.203451947181358
268544,14.63,15.185343,0.5553427886962883,3.7959178994961604
73327,12.25,19.428034,7.178033828735352,58.59619452028858
286029,38.0,34.427765,-3.572235107421875,-9.400618703741777
260535,4.18,8.811526,4.6315262985229495,110.80206455796531
83611,18.99,15.958693,-3.0313074493408187,-15.962651128703628
125863,7.99,9.056135,1.0661351776123045,13.343368931317952
108719,14.64,11.543484,-3.096516265869141,-21.15106738981654
116466,62.35,13.461159,-48.888841247558595,-78.41033078998973
193647,3.99,14.804357,10.814356575012207,271.03650563940363
172154,6.17,6.371223,0.20122297286987312,3.2613123641794672
177512,3.89,8.5952015,4.70520149230957,120.95633656322802
92484,9.155,13.770712,4.615711898803712,50.41738829933055
214623,6.74,8.350905,1.6109054183959959,23.900673863442073
241641,31.13,7.5139313,-23.616068725585937,-75.86273281588801
95746,9.815,12.466912,2.6519122695922857,27.018973709549527
149176,30.67,14.735607,-15.934392852783205,-51.95432948413173
99346,22.99,26.83853,3.8485295867919938,16.740015601531073
64952,28.99,33.800354,4.810354003906252,16.593149375323392
298089,5.640000000000001,25.567669,19.92766891479492,353.3274630282787
30899,20.54,26.846582,6.306582412719727,30.70390658578251
214641,2.0,1.7801878,-0.21981215476989746,-10.990607738494873
279576,1.63,16.008307,14.3783065032959,882.1046934537362
19572,93.46,75.87823,-17.581772766113275,-18.81208299391534
92472,14.99,13.5344095,-1.4555904769897463,-9.71041012001165
32974,22.47,15.294645,-7.175354690551757,-31.933042681583252
203720,11.98,14.60284,2.622840423583984,21.893492684340433
198480,3.49,7.9734983,4.4834983444213865,128.4670012728191
204442,34.5,33.70689,-0.7931098937988281,-2.2988692573879077
262538,34.99,25.798613,-9.19138740539551,-26.26861219032726
47618,27.74,26.731413,-1.0085871124267562,-3.6358583721224096
249165,9.76,9.113049,-0.6469514465332029,-6.628600886610686
104070,18.98,25.94229,6.962289352416992,36.68224105593779
778,92.98,43.565483,-49.414516906738285,-53.145318247728845
66692,54.98,20.675093,-34.30490730285644,-62.39524791352573
95971,2.29,7.709137,5.419136962890625,236.64353549740719
126987,18.95,47.05814,28.10813980102539,148.3279145172844
117723,4.755,11.8527355,7.09773551940918,149.26888579199115
160442,53.57,21.304901,-32.265098876953125,-60.22979069806445
241478,11.96,16.505922,4.545922317504882,38.0093839256261
122162,20.49,17.755934,-2.7340662384033187,-13.343417464145041
154716,9.235,8.694669,-0.5403312301635737,-5.850906661218989
81887,31.555,10.103265,-21.451735191345215,-67.98204782552753
115915,34.98,31.630505,-3.3494953918457,-9.575458524430246
192602,36.99,6.5270553,-30.462944736480715,-82.35454105563859
236827,13.04,13.971921,0.9319209671020516,7.146633183297943
255078,80.65,37.74719,-42.90281143188477,-53.196294397873245
192651,39.98,30.846287,-9.133713226318356,-22.84570591875527
74246,15.58,44.96642,29.386419219970705,188.6162979458967
49701,14.97,15.404978,0.4349777984619134,2.9056633163788472
143850,117.49,102.973785,-14.51621459960937,-12.355276704067895
234282,7.99,9.272385,1.2823846435546873,16.049870382411605
48965,60.595,21.484734,-39.11026641845703,-64.54371881913859
135013,3.49,19.245922,15.755922088623047,451.4590856338981
271818,47.93,28.539478,-19.390521697998047,-40.45591841852295
222568,8.98,9.688297,0.7082972717285152,7.887497458001283
175936,20.99,19.985167,-1.0048334503173812,-4.78720081142154
140822,9.695,17.025871,7.3308712768554685,75.61496933321783
185110,13.49,8.019477,-5.470523109436035,-40.55243224192762
264975,25.99,16.581974,-9.408025970458983,-36.198637824005324
88539,29.395000000000003,20.5681,-8.826900024414066,-30.028576371539593
201649,12.61,19.885435,7.275435104370118,57.69575816312545
97007,37.43,40.698483,3.2684825134277347,8.73225357581548
128401,29.98,22.058014,-7.921986083984375,-26.42423643757297
103032,41.95,27.277119,-14.672881317138675,-34.97707107780375
295298,44.99,22.979073,-22.01092742919922,-48.924044074681525
204324,28.91,24.531366,-4.378633651733399,-15.145740753142162
274044,9.84,10.140237,0.3002368545532228,3.0511875462725895
267176,60.0,41.56886,-18.431140899658203,-30.718568166097004
234101,3.8,12.573518,8.77351779937744,230.88204735203792
22810,18.95,17.514273,-1.4357273101806634,-7.57639741520139
246140,4.97,5.3603125,0.3903124618530276,7.853369453783252
65078,26.99,23.589779,-3.400221099853514,-12.598077435544699
5790,13.989999999999998,15.854439,1.8644387817382828,13.326939111781865
211473,20.89,15.942648,-4.94735206604004,-23.6828725037819
279473,32.36,29.885965,-2.4740346527099604,-7.645348123331151
140239,9.98,10.564415,0.5844149780273433,5.855861503279993
72112,36.795,14.681104,-22.11389629364014,-60.10027529186068
244127,3.685,12.438802,8.753801765441894,237.5522867148411
65253,51.99,9.218477,-42.771522750854494,-82.26874928035102
61139,12.0,7.7024612,-4.297538757324219,-35.81282297770183
291757,154.91,49.79577,-105.11423126220703,-67.85503276883806
228183,11.19,13.669847,2.4798465347290044,22.16127376880254
292873,14.195,8.457004,-5.737996406555176,-40.422658728814206
228286,40.99,29.086903,-11.903097381591799,-29.039027522790434
156861,119.9,96.48775,-23.412252807617193,-19.526482741965964
164485,33.405,27.128422,-6.2765782165527355,-18.789337573874377
222040,17.0,19.081194,2.0811939239501953,12.242317199707031
189574,7.95,11.963539,4.013539123535156,50.48476884949882
121908,27.99,12.990782,-14.999218215942381,-53.587774976571566
78783,7.99,9.496482,1.5064818954467771,18.854591933000965
156092,8.95,9.425896,0.47589569091796946,5.317270289586251
74438,14.84,18.788893,3.94889274597168,26.60978939334016
132205,190.4,38.94084,-151.45915832519532,-79.5478772716362
267783,4.135,7.815748,3.68074821472168,89.01446710330544
169925,32.99,37.339844,4.349843749999998,13.185340254622608
267749,20.91,23.71064,2.800639953613281,13.393782657165382
141589,19.99,12.334586,-7.655413856506346,-38.29621739122735
70584,12.97,24.405357,11.435357360839843,88.16775143284381
278465,18.88,16.926401,-1.953598861694335,-10.347451597957283
4241,18.44,16.827667,-1.6123327636718763,-8.743670084988482
173599,53.99,43.9166,-10.073400726318361,-18.65790095632221
171035,14.99,7.179248,-7.8107521438598635,-52.106418571446724
26414,74.55,8.27454,-66.27546005249023,-88.9006841750372
100985,12.0,12.0416355,0.04163551330566406,0.3469626108805338
26410,6.609999999999999,9.793169,3.183169021606446,48.156868708115674
46861,14.985,15.922018,0.9370180511474615,6.25304004769744
224658,30.005,10.177534,-19.827465896606444,-66.08053956542724
211656,62.08,77.22838,15.14837829589844,24.401382564269394
185599,10.99,14.096185,3.106184730529785,28.26373731146301
247546,17.99,18.315565,0.32556510925293125,1.8097004405388064
177030,47.39,58.82191,11.431910858154296,24.123044646875496
245142,3.97,9.3915615,5.42156150817871,136.56326217074837
220520,7.99,12.454473,4.464472541809082,55.87575146194095
280437,3.69,20.141018,16.451017913818358,445.82704373491487
122875,41.17,20.794603,-20.37539665222168,-49.49088329419888
276519,12.0,6.051669,-5.948330879211426,-49.56942399342854
43014,5.735,5.598744,-0.136256084442139,-2.3758689527835917
137734,24.37,14.41292,-9.957080001831056,-40.85794009778849
1120,44.3,11.295687,-33.00431327819824,-74.50183584243395
1938,18.47,19.402752,0.932751922607423,5.050091622130065
187314,3.925,5.2605968,1.3355967521667482,34.027942730363016
137654,59.99,35.76258,-24.22741912841797,-40.38576284117015
12038,1.25,4.4552007,3.205200672149658,256.41605377197266
50351,29.99,48.171608,18.181607971191408,60.62556842678028
246508,17.155,31.066414,13.91141387939453,81.09247379419719
141048,90.57,82.594536,-7.975464172363274,-8.805856434098791
169184,22.09,11.54139,-10.548609580993652,-47.75287270707855
20434,25.99,13.545551,-12.44444869995117,-47.881680261451216
291611,22.99,11.834271,-11.15572856903076,-48.52426519804594
183616,5.29,5.180167,-0.10983280181884769,-2.076234438919616
16270,6.99,7.3930397,0.4030397033691404,5.765947115438346
162946,9.32,8.837688,-0.4823115539550784,-5.175016673337751
113357,109.99,20.955338,-89.03466247558593,-80.94796115609232
99115,7.73,31.020912,23.290912170410156,301.30546145420635
135196,1.44,2.4783456,1.0383456325531006,72.10733559396533
212385,39.95,33.164703,-6.785296630859378,-16.98447216735764
281586,16.87,21.302013,4.432013397216796,26.271567262695882
283307,4.705,6.337161,1.6321610641479491,34.68992697445163
127274,2.6,9.012518,6.412517929077149,246.6353049645057
79875,14.35,15.88792,1.5379203796386722,10.717215189119669
122675,2.49,7.6278677,5.137867698669433,206.34006821965593
272147,6.875,21.000443,14.125442504882812,205.46098188920453
200740,10.085,8.513703,-1.5712966537475594,-15.580532015345158
3365,3.99,29.796244,25.806243667602537,646.7730242506901
70001,29.99,37.975365,7.985364685058595,26.626757869485147
67472,20.0,9.567062,-10.432937622070312,-52.16468811035156
298166,4.67,6.951385,2.281385021209717,48.851927649030344
230125,24.0,11.112562,-12.88743782043457,-53.69765758514404
118247,20.22,10.257954,-9.96204635620117,-49.26828069337869
28657,8.595,10.316055,1.7210552978515619,20.023912714968723
24020,112.08,15.5382595,-96.54174049377441,-86.13645654333905
103045,12.99,9.793483,-3.1965172195434572,-24.60752286022677
69172,16.545,14.490545,-2.0544547271728533,-12.417375202011804
95785,1.75,8.314001,6.564001083374023,375.08577619280135
170106,2.97,5.3198366,2.349836616516113,79.11907799717552
22170,13.25,11.965542,-1.2844581604003906,-9.69402385207842
55802,27.99,20.764944,-7.2250559234619125,-25.812990080249776
222697,14.99,22.026854,7.036853561401367,46.943652844572156
5234,14.0,20.238144,6.2381439208984375,44.55817086356027
228184,36.58,31.507973,-5.072027282714842,-13.865574857066271
194896,2.59,6.5080247,3.9180246925354005,151.27508465387646
97700,18.99,28.081852,9.091851959228517,47.877050864815786
226552,21.99,22.586355,0.5963552093505875,2.711938196228229
59516,49.95,19.079882,-30.870118331909183,-61.802038702520875
32738,10.989999999999998,6.598144,-4.391855945587157,-39.962292498518266
128975,13.99,13.019578,-0.9704220199584963,-6.936540528652582
206197,6.4,9.5452795,3.145279502868652,49.144992232322686
167282,11.89,12.8365,0.9465001678466791,7.960472395682751
200683,85.99,58.32706,-27.662939300537104,-32.16994918076184
112182,11.54,20.223772,8.683772048950196,75.2493245142998
158836,1.85,8.373718,6.52371826171875,352.63341955236484
253804,30.17,30.786673,0.6166725921630842,2.0439926820122114
160611,47.72,9.913203,-37.80679676055908,-79.22631341273907
104285,8.74,11.129737,2.3897369003295896,27.34252746372528
222264,8.58,8.700491,0.12049095153808587,1.4043234444998351
27355,27.98,22.824224,-5.155775527954102,-18.426645918349184
145083,57.7,73.12542,15.425419616699216,26.73382949167975
75408,5.9,12.06544,6.16544017791748,104.49898606639796
36694,13.5,9.095853,-4.404147148132324,-32.62331220838759
160523,111.53,57.25252,-54.27747848510742,-48.66625884076699
108679,27.14,14.187161,-12.952838554382325,-47.72600793803362
180679,13.65,10.916098,-2.7339023590087894,-20.0285887106871
198199,25.26,14.89539,-10.364610443115236,-41.03171196799381
198909,1.89,2.4269485,0.5369485473632813,28.409976050967266
264182,9.89,13.87542,3.985419616699218,40.29746831849563
129786,139.99,148.24269,8.252691040039053,5.895200400056471
192538,11.41,12.122311,0.7123106384277342,6.242862738192237
59240,3.29,3.8250918,0.5350918388366699,16.264189630293917
214819,5.95,12.124207,6.17420654296875,103.76817719275209
14846,11.98,12.359681,0.379681129455566,3.1692915647376125
162317,29.450000000000003,14.9430685,-14.506931495666507,-49.25952969666046
247798,68.355,38.100567,-30.254433135986332,-44.26074630383488
190485,5.29,6.217839,0.9278387641906738,17.539485145381356
116777,4.91,7.1019335,2.191933479309082,44.642229721162565
181470,4.335,8.731701,4.396700897216797,101.4233194282998
196401,64.0,39.916058,-24.083942413330078,-37.63116002082825
73802,11.49,12.984118,1.4941184616088865,13.003641963523815
198882,134.49,8.692615,-125.79738544464112,-93.53660900040235
219114,79.99,72.01672,-7.973276367187495,-9.967841439164264
107296,17.72,19.27342,1.5534203338623058,8.766480439403532
46290,9.83,10.676128,0.8461283874511718,8.607613300622297
34905,39.25,34.470135,-4.779865264892578,-12.17800067488555
240347,15.99,14.449947,-1.5400526428222658,-9.631348610520737
253984,3.99,7.512373,3.5223729705810545,88.2800243253397
67624,39.99,40.01218,0.022180328369138635,0.05546468709462024
22682,18.5,13.757669,-4.742330551147461,-25.634219195391683
73059,5.94,6.129594,0.18959384918212852,3.1918156427967763
139931,3.69,4.619468,0.9294682121276856,25.188840437064652
141318,7.49,11.727768,4.237767944335937,56.57901127284295
47559,1.47,5.1732445,3.7032444763183596,251.92139294682718
231766,9.06,3.5117593,-5.548240718841553,-61.238860031363714
99369,64.1,19.718555,-44.38144454956054,-69.23782301023486
208615,9.25,13.657054,4.4070539474487305,47.643826458905195
78159,10.29,11.367173,1.0771731948852548,10.468155441061757
214534,20.24,22.568104,2.3281037902832047,11.502489082426901
180403,5.365,6.09328,0.7282798385620115,13.574647503485767
9301,5.24,9.292392,4.052391777038574,77.33572093585065
95717,2.5,4.1407533,1.6407532691955566,65.63013076782227
283119,15.99,27.99545,12.00544906616211,75.08098227743658
122830,120.0,63.82788,-56.172119140625,-46.810099283854164
99320,169.99,30.607756,-139.38224433898927,-81.99437869226969
96115,21.83,18.990381,-2.8396187591552717,-13.007873381380083
266090,3.01,6.72557,3.7155702018737795,123.44087049414551
131268,24.99,14.950106,-10.03989433288574,-40.175647590579196
239957,17.99,35.633335,17.643335113525392,98.0730134159277
63397,8.78,11.682449,2.902449340820313,33.05750957654116
16166,24.49,20.659605,-3.8303949737548812,-15.640649137422955
204843,40.24,30.328802,-9.911197891235354,-24.63021344740396
45062,7.41,11.605671,4.195670928955078,56.62173993191738
11362,13.99,8.020245,-5.969755401611328,-42.67158971845124
89171,8.16,9.503729,1.3437288665771483,16.467265521778778
203031,9.99,12.511413,2.5214126205444334,25.239365571015348
148090,12.465,9.471798,-2.9932020568847655,-24.012852441915488
81680,20.48,11.88783,-8.592170219421387,-41.95395614951849
138038,10.0,11.014265,1.0142650604248047,10.142650604248047
173415,4.890000000000001,9.208695,4.318695411682128,88.31687958450159
277387,3.39,7.732272,4.342272148132324,128.09062383871162
113691,8.51,7.6808023,-0.8291976547241209,-9.743803228250538
49099,48.99,48.494305,-0.4956953430175801,-1.0118296448613597
59653,54.98,55.84363,0.8636317443847688,1.5708107391501798
120485,13.95,10.352794,-3.597206306457519,-25.786425135896195
11029,9.99,12.854144,2.8641440963745115,28.670111074819932
45043,3.69,6.49697,2.8069701766967774,76.06965248500752
14858,7.67,6.202343,-1.467657012939453,-19.135032763226246
76388,6.855,6.1119766,-0.7430233764648442,-10.83914480619758
215645,18.69,14.437277,-4.25272315979004,-22.7540029951313
270824,8.99,19.587683,10.597682723999023,117.88301139042294
239554,23.19,34.68282,11.492819366455077,49.559376310716154
297129,59.92,40.38048,-19.5395182800293,-32.60934292394742
41673,1.97,8.74678,6.776780395507813,343.99900484811235
107787,15.95,6.7161636,-9.233836364746093,-57.89239100154291
44047,16.245,14.85736,-1.3876401138305674,-8.541952070363603
35947,19.145,4.6690392,-14.475960750579834,-75.6122264329059
234743,11.39,25.501394,14.111394271850585,123.89283820764341
98256,3.56,10.953103,7.393103065490722,207.6714344238967
78476,9.99,21.681007,11.691007385253906,117.02710095349256
75590,3.89,4.025313,0.13531290054321277,3.478480733758683
69704,10.98,11.573245,0.5932450485229488,5.402960369061464
80695,5.095000000000001,17.073235,11.978234558105468,235.0978323475067
12141,18.68,18.958244,0.27824432373046903,1.4895306409554017
179781,13.32,12.7233715,-0.5966284942626956,-4.479192899870086
113987,5.98,10.471332,4.491331596374511,75.1058795380353
61166,2.435,7.815279,5.380279006958007,220.9560167128545
283887,32.945,28.429388,-4.515611953735352,-13.706516781713013
57441,18.99,18.96693,-0.023069610595701562,-0.12148294152554799
275460,19.68,16.43744,-3.242559127807617,-16.476418332355777
270147,27.99,8.822909,-19.167090644836424,-68.47835171431377
196994,11.71,4.635752,-7.074247798919679,-60.41202219401946
94167,14.99,8.244465,-6.745535125732422,-45.00023432776799
287721,6.69,11.600572,4.9105716323852535,73.40166864551948
83655,4.550000000000001,4.527838,-0.02216176986694407,-0.48707186520756185
155981,16.22,7.524295,-8.69570514678955,-53.61100583717355
196458,53.74,44.795185,-8.944814910888674,-16.64461278542738
254194,21.92,21.694418,-0.22558204650879077,-1.02911517567879
277404,4.93,6.3074794,1.3774793815612796,27.9407582466791
278871,20.99,17.64515,-3.344850769042967,-15.935449114068447
195036,0.995,3.8903446,2.8953446197509765,290.98940902019865
205834,16.99,17.273266,0.28326583862304844,1.667250374473505
237087,249.99,120.464096,-129.52590393066407,-51.81243406962841
167110,5.2,12.609763,7.409763145446777,142.4954451047457
288226,25.24,15.020151,-10.219848861694334,-40.490684872006085
27146,39.35,12.673295,-26.676704978942873,-67.79340528320932
152068,26.21,16.462662,-9.747338256835938,-37.18938671055299
20311,52.41,46.47166,-5.938339385986325,-11.33054643386057
51856,11.59,27.905394,16.315393600463867,140.77129940003337
140868,34.95,21.211523,-13.73847694396973,-39.308946906923396
120735,12.79,21.422672,8.632672271728516,67.49548296894852
83423,4.13,58.953274,54.82327377319336,1327.4400429344637
6603,25.29,24.60559,-0.6844091796874991,-2.7062442850434922
18947,2.08,4.1030693,2.023069305419922,97.26294737595778
239938,3.02,5.926052,2.9060520935058594,96.22689051343906
65863,44.84,35.11403,-9.725971069335941,-21.690390431168467
270887,19.99,22.257616,2.267616043090822,11.34375209149986
27614,40.145,24.233007,-15.91199256896973,-39.63629983552056
110649,21.485,12.2918,-9.193200454711913,-42.78892462048831
212280,9.92,13.0327835,3.1127835083007813,31.378866011096584
250424,5.09,10.26963,5.179630432128906,101.76091222257185
139165,4.29,15.475723,11.185723266601563,260.73947008395254
169203,3.79,4.2366233,0.4466232872009277,11.784255598969068
202946,26.94,23.676157,-3.263843002319337,-12.115230149663464
228867,15.87,19.362791,3.492791061401368,22.008765352245547
112697,20.49,20.160288,-0.3297121429443344,-1.609136861612174
278584,2.98,14.2763405,11.29634048461914,379.07182834292416
164020,8.99,9.863869,0.873868713378906,9.720452874070144
291104,5.61,6.9950805,1.385080471038818,24.68949146236752
49143,25.745,7.2141247,-18.53087532043457,-71.9785407668851
233073,70.32,52.54556,-17.774441070556634,-25.276508917173828
165592,7.685,10.197461,2.5124611282348637,32.693053067467325
123340,15.99,14.8551855,-1.1348144912719729,-7.097026211832226
54938,13.96,14.578475,0.6184749984741202,4.430336665287394
267792,1.36,9.87341,8.513410224914551,625.9860459495993
14689,4.49,19.615494,15.125493774414062,336.8706853989769
205808,5.48,11.82123,6.341229934692382,115.71587472066392
269665,15.32,13.996936,-1.3230641555786136,-8.636189005082334
297526,8.0,4.539452,-3.460547924041748,-43.25684905052185
40804,15.88,12.806378,-3.0736216354370125,-19.355299971265822
75654,15.265,14.823038,-0.4419618988037115,-2.8952630121435408
51370,41.99,20.009016,-21.980983963012697,-52.34813994525529
13959,46.06,12.294772,-33.76522785186768,-73.30705135012522
1225,61.99,7.8643904,-54.12560962677002,-87.31345318078726
53058,2.49,11.297824,8.807823905944824,353.72786770862746
64740,16.19,34.15225,17.962248382568358,110.94656196768595
293085,0.5,18.922703,18.42270278930664,3684.540557861328
69840,55.99,17.217525,-38.77247451782227,-69.24892751888243
186520,9.0,6.168411,-2.8315892219543457,-31.462102466159397
66661,28.745,17.393904,-11.351096267700196,-39.48894161662966
236223,26.98,24.597948,-2.38205192565918,-8.828954505779022
142069,24.29,32.031094,7.74109359741211,31.869467259827545
160960,36.275,19.82312,-16.4518798828125,-45.353218146967606
15818,2.785,2.8841343,0.09913429260253892,3.5595796266620794
68535,9.015,6.088388,-2.9266120338439947,-32.46380514524675
246454,13.79,15.684244,1.89424415588379,13.73636081134003
194207,5.89,11.225315,5.335315093994141,90.58259921891582
28065,19.95,19.797626,-0.15237350463867116,-0.7637769656073743
178662,15.35,13.109936,-2.2400642395019528,-14.593252374605555
58284,32.99,13.815447,-19.174553146362307,-58.12231932816704
60672,253.215,107.4528,-145.76220306396485,-57.56460046362374
1452,80.86,64.47006,-16.389937744140624,-20.269524788697286
41627,16.8,5.759551,-11.040448951721192,-65.71695804595947
124711,9.99,10.672577,0.6825769042968748,6.83260164461336
273247,4.92,7.7510815,2.8310814666748048,57.542306233227734
983,36.485,23.092377,-13.392623291015624,-36.70720375775147
276324,13.86,5.906746,-7.953254089355468,-57.38278563748535
96945,22.7,10.827249,-11.872751426696777,-52.302869721131174
28743,16.99,18.626646,1.6366460418701188,9.632996126369152
192015,7.9,12.796842,4.896841621398925,61.98533697973323
289176,13.48,8.12016,-5.359839897155762,-39.76142356940476
66655,4.98,11.110631,6.130630989074707,123.10503994125916
62544,33.95,20.334692,-13.61530799865723,-40.103999996044855
162460,7.99,5.9159427,-2.0740573310852053,-25.958164343995062
212515,59.61,81.21764,21.60764373779297,36.24835386309842
147943,34.5,42.939693,8.439693450927734,24.462879567906477
110902,4.635,6.4585695,1.8235695266723635,39.34346335862705
222314,6.47,6.9274154,0.45741537094116236,7.069789349940686
239601,54.7,48.30828,-6.391719055175784,-11.685043976555363
235980,6.48,4.665296,-1.814703922271729,-28.004690158514332
116956,29.92,20.471346,-9.448654098510744,-31.57972626507601
122328,47.15,30.340263,-16.80973663330078,-35.651615341040895
202225,18.03,11.546001,-6.483998565673829,-35.96227712520149
84691,7.59,6.929856,-0.6601441764831542,-8.697551732320871
84192,14.99,16.739443,1.7494428253173826,11.670732657220698
220269,5.39,19.920305,14.530305252075195,269.57894716280515
208065,1.94,1.7401862,-0.19981378555297846,-10.299679667679303
113119,20.015,24.036667,4.021666870117187,20.093264402284223
48181,9.99,6.0470095,-3.942990531921387,-39.469374693907774
97929,9.34,15.240633,5.900633010864258,63.17594230047385
20857,78.86,77.77451,-1.0854867553710932,-1.3764731871304758
142237,80.86,57.335857,-23.524142608642578,-29.092434588971777
94836,10.97,9.442738,-1.5272624206542975,-13.9221733879152
117918,10.98,14.520685,3.540685195922851,32.24667755849591
229346,5.99,14.511855,8.521855125427246,142.26803214402747
258152,4.39,7.9707413,3.5807412719726566,81.56586040939993
202378,9.99,8.117658,-1.872342338562012,-18.74216555117129
136560,34.99,27.727089,-7.262911071777346,-20.757105092247343
131144,37.49,16.40104,-21.088960876464846,-56.25222959846584
255994,14.99,12.119598,-2.870401611328125,-19.148776593249668
111880,9.99,8.1148405,-1.875159492492676,-18.770365290216976
226383,14.95,15.269119,0.3191192626953132,2.1345770079954063
241721,4.48,7.817135,3.337134857177734,74.48961734771727
53493,13.95,18.955547,5.005547332763673,35.88205973307292
41667,6.96,15.948891,8.988890686035155,129.15072824763155
216858,27.65,18.338472,-9.31152763366699,-33.676410971670855
149834,50.1,40.60463,-9.495370483398439,-18.95283529620447
45624,9.97,7.172612,-2.7973878097534186,-28.058052254297078
226525,5.88,11.64782,5.767820472717285,98.09218491015791
133455,2.67,10.802955,8.13295467376709,304.60504396131427
274446,13.51,12.978135,-0.5318648910522459,-3.936823767966291
114132,4.485,6.638749,2.1537491226196286,48.0211621542838
2182,55.93,60.306435,4.3764346313476565,7.8248428953113836
48841,18.595,33.88436,15.289361267089845,82.22296997628312
54082,1.72,9.792181,8.072181015014648,469.3128497101539
123813,255.95,177.30635,-78.64364929199218,-30.72617671107333
219389,11.565,20.917105,9.352104721069336,80.86558340743049
67954,6.27,19.287336,13.017336349487305,207.6130199280272
276217,3.49,5.3833246,1.89332462310791,54.24998920079971
164509,15.375,13.02901,-2.3459901809692383,-15.258472721751144
102198,64.99,73.7878,8.797803649902349,13.537165179108094
52646,6.105,7.260854,1.155853767395019,18.932903642834052
100463,1.54,14.406792,12.86679168701172,835.5059537020597
193796,15.36,10.207691,-5.152308807373046,-33.54367713133494
1626,46.64,59.691692,13.051692352294921,27.98390298519494
116280,75.0,23.479141,-51.52085876464844,-68.69447835286458
120799,9.99,10.333852,0.3438518142700193,3.4419601028029962
84197,5.79,9.857939,4.067938766479492,70.25800978375634
246572,26.99,22.572796,-4.417204132080077,-16.36607681393137
178171,31.34,17.246,-14.093999710083008,-44.9712817807371
218632,24.99,17.73944,-7.250559082031248,-29.013841864870944
221619,7.64,16.761192,9.121192321777343,119.38733405467727
141128,17.38,19.4388,2.058800811767579,11.845804440549939
213829,23.1,23.185104,0.08510437011718608,0.36841718665448514
24719,7.17,6.3213215,-0.8486785125732421,-11.836520398511048
61569,128.13,44.814327,-83.31567276000976,-65.02432900960726
290307,13.97,11.760912,-2.2090880584716803,-15.813085601085758
42557,20.655,13.530845,-7.124155311584474,-34.4911900827135
791,11.49,5.5714664,-5.918533554077149,-51.51030073174193
192326,12.68,12.176456,-0.5035435485839841,-3.9711636323658053
250968,28.99,17.047205,-11.942795028686522,-41.196257429066996
263156,109.23,46.649597,-62.580402832031254,-57.2923215527156
134597,21.29,13.51745,-7.772549667358398,-36.50798340703803
151610,3.79,6.300766,2.5107659912109375,66.2471237786527
195892,67.99,63.916847,-4.073152770996089,-5.990811547280614
142851,50.58,56.97088,6.3908786010742205,12.635189009636655
297949,10.29,16.273071,5.983071289062501,58.144521759596714
66264,20.685,49.374043,28.68904251098633,138.69491182492789
173002,28.7,22.646631,-6.053368759155273,-21.091877209600256
147886,128.44,95.565125,-32.87487548828125,-25.59551190305298
103094,19.42,15.905836,-3.514163894653322,-18.095591630552637
58085,19.99,19.59384,-0.39616035461425625,-1.9817926694059844
219661,6.48,7.3903713,0.9103713226318355,14.048940164071535
92222,24.39,10.4842615,-13.905738487243653,-57.01409793867837
32581,8.395,12.159817,3.76481674194336,44.84594094036164
215867,4.975,6.7416873,1.7666872978210453,35.51130246876473
297196,2.4400000000000004,5.59978,3.1597800827026363,129.49918371732113
142082,38.92,48.316803,9.396802978515623,24.14389254500417
41545,3.28,17.883493,14.603493423461915,445.2284580323755
194529,3.89,5.1937356,1.3037355995178221,33.51505397218052
132378,13.99,12.168721,-1.8212788009643557,-13.018433173440712
174790,16.95,10.389168,-6.560832214355468,-38.706974715961465
71497,12.58,10.119541,-2.4604588317871094,-19.558496278116927
72904,6.28,6.323997,0.0439970207214353,0.7005895019336831
234211,5.12,17.315855,12.195855026245116,238.2002934813499
75061,3.77,4.0653462,0.29534624099731444,7.834117798337253
267089,59.99,34.499413,-25.49058746337891,-42.49139433802118
147502,70.49,72.93321,2.4432122802734426,3.4660409707383217
126655,20.99,13.476907,-7.513093223571776,-35.7936790070118
123241,68.13,14.652276,-53.47772396087646,-78.49365031685963
211406,84.34,44.52438,-39.815620269775394,-47.20846605380056
112974,4.640000000000001,6.294606,1.654606208801269,35.65961656899287
87011,17.99,11.594784,-6.395216217041014,-35.54872827704844
136992,8.76,6.3117814,-2.448218593597412,-27.947700840153107
140897,25.56,33.690235,8.130235137939454,31.808431682079245
69845,3.94,4.7491674,0.8091674423217774,20.537244728979122
292391,16.2,23.106655,6.90665512084961,42.63367358549142
67143,47.6,42.008217,-5.591783142089845,-11.747443575819002
265616,5.24,12.02493,6.784930000305176,129.48339695238883
8810,6.245,5.792304,-0.45269596099853526,-7.248934523595441
265201,42.03,15.913702,-26.116297988891603,-62.137278108236025
243276,27.99,8.227774,-19.762226333618162,-70.60459568995414
62747,27.95,19.77019,-8.179810714721679,-29.2658701778951
75744,125.41,17.196772,-108.2132283782959,-86.28755950745227
30922,49.475,53.786415,4.311415100097655,8.714330672253977
264142,32.44,33.943962,1.503962097167971,4.6361347015042265
8262,1.48,11.52434,10.04433967590332,678.6715997231972
251076,13.58,10.8275385,-2.75246150970459,-20.26849418044617
137316,1.135,3.4262881,2.29128812789917,201.87560598230573
139580,8.15,12.678297,4.528297042846679,55.56192690609423
22891,6.75,28.025965,21.275964736938477,315.1994775842737
188582,9.96,10.561956,0.6019564056396476,6.04373901244626
120188,34.99,28.940336,-6.04966377258301,-17.289693548393853
264979,13.19,18.930584,5.740583953857422,43.52224377450661
63205,17.34,17.392675,0.05267539978027358,0.3037796988481752
254754,2.79,10.032225,7.242224655151367,259.57794462908123
213309,4.49,14.093964,9.603963623046875,213.89673993422883
48018,2.69,5.8564715,3.1664715385437012,117.71269660013759
9249,12.99,9.239934,-3.750066032409668,-28.868868609774196
157524,88.27,86.596504,-1.6734957885742148,-1.8958828464645008
10578,35.03,33.35901,-1.6709912109375011,-4.770171883920928
281584,11.355,16.819534,5.464534301757812,48.124476457576506
38257,4.49,11.097769,6.607768783569336,147.16634261847074
20980,54.69,55.58129,0.891291198730471,1.6297151192731234
256490,5.59,5.2207756,-0.369224395751953,-6.605087580535832
171802,21.95,17.857796,-4.092204284667968,-18.643299702359766
143195,13.24,19.885788,6.645787963867187,50.19477314099085
169899,5.06,7.360299,2.300299110412598,45.4604567275217
161746,77.0,71.79833,-5.201667785644531,-6.755412708629262
258625,23.7,10.531519,-13.168481063842773,-55.56321123984292
50211,54.99,26.939817,-28.050182571411135,-51.00960642191513
233111,57.18,23.352676,-33.82732360839844,-59.15936272892347
42458,3.97,4.2834454,0.313445358276367,7.89534907497146
3459,3.535,6.6938405,3.158840503692627,89.35899586117756
296545,35.89,37.655426,1.7654260253906244,4.918991433242197
5610,29.36,28.991848,-0.36815200805664006,-1.2539237331629431
45788,1.85,27.077528,25.22752799987793,1363.6501621555635
200368,12.49,8.900416,-3.5895836257934572,-28.739660734935608
79,34.1,8.955784,-25.14421615600586,-73.73670426981191
107715,11.99,17.683725,5.693725357055664,47.48728404550178
25467,15.88,17.207104,1.327103729248046,8.3570763806552
34674,3.0,4.7726865,1.77268648147583,59.08954938252767
35698,4.26,3.1580849,-1.1019151306152342,-25.866552361859956
287451,4.79,4.899012,0.10901208877563473,2.2758264880090757
216807,11.98,23.463406,11.483405609130859,95.85480475067494
230455,7.99,8.486684,0.4966838455200193,6.216318467084096
39297,4.39,6.709202,2.319201812744141,52.82919846797588
244842,15.49,11.593403,-3.896597137451172,-25.15556576792235
67469,8.65,9.191241,0.5412412643432614,6.257124443274698
188369,4.635,21.16655,16.53154968261719,356.6677385677927
271228,14.97,16.680014,1.7100136566162103,11.422936917943955
73891,42.73,37.886593,-4.8434071350097625,-11.334910215328254
61814,8.99,7.153096,-1.8369038009643557,-20.43274528325201
76669,3.49,15.560059,12.07005859375,345.84695111031516
294499,13.62,7.502878,-6.117121810913085,-44.91278862638095
196405,83.01,77.74109,-5.268911132812505,-6.3473209647181115
141805,27.55,18.139154,-9.4108455657959,-34.159149059150266
164360,1.47,1.8795793,0.40957930564880374,27.862537799238353
60633,7.29,5.173231,-2.1167688751220703,-29.036610083979014
174715,24.75,9.403206,-15.346794128417969,-62.007249003708964
52317,16.99,29.34267,12.35267044067383,72.705535259999
190120,3.49,3.3383985,-0.15160154342651389,-4.34388376580269
19474,32.3,36.274323,3.974322509765628,12.304404055001946
254832,1.49,7.3390913,5.849091300964355,392.55646315197015
106604,1.18,21.13023,19.950229949951172,1690.6974533856924
246347,6.645,6.8805547,0.23555467605590863,3.544840873678083
170694,9.98,7.46496,-2.515039901733399,-25.20080061857113
22294,24.99,10.972309,-14.01769088745117,-56.09320083013674
223919,5.45,9.762249,4.312248992919922,79.12383473247563
200044,2.18,2.283794,0.10379392623901351,4.761189277018968
36020,5.585,16.136793,10.551793136596679,188.9309424636827
220480,1.67,4.3731604,2.7031603622436524,161.86588995470973
251069,43.68,36.26789,-7.4121090698242185,-16.969114170842992
253060,4.39,11.639855,7.2498553848266605,165.14476958602873
171127,12.99,15.201952,2.21195198059082,17.028113784378906
291448,29.88,7.017288,-22.862711791992187,-76.51509970546248
129382,14.0,9.3773575,-4.622642517089844,-33.01887512207031
77000,40.47,10.679564,-29.790435523986815,-73.61115770691083
206703,14.99,12.809667,-2.180333366394043,-14.545252611034309
50349,81.18,127.27373,46.09372741699218,56.77965929661515
162581,3.5900000000000003,10.067619,6.477619323730469,180.43507865544478
220965,4.94,4.3818364,-0.5581635856628422,-11.298858009369274
80951,21.95,30.91586,8.96585922241211,40.84673905426929
109075,21.97,22.155447,0.18544700622558707,0.8440919718961634
286187,11.1,14.656885,3.556885147094727,32.04401033418673
286228,3.69,8.144653,4.4546533203125005,120.7223122035908
79695,4.89,8.163438,3.2734378433227542,66.94146918860439
221644,24.33,21.579147,-2.750852661132811,-11.306422774898524
37438,13.72,11.649451,-2.070548744201661,-15.091463150157876
65717,6.99,5.6021667,-1.3878333473205569,-19.85455432504373
47884,2.44,5.8199134,3.379913387298584,138.52104046305672
294124,2.075,5.7038136,3.628813552856445,174.88258086055154
46505,2.69,5.682849,2.9928489303588868,111.2583245486575
41332,6.48,8.709318,2.2293181610107418,34.403058040289224
23552,99.77,66.78724,-32.982760925292965,-33.05879615645281
139396,58.99,13.152062,-45.83793758392334,-77.7045899032435
258174,35.995,17.596748,-18.398251647949216,-51.11335365453318
297338,7.87,7.0851707,-0.7848292541503907,-9.972417460614876
283233,19.97,28.473,8.502999572753907,42.57886616301406
127965,190.0,78.9886,-111.01139831542969,-58.427051744963
99151,6.34,6.524696,0.1846958732604982,2.9131841208280473
231685,17.99,19.8915,1.9015004730224625,10.569763607684617
1678,18.13,19.284971,1.1549712371826182,6.370497723014994
202874,17.58,29.137337,11.557336730957033,65.74139209873171
181610,62.99,30.575134,-32.41486572265625,-51.46033612106088
107020,1.98,36.77965,34.799651641845706,1757.5581637295813
80574,54.95,9.926338,-45.02366180419922,-81.93569027151814
89621,19.86,22.537758,2.677757873535157,13.48317156865638
52148,46.9,24.856075,-22.043924713134764,-47.00197166979694
141360,48.91,14.2712965,-34.63870349884033,-70.8213115903503
90657,19.99,10.943297,-9.046702613830565,-45.256141139722686
78726,3.085,8.500389,5.415389099121094,175.53935491478424
183063,14.8,7.39834,-7.401659774780274,-50.011214694461316
169604,9.96,9.23229,-0.7277097320556649,-7.306322611000652
217764,3.47,10.750839,7.280839233398437,209.82245629390306
98009,3.34,5.655012,2.315012130737305,69.31174044123668
166018,6.12,18.20007,12.080069427490233,197.3867553511476
205889,10.01,14.238658,4.228657951354981,42.244335178371436
53101,11.99,18.265034,6.275033721923828,52.33556064990682
75289,19.52,12.136462,-7.383537788391113,-37.82550096511841
7856,10.99,12.794158,1.8041579818725584,16.416360162625647
162086,61.99,6.422086,-55.567914237976076,-89.64012621064055
78986,23.99,16.554996,-7.435003509521483,-30.992094662448867
154651,125.66,97.495384,-28.164615783691403,-22.413350138223304
219068,15.99,13.188025,-2.8019745254516604,-17.52329284209919
147127,12.12,12.4775305,0.3575304794311531,2.949921447451759
245440,2.49,3.4483733,0.9583733177185056,38.48888826178737
61509,14.99,16.627449,1.637449035644531,10.923609310503876
297345,5.99,4.5737324,-1.4162676239013674,-23.643866843094614
277086,9.33,7.3047266,-2.0252733993530274,-21.70711038963588
241763,15.245,10.010775,-5.234225387573241,-34.3340464911331
114582,41.95,44.974102,3.024102020263669,7.208824839722691
236631,31.950000000000003,22.346535,-9.603465270996097,-30.057794275418143
125542,21.13,26.73089,5.600890274047853,26.506816252001197
297618,27.92,10.245484,-17.674515647888185,-63.30413914000066
168073,2.97,9.3831835,6.413183479309081,215.93210368044043
28826,68.99,20.023071,-48.966928710937495,-70.97684984916292
65849,23.99,22.83498,-1.1550199890136703,-4.814589366459651
171642,120.78,23.849846,-96.93015411376953,-80.25348080292228
228865,15.87,21.848969,5.978968505859376,37.6746597722708
169149,4.225,5.4718995,1.246899509429932,29.51241442437709
3711,26.96,27.710224,0.7502241516113273,2.7827305326829648
243945,9.98,16.075869,6.095868606567382,61.08084776119621
281551,31.99,11.974828,-20.01517223358154,-62.566965406631894
46523,9.21,8.291105,-0.9188947296142587,-9.977141472467519
165925,16.79,12.310491,-4.479509391784667,-26.679627110093314
84556,2.99,5.242323,2.2523229217529295,75.32852581113477
174815,10.95,9.012958,-1.9370424270629876,-17.689885178657423
181540,4.140000000000001,5.961729,1.8217290496826166,44.00311714209219
161870,3.39,13.675153,10.285152778625488,303.3968371275955
214123,180.86,198.42255,17.562546386718736,9.710575244232409
151009,33.27,20.630753,-12.63924743652344,-37.989923163581125
167835,5.29,10.011861,4.7218608474731445,89.26012944183638
157786,5.0,12.7094145,7.709414482116699,154.18828964233398
179851,10.945,5.0975885,-5.847411460876465,-53.42541307333454
19890,37.63,37.418232,-0.21176803588867443,-0.5627638476977794
31256,11.99,9.68539,-2.304609527587891,-19.22109697738024
101637,4.97,11.493371,6.52337100982666,131.25494989590868
187961,9.96,10.73846,0.7784595870971671,7.815859308204488
227258,14.99,13.376842,-1.6131584548950197,-10.761564075350364
146860,24.99,23.145407,-1.8445932769775375,-7.381325638165416
46412,3.27,7.8083696,4.538369636535645,138.78806227937753
107493,34.49,28.302076,-6.187923660278322,-17.941210960505426
98589,5.285,6.461892,1.1768921279907225,22.268536007393045
83193,6.99,7.5419436,0.5519435501098631,7.896188127465852
6579,49.95,47.04455,-2.9054481506347685,-5.81671301428382
84920,24.79,11.625721,-13.164279022216796,-53.10318282459377
275519,29.99,38.107346,8.117345581054689,27.066840883810233
212539,11.765,12.016992,0.2519916152954096,2.141875183131403
32298,0.8200000000000001,7.6548567,6.83485668182373,833.5191075394793
247244,29.44,33.96299,4.522989807128905,15.363416464432422
209427,1.98,10.98996,9.009959716796875,455.0484705452967
296763,10.97,9.012346,-1.9576537322998053,-17.84552171649777
104850,34.99,25.877552,-9.112447967529299,-26.043006480506715
151935,13.04,9.973314,-3.066685714721679,-23.51752848712944
217827,0.93,2.03584,1.1058400344848631,118.90753058977022
126896,23.04,23.283188,0.24318786621093835,1.0555028915405311
210077,10.915,5.388561,-5.5264392280578605,-50.63160080676007
186238,11.0,11.187296,0.18729591369628906,1.7026901245117188
17964,44.85,53.396534,8.546533966064452,19.055817092674364
175694,7.585,8.81447,1.2294702911376953,16.209232579270868
263495,10.99,15.27895,4.288949737548828,39.025930277969316
40051,13.49,13.274394,-0.21560596466064474,-1.598265119797218
151363,17.665,21.83321,4.168209991455079,23.595867486301042
114283,39.99,44.37889,4.3888909912109355,10.974971220832547
248098,19.99,15.787598,-4.202402343749998,-21.02252298024011
56055,3.28,7.00766,3.727659912109375,113.64816805211511
101657,12.07,9.647686,-2.4223139953613284,-20.06888148600935
119235,26.79,14.82125,-11.968750038146972,-44.67618528610292
287500,4.73,6.0440993,1.3140993309020992,27.782226868966152
209509,5.96,8.652951,2.692951240539551,45.18374564663676
119195,23.99,21.483377,-2.5066225433349594,-10.448614186473362
100643,16.93,12.0755,-4.854500465393066,-28.673954314194127
209196,4.97,10.467815,5.497815399169922,110.62002815231233
21099,93.46,79.92106,-13.538941345214837,-14.486348539712004
66818,17.31,18.232767,0.9227671051025403,5.330832496259621
80191,19.28,11.431192,-7.848807601928712,-40.70958299755556
173432,55.99,15.639021,-40.3509790802002,-72.06818910555491
50805,5.99,12.874364,6.884363899230957,114.93094990368876
76988,17.23,23.20549,5.975490112304687,34.68073193444391
18291,42.14,5.7038736,-36.43612636566162,-86.46446693322643
250200,45.21,19.612707,-25.597292861938477,-56.61865264750824
150309,4.325,4.465022,0.1400220870971678,3.237504903980758
140492,7.99,15.571777,7.58177734375,94.89083033479349
254947,15.99,12.531738,-3.45826171875,-21.627653025328332
197218,6.17,5.805503,-0.3644971084594726,-5.907570639537643
279842,110.99,50.498352,-60.491647949218745,-54.50189021463082
296187,5.53,12.894464,7.364463539123535,133.17293922465706
182338,12.99,11.247963,-1.742037048339844,-13.410600834024972
195408,34.53,38.90353,4.373530120849608,12.66588508789345
276397,5.99,15.027964,9.037963638305664,150.88420097338334
125454,3.79,4.97663,1.1866302108764648,31.309504244761605
66430,8.99,8.849541,-0.14045928955078146,-1.562394766971985
29359,26.95,12.571139,-14.378860664367675,-53.3538429104552
37759,5.75,9.982011,4.232010841369629,73.60018854555877
234959,23.99,12.749638,-11.240362396240233,-46.85436597015521
274382,76.99,64.673485,-12.316515197753901,-15.997551886938435
12334,43.23,37.43531,-5.794689636230466,-13.404324858270797
22364,5.0,36.558064,31.558063507080078,631.1612701416016
197956,36.385000000000005,17.53109,-18.85391021728516,-51.81781013408041
31029,36.955,27.838314,-9.116685943603514,-24.669695423091635
162985,6.99,7.9557953,0.9657952880859373,13.816813849584225
117768,29.88,8.156192,-21.7238081741333,-72.7035079455599
165745,26.48,25.593298,-0.886702041625977,-3.348572664750668
82732,1.535,15.327993,13.792993392944336,898.5663448172206
298042,27.995,11.712059,-16.282940979003907,-58.163747022696576
33453,22.47,15.549011,-6.920988769531249,-30.80101811095349
274105,19.88,16.277128,-3.602871780395507,-18.123097486898928
142098,46.04,35.16853,-10.871470489501952,-23.613098369899983
199691,7.74,9.164942,1.4249417877197263,18.41010061653393
22661,7.779999999999999,11.83817,4.058170051574708,52.1615687863073
245313,14.98,10.5473995,-4.432600479125977,-29.590123358651383
84434,3.49,11.729929,8.239928970336914,236.10111662856482
244918,25.95,22.017225,-3.9327747344970696,-15.155201289006047
286967,25.49,23.181477,-2.3085234069824203,-9.056584570350806
81936,3.99,10.468748,6.478748092651367,162.3746389135681
170158,15.47,14.046804,-1.4231955718994147,-9.199712811243792
89107,13.98,5.619936,-8.360064010620118,-59.800171749786244
117417,53.99,19.087816,-34.90218376159668,-64.64564504833615
294228,4.95,4.8231483,-0.1268517494201662,-2.5626616044478014
133190,14.99,10.186979,-4.803020706176758,-32.041499040538746
152796,5.24,5.064634,-0.17536615371704123,-3.346682322844298
292704,2.765,5.6581764,2.8931764221191405,104.63567530268139
200613,16.49,24.809402,8.319402465820314,50.45119748829785
154538,12.99,11.380614,-1.6093857192993166,-12.389420471896202
205980,5.49,10.986821,5.496821174621582,100.12424726086671
211722,48.99,36.765053,-12.224947204589846,-24.953964491916402
299113,7.04,9.764538,2.724537811279297,38.70082118294456
272424,21.99,18.156082,-3.833917846679686,-17.434824223190933
21884,39.66,29.69922,-9.960779342651364,-25.115429507441668
205441,9.82,6.9886746,-2.8313253593444827,-28.832233801878644
120914,8.77,11.34802,2.578019599914551,29.395890534943575
257696,69.06,42.50846,-26.551539001464846,-38.44705908118281
218181,49.99,43.0477,-6.942301025390627,-13.88737952668659
240118,39.49,16.532362,-22.957638015747072,-58.13532037413793
103123,10.79,9.480206,-1.3097944641113273,-12.138966303163368
237585,12.77,30.776875,18.00687454223633,141.0091976682563
183718,3.19,8.228343,5.038343009948731,157.94178714572823
213330,2.49,2.895302,0.40530205726623514,16.27719105486888
120182,2.985,4.6478696,1.6628695869445802,55.707523850739705
163693,31.575,20.106209,-11.468791198730468,-36.322379093366486
29049,8.99,8.19143,-0.7985699081420901,-8.88286883361613
70566,19.25,10.309701,-8.940299034118652,-46.44311186555144
187202,5.31,8.656586,3.3465856933593754,63.02421268096753
221186,9.99,9.609071,-0.3809292221069338,-3.813105326395734
64612,74.99,67.0652,-7.924799194335932,-10.567807966843489
103165,9.99,12.760096,2.7700955963134763,27.728684647782547
289082,7.49,8.221803,0.7318027114868162,9.770396682066972
44205,9.49,18.813961,9.323961029052734,98.25037965282122
89498,7.2,8.433684,1.2336843490600584,17.134504848056366
233337,4.49,8.23098,3.7409799194335935,83.31803829473482
142597,97.46,59.590343,-37.8696565246582,-38.85661453381716
74160,7.66,9.419042,1.759041633605957,22.963989994855833
265218,7.99,15.247179,7.25717903137207,90.828273233693
250978,4.28,6.9448795,2.6648795318603513,62.2635404640269
16801,19.88,17.428764,-2.4512356567382803,-12.330159239126159
266809,20.24,41.11281,20.872808227539064,103.1265228633353
54948,77.445,22.266369,-55.178631134033196,-71.24879738399277
258882,24.95,18.479874,-6.470126342773437,-25.932370111316384
41495,10.04,4.6891475,-5.350852527618407,-53.29534390058175
106433,5.05,26.120201,21.070201110839843,417.2317051651454
95739,5.97,7.2211037,1.2511036682128909,20.956510355324806
188166,66.99,20.251043,-46.738956680297846,-69.77005027660525
95766,17.560000000000002,21.155977,3.5959772491455055,20.478230348209024
270911,6.95,7.2786617,0.32866172790527326,4.7289457252557305
285524,6.69,8.981732,2.291732368469238,34.25608921478681
139187,13.97,22.76517,8.795169143676757,62.957545767192244
283029,5.95,5.592888,-0.3571121215820314,-6.001884396336663
124597,14.59,9.439232,-5.150768127441406,-35.30341417026324
122455,12.48,19.928991,7.448991317749023,59.687430430681275
143788,39.71,52.262466,12.552466430664062,31.610341049267344
1997,18.47,19.510183,1.040183334350587,5.631745177859162
227205,10.0,7.3856096,-2.6143903732299805,-26.143903732299805
287805,13.99,15.271751,1.2817514038085935,9.161911392484585
100207,20.495,15.977884,-4.517115707397462,-22.040086398621426
84303,25.72,28.906414,3.186414031982423,12.38885704503275
22545,4.2,9.863514,5.663513946533203,134.84557015555245
124167,8.48,14.630497,6.150496978759765,72.5294455042425
78908,2.85,4.932264,2.0822638511657714,73.06188951458846
261797,4.41,10.786775,6.376774635314941,144.5980642928558
106367,44.91,19.019136,-25.89086357116699,-57.65055348734578
79215,22.99,13.703293,-9.286707153320311,-40.39455047116273
26095,6.49,9.498895,3.008894691467285,46.36201373601364
228658,30.37,34.34163,3.9716290283203115,13.077474574647058
294557,15.99,3.830659,-12.159341087341309,-76.04340892646222
72876,15.99,10.248773,-5.741227378845215,-35.90511181266551
128948,25.33,21.665504,-3.664495544433592,-14.467017546125513
246829,34.95,18.479307,-16.470692825317386,-47.126445852124135
157610,60.05,25.616215,-34.43378524780273,-57.34185719867233
19559,72.93,79.69264,6.762642211914056,9.272785152768485
133473,8.940000000000001,9.1148405,0.17484050750732294,1.95571037480227
110425,44.07,22.499062,-21.570938415527344,-48.94698982420545
138008,4.99,6.6633825,1.6733825302124021,33.534720044336716
236614,32.995000000000005,12.819162,-20.17583763122559,-61.14816678656035
144073,30.01,19.11171,-10.898290405273439,-36.31552950774222
153289,10.99,7.0682116,-3.921788444519043,-35.68506318943624
232574,6.99,13.269089,6.279088745117187,89.82959578136176
247458,12.99,9.688491,-3.301509132385254,-25.415774691187483
168896,15.4,20.6078,5.2077995300292965,33.8168800651253
196635,56.81,81.63856,24.82855743408203,43.70455453983811
101432,4.88,10.308153,5.42815315246582,111.23264656692255
116658,19.98,25.89002,5.910020370483398,29.57968153395094
108916,10.25,11.131924,0.8819236755371094,8.604133419874238
202881,12.99,13.769726,0.7797257995605467,6.002508079757865
49134,8.24,9.2645235,1.0245235061645506,12.43353769617173
241167,12.99,11.961916,-1.0280840301513674,-7.914426714021304
254460,4.69,4.2901525,-0.39984745025634805,-8.525531988408273
272607,21.95,21.611605,-0.3383953094482415,-1.5416642799464304
246478,11.88,7.901601,-3.9783991622924813,-33.488208436805394
276443,2.18,3.4771976,1.2971976470947264,59.50447922452873
289117,26.35,20.552536,-5.797463989257814,-22.001760870048628
101947,30.99,35.297314,4.307313690185548,13.899043853454495
149007,24.96,21.73685,-3.2231492614746102,-12.913258259113022
202734,149.99,63.935295,-86.05470489501954,-57.37362817189114
263432,2.05,3.095254,1.0452539443969728,50.987997287657215
127249,79.42,35.40157,-44.018430633544924,-55.424868589202866
73804,37.14,16.971981,-20.168018951416016,-54.30268969148092
1014,16.99,7.904084,-9.085915794372557,-53.478021155812584
171873,5.92,7.545019,1.6250191497802735,27.449647800342458
257453,23.97,21.509659,-2.4603411865234364,-10.264251925421094
127559,3.09,2.9835525,-0.10644754409790025,-3.4449043397378727
212654,8.99,13.450485,4.460485229492187,49.616075967655036
242749,5.985,8.325745,2.3407446289062497,39.11018594663742
8140,15.47,14.696552,-0.7734477233886725,-4.999662077496267
291125,6.49,7.349765,0.859764823913574,13.247531955525021
11806,16.49,14.554207,-1.9357931518554672,-11.73919437147039
175798,15.03,13.802599,-1.227401046752929,-8.16634096309334
143506,14.95,8.442787,-6.507212829589843,-43.52650722133674
192030,2.99,2.7306793,-0.25932072639465353,-8.672933993132224
146748,27.61,30.517462,2.907461776733399,10.530466413377033
283802,30.94,24.820414,-6.119586410522462,-19.77888303336284
83819,17.99,10.566213,-7.423787345886229,-41.26618869308633
28977,4.24,7.3094015,3.069401512145996,72.39154509778291
183425,41.845,21.156422,-20.688578338623046,-49.44098061566029
49351,6.9,7.992161,1.0921607971191403,15.828417349552756
77873,3.49,13.958127,10.46812702178955,299.9463330025659
145897,42.11,35.04498,-7.065020904541015,-16.777537175352684
105524,39.99,6.540507,-33.449493160247805,-83.64464406163492
75960,3.29,10.435653,7.145652732849121,217.19309218386385
162479,4.48,5.746222,1.2662220191955562,28.26388435704366
46586,14.88,9.937757,-4.9422434616088875,-33.21400175812424
256861,47.5,53.475277,5.975276947021484,12.579530414782072
83473,27.295,17.303888,-9.99111167907715,-36.6041827407113
264684,56.65,5.8553348,-50.794665241241454,-89.66401631287107
208956,12.99,13.523058,0.5330579376220701,4.103602291162972
256603,9.495,16.458258,6.963257675170899,73.33604713186836
217353,14.99,11.167081,-3.8229191207885744,-25.503129558296028
81194,6.140000000000001,8.486867,2.346866950988769,38.22258877831871
292165,4.68,19.272387,14.59238655090332,311.8031314295581
229941,22.99,19.487032,-3.5029680633544906,-15.236920675748111
91677,19.99,19.06385,-0.9261495971679672,-4.633064518098886
204365,11.0,9.281634,-1.7183656692504883,-15.62150608409535
93257,7.845000000000001,16.813936,8.968936233520507,114.3267843660995
41156,11.76,21.951515,10.191515197753906,86.66254419858764
213872,25.485,18.524725,-6.960275039672851,-27.311261682059452
108686,42.44,29.355991,-13.084008636474607,-30.82942657039257
78922,1.24,1.8814907,0.641490707397461,51.73312156431137
97504,32.9,31.626236,-1.273764038085936,-3.8716232160666753
171794,24.49,14.039463,-10.450536956787108,-42.67267030129484
103330,49.38,34.73265,-14.647349243164065,-29.66251365565829
270053,3.655,6.0634427,2.4084427070617678,65.89446530948749
214081,26.49,17.52332,-8.966680755615233,-33.8493044757087
200993,18.95,17.687605,-1.2623950958251946,-6.6617155452516865
192276,16.01,12.176456,-3.833543548583986,-23.944681752554565
280020,24.74,29.36252,4.622520217895509,18.68439861720093
28418,14.99,6.057328,-8.932671775817871,-59.59087242039941
69779,22.85,29.494287,6.644287490844725,29.077844598882823
242845,9.99,10.526797,0.536797294616699,5.373346292459449
242598,23.99,20.52384,-3.466160049438475,-14.448353686696436
232331,3.375,6.3696046,2.9946045875549316,88.72902481644242
25183,3.48,9.928133,6.448133010864257,185.29117847311085
140369,125.66,53.913788,-71.74621215820312,-57.0955054577456
111960,12.99,15.351585,2.3615853881835935,18.180026083014578
196039,30.16,29.78631,-0.3736898040771486,-1.2390245493274157
211105,5.99,16.982256,10.992255935668945,183.51011578746153
79781,8.09,9.631895,1.5418950653076173,19.05927151183705
177116,8.49,10.044773,1.5547731018066404,18.31299295414182
68177,21.99,26.155523,4.1655233001709,18.9428071858613
282274,1.42,8.222458,6.802457885742188,479.0463299818442
82955,15.29,13.750009,-1.5399914169311515,-10.0718863108643
113620,5.99,11.604784,5.61478401184082,93.7359601308985
213017,5.23,10.368648,5.1386475753784175,98.25329972042863
117390,2.38,10.515346,8.135345573425294,341.8212425808947
165991,8.99,17.206944,8.21694351196289,91.4009289428575
299244,32.595,47.81817,15.22316864013672,46.70399950954662
42257,0.78,7.94514,7.16513988494873,918.6076775575294
224615,15.68,10.803644,-4.876355819702148,-31.099208033814723
8395,2.92,28.83721,25.917209701538084,887.5756747102084
162370,43.9,9.116379,-34.78362121582031,-79.23376131166359
196409,78.77,67.28385,-11.48614837646484,-14.581881904868402
187781,10.58,12.474118,1.8941182327270507,17.902818834849253
198936,20.4,14.554073,-5.845926666259764,-28.65650326597924
200978,99.98,55.260788,-44.71921203613282,-44.728157667666345
147822,52.61,41.433117,-11.176883087158203,-21.244788228774382
204273,10.48,21.057348,10.577348251342773,100.92889552807989
290053,7.0,16.039316,9.039316177368164,129.13308824811662
174171,88.97,89.3196,0.3496029663085949,0.39294477498999086
264299,0.99,5.5919895,4.601989517211914,464.8474259810014
186602,15.95,14.338924,-1.611075592041015,-10.100787410915455
95237,8.98,11.760044,2.78004409790039,30.95817480958118
120492,18.98,9.902091,-9.077908973693848,-47.828814403023436
229826,20.49,20.398832,-0.09116767883300625,-0.444937427198664
214434,7.19,8.466018,1.2760177230834957,17.74711714997908
32608,51.99,22.161808,-29.828191986083986,-57.37294092341602
99975,3.08,4.841607,1.761607093811035,57.195035513345296
245568,4.99,15.458818,10.468818435668945,209.79596063464817
287438,3.79,4.464167,0.6741671180725097,17.788050608773343
110917,52.19,30.665201,-21.52479881286621,-41.24314775410272
186095,21.49,15.492392,-5.9976084136962875,-27.908833939954807
20322,65.18,77.031525,11.851524658203118,18.182762593131507
208837,94.4,35.221462,-59.178537750244146,-62.689128972716254
183562,23.075,11.562734,-11.51226634979248,-49.89064506952321
75097,16.99,17.48871,0.4987104034423844,2.935317265699732
195750,68.42,63.070168,-5.3498324584960955,-7.8191061948203675
83903,159.24,82.96282,-76.27717803955079,-47.90076490803239
204577,99.99,77.041275,-22.948724975585932,-22.951020077593693
986,5.32,8.942315,3.622315101623535,68.0886297297657
168863,5.529999999999999,7.872985,2.3429848861694342,42.36862361970044
129106,6.97,9.792695,2.8226950454711917,40.49777683602858
158286,37.875,12.630656,-25.244343757629395,-66.65173269341095
161614,6.69,25.33149,18.64148956298828,278.647078669481
83212,13.5,16.850677,3.350677490234375,24.81983326099537
45312,13.45,22.765526,9.315525817871094,69.26041500275907
230676,24.41,10.257384,-14.152615699768067,-57.97876157217561
2211,81.28,97.64555,16.365553588867186,20.134785419373998
111951,51.99,27.8359,-24.15410064697266,-46.45912799956272
280131,8.2,14.038925,5.838925170898438,71.20640452315169
208565,12.58,15.0029335,2.4229335021972656,19.260202720169044
104498,25.375,23.849283,-1.525716781616211,-6.012676971886545
140735,1.48,7.5343666,6.054366607666015,409.07882484229833
261377,7.99,23.915987,15.925987014770508,199.3239926754757
42198,6.86,7.64997,0.7899700546264645,11.51559846394263
261179,4.49,44.055313,39.56531311035156,881.1873743953577
136591,23.795,16.765676,-7.029323501586916,-29.541178825748748
198843,2.34,8.014526,5.6745263671875,242.5011268028846
164707,21.15,13.1429825,-8.007017517089842,-37.858238851488615
17956,37.63,36.099026,-1.5309742736816432,-4.068493950788316
232267,21.99,17.156923,-4.833076705932616,-21.97852071820198
249756,24.9,10.390661,-14.509338760375975,-58.27043678865854
18492,4.99,9.304597,4.314596900939941,86.46486775430743
109044,44.97,34.97131,-9.998690338134764,-22.234134618934323
145195,86.02,74.10734,-11.91266204833984,-13.848711983654779
36872,19.18,20.670343,1.4903433990478518,7.770299265108717
284163,15.0,8.5010395,-6.498960494995117,-43.326403299967446
38266,3.82,13.990337,10.170337371826172,266.23919821534486
7614,4.49,16.86408,12.374080429077148,275.591991738912
13758,4.75,6.1455636,1.3955636024475098,29.380286367315993
189302,122.85,74.972206,-47.87779388427734,-38.97256319436495
162899,8.66,12.88722,4.2272203826904295,48.813168391344455
281346,6.48,9.049549,2.5695491027832027,39.65353553677782
1683,46.8,56.349785,9.549784851074222,20.40552318605603
251604,11.53,5.2641435,-6.2658565330505365,-54.343942177368056
257615,17.23,22.76365,5.533650894165039,32.11637199167173
219254,20.735,9.974622,-10.760378227233886,-51.894758752032246
264108,15.875,10.307404,-5.567596435546875,-35.071473609744096
267124,36.96,17.879412,-19.080588302612306,-51.624968351223764
13174,14.989999999999998,13.155795,-1.8342049026489242,-12.236190144422444
152059,9.62,9.16451,-0.4554902267456047,-4.734825641846203
85972,11.23,12.555808,1.325808067321777,11.805948952108432
218196,35.99,41.937225,5.947225341796873,16.52466057737392
77291,4.99,9.179163,4.189162979125976,83.95116190633219
295758,13.99,14.374138,0.38413787841796854,2.7458032767546
24345,23.99,16.666576,-7.323423614501952,-30.526984637357028
191501,13.2,13.630088,0.43008785247802805,3.2582413066517275
244878,27.35,11.894866,-15.455134010314943,-56.50871667391204
26391,3.155,5.1096835,1.9546835136413576,61.95510344346617
75033,87.93,15.124014,-72.80598609924317,-82.79993870037889
63726,13.9,23.366144,9.466144180297851,68.10175669279029
231654,72.99,74.6058,1.6157968139648489,2.2137235429029305
150993,7.56,5.53795,-2.0220499610900875,-26.74669260701174
42823,4.495,8.296379,3.8013790893554686,84.5690564928914
164297,2.0,2.7681658,0.7681658267974854,38.40829133987427
163021,9.44,12.0046425,2.564642486572266,27.1678229509774
137890,21.16,24.348309,3.1883085632324217,15.067620809226945
197072,6.19,17.785042,11.59504180908203,187.3189306798389
231996,20.53,3.8969827,-16.63301733016968,-81.01810682011534
76623,13.97,26.13718,12.16718032836914,87.09506319519785
163453,3.96,10.401998,6.441997566223145,162.6767062177562
85960,20.99,29.18748,8.197480926513673,39.05422070754489
159078,16.39,11.402618,-4.987381591796876,-30.429417887717356
212686,9.24,8.13876,-1.1012403869628908,-11.918186006091892
53540,10.97,10.3899555,-0.5800444793701178,-5.287552227621858
170781,3.46,6.6384506,3.178450622558594,91.86273475602871
103818,57.12,46.52543,-10.594571228027341,-18.547918816574477
124963,22.99,25.77036,2.780360946655275,12.093784021989018
155011,2.09,5.9881935,3.8981935119628908,186.51643597908568
1110,39.99,28.845427,-11.14457344055176,-27.868400701554783
272641,2.48,2.6370785,0.15707852363586428,6.33381143693001
294886,5.335,7.735118,2.4001179122924805,44.9881520579659
240951,350.0,190.59276,-159.40724182128906,-45.544926234654014
246893,59.99,27.100424,-32.88957618713379,-54.825097828194345
87211,2.82,2.467764,-0.3522360992431639,-12.490641817133472
293953,14.69,13.337008,-1.3529915237426753,-9.2102894740822
296807,16.99,12.775753,-4.214246978759764,-24.80427886262369
259276,20.5,19.997179,-0.5028209686279297,-2.4527852128191694
244510,10.305,11.219076,0.9140761566162112,8.870219860419324
179438,4.89,5.795998,0.9059980964660648,18.527568434888853
182754,12.27,11.89497,-0.3750300598144527,-3.0564797050892643
194580,7.14,20.067307,12.927306518554687,181.05471314502364
6020,1.98,5.841658,3.861658115386963,195.0332381508567
240629,8.41,8.463556,0.05355628967285142,0.6368167618650585
83234,1.48,2.5404294,1.0604293537139893,71.65063200770197
34996,3.88,17.653013,13.773013229370118,354.9745677672711
30353,14.99,36.017353,21.027353057861326,140.27587096638644
182396,7.49,10.75641,3.266409645080566,43.61027563525455
91433,3.745,5.3290496,1.5840495872497558,42.297719285707764
151971,29.13,29.7676,0.6375991058349619,2.1888057186232817
46296,16.99,25.177973,8.187972793579103,48.19289460611597
66980,69.99,37.75121,-32.23879074096679,-46.06199562932819
166175,116.62,18.66242,-97.95757972717286,-83.99723866161281
102965,1.49,3.1670146,1.6770145988464356,112.55131535882117
69080,130.1,55.105995,-74.99400482177734,-57.643354974463755
385,17.95,17.405107,-0.544892501831054,-3.035612823571331
218341,31.99,21.862804,-10.127195587158202,-31.6573791408509
293069,9.5,12.335158,2.835158348083496,29.84377208508943
226472,6.88,14.472337,7.592336769104004,110.35373210906982
287776,13.99,15.546806,1.5568063354492185,11.12799382022315
65972,19.95,17.057646,-2.892354202270507,-14.498016051481239
233706,131.49,40.574753,-90.91524719238282,-69.142328079993
50787,24.41,25.003296,0.5932958984374999,2.4305444425952474
7772,6.82,6.8598356,0.039835624694823935,0.5841000688390605
222328,24.04,23.279327,-0.7606726074218741,-3.164195538360542
283358,1.25,6.160604,4.910604000091553,392.8483200073242
45187,9.79,21.198812,11.408812484741212,116.53536756630452
226437,6.99,12.58872,5.598720321655273,80.09614194070491
202277,22.99,19.767086,-3.222913970947264,-14.018764553924596
28028,34.95,15.33897,-19.61102981567383,-56.11167329234286
223366,10.99,20.405972,9.41597152709961,85.67762990991456
133434,155.51,142.01218,-13.497823486328116,-8.679714157499914
259440,57.025000000000006,17.04887,-39.976129913330084,-70.1028144030339
16391,14.085,19.9003,5.815299072265624,41.28717836184326
54695,6.59,10.932678,4.34267822265625,65.89800034379742
39421,8.49,7.0202475,-1.4697525405883791,-17.311572916235324
104232,10.99,12.304557,1.3145568466186521,11.961390779059618
118417,24.36,17.210321,-7.149678573608398,-29.350076246339896
146706,30.83,32.79431,1.9643115234375017,6.371428879135587
143496,3.99,6.994713,3.0047128295898435,75.30608595463266
57389,79.95,60.462444,-19.48755569458008,-24.374678792470394
250818,72.99,30.822166,-42.1678335571289,-57.77206953983958
143601,81.28,92.113365,10.833365173339843,13.32845124672717
175224,27.45,7.6847734,-19.765226554870605,-72.00446832375448
31754,6.890000000000001,6.8106775,-0.07932247161865291,-1.151269544537778
253121,8.54,5.9994354,-2.5405645751953116,-29.74899970954698
51332,13.99,16.394182,2.404182205200195,17.185005040744784
85016,23.630000000000003,13.014602,-10.615398292541506,-44.92339522869871
127288,7.09,10.737637,3.6476365661621095,51.44762434643314
123562,12.99,14.979773,1.9897725677490232,15.317725694757684
103677,17.29,10.387186,-6.90281394958496,-39.923735972151306
184624,11.48,12.406675,0.9266753387451168,8.072084832274536
105438,37.83,11.255523,-26.57447727203369,-70.24709826072876
187878,36.485,10.061805,-26.42319522857666,-72.42207819261796
82700,5.69,8.840762,3.150762138366699,55.37367554247273
39493,6.890000000000001,9.34837,2.4583695983886713,35.68025541928405
13035,10.99,13.7858095,2.795809516906738,25.439577041917545
20678,32.3,32.396305,0.09630508422851847,0.2981581555062492
91496,13.39,11.911872,-1.4781280899047857,-11.039044734165689
143475,1.59,12.176777,10.586776885986328,665.8350242758696
39667,1.28,2.861043,1.5810429763793945,123.5189825296402
260170,17.634999999999998,20.323809,2.6888086700439473,15.247001247768344
74413,62.95,58.66665,-4.283351135253909,-6.804370349887067
162114,2.49,4.226012,1.7360122299194334,69.71936666343105
230711,8.99,8.659503,-0.3304970169067385,-3.6762738254364677
72821,86.495,34.80437,-51.69062911987305,-59.76140715633627
130957,17.97,19.703125,1.7331250000000011,9.644546466332784
102450,7.99,14.266913,6.276913414001465,78.55961719651395
250242,3.19,7.458908,4.268908081054688,133.82156993901845
250785,19.37,20.134008,0.7640084075927724,3.9442870810158617
268187,6.055,7.9072866,1.8522866439819339,30.591026325052585
186189,6.155,7.881009,1.7260091018676755,28.042389957232743
38372,4.77,31.16309,26.393089752197266,553.3142505701734
286055,11.87,6.4709496,-5.399050350189208,-45.48483867050723
103149,17.99,14.150114,-3.8398859405517562,-21.344557757374968
34097,20.585,10.269023,-10.315977058410645,-50.114049348606486
136434,2.4400000000000004,2.920112,0.48011189460754355,19.676716992112436
298472,61.96,25.279867,-36.68013282775879,-59.199697914394434
135231,30.405,15.229885,-15.175114898681642,-49.909932243649536
29119,3.69,14.780097,11.090097007751465,300.54463435640827
64633,4.235,4.5637894,0.32878936767578093,7.7636214327221
137976,14.95,15.605099,0.6550987243652351,4.381931266657091
283768,16.49,17.710102,1.2201020812988297,7.39904233656052
296299,10.84,11.653741,0.8137408828735353,7.506834712855492
295177,58.49,25.672823,-32.817177047729494,-56.10732953962984
181654,8.49,9.683467,1.1934669113159178,14.057325221624472
77239,17.99,15.519585,-2.4704153442382797,-13.732158667250028
195299,146.82,69.28639,-77.53360778808593,-52.80861448582341
162986,9.765,8.131702,-1.6332975769042974,-16.726037653909856
277316,3.99,12.203331,8.213330993652344,205.84789457775295
250163,4.25,9.045724,4.795723915100098,112.84056270823758
75369,8.53,8.103413,-0.42658737182617124,-5.001024288700718
228737,29.99,7.514634,-22.475365867614745,-74.94286718110952
217416,14.99,15.40649,0.41649032592773416,2.778454475835451
134551,36.74,35.19525,-1.544748535156252,-4.204541467491159
281574,1.765,11.250387,9.48538719177246,537.4157049162867
12030,67.83,25.757612,-42.072387771606444,-62.02622404777598
21255,119.94,86.274055,-33.66594451904297,-28.068988259999138
289196,14.0,8.812362,-5.187638282775879,-37.054559162684846
172644,12.5,18.906763,6.406763076782227,51.25410461425781
50868,22.49,22.439882,-0.050117721557615624,-0.22284447113212819
276869,7.279999999999999,8.241228,0.961228103637696,13.203682742276044
109294,43.99,20.736084,-23.253916015625002,-52.86182317714253
170819,15.44,8.257911,-7.18208927154541,-46.51612222503504
20911,37.63,36.798203,-0.8317974853515651,-2.210463686823186
29366,2.305,7.7173634,5.412363357543946,234.80969013205834
127360,18.28,12.206202,-6.073798446655275,-33.22646852656058
77394,2.8,8.681947,5.881946754455567,210.0695269448417
45132,52.735,8.290177,-44.44482265472412,-84.27955372091424
5500,7.08,19.532757,12.452756805419922,175.88639555677855
187967,0.95,3.26115,2.3111498832702635,243.27893508108036
143526,13.99,16.414436,2.424436340332031,17.32978084583296
98194,5.49,10.956249,5.466249237060547,99.56738136722308
176816,12.05,8.277908,-3.772091674804688,-31.303665351076248
2848,59.69,26.548372,-33.14162773132324,-55.52291461102905
284496,1.095,4.1645336,3.069533615112305,280.3227045764662
69414,14.99,23.226904,8.236903915405273,54.94932565313725
279938,3.79,14.247762,10.457761726379395,275.9303885588231
118687,4.55,12.388184,7.83818359375,172.26777129120882
24830,29.44,15.2255,-14.214499893188478,-48.28294800675434
91208,9.9,23.329636,13.429635620117187,135.65288505168874
229628,23.77,21.78901,-1.9809909057617183,-8.33399623795422
141783,2.98,7.4792023,4.499202270507812,150.9799419633494
208364,19.99,22.021616,2.0316159820556656,10.16316149102384
293814,16.95,13.46738,-3.482620429992675,-20.54643321529602
26459,54.23,17.508919,-36.721081237792966,-67.71359254617919
68336,32.935,13.391443,-19.543556747436526,-59.33978062072727
4794,34.99,16.342749,-18.64725135803223,-53.29308761941191
42807,44.425,23.723627,-20.701372909545896,-46.598475879675625
296861,42.0,28.679163,-13.320837020874023,-31.71627862112863
232510,63.29,86.15047,22.860466918945313,36.12018789531571
21799,1.68,5.965259,4.285259075164795,255.0749449502854
81854,2.29,9.382431,7.0924310302734375,309.71314542678766
255273,23.6,16.287958,-7.3120418548584,-30.983228198552542
7018,4.26,4.5021553,0.24215530395507834,5.684396806457238
209162,22.99,21.684967,-1.3050329589843734,-5.676524397496188
187487,4.99,7.186925,2.196924934387207,44.02655179132679
276622,17.595,9.778005,-7.816995353698729,-44.42736773912321
292015,5.85,14.053371,8.20337142944336,140.22857144347626
249001,39.99,25.931255,-14.05874465942383,-35.15565056119988
38663,7.49,44.561886,37.07188583374023,494.95174677890833
129321,15.739999999999998,15.280565,-0.4594347381591781,-2.9188992259159985
58406,6.19,9.212232,3.022231636047363,48.82442061465853
137027,31.99,18.802635,-13.187364807128905,-41.22339733394469
102563,48.0,36.589787,-11.410213470458984,-23.771278063456215
115071,14.99,13.760485,-1.22951530456543,-8.202236855006204
180872,2.56,13.918765,11.358765068054199,443.70176047086716
269174,12.94,11.149958,-1.790042343139648,-13.833402960893725
128980,37.39,18.874113,-18.51588691711426,-49.52095992809376
174138,11.5,6.9370813,-4.562918663024902,-39.67755359152089
259453,4.89,6.3340383,1.4440382575988773,29.530434715723462
49697,8.99,7.7308455,-1.2591545486450197,-14.006168505506336
224241,5.42,11.683928,6.263927536010742,115.57061874558565
77143,11.77,8.820174,-2.9498257827758785,-25.062241145079682
285887,13.83,14.540298,0.7102984619140624,5.135925248836315
119902,6.6,6.5194125,-0.08058748245239222,-1.2210224613998824
84261,4.99,5.9030557,0.913055667877197,18.29770877509413
153994,3.99,10.887653,6.897653350830078,172.87351756466362
285886,4.79,5.627738,0.8377379989624023,17.489311043056414
135522,27.99,12.179918,-15.810081710815428,-56.48475066386362
242097,31.99,9.42822,-22.561780204772948,-70.52760301585792
174855,1.84,7.4353065,5.595306549072266,304.09274723218834
209101,14.99,14.645254,-0.3447458648681643,-2.2998389917822832
69450,22.0,27.794014,5.794013977050781,26.33642716841264
106857,8.49,6.742381,-1.7476189041137697,-20.584439388854765
39374,3.59,8.194054,4.604053649902344,128.24661977443856
292234,13.17,7.7798395,-5.390160484313965,-40.92756631977194
33537,6.18,11.008469,4.828468627929688,78.13056032248686
176240,30.45,22.999748,-7.4502517700195305,-24.467165090376128
137756,14.28,8.589205,-5.6907952117919915,-39.851507085378095
54769,14.99,41.529022,26.539022216796873,177.0448446750959
31927,7.99,11.942912,3.9529121017456053,49.473242825351754
12663,10.585,10.875108,0.29010776519775305,2.7407441209046106
158001,4.73,4.9114146,0.18141462326049762,3.8354042972621056
64994,21.99,20.996,-0.9939997100830062,-4.520235152719446
277746,8.29,26.153982,17.863982162475587,215.48832524096008
170601,38.07,35.29591,-2.7740901184082034,-7.286814075146318
197301,9.99,11.890101,1.9001014328002928,19.020034362365294
295674,13.18,12.363453,-0.8165470886230466,-6.19534968606257
114365,58.93,57.715336,-1.214664154052734,-2.061198292979355
151162,25.45,10.545726,-14.904274177551269,-58.562963369553124
248328,6.38,6.6418676,0.26186763763427745,4.104508426869553
130617,2.99,16.592844,13.602844009399414,454.94461569897703
66293,38.0,26.636684,-11.36331558227539,-29.90346205861945
175433,21.99,17.472363,-4.517637481689452,-20.544054032239437
188011,23.37,12.771773,-10.59822666168213,-45.34970758101039
194172,32.93,13.129262,-19.80073802947998,-60.12978448065588
4985,28.99,26.59567,-2.3943292999267562,-8.259155915580395
143119,26.98,24.714678,-2.265322189331055,-8.39630166542274
282966,72.52,74.98482,2.4648175048828165,3.398810679650878
31478,5.5,8.932028,3.432027816772461,62.40050575949929
280084,2.64,4.9305654,2.290565357208252,86.76383928819136
260996,69.3,55.010887,-14.289112854003903,-20.619210467538103
79964,2.81,5.5529876,2.742987575531006,97.61521621106782
59105,9.0,20.419683,11.419683456420898,126.88537173800998
139450,2.96,3.3227715,0.36277154922485355,12.255795581920728
259975,47.99,34.07353,-13.91647171020508,-28.998690790175203
89322,1.5,4.018569,2.518568992614746,167.90459950764972
93495,36.0,23.415627,-12.584373474121094,-34.9565929836697
263910,4.35,12.297289,7.947288894653321,182.696296428812
60140,24.99,13.732776,-11.257224311828612,-45.04691601371994
170506,9.605,8.804607,-0.8003926086425786,-8.333082859370936
77391,4.155,10.187451,6.032451362609863,145.1853516873613
130210,64.99,21.005651,-43.98434852600097,-67.67864060009381
251352,4.12,6.4747214,2.3547214317321776,57.15343280903343
117750,4.82,11.557197,6.737196617126465,139.77586342586025
254105,11.98,6.0835867,-5.896413307189942,-49.21880890809634
63605,12.64,12.599224,-0.04077590942382869,-0.322594220125227
205504,10.0,10.082485,0.08248519897460938,0.8248519897460939
62075,38.0,30.845528,-7.154472351074219,-18.827558818616367
63096,12.17,14.107021,1.9370213317871094,15.91636262766729
182429,5.66,10.8982725,5.238272514343262,92.54898435235445
69365,79.99,12.500696,-67.48930381774902,-84.37217629422305
291599,13.48,21.379982,7.899981994628906,58.60520767528862
267393,4.89,5.329991,0.43999086380004915,8.997768175870126
85464,120.26,48.10098,-72.15902114868165,-60.00251218084287
52866,9.99,10.107143,0.11714340209960916,1.1726066276237153
296694,44.95,22.922466,-22.02753372192383,-49.00452440917426
185241,5.27,5.794075,0.5240750122070317,9.94449738533267
7290,4.96,11.190778,6.230777778625488,125.6205197303526
242250,8.21,11.515284,3.3052835845947257,40.259239763638554
280997,6.42,5.82813,-0.5918702316284179,-9.219162486423956
146404,45.27,34.065502,-11.204497833251956,-24.75038178319407
12051,6.69,14.407898,7.71789794921875,115.36469281343422
159438,21.99,34.165558,12.175557861328127,55.36861237529844
146080,45.27,30.416847,-14.853152770996097,-32.81014528605278
134242,19.995,16.37058,-3.6244193267822276,-18.12662829098388
226180,59.99,89.09958,29.109578857421873,48.52405210438718
291403,15.9,13.894352,-2.0056480407714847,-12.614138621204308
186989,6.99,8.095126,1.105126152038574,15.810102318148411
199614,18.0,24.254627,6.254627227783203,34.74792904324001
32724,3.97,7.2319183,3.2619183349609373,82.16418979750472
296578,33.54,20.614014,-12.925986328125,-38.53901707848837
66946,34.99,17.00336,-17.986639251708986,-51.40508502917687
289285,10.575,7.351161,-3.2238389968872063,-30.48547514786957
57968,9.775,11.582125,1.8071247100830075,18.487209310312096
156779,183.01,153.73755,-29.27245117187499,-15.995000913542972
172274,4.805,9.148155,4.343155212402344,90.38824583563671
84680,5.135,8.444012,3.309011688232422,64.44034446411729
111714,12.99,10.416793,-2.573207130432129,-19.809138802402842
233179,13.45,10.551932,-2.898067665100097,-21.546971487733064
144453,3.83,4.6356354,0.8056353759765624,21.03486621348727
158303,19.865,20.000643,0.13564277648925938,0.6828229372728889
57576,11.495,31.95884,20.46383941650391,178.02383137454467
57917,17.97,14.198253,-3.7717473220825184,-20.989133678812014
181943,6.99,6.0854845,-0.9045154953002932,-12.94013584120591
188031,10.69,14.775523,4.085523185729981,38.218177602712636
158550,3.25,7.393586,4.143586158752441,127.49495873084436
119290,9.78,18.54841,8.768410415649415,89.65654821727419
270582,11.99,10.239323,-1.7506773376464846,-14.601145434916468
258403,9.59,10.7409315,1.150931510925293,12.001371333944661
268072,15.99,17.034761,1.0447614288330076,6.533842581819934
216982,2.385,4.6956534,2.3106534385681154,96.88274375547655
142791,126.3,72.86552,-53.43448333740234,-42.30758775724651
141918,6.99,21.9272,14.937200317382812,213.69385289531922
149516,23.25,14.070321,-9.179678916931152,-39.48248996529528
246290,11.1,27.263988,16.163988494873045,145.62151797182926
208978,47.99,38.232918,-9.75708221435547,-20.33149034039481
93178,67.81,11.548409,-56.261590538024905,-82.9694595753206
203043,10.95,10.098575,-0.8514253616333001,-7.775574078842923
160812,25.7,25.076256,-0.6237442016601555,-2.4270202399227845
243392,17.99,29.41383,11.423829803466798,63.50099946340634
245636,9.49,10.189372,0.6993720626831053,7.369568626797737
34760,4.36,8.257459,3.897458686828613,89.39125428505993
105050,63.0,54.607666,-8.392333984375,-13.321165054563492
205811,14.75,11.140321,-3.6096792221069336,-24.472401505809717
160293,3.18,10.581287,7.401287384033203,232.74488629035227
232446,4.48,10.537357,6.057357330322265,135.2088689804077
185650,8.99,15.662436,6.672435531616211,74.22063995123705
8306,37.99,33.599014,-4.3909857177734395,-11.55826722235704
25700,19.99,25.094385,5.104385147094728,25.53469308201465
91346,8.77,18.777115,10.007114868164063,114.1062128639004
281037,10.99,9.496702,-1.493297805786133,-13.587787131811947
246753,1.79,1.4218047,-0.368195333480835,-20.56957170283994
272735,24.72,15.637077,-9.08292266845703,-36.743214678224234
194305,16.85,16.627348,-0.22265205383300923,-1.3213771740831408
266073,6.49,22.580666,16.090665588378904,247.93013233249468
41316,4.825,9.139413,4.3144128799438475,89.41788352215228
209386,38.95,29.935932,-9.014067840576175,-23.142664545766813
56988,2.99,4.3723135,1.3823134994506834,46.23122071741415
136517,12.02,15.509474,3.48947380065918,29.030564065384194
184000,93.39,85.26995,-8.120049133300782,-8.694773673092175
271637,18.99,17.673367,-1.316633453369139,-6.933298859237174
137481,11.97,14.325979,2.3559792327880853,19.682366188705807
205497,1.78,7.2845774,5.504577369689941,309.24591964550234
54274,40.18,23.870602,-16.309398345947265,-40.59083709792749
242987,1.24,5.1153817,3.8753817176818846,312.53078368402294
91576,64.55,30.967737,-33.58226280212402,-52.02519411638114
106092,62.99,50.902554,-12.087446441650393,-19.189468870694384
145089,126.3,73.72987,-52.570126342773435,-41.62321959047778
13519,5.925,6.290594,0.3655941009521486,6.170364573032044
289361,13.12,13.496359,0.3763588714599617,2.868588959298489
224754,9.99,16.253057,6.263057479858398,62.69326806665063
163562,15.06,18.14543,3.085429611206054,20.487580419694915
283391,4.79,6.1855283,1.39552827835083,29.13420205325324
225046,10.98,10.417794,-0.5622057723999028,-5.120271151183085
165807,24.64,11.063166,-13.576834335327149,-55.10078869856797
180733,10.855,9.4214115,-1.4335884857177739,-13.20671106142583
279762,35.99,20.659538,-15.330461730957033,-42.596448266065664
201003,14.99,21.008474,6.018474349975586,40.149928952472216
86178,18.49,20.087236,1.5972364044189469,8.63837968858273
186111,6.640000000000001,8.14954,1.509539947509765,22.734035354062726
286960,17.92,25.358442,7.438442306518553,41.509164656911565
135977,22.0,18.418377,-3.581623077392578,-16.280104897238992
26584,11.54,8.115267,-3.4247332000732413,-29.677064125418042
292761,41.95,25.89908,-16.050919723510745,-38.26202556260011
265590,14.735,14.370678,-0.36432205200195256,-2.4724944146722265
277236,2.215,5.797129,3.5821291542053224,161.7214065103983
117777,9.97,8.752649,-1.217350692749024,-12.210137339508766
5785,5.29,21.390978,16.10097785949707,304.36631114361194
128790,5.99,8.712784,2.7227838134765623,45.455489373565314
186309,15.505,11.770152,-3.7348479080200203,-24.08802262508881
265267,19.95,22.23552,2.285519409179688,11.456237639998438
142708,46.89,42.959908,-3.9300924682617193,-8.381515180767156
229870,9.79,15.013845,5.223845443725587,53.35899329648199
18085,93.46,82.80595,-10.654053649902337,-11.399586614489984
220353,79.5,73.73765,-5.762351989746094,-7.248241496535968
266074,19.49,24.577682,5.087682495117189,26.104066162735705
206239,17.99,17.650755,-0.33924507141113125,-1.8857424758817747
16959,37.59,16.50839,-21.08160957336426,-56.08302626593312
136545,2.89,5.269937,2.3799370384216307,82.35076257514294
292034,20.025,11.968365,-8.056635284423827,-40.23288531547479
290241,17.99,12.010526,-5.979474296569823,-33.23776707376222
45846,21.73,7.7298403,-14.000159721374512,-64.42779439196738
245863,15.74,24.587862,8.847862014770508,56.21259221582279
172201,12.49,17.89637,5.406369934082031,43.285587943010654
66969,2.5,5.0406494,2.5406494140625,101.62597656250001
79041,10.14,15.005047,4.865046844482421,47.97876572467871
11013,40.0,29.519352,-10.480648040771484,-26.201620101928714
56564,18.95,18.68975,-0.26024932861328054,-1.373347380545016
283861,28.11,13.837353,-14.272647247314453,-50.77426982324601
130819,9.63,9.761723,0.13172256469726484,1.3678355627961043
135132,21.95,28.085014,6.1350143432617195,27.949951449939498
55482,28.88,42.882153,14.002152557373048,48.4839077471366
4741,6.34,5.5251427,-0.8148573303222655,-12.852639279531003
48610,4.495,10.953052,6.458051567077637,143.67189248226111
34399,5.615,6.4570403,0.8420403099060056,14.996265537061543
242268,13.87,17.654264,3.784264450073243,27.283810022157486
72073,30.465,19.460093,-11.004907455444336,-36.123116545033106
178909,42.84,7.9672794,-34.8727205657959,-81.40224221707726
77962,64.985,30.00566,-34.979340896606445,-53.826792177589354
155327,328.6,15.816519,-312.7834812164307,-95.18669544017975
89569,12.99,11.464949,-1.5250513458251955,-11.74019511797687
32523,22.99,20.050602,-2.939398040771483,-12.785550416578872
74357,14.4,16.439827,2.039826965332031,14.16546503702799
276779,2.29,2.805626,0.5156259155273437,22.516415525211517
50578,22.58,7.0819044,-15.49809558868408,-68.63638436086839
96144,1.98,7.049206,5.0692057800292964,256.02049394087356
217671,2.9400000000000004,5.2149634,2.2749634361267086,77.37970871179279
1619,83.74,51.59911,-32.14089035034179,-38.38176540523261
277078,4.97,6.7262425,1.756242542266846,35.33687207780375
102691,19.85,23.732141,3.882141494750975,19.557387882876448
222919,2.99,12.731688,9.741687545776367,325.80894801927644
252569,113.96,66.902145,-47.057854614257806,-41.293308717319945
170949,14.99,15.321501,0.331500778198242,2.2114795076600533
149355,97.46,61.391975,-36.06802459716796,-37.008028521617035
33053,35.77,15.51033,-20.25966979980469,-56.638719037754235
133448,13.435,8.524038,-4.910961685180665,-36.553492260369666
57499,1.815,18.785675,16.970675048828124,935.0234186682162
6014,13.95,12.575346,-1.374654006958007,-9.854150587512596
115409,39.99,29.642958,-10.347042312622072,-25.87407430013021
23356,4.59,8.145854,3.5558539962768556,77.46958597553063
72954,68.99,57.9678,-11.022199859619136,-15.976518132510705
18621,19.54,12.62421,-6.9157896423339835,-35.39298691061404
7727,42.53,31.202843,-11.327157287597657,-26.633334793316855
6213,64.43,121.52707,57.09706909179687,88.61876314107847
59759,77.405,21.044369,-56.36063125610352,-72.81264938454044
66469,13.99,34.423813,20.433812866210936,146.0601348549745
4547,32.2,35.741367,3.541367340087888,10.998035217664247
61414,44.99,30.222687,-14.767313232421877,-32.8235457488817
28499,11.99,8.731181,-3.2588188552856447,-27.179473355176352
174409,60.98,17.213526,-43.76647422790527,-71.77185016055309
268593,27.95,12.931901,-15.01809902191162,-53.732017967483436
242656,54.485,52.351673,-2.1333268737792963,-3.9154388800207327
283595,3.985,8.574988,4.58998836517334,115.18164028038495
94820,5.89,5.861075,-0.02892507553100554,-0.49108786979635893
62799,18.0,20.639402,2.639402389526367,14.663346608479818
225665,20.49,17.98722,-2.502779235839842,-12.214637559003624
80095,5.7,5.569933,-0.13006706237792987,-2.281878287332103
152003,21.17,26.107195,4.937194900512694,23.321657536668365
229323,4.0,10.103728,6.103728294372559,152.59320735931396
98195,19.97,12.957292,-7.01270839691162,-35.11621630902164
272245,8.99,21.919577,12.92957664489746,143.82176468184048
177207,18.875,11.608887,-7.26611328125,-38.49596440397351
64940,39.99,20.308744,-19.68125556945801,-49.21544278434111
154325,4.49,28.987194,24.497194061279295,545.5945225229241
44633,3.69,11.69972,8.00972038269043,217.06559302684093
79265,8.315,5.7597866,-2.5552133941650386,-30.730167097595174
115379,151.06,141.08557,-9.974428710937502,-6.602958235758971
101845,124.99,43.243603,-81.74639724731445,-65.40234998585042
213581,16.99,16.691858,-0.2981417083740219,-1.754806994549864
213661,13.98,18.513504,4.533504028320312,32.42849805665459
63393,12.83,12.16363,-0.6663704681396485,-5.193846205297338
89317,79.99,41.2839,-38.706098785400386,-48.388672065758705
222756,9.755,7.198555,-2.5564450073242195,-26.206509557398455
217662,7.2,10.7584,3.558399963378906,49.42222171359592
13148,31.49,30.78405,-0.7059500122070297,-2.241822839653953
80964,4.390000000000001,7.388795,2.998794898986816,68.30967879241038
13697,28.7,18.777134,-9.922866058349609,-34.574446196340105
87884,1.19,2.4646134,1.274613437652588,107.11037291198218
147706,27.4,26.736418,-0.6635822296142564,-2.4218329547965562
234640,29.0,30.647886,1.6478862762451172,5.682366469810749
245641,6.0,8.246433,2.2464332580566406,37.440554300944015
100520,11.19,6.611748,-4.5782517814636225,-40.91377820789654
136025,53.57,12.277625,-41.29237491607666,-77.08115534081885
85248,17.97,16.353117,-1.6168830108642567,-8.99767952623404
113058,9.38,7.5571394,-1.8228606033325203,-19.433481911860557
36386,3.92,8.855786,4.935786323547363,125.91291641702458
42976,6.72,11.175557,4.455557136535645,66.30293357939948
89197,6.92,21.846066,14.926065521240234,215.69458845722883
177061,16.965000000000003,8.674897,-8.290102806091312,-48.865916923615146
131519,4.4,4.6123457,0.2123456954956051,4.826038533991025
46695,10.0,11.877022,1.8770217895507812,18.770217895507812
137891,3.28,4.5278506,1.2478506278991701,38.04422646034055
30391,12.0,8.446097,-3.5539026260375977,-29.61585521697998
197821,36.17,9.427541,-26.742459220886232,-73.9354692310927
241377,18.66,24.33355,5.673549499511719,30.40487405954833
50866,22.49,22.651802,0.1618020629882828,0.7194400310728449
213294,3.985,14.507495,10.522494926452637,264.0525702999407
191856,2.16,9.403699,7.243698921203613,335.3564315372043
11697,6.97,10.782992,3.8129923629760745,54.705772783013984
108919,6.765000000000001,7.303302,0.5383018112182612,7.9571590719624705
157291,81.08,87.01582,5.935823364257814,7.3209464285370185
132375,17.0,29.449026,12.449026107788086,73.22956533992992
11033,2.19,2.9860797,0.7960796928405762,36.35067090596238
292740,49.99,13.07719,-36.91280960083008,-73.84038727911599
79572,79.595,65.24872,-14.346281738281249,-18.02409917492462
214624,3.97,7.4580927,3.48809268951416,87.86127681395868
293367,7.95,9.843897,1.8938968658447264,23.822602086097184
102242,11.99,21.24307,9.253070602416992,77.17323271407
133688,1.94,12.580766,10.64076572418213,548.4930785660891
146196,17.67,11.213204,-6.456795616149904,-36.54100518477591
196856,3.95,6.2749953,2.3249953269958494,58.86064118976834
209060,3.98,18.406038,14.426038284301757,362.46327347491854
204897,27.88,15.293192,-12.58680809020996,-45.14637048138436
12951,37.83,29.929,-7.900999145507811,-20.885538317493555
42844,7.49,11.55115,4.061150321960449,54.220965580246315
127539,12.145,16.703365,4.558365325927735,37.532855709573774
196460,76.9,72.921326,-3.9786743164062557,-5.173828759956119
223494,5.48,14.619555,9.139555473327636,166.78020936729263
114243,50.9,10.3404875,-40.559512519836424,-79.68470043189868
88713,5.29,7.0044107,1.7144107437133789,32.40852067511113
52787,116.44,17.478199,-98.96180099487304,-84.98952335526712
290677,21.39,17.09808,-4.291920318603516,-20.065078628347432
106775,56.39,31.00801,-25.381989135742188,-45.01150760018122
111867,15.19,12.396594,-2.793405952453613,-18.389769272242347
66915,67.49,23.985933,-43.50406669616699,-64.46001881192323
180707,14.79,12.191664,-2.5983362579345695,-17.56819647014584
120459,47.0,36.533794,-10.466205596923828,-22.268522546646444
71986,31.99,25.19215,-6.797849884033202,-21.249921488068775
46976,4.99,7.304056,2.314056167602539,46.373871094239256
199275,24.48,20.953432,-3.5265679168701176,-14.405914693096886
272346,34.99,12.984772,-22.005228271484377,-62.89004936120142
132540,5.42,12.280611,6.860611038208008,126.57953945033225
67372,18.315,11.920433,-6.3945669555664075,-34.91437049176307
273753,7.68,10.016662,2.336661643981934,30.425281822681434
75160,11.99,10.540018,-1.4499819183349612,-12.09326036976615
104928,26.86,13.278455,-13.581545219421386,-50.56420409315483
157292,141.1,51.016674,-90.08332595825195,-63.84360450620265
170454,53.495000000000005,21.647015,-31.847985382080083,-59.53450861216951
169205,3.49,5.3362303,1.8462302780151365,52.900581031952335
259348,12.1,4.7813196,-7.318680381774902,-60.48496183285044
291055,4.29,19.999426,15.709425888061524,366.18708363779774
171166,12.99,14.401242,1.4112422561645506,10.864066637140498
26054,10.7,6.367882,-4.3321182250976555,-40.48708621586594
293091,2.84,13.410675,10.570675048828125,372.2068679164833
150476,8.93,4.2849846,-4.645015411376953,-52.015850071410455
184647,59.99,57.334827,-2.655172576904299,-4.426025299057008
236344,23.485,13.529445,-9.955555305480956,-42.39112329351057
189097,11.99,13.459748,1.4697482681274412,12.258117332172153
168099,8.52,20.954765,12.43476531982422,145.94794976319508
237347,8.99,12.77986,3.7898595428466795,42.15639091041913
131006,5.88,7.631733,1.7517329406738282,29.791376542071905
43569,39.95,36.126225,-3.823775482177737,-9.57140295914327
76397,27.99,36.117153,8.127153167724611,29.035916997944305
297855,5.19,5.136678,-0.053321781158447656,-1.027394627330398
129609,17.16,11.618366,-5.541633758544922,-32.29390302182355
140589,138.59,89.986115,-48.60388549804688,-35.070268777001864
50195,29.99,15.310804,-14.679195632934569,-48.946967765703796
133430,55.85,29.423592,-26.42640838623047,-47.316756286894304
274079,37.25,8.62969,-28.620309829711914,-76.83304652271656
21801,9.99,11.083981,1.0939805603027342,10.950756359386729
93515,13.97,23.87135,9.901349334716796,70.87580053483748
241976,34.94,29.633476,-5.306523742675779,-15.187532177091526
207475,3.99,9.77017,5.780170211791992,144.86642134817023
41319,10.85,8.714954,-2.1350456237792965,-19.67783985050043
162416,1.98,18.510178,16.530177612304687,834.8574551669034
95294,2.48,21.490578,19.010577697753906,766.5555523287865
294687,14.12,22.645193,8.525193099975587,60.37672167121521
107267,71.575,15.728704,-55.846295547485354,-78.02486279774412
143916,27.4,20.538845,-6.861154937744139,-25.040711451620943
10063,2.86,7.784113,4.924112930297852,172.1717807796452
84697,2.73,3.4566402,0.7266402435302735,26.616858737372656
95211,18.34,15.415209,-2.9247911834716795,-15.947607325363574
166688,1.3,7.6178885,6.317888450622559,485.9914192786584
62215,4.09,5.4622912,1.3722912406921388,33.552353073157434
290599,11.99,5.8370385,-6.152961483001709,-51.317443561315336
7135,74.60499999999999,37.30272,-37.30228088378905,-49.99970629822272
260422,26.595,6.3275714,-20.267428607940673,-76.20766538048758
214701,5.59,7.5388927,1.9488927459716798,34.863913165861895
69167,18.99,9.306015,-9.683984985351561,-50.995181597427916
198566,57.91,25.997826,-31.912174377441403,-55.106500392749794
194487,1.67,6.2279525,4.557952480316162,272.93128624647676
103926,21.99,18.467585,-3.522415390014647,-16.018260072826955
11591,11.94,6.803249,-5.136751117706298,-43.021366144943876
148005,50.1,38.638554,-11.461446380615236,-22.87713848426195
286488,3.74,5.6679115,1.9279115295410154,51.54843661874372
267,14.93,9.775522,-5.154477767944336,-34.52429851268812
115272,17.99,19.018946,1.0289456939697281,5.719542490104104
274943,9.35,18.421108,9.07110824584961,97.01720049037016
219292,34.48,26.60458,-7.8754200744628875,-22.840545459579143
299184,9.99,9.286369,-0.7036306762695315,-7.043350112808122
194604,11.0,8.641869,-2.3581314086914062,-21.437558260830965
48090,14.79,23.481773,8.691773376464845,58.76790653458313
152338,16.5,21.353628,4.853628158569336,29.41592823375355
51787,71.99,32.374943,-39.61505722045898,-55.02855566114597
62084,68.45,21.460403,-46.98959655761719,-68.64805925144951
104234,2.49,3.468145,0.97814489364624,39.28292745567229
279262,1.74,5.3882737,3.6482737159729,209.67090321683335
222166,32.0,29.692898,-2.3071022033691406,-7.2096943855285645
210762,21.71,15.33675,-6.373249969482423,-29.35628728458048
17966,65.18,80.873955,15.693954772949212,24.077868629869915
161366,3.88,12.544682,8.664681549072267,223.31653476990377
63392,5.74,10.843453,5.103453407287597,88.9103381060557
216701,4.86,20.001755,15.141754760742188,311.55873993296683
242468,22.99,13.103081,-9.88691925048828,-43.00530339490335
212270,9.85,21.033392,11.183391952514649,113.53697413720457
178332,104.72,112.632416,7.912415771484376,7.555782822273087
56924,3.69,8.898948,5.208947715759278,141.1638947360238
59187,8.3,14.540899,6.240899276733398,75.19155755100478
217682,15.99,11.01023,-4.97976993560791,-31.14302648910513
87403,3.5,5.607403,2.107402801513672,60.21150861467633
95417,8.5,36.469517,27.96951675415039,329.0531382841222
117048,25.15,23.055063,-2.0949367523193345,-8.329768398884035
292254,4.49,18.6375,14.147500762939453,315.08910385165814
246212,4.745,3.7020526,-1.042947406768799,-21.979924273315046
91998,14.99,15.060627,0.07062698364257791,0.4711606647270041
116202,2.74,3.8360329,1.0960328674316404,40.00119954130074
135660,30.93,19.023165,-11.906835250854492,-38.49607258601517
167582,50.01,37.54186,-12.468141326904295,-24.931296394529685
252748,11.18,11.539635,0.35963470458984403,3.2167683773689095
154373,24.99,18.274302,-6.715698471069334,-26.87354330159798
149055,20.27,31.480453,11.210453491210938,55.30564129852461
294325,8.49,2.9148693,-5.5751306915283205,-65.66702816876703
201666,21.99,21.478077,-0.5119230651855453,-2.327981196841953
243320,6.79,36.58198,29.791981658935548,438.7626164791686
248557,19.895,9.186099,-10.7089009475708,-53.82709699708872
164331,22.715,9.656039,-13.058960762023926,-57.49047220789754
146449,52.61,47.51927,-5.090728149414062,-9.676350787709678
164550,4.97,3.1774082,-1.7925917816162107,-36.068245102941866
178631,71.99,25.526289,-46.46371101379394,-64.54189611584101
190274,49.99,37.814167,-12.175832977294924,-24.356537262042256
290341,5.995,47.216103,41.22110260009766,687.5913694761911
251943,39.99,36.14172,-3.8482801818847676,-9.623106231269736
259068,6.56,7.5078783,0.9478783035278324,14.449364383046227
264134,8.045,6.9796495,-1.065350456237793,-13.24239224658537
239325,5.24,13.8824215,8.642421493530273,164.9317078917991
125316,11.49,14.188081,2.698080787658691,23.481991189370678
112705,28.95,19.208582,-9.741418075561523,-33.64911252352858
145305,21.99,10.955793,-11.034206619262694,-50.1782929479886
251880,65.31,27.731918,-37.578081665039065,-57.53802122958056
204864,15.99,17.495504,1.5055043792724607,9.415286924780867
99671,122.0,71.876755,-50.12324523925781,-41.084627245293284
104558,39.21,15.3721485,-23.837851486206056,-60.79533661363442
83888,23.29,24.19665,0.9066495513916024,3.892870551273518
96578,9.88,10.595113,0.7151128005981437,7.237983811722103
171822,16.439999999999998,14.204928,-2.2350716018676735,-13.595326045423805
229193,1.245,8.145588,6.900587921142578,554.2640900516126
14137,30.33,9.35042,-20.979580001831053,-69.1710517699672
272918,5.68,4.1677504,-1.5122496414184567,-26.624113405254523
5153,83.74,56.51681,-27.223188629150386,-32.50918154902124
120651,12.9,24.278591,11.378591156005859,88.20613299229348
238626,65.94,32.326725,-33.61327499389648,-50.97554594160826
46859,7.99,15.695927,7.705926666259765,96.44463912715601
223975,14.99,12.824547,-2.1654531860351565,-14.445985230387967
146264,17.0,9.994932,-7.005067825317383,-41.20628132539637
62992,16.99,21.110395,4.120395431518556,24.2518860006978
216602,18.99,27.7487,8.758699188232423,46.12269188116074
264628,33.95,22.210278,-11.739722442626956,-34.57944754823845
137879,43.95,11.105859,-32.84414119720459,-74.73069669443592
27187,15.670000000000002,14.007806,-1.6621941757202165,-10.607493144353647
116265,28.0,14.7043085,-13.29569149017334,-47.484612464904785
290657,20.5,19.378736,-1.1212635040283203,-5.469578068430831
268577,11.49,13.723362,2.2333619689941404,19.437440983412884
182662,4.15,5.220148,1.0701480865478512,25.78670088067111
68413,15.88,10.640883,-5.239116554260255,-32.99191784798649
64249,9.39,13.485825,4.095824584960937,43.61900516465321
140913,17.99,18.217054,0.22705436706543125,1.2621143249885007
155318,22.0,32.324738,10.324737548828125,46.93062522194602
174666,10.485,6.5257454,-3.9592546081542963,-37.76113121749448
32140,8.48,12.886621,4.406621475219726,51.96487588702507
10390,17.99,17.357107,-0.6328928375244125,-3.5180257783458173
271241,14.99,8.275092,-6.714907875061035,-44.79591644470337
56984,10.985,9.900452,-1.0845483398437494,-9.872993535218475
1727,117.49,87.8752,-29.614801635742182,-25.20623170971332
33013,12.7,14.231465,1.5314653396606452,12.058782202052326
252228,21.99,18.252815,-3.737184753417967,-16.99492839207807
272785,10.04,3.9930797,-6.046920337677001,-60.22829021590639
36745,5.84,9.916756,4.076755676269531,69.80746021009472
257568,19.19,16.974136,-2.215863647460939,-11.546970544350906
2764,58.24,24.362762,-33.87723754882813,-58.168333703345
83439,9.75,9.283704,-0.4662961959838867,-4.782525087014223
3982,21.52,16.91806,-4.601939697265625,-21.384478147145096
15078,5.18,44.26707,39.08707077026367,754.576655796596
249338,3.09,7.066804,3.9768039321899415,128.69915638155152
229078,6.99,7.9381237,0.9481237030029295,13.56400147357553
246400,4.99,4.62822,-0.3617799186706545,-7.250098570554197
78675,3.25,4.338621,1.0886211395263672,33.49603506234976
52423,35.99,31.710667,-4.279333343505861,-11.89033993749892
114947,24.49,17.978842,-6.5111582183837875,-26.587007833335193
71682,2.88,9.736883,6.8568831634521485,238.08622095319961
234300,12.99,12.553168,-0.43683170318603537,-3.3628306634798717
142563,34.81,38.186836,3.376836242675779,9.70076484537713
226172,59.99,74.83138,14.841382751464842,24.73976121264351
151579,45.0,12.266123,-32.733877182006836,-72.74194929334853
46843,6.09,27.949472,21.859472427368164,358.9404339469321
127994,18.99,29.671894,10.68189407348633,56.25010043963312
86720,2.98,4.392375,1.4123749923706055,47.39513397216797
66075,30.495,21.847788,-8.647212142944337,-28.35616377420671
8751,19.375,13.438177,-5.936822891235352,-30.64166653540827
53338,31.99,40.560184,8.570184478759767,26.790198433134627
299226,13.99,13.448139,-0.5418608093261721,-3.873200924418671
234931,11.99,12.455656,0.465656051635742,3.8837035165616514
252067,10.95,7.686125,-3.263875198364257,-29.807079437116506
63647,29.36,33.9898,4.629799499511719,15.769071864821932
281135,17.57,23.12793,5.5579296875,31.63306595048378
96394,7.99,9.475049,1.485049018859863,18.58634566783308
264082,8.29,24.845568,16.55556770324707,199.70527989441584
211287,59.99,33.753357,-26.236643066406252,-43.735027615279634
106933,9.99,10.883449,0.8934486007690428,8.943429437127556
226899,19.99,9.240629,-10.749370803833006,-53.77374088960985
120770,153.4,41.30842,-112.09158172607422,-73.07143528427264
226840,6.98,19.669504,12.689504165649414,181.798053949132
166943,24.21,15.201933,-9.008067092895509,-37.20804251505786
9553,8.4,13.879686,5.47968635559082,65.23436137608118
298236,9.98,18.66644,8.686439056396484,87.03846749896276
21891,11.83,8.61742,-3.212579803466797,-27.156211356439535
17799,3.535,9.137006,5.602005805969238,158.47258291284973
118359,62.99,56.689747,-6.300253143310549,-10.00198943214883
181784,4.12,4.952068,0.8320678520202636,20.19582165097727
216583,35.95,29.45612,-6.493880462646487,-18.063645236846973
92629,7.865,16.005497,8.140496978759765,103.50282236185333
50835,20.0,15.472694,-4.527305603027344,-22.63652801513672
179474,2.78,7.3574705,4.577470512390137,164.65721267590422
141144,9.55,10.08558,0.535579872131347,5.60816620032824
204487,23.98,21.724022,-2.2559780883789067,-9.407748491988768
285103,10.99,11.196976,0.2069757080078123,1.88330944502104
161046,136.33,74.467735,-61.86226470947267,-45.37685374420352
140980,8.94,8.386438,-0.5535616302490229,-6.191964544172516
1397,126.3,81.56297,-44.73702697753906,-35.42124067896996
91967,30.99,25.031725,-5.958275070190428,-19.22644424069193
202741,8.99,6.752178,-2.2378218078613283,-24.89234491503146
253462,19.47,3.197101,-16.27289888381958,-83.5793471177174
54525,18.99,23.064224,4.074224243164064,21.45457737316516
238675,6.695,20.819149,14.124149017333984,210.96563132687055
35387,2.84,3.578014,0.7380138969421388,25.986404821906294
82864,1.28,13.248169,11.9681689453125,935.0131988525391
295071,3.98,15.232256,11.252255935668945,282.71999838364184
292292,12.49,13.497327,1.007326850891113,8.065066860617398
99654,19.99,16.65096,-3.3390390777587875,-16.703547162375127
84483,15.04,19.680708,4.6407079315185555,30.855770821266994
70900,7.49,7.526552,0.0365522003173826,0.4880133553722643
48849,6.565,15.477652,8.912651596069335,135.76011570554965
267880,17.52,7.392458,-10.127542037963867,-57.805605239519785
297540,19.59,13.838772,-5.7512281799316405,-29.357979478977235
135421,15.59,10.870021,-4.719979133605957,-30.275683987209472
204419,41.99,31.723495,-10.266504516601564,-24.449879772806774
31613,17.82,8.217263,-9.602736778259278,-53.88741177474342
261178,67.99,22.190042,-45.799957504272456,-67.36278497466166
176897,4.165,3.4779682,-0.6870317840576172,-16.49536096176752
97003,38.785,18.760622,-20.024377975463864,-51.62918132129397
287079,1.69,6.6640296,4.9740295982360845,294.3212780021352
213576,14.82,12.516162,-2.3038380813598636,-15.545466136031468
176854,8.655,10.360922,1.7059218597412116,19.71024679077079
27576,7.91,6.1124954,-1.797504577636719,-22.72445736582451
212382,7.015000000000001,11.873339,4.85833869934082,69.25643192217846
224948,16.99,16.931454,-0.05854629516601406,-0.3445926731372223
149863,3.68,13.272355,9.59235507965088,260.66182281659997
24986,17.49,19.507826,2.0178258514404313,11.537026023101381
180235,3.89,5.8868165,1.9968165016174315,51.3320437433787
183057,22.95,12.614151,-10.335848999023437,-45.036379080712145
119400,6.24,18.780561,12.540561447143554,200.97053601191593
71345,15.73,13.629621,-2.100379447937012,-13.35269833399245
125972,41.5,28.910664,-12.589336395263672,-30.335750350032942
241089,12.495,13.407954,0.9129542160034188,7.306556350567578
14907,12.88,18.452282,5.572281951904296,43.26305863279733
7391,10.95,5.404938,-5.545061779022216,-50.639833598376406
138430,25.55,31.953144,6.403144073486327,25.061229250435723
257863,19.99,10.573876,-9.416123619079588,-47.10417018048819
222334,34.29,38.40906,4.1190614318847665,12.01242762287771
103867,5.94,5.7758827,-0.16411727905273477,-2.7629171557699452
93543,8.49,8.576721,0.08672119140624979,1.0214510177414582
64399,32.6,6.871635,-25.72836503982544,-78.92136515283877
254648,7.98,27.362862,19.38286163330078,242.89300292356864
158336,2.905,7.9477854,5.042785377502442,173.58985808958494
74969,11.99,12.520204,0.5302035903930662,4.4220482935201515
105943,4.99,6.820227,1.8302271461486814,36.677898720414454
22578,10.29,7.7692337,-2.520766296386718,-24.497242919210088
168998,3.05,16.19984,13.149840545654296,431.142312972272
132023,15.47,24.401615,8.931615142822265,57.73506879652401
244088,13.49,8.210824,-5.279175987243653,-39.13399545769943
195986,65.54,55.465557,-10.074442901611334,-15.371441717441767
152463,42.78,27.091133,-15.68886688232422,-36.67336812137499
138139,13.88,15.004978,1.1249781799316398,8.105030114781266
115268,38.99,31.862068,-7.127931823730471,-18.281435813620085
97028,69.72999999999999,29.394468,-40.33553169250487,-57.84530574000413
52126,21.99,21.113405,-0.8765947723388656,-3.9863336622958876
103572,16.99,12.617708,-4.372291793823241,-25.734501435098533
212041,87.6,81.57951,-6.020486450195307,-6.872701427163593
220298,10.62,17.912054,7.292054061889649,68.66340924566525
147851,34.81,41.83224,7.022241058349607,20.173056760556182
1086,7.55,7.6097,0.05970020294189471,0.7907311647933074
40678,26.18,23.080599,-3.099401168823242,-11.838812715138433
71801,29.44,34.830765,5.390764770507811,18.31102163895316
265831,18.92,16.74834,-2.1716593933105486,-11.478115186630806
235204,43.62,37.18578,-6.434220428466794,-14.750619964389717
250697,7.25,14.723637,7.473636627197266,103.08464313375538
125660,39.99,41.80877,1.8187692260742168,4.548060080205593
50295,20.825000000000003,11.805479,-9.019520950317386,-43.311024971512055
91775,12.0,6.938554,-5.061446189880371,-42.1787182490031
124368,30.94,33.327625,2.387625274658202,7.716953053193929
168024,62.39,27.663778,-34.72622169494629,-55.659916164363345
126263,13.95,4.2982388,-9.651761245727538,-69.18825265754508
170690,1.69,15.638237,13.94823699951172,825.3394674267289
153875,27.99,13.583105,-14.406894912719725,-51.47157882357887
259883,35.23,33.24046,-1.989540557861325,-5.64729082560694
286631,17.975,16.47184,-1.5031600952148452,-8.362504006758526
43720,15.69,16.922398,1.2323976135253911,7.854669302265081
151586,16.49,12.017796,-4.472204437255858,-27.12070610828295
56982,3.29,3.4130816,0.12308164596557614,3.7410834639992743
11369,21.54,17.518911,-4.021088638305663,-18.66800667737077
153865,7.895,11.302686,3.4076857376098637,43.16258059037193
214591,3.88,4.706103,0.8261028480529786,21.291310516829345
180502,322.12,50.860462,-271.2595378112793,-84.21070961482656
170261,9.9,12.56337,2.663369750976562,26.90272475733901
261295,15.1,11.146905,-3.9530950546264645,-26.179437447857378
197328,51.9,20.590454,-31.3095458984375,-60.32667803167149
154508,3.38,8.340729,4.960728759765625,146.7671230699889
242707,13.49,14.9388685,1.4488685226440428,10.740315216041829
104581,15.489999999999998,16.485687,0.9956872558593766,6.427935802836518
211362,14.99,16.2501,1.260099182128906,8.40626539112012
255637,46.955,24.767729,-22.187271194458006,-47.25220145768929
78928,14.99,17.126472,2.136472473144531,14.252651588689332
271692,1.89,6.583644,4.693643913269043,248.34094779201288
75658,3.12,2.4512904,-0.6687096309661866,-21.43300099250598
165059,1.36,8.326852,6.966851844787597,512.268517999088
235332,119.64,81.46194,-38.17806304931641,-31.91078489578436
113322,13.24,16.190788,2.9507882690429685,22.28692046104961
63184,12.365,11.624354,-0.7406456375122072,-5.9898555399288895
132583,1.98,14.693294,12.713293571472168,642.0855339127357
73332,11.99,21.07714,9.087140808105469,75.78933117685962
85204,1.29,12.099473,10.809472999572755,837.9436433777329
261462,4.99,6.541992,1.5519921874999998,31.102047845691377
61577,83.99,102.49216,18.50215698242188,22.02899986000938
95888,12.99,12.363934,-0.6260664367675783,-4.819603054407839
148213,7.39,19.679075,12.289075241088867,166.29330502150023
101937,11.49,12.422033,0.9320333099365232,8.111691122162952
170160,5.29,8.80774,3.5177402114868164,66.49792460277536
290662,10.8,9.378741,-1.421258735656739,-13.159803107932769
158679,41.0,22.049742,-18.950258255004883,-46.220142085377766
165588,2.975,7.898959,4.923959159851075,165.51123226390166
68271,121.38,110.08309,-11.296908264160152,-9.30705904116012
91682,52.49,18.327303,-34.162697067260744,-65.08420092829252
241949,81.18,77.36439,-3.8156124877929756,-4.7001878391142835
11105,3.24,2.9860797,-0.25392030715942404,-7.837046517266173
160583,67.23,48.670643,-18.5593571472168,-27.605766989761715
59475,10.97,31.61261,20.64260986328125,188.1732895467753
256667,6.55,7.3884363,0.8384363174438478,12.800554464791569
101134,28.18,19.788164,-8.391835861206054,-29.7794033399789
167326,9.89,12.06255,2.1725495910644526,21.967134388922673
80186,32.49,15.612146,-16.877853622436525,-51.947841250958824
101152,14.99,13.707984,-1.2820160293579104,-8.552475179172184
147510,12.59,19.653046,7.063045654296875,56.10044205160346
23393,32.0,14.535305,-17.46469497680664,-54.57717180252075
218776,50.35,29.481733,-20.868266677856447,-41.446408496239215
104979,40.28,32.04621,-8.23378875732422,-20.441382217786046
82534,2.99,9.826531,6.836531410217285,228.64653545877206
125691,19.99,41.80877,21.81876922607422,109.14842034054138
53710,8.935,7.9542704,-0.9807296371459966,-10.976269022339077
109721,58.43,15.855078,-42.574922256469726,-72.86483357259922
145538,18.13,20.244514,2.1145144653320322,11.663069306850703
258200,18.49,9.4134865,-9.076513519287108,-49.08876970950302
293307,38.05,47.20491,9.154910278320315,24.060210981130922
113245,58.79,22.584072,-36.20592788696289,-61.58518096098467
22503,51.94,39.129578,-12.810422363281248,-24.663885951638907
229242,32.245,13.628989,-18.61601078033447,-57.7330152902294
257016,5.88,6.1959405,0.3159404945373536,5.373137662199891
200996,14.04,6.546908,-7.493092098236083,-53.36960183928835
99439,19.99,29.887018,9.897018203735353,49.5098459416476
36666,9.97,10.18753,0.21752956390380795,2.1818411625256564
262980,12.99,7.097228,-5.892771949768067,-45.36391031384193
273518,4.66,6.716839,2.0568388366699217,44.13817246072793
205271,17.99,21.781204,3.791204223632814,21.07395343875939
83183,30.99,21.515177,-9.47482322692871,-30.573808412161053
262724,9.99,4.2562695,-5.7337305450439455,-57.39470015059004
115797,19.94,10.363296,-9.576704444885255,-48.02760503954491
288888,50.96,46.473213,-4.48678680419922,-8.804526695838343
177154,5.49,4.736081,-0.7539188766479494,-13.732584274097439
203184,25.55,16.009369,-9.540631103515626,-37.34102193156801
186214,10.59,10.96976,0.37975994110107436,3.5860239952887096
182555,15.39,11.691738,-3.698261871337891,-24.030291561649715
178784,7.09,11.344002,4.254001770019531,60.00002496501455
67962,7.49,26.538977,19.04897666931152,254.32545619908572
179579,22.0,6.334694,-15.665306091308594,-71.20593677867542
129192,28.5,15.708925,-12.791074752807617,-44.880964044939006
67520,26.09,7.042365,-19.047634925842285,-73.00741635048787
191359,29.44,15.447523,-13.992476882934572,-47.528793759967975
297211,2.08,8.615118,6.535118026733398,314.1883666698749
149698,16.77,24.101978,7.3319783020019536,43.7208008467618
129094,42.39,15.051842,-27.338158264160157,-64.49199873592866
30520,8.0,8.132846,0.13284587860107422,1.6605734825134277
83093,4.89,5.009408,0.11940799713134798,2.4418813319294066
208687,10.235,33.142147,22.907147064208985,223.81189119891536
274927,9.245,6.516609,-2.728390808105468,-29.512069314283053
287284,13.84,10.679105,-3.160895195007324,-22.83883811421477
159963,11.99,11.467841,-0.5221588516235354,-4.354952890938576
133600,4.99,5.133972,0.1439721679687498,2.8852137869488934
133475,41.445,25.078308,-16.36669189453125,-39.49014813495295
45772,34.51,27.296953,-7.213046798706053,-20.90132367054782
218373,39.99,28.264856,-11.725143661499025,-29.320189201047825
73710,1.83,3.950338,2.1203378868103027,115.86545829564494
68636,19.895,13.614518,-6.280481834411621,-31.568141917123
144455,4.77,7.5654364,2.7954363632202153,58.604535916566356
63949,11.5,11.217783,-0.28221702575683594,-2.4540610935377036
273889,4.92,8.835784,3.9157839584350587,79.58910484624103
90059,26.95,19.112022,-7.8379776000976555,-29.083404824110037
17679,13.645,17.940992,4.29599235534668,31.484004069964676
272857,4.665,17.666801,13.00180145263672,278.7095702601655
262622,14.29,12.877361,-1.4126387023925773,-9.885505265168492
241669,9.94,15.940096,6.000095901489258,60.36313784194425
102953,45.99,39.481632,-6.508367767333986,-14.151702038125649
198671,11.99,6.759856,-5.230143775939942,-43.62088220133396
45539,8.01,2.2013571,-5.808642873764038,-72.51738918556852
40436,3.74,6.6057563,2.8657562828063963,76.62449954027797
159101,5.59,9.197364,3.60736385345459,64.53244818344525
266411,12.035,9.9283495,-2.106650505065918,-17.504366473335423
178981,65.32,59.345085,-5.974914855957024,-9.147144604955642
211947,19.99,17.534372,-2.4556276702880844,-12.284280491686266
265627,1.49,17.56379,16.073789367675783,1078.7778099111265
9978,16.96,14.746536,-2.2134637451171884,-13.05108340281361
229938,1.26,4.227601,2.9676010513305666,235.52389296274336
41898,2.54,4.379742,1.83974214553833,72.43079313143032
290981,5.365,22.12498,16.75998092651367,312.39479825747753
271065,7.92,4.7468343,-3.1731657218933105,-40.06522376127917
60127,39.99,31.968555,-8.021444549560549,-20.058626030408973
85866,41.05,53.16355,12.113551330566409,29.509260244985164
168072,4.69,4.133155,-0.5568451309204105,-11.873030510030075
283689,5.99,7.584998,1.5949981307983396,26.627681649387974
274,7.99,6.4119616,-1.5780384445190432,-19.750168266821568
188283,7.44,9.789302,2.3493018722534176,31.576638067922282
270831,19.99,30.748226,10.758226165771486,53.81803984878183
25150,14.95,12.238644,-2.711356353759765,-18.13616290140311
255084,14.49,25.201832,10.711831817626953,73.92568542185613
47224,18.99,13.156881,-5.8331186676025375,-30.716791298591563
39823,21.19,9.329337,-11.860662879943849,-55.972925341877534
295756,3.99,10.608246,6.618245849609375,165.87082329848056
270347,6.9,5.179459,-1.7205409049987797,-24.93537543476492
55995,4.83,9.150735,4.320734901428223,89.45620913930067
269869,2.89,2.8963792,0.006379232406616087,0.2207346853500376
159290,150.0,33.35291,-116.64709091186523,-77.76472727457683
108932,24.99,38.207848,13.217847595214845,52.892547399819314
84765,14.89,12.231774,-2.6582256698608404,-17.852422228749766
38084,4.195,13.472099,9.277099304199218,221.14658651249624
280911,6.79,10.075263,3.285263023376465,48.38384423234852
277736,18.28,16.202576,-2.077424316406251,-11.364465625854764
120693,121.63,57.894432,-63.7355679321289,-52.40119043996457
230908,18.5,13.950434,-4.549566268920898,-24.592250102275127
62554,29.99,26.206627,-3.7833731079101547,-12.615448842648066
247833,105.98,86.882385,-19.097614746093754,-18.020017688331528
138729,1.96,3.7170138,1.7570138359069825,89.6435630564787
273081,9.99,8.890856,-1.09914421081543,-11.002444552707006
266752,32.14,12.943917,-19.196082725524903,-59.726455275435285
163490,149.89,51.672924,-98.21707595825194,-65.5261031144519
132746,4.18,6.8689613,2.688961334228516,64.32921852221331
275573,30.955,20.209295,-10.74570472717285,-34.71395486083944
160570,4.890000000000001,10.456384,5.56638370513916,113.83197761020776
250745,11.445,6.308956,-5.136043853759766,-44.87587465058773
264129,12.95,7.8186913,-5.13130874633789,-39.62400576322695
130947,33.95,14.607607,-19.34239311218262,-56.97317558816677
86408,20.19,18.67593,-1.514069976806642,-7.499108354663902
165060,1.525,4.3187666,2.7937665939331056,183.19780943823645
14535,30.0,16.59273,-13.407270431518555,-44.69090143839518
196410,67.48,42.495434,-24.984566192626957,-37.02514254983248
28126,1.465,4.24941,2.784410152435303,190.06212644609576
116206,22.95,17.52168,-5.42831916809082,-23.65280683263974
217183,34.26,17.358831,-16.90116859436035,-49.33207412247621
195033,5.975,16.489325,10.514324569702149,175.97195932555897
258688,9.48,9.605594,0.1255936813354488,1.3248278621882783
166936,8.99,7.676794,-1.3132059478759768,-14.607407651568149
129096,4.095,15.127054,11.03205421447754,269.4030333205748
39285,31.26,31.715015,0.45501541137695156,1.4555835296767483
160941,21.22,29.566648,8.346648483276368,39.33387598150975
34043,3.55,9.156463,5.606462669372559,157.92852589781856
225583,15.99,22.359674,6.369674453735351,39.835362437369305
195388,101.04,58.814095,-42.225905456542975,-41.79127618422701
268283,15.0,6.434086,-8.565914154052734,-57.10609436035157
254009,2.63,8.237767,5.607767219543457,213.2230881955687
206574,21.97,20.645191,-1.3248088073730457,-6.0300810531317515
159181,103.93,17.622051,-86.30794876098633,-83.04430747713492
1449,51.54,54.233307,2.693306884765626,5.225663338699313
283181,20.305,26.962162,6.657162017822266,32.78582623896708
288222,16.39,13.864106,-2.525893821716309,-15.411188662088524
112091,4.77,13.319999,8.549998741149903,179.24525662788056
21859,30.995,20.806704,-10.188296432495118,-32.87077410064565
217424,28.89,16.893429,-11.996571197509766,-41.52499549155336
222106,62.71,56.807495,-5.902504882812501,-9.41238220828018
265929,18.99,10.188223,-8.801777114868162,-46.34953720309723
128893,114.63,90.36688,-24.263117675781245,-21.166463993528087
61857,16.49,18.231497,1.7414968109130875,10.560926688375304
22461,33.73,3.5422192,-30.187780838012692,-89.4983125941675
101174,14.99,12.1123905,-2.8776094818115237,-19.196861119489817
224070,3.46,3.2263494,-0.23365064620971676,-6.7529088499918135
259441,29.34,7.807126,-21.53287395477295,-73.39084510829225
161807,130.61,18.084152,-112.52584777832033,-86.15408297857769
226669,29.99,26.996151,-2.993849029541014,-9.982824373261135
226540,60.73,20.343489,-40.38651130676269,-66.50174758235254
83466,8.99,5.8691487,-3.1208512687683108,-34.71469709419701
82903,6.195,5.174815,-1.0201848220825198,-16.467874448466823
852,81.99,31.297974,-50.692026367187495,-61.827084238550434
76399,34.75,26.87056,-7.8794403076171875,-22.674648367243705
85603,43.0,15.407986,-27.59201431274414,-64.16747514591661
209185,4.97,11.482323,6.512322692871094,131.03264975595764
142380,56.37,59.47183,3.101828460693362,5.502622779303463
163870,5.89,19.213892,13.323891983032226,226.21208799715157
71566,6.74,10.694338,3.9543378448486326,58.66970096214589
24847,19.98,13.296498,-6.683501701354981,-33.450959466241144
209067,3.98,16.872946,12.89294578552246,323.94336144528796
31067,5.5,25.159094,19.659093856811523,357.4380701238459
159352,2.33,2.740468,0.41046802520751946,17.61665344238281
115054,24.49,9.080599,-15.40940116882324,-62.92119709605244
83166,17.99,14.106168,-3.8838322067260727,-21.588839392585175
57869,19.39,13.4635,-5.926499977111817,-30.56472396653851
17560,14.99,18.389639,3.3996389007568357,22.679378924328457
112327,20.99,24.715218,3.725217590332033,17.747582612348893
130142,4.25,8.419106,4.169105529785156,98.09660070082721
127592,2.58,5.1114917,2.5314916801452636,98.1198325637699
26759,20.8,10.751312,-10.048687744140626,-48.31099876990685
85013,8.99,14.656601,5.666600952148437,63.0322686557112
63245,8.49,11.297824,2.807823905944824,33.07213081207095
182718,15.28,8.83204,-6.447960166931152,-42.1986921919578
27470,18.135,19.345133,1.2101328277587875,6.672913304432243
106095,10.99,13.002464,2.0124642944335935,18.311777019413952
274524,10.555,17.53811,6.983110733032227,66.15926795861891
254146,127.94,29.739254,-98.20074600219726,-76.75531186665411
250553,5.94,25.370964,19.430964050292967,327.120606907289
208311,37.92,33.08111,-4.838891906738283,-12.760790893297159
35159,30.745,25.632547,-5.112452621459962,-16.62856601548207
83864,2.39,3.3955889,1.0055888748168944,42.07484831869851
8569,12.68,17.73757,5.057569808959961,39.88619723154543
184112,2.225,5.0321746,2.8071745872497558,126.16514998875306
46933,30.69,20.529264,-10.160735549926759,-33.107642717258905
141933,8.855,10.073677,1.2186770629882808,13.762586820872736
253049,3.205,11.103913,7.898913307189941,246.45595342246307
270613,29.99,19.460531,-10.529468765258787,-35.109932528372084
83762,19.99,59.46286,39.47286010742188,197.46303205313598
209036,23.0,15.349998,-7.650001525878906,-33.26087619947351
153915,8.83,15.826662,6.996662063598633,79.23739596374443
66519,14.88,11.989626,-2.890374069213868,-19.424556916759865
40855,3.57,7.1051426,3.5351425933837892,99.02360205556833
68995,19.98,15.58003,-4.399969558715821,-22.021869663242345
93517,22.08,25.696724,3.616723937988283,16.38009029885998
216456,23.99,11.464518,-12.52548240661621,-52.21126472120138
255119,6.59,9.4130125,2.823012504577637,42.837822527733486
192481,36.75,19.347038,-17.40296173095703,-47.35499790736607
85219,6.77,10.824905,4.054905395507813,59.89520525122324
81729,3.24,8.377363,5.1373632049560545,158.56059274555722
12893,16.0,12.815314,-3.184685707092285,-19.904285669326782
171363,12.58,7.4471235,-5.132876472473145,-40.801879749389066
59477,3.29,14.370513,11.08051296234131,336.7937070620459
137086,14.48,15.073954,0.5939536285400386,4.101889699862145
1878,26.09,20.126366,-5.963634338378906,-22.857931538439654
136967,18.49,20.409931,1.9199311828613297,10.383619160959059
157571,75.73,31.710533,-44.01946685791016,-58.126854427453
148627,29.13,30.332275,1.202275390625001,4.127275628647446
231580,35.99,32.33815,-3.6518499755859395,-10.146846278371601
203445,28.62,68.05592,39.43592346191406,137.79148658949705
196883,9.99,5.0013885,-4.988611450195313,-49.936050552505634
13078,9.614999999999998,9.493464,-0.12153553009033047,-1.2640200737423868
243997,19.03,20.379164,1.3491637420654286,7.089667588362734
282962,13.81,10.588656,-3.2213435745239263,-23.32616636150562
293944,19.99,9.892057,-10.097942581176756,-50.51497039107933
280249,1.56,5.22177,3.6617698097229003,234.7288339565962
20259,50.19,55.71873,5.528730926513674,11.015602563286858
233126,4.68,6.4765573,1.79655725479126,38.38797552972778
48861,3.99,6.6058655,2.615865478515625,65.56053830866227
173582,7.3,5.573659,-1.7263410568237303,-23.648507627722335
105628,25.99,18.100466,-7.889534225463866,-30.35603780478594
84625,12.68,12.067428,-0.6125723648071286,-4.831012340750226
219748,20.99,18.641838,-2.3481619262695297,-11.187050625390803
178392,28.45,49.02911,20.579109954833985,72.33430564089275
31287,13.95,15.48805,1.5380504608154304,11.025451332010254
190786,15.49,10.050315,-5.439685096740723,-35.11739894603436
253175,19.165,19.785135,0.6201352691650399,3.235769732142134
23140,7.24,9.708129,2.4681289291381834,34.09017857925667
46317,67.99,35.70681,-32.2831900024414,-47.48226210095809
18086,44.85,56.99416,12.144159698486327,27.077279149356357
235620,44.7,39.40901,-5.29098815917969,-11.836662548500424
250623,81.45,44.632374,-36.81762619018555,-45.20273319850896
280459,20.840000000000003,15.573614,-5.266385879516605,-25.270565640674686
176244,18.99,13.122156,-5.867843856811522,-30.89965169463677
75307,11.57,17.273272,5.703271560668945,49.29361763758811
253977,23.355,10.35401,-13.000990371704102,-55.66683952774182
33955,54.885000000000005,36.144314,-18.740686187744146,-34.145369750832
60812,12.99,16.922556,3.932555923461914,30.27371765559595
204917,11.995,12.225309,0.23030937194824297,1.9200447848957314
172064,4.69,12.809176,8.119176445007323,173.11676855026275
163842,5.29,9.131953,3.841953239440918,72.62671530134061
189028,24.99,17.729584,-7.260416259765623,-29.053286353603937
160319,28.285,13.612205,-14.672795448303223,-51.874829232113214
49791,4.82,6.4657183,1.6457182693481442,34.143532559090126
261967,5.04,7.3982344,2.3582343673706054,46.790364431956455
175756,20.73,20.916681,0.18668128967285114,0.9005368532216649
202203,12.99,12.118882,-0.8711178207397463,-6.7060648247863455
250659,9.59,9.601286,0.01128593444824233,0.11768440509116089
6582,21.95,17.482218,-4.46778221130371,-20.3543608715431
162191,3.52,3.3110757,-0.20892431259155275,-5.935349789532748
114025,12.99,15.209246,2.219245681762695,17.08426236922783
257395,8.49,7.484907,-1.0050928497314455,-11.838549466801478
138424,54.7,44.833153,-9.866847229003909,-18.03811193602177
185777,4.29,6.481516,2.191515884399414,51.084286349636685
50071,9.945,9.212393,-0.7326071929931643,-7.366588164838253
24828,6.73,16.152628,9.422627944946289,140.00933053412018
43293,31.49,9.126601,-22.363398780822752,-71.01746199054543
270452,17.34,20.413807,3.0738069152832033,17.72668347914189
289742,12.635,11.107804,-1.5271957015991209,-12.087025734856518
50550,19.28,13.266259,-6.013740806579591,-31.191601693877548
108652,11.99,11.956308,-0.03369163513183615,-0.2809977909244049
248230,139.98,42.49924,-97.48075912475585,-69.63906209798246
234755,13.99,13.3276825,-0.6623175048828127,-4.734220906953629
272461,14.98,8.609506,-6.370494346618653,-42.526664530164574
230221,59.99,53.48777,-6.502229919433596,-10.838856341779621
26481,2.64,7.1362486,4.496248588562011,170.3124465364398
242609,13.89,9.03205,-4.857949867248536,-34.97444108890234
18437,10.0,7.517627,-2.4823732376098633,-24.823732376098633
250897,11.99,7.9478855,-4.042114486694336,-33.71238103998612
189559,21.86,16.001143,-5.858857498168945,-26.801726890068366
184160,7.38,5.932435,-1.4475649642944335,-19.614701413203704
129700,2.49,8.367043,5.877042541503906,236.02580487967492
286931,9.97,17.53001,7.560010223388671,75.82758498885327
219988,1.49,19.941738,18.45173812866211,1238.37168648739
21888,51.75,17.843246,-33.90675354003906,-65.52029669572765
69643,6.235,11.486972,5.251971855163574,84.23371058802844
68922,32.99,22.321638,-10.668361892700197,-32.338168816914816
2316,20.08,29.419588,9.33958808898926,46.511892873452496
277769,5.69,2.56386,-3.126140060424805,-54.94095009533928
151450,32.91,31.063004,-1.846996459960934,-5.612265147252915
124376,8.925,24.805101,15.88010139465332,177.92830694289432
110158,80.7,50.78656,-29.913439941406253,-37.0674596547785
238762,4.89,5.572066,0.6820658302307132,13.948176487335651
23451,51.75,10.63772,-41.11227989196777,-79.44401911491357
81006,43.88,55.02908,11.149079437255857,25.40811175308992
287764,14.99,11.188569,-3.801430931091309,-25.35977939353775
263702,3.99,10.8876,6.897599945068359,172.87217907439495
105090,17.95,16.881279,-1.0687210083007805,-5.9538774835698085
227853,35.99,34.72512,-1.2648794555664082,-3.5145303016571496
258113,63.99,19.70592,-44.28408073425293,-69.20468937998582
110960,30.44,11.502621,-18.937379302978517,-62.212152769311814
30947,15.62,5.7319694,-9.888030643463134,-63.303653287215965
98950,2.34,12.127874,9.787874374389649,418.2852296747713
60429,3.49,5.680241,2.1902411079406736,62.75762486936027
24712,24.99,11.040667,-13.949333419799803,-55.81966154381674
130760,6.215,8.409391,2.1943914031982423,35.30798717937639
89531,6.470000000000001,18.984571,12.514571456909179,193.42459747927631
279056,41.13,24.847237,-16.28276336669922,-39.58853237709511
194810,3.79,8.383476,4.593476257324219,121.19990124866011
238494,4.23,11.293429,7.063429374694824,166.98414597387287
113309,17.85,20.377115,2.5271152496337876,14.157508401309734
150329,6.29,10.01027,3.720270118713379,59.145788850769144
211013,65.99,14.314346,-51.67565368652343,-78.30830987501656
61029,49.25,24.723667,-24.52633285522461,-49.7996606197454
207515,7.99,11.740419,3.7504193878173826,46.93891599270817
12766,12.48,10.756346,-1.7236542510986332,-13.811332140213405
104212,34.99,26.91668,-8.073320617675783,-23.073222685555255
230383,16.91,20.603529,3.6935289764404295,21.842276619990713
173934,68.35,45.462254,-22.887746429443354,-33.48609572705685
200457,9.14,10.442617,1.3026174163818354,14.251831689079161
231299,24.99,27.010157,2.020156631469728,8.083860069906876
10585,8.45,8.659388,0.20938758850097727,2.4779596272305007
262419,4.84,5.583814,0.7438141441345216,15.368060829225655
229923,3.0,5.6636896,2.663689613342285,88.78965377807617
240052,15.99,10.471598,-5.518402328491211,-34.51158429325335
2717,18.55,19.131418,0.5814182281494134,3.134330070886325
125898,17.99,14.922104,-3.067896118164061,-17.053341401690165
129068,31.24,13.522439,-17.717560997009276,-56.71434378043942
291638,8.99,6.6711974,-2.318802585601807,-25.793132209141344
75680,39.78,23.901627,-15.878373413085939,-39.915468610070235
45293,6.51,4.061408,-2.448591957092285,-37.612779678836944
184773,40.95,36.034336,-4.915663909912112,-12.004063272068649
108599,33.33,31.232784,-2.097215728759764,-6.292276413920685
80443,19.19,17.64705,-1.542949142456056,-8.040381148806961
143440,9.99,13.325272,3.3352716064453123,33.38610216661974
241789,19.99,17.498154,-2.491846313476561,-12.465464299532572
205822,6.29,9.20077,2.910770378112793,46.276158634543606
292341,21.94,20.808035,-1.1319651031494153,-5.159366924108547
213040,17.49,17.246696,-0.2433035278320297,-1.3911007880619195
96874,22.54,18.210087,-4.3299131774902335,-19.209907619743717
161552,130.87,64.18006,-66.68993865966797,-50.958920042536846
143786,80.86,56.235233,-24.624766693115234,-30.453582356066327
231798,18.49,30.909218,12.419217834472658,67.16721381542811
42649,6.99,11.229842,4.239842185974121,60.655825264293576
210142,4.18,35.54168,31.36167938232422,750.279411060388
47980,2.79,6.547065,3.757064781188965,134.66182011429981
187022,7.25,7.638503,0.3885030746459961,5.358663098565463
145079,38.92,51.006382,12.086381988525389,31.054424430949094
217864,84.28,50.040226,-34.239774017333986,-40.626215018194095
44791,3.98,6.8902407,2.9102406692504883,73.1216248555399
213029,25.96,11.69143,-14.26856990814209,-54.963674530593565
125280,3.29,15.561981,12.271981201171876,373.00854714808133
71886,15.95,10.986784,-4.963216018676757,-31.117341809885623
113753,32.185,18.36846,-13.816540298461916,-42.928507995842516
2379,16.77,19.37531,2.605310897827149,15.535545007913829
65910,4.055,1.3967383,-2.6582617092132566,-65.55515929009265
108166,2.84,23.770416,20.930416259765625,736.9864880199164
246413,19.99,36.48326,16.49326110839844,82.50755932165302
260057,10.99,17.98733,6.997329483032226,63.669967998473396
295508,7.92,5.0611043,-2.8588957023620605,-36.09716795911693
214563,11.49,14.06374,2.573739776611328,22.39982399139537
26494,3.68,6.4134746,2.7334745597839354,74.27919999412867
48025,17.09,11.877661,-5.212339248657226,-30.499351952353575
35474,43.99,28.692667,-15.297332992553713,-34.77456920335011
72590,93.15,26.435385,-66.7146152496338,-71.62062828731486
151308,34.99,43.623035,8.633035430908201,24.67286490685396
227614,14.99,14.1668215,-0.8231785202026369,-5.491517813226397
95157,6.49,8.05098,1.5609796142578123,24.052074179627308
290585,9.755,6.181233,-3.5737670707702645,-36.63523393921337
183216,2.99,3.9740663,0.9840662574768064,32.911914965779474
104052,2.99,12.714975,9.724975357055664,325.250011941661
41062,2.49,7.457266,4.967265853881836,199.48858850931066
170811,5.39,8.154866,2.764866218566895,51.29621926840251
255724,3.58,8.932888,5.352888031005859,149.5220120392698
153341,13.99,22.587374,8.597373733520508,61.45370788792357
186225,11.95,12.734373,0.7843730926513679,6.563791570304334
239709,2.59,6.7859063,4.195906314849854,162.00410482045768
161444,79.13,63.224884,-15.90511596679687,-20.099982265634868
81812,8.16,13.562363,5.402362670898437,66.20542488846124
174437,10.465,11.188319,0.7233192062377931,6.911793657312883
6869,7.31,3.8622146,-3.4477854347229,-47.16532742438988
174444,24.99,19.688602,-5.301397552490233,-21.21407584029705
179805,2.78,6.660418,3.8804180335998537,139.58338250359188
109647,5.33,8.3240595,2.99405948638916,56.17372394726379
242914,4.79,4.982639,0.1926388359069824,4.021687597223014
197969,29.94,11.710243,-18.229756774902345,-60.88763117869854
103029,20.855,15.46213,-5.392870407104493,-25.858884713999004
160827,31.630000000000003,39.39071,7.760708923339841,24.53591186639216
127043,28.95,18.141441,-10.808558654785156,-37.3352630562527
181128,1.89,3.3028803,1.4128802871704103,74.75557074975715
64391,6.005,6.089812,0.0848118019104005,1.412353070947552
195515,58.7,44.18578,-14.5142204284668,-24.726099537422144
15143,32.95,29.933485,-3.016514968872073,-9.154825398701282
104121,10.36,11.535474,1.1754738235473638,11.346272428063358
191159,9.89,15.613382,5.7233823394775385,57.870397770248104
146904,80.86,62.67809,-18.181910858154296,-22.485667645503707
121633,14.99,13.67043,-1.3195698165893557,-8.803000777780893
48267,14.46,12.96272,-1.4972800827026376,-10.354634043586705
183660,17.99,25.907944,7.917943725585939,44.01302793544158
108870,14.97,13.122412,-1.8475882720947272,-12.341939025348879
139756,158.87,80.199394,-78.67060577392579,-49.51885552585497
7284,36.49,22.532202,-13.957798233032229,-38.25102283648185
31243,7.97,12.656966,4.686966209411621,58.807606140672796
18596,32.84,11.71499,-21.125010337829593,-64.32707167426794
220876,9.99,13.769419,3.779418716430664,37.83201918349013
179622,15.95,15.777929,-0.17207069396972585,-1.0788131283368392
256288,3.12,4.5563107,1.4363106536865233,46.035597874568055
149806,39.71,53.269535,13.559535064697265,34.14639905489113
99234,26.17,6.151319,-20.01868097305298,-76.49476871628956
243682,14.98,14.139126,-0.840874176025391,-5.613312256511289
51449,8.99,9.58144,0.5914399719238279,6.578865093702202
62521,17.7,13.316606,-4.38339443206787,-24.76494029416876
196849,8.15,5.71312,-2.4368800163269047,-29.900368298489628
111709,74.99,18.105785,-56.88421463012695,-75.85573360464988
274641,3.62,11.049115,7.429115180969238,205.22417626986845
285516,5.19,11.162916,5.972916183471679,115.0850902403021
286806,6.98,7.321249,0.3412490081787105,4.888954271901296
290304,4.99,22.488968,17.49896789550781,350.6807193488539
274419,3.79,6.964849,3.17484899520874,83.7691027759562
257211,34.01,11.443807,-22.566193351745603,-66.35164172815526
130916,9.99,10.113122,0.12312198638915994,1.2324523162078072
66875,11.99,18.151772,6.161771545410156,51.39092198006803
292004,3.99,17.40086,13.410859832763672,336.11177525723485
109228,13.24,9.040537,-4.199463119506836,-31.717999392045588
189451,40.97,20.017193,-20.952807159423827,-51.141828556074756
174137,33.24,13.046009,-20.1939909362793,-60.752078628999094
222177,22.0,29.692898,7.692897796630859,34.96771725741299
71938,32.52,27.666218,-4.853782196044925,-14.925529508133225
159258,14.375,10.204252,-4.170747756958008,-29.013897439707883
262478,4.92,10.396193,5.47619255065918,111.30472663941421
177382,5.79,12.846183,7.056182823181152,121.86844254198881
240625,6.49,7.9372253,1.4472253417968748,22.299311892093602
110522,3.99,6.6210256,2.6310255622863767,65.94049028286658
264097,6.3,16.529137,10.229136657714843,162.36724853515625
111535,14.97,16.477018,1.5070183563232415,10.066922887930804
47357,5.095000000000001,6.2366,1.1415999221801751,22.406279139944555
195712,123.86,135.4484,11.588394775390626,9.35604293185098
297036,1.98,6.6302323,4.6502323341369625,234.86021889580618
46074,7.155,8.74751,1.592509956359863,22.25730197567943
255193,32.99,21.248161,-11.741838684082033,-35.592114835047084
249203,1.895,3.1710615,1.2760615158081055,67.33833856507154
153872,16.99,9.646691,-7.343308677673338,-43.22135772615267
212129,2.64,5.3184757,2.6784757232666014,101.45741376009853
109604,2.88,7.714198,4.834198112487793,167.85410112804837
96912,10.99,11.021641,0.03164077758789041,0.2879051645849901
115438,51.87,51.592186,-0.2778140258789037,-0.5355967339095888
265523,7.465,12.261465,4.796465072631836,64.25271363204067
125291,21.99,21.527678,-0.46232246398925625,-2.1024213914927525
96564,17.99,67.122154,49.13215423583985,273.1081391653133
79512,11.46,14.805743,3.345743217468261,29.19496699361484
281148,6.22,17.787169,11.567168502807618,185.9673392734344
64782,26.66,19.629536,-7.030464324951172,-26.370833927048658
158333,5.455,12.278271,6.823270721435547,125.08287298690277
210066,16.98,5.935179,-11.044820766448975,-65.04605869522364
56706,54.015,11.707499,-42.30750144958496,-78.32546783224097
148646,52.61,46.497417,-6.112582550048828,-11.618670499997771
109496,29.1,24.545912,-4.554088211059572,-15.64978766687138
187857,19.76,5.33665,-14.423350105285646,-72.99266247614192
16506,69.95,55.999184,-13.950816345214847,-19.943983338405786
283424,6.1,5.9908705,-0.10912952423095668,-1.7890085939501095
51978,12.99,14.546777,1.55677677154541,11.984424723213317
200781,26.32,14.813919,-11.506080932617188,-43.71611296587077
284326,6.215,13.948979,7.733979377746582,124.44053705143334
40874,18.66,10.334057,-8.325943145751953,-44.6192022816289
290748,12.49,24.696476,12.206475982666015,97.72999185481197
83694,2.9800000000000004,4.8262186,1.8462186050415035,61.95364446447997
118628,34.99,15.6045685,-19.38543151855469,-55.40277656060214
108657,5.19,11.943366,6.7533660507202145,130.12265993680566
279323,29.745,17.266802,-12.478198165893556,-41.9505737632999
90025,7.955,6.604859,-1.3501411247253419,-16.97223286895464
227425,71.99,33.997185,-37.992815246582026,-52.77512883259068
2733,20.78,21.853191,1.0731913757324207,5.16453982546882
39407,43.11,9.375804,-33.73419605255127,-78.25144062294426
229876,10.55,10.388022,-0.16197757720947337,-1.5353324853978518
77012,188.36,17.350674,-171.0093263244629,-90.78855719073205
268995,2.08,13.570337,11.490337295532226,552.4200622852031
28137,1.835,5.7682166,3.933216609954834,214.34422942533158
169682,9.7,4.8446746,-4.855325412750243,-50.054901162373646
208617,51.93,11.301657,-40.62834327697754,-78.23674807813892
9112,8.95,13.280576,4.3305757522583015,48.386321254282706
130190,9.99,15.468985,5.478984603881836,54.84469072954791
179585,7.08,12.753594,5.673594398498535,80.13551410308666
113724,13.12,9.17869,-3.94131004333496,-30.040472891272564
203590,9.99,9.115478,-0.8745224380493166,-8.753978358852018
197018,5.98,11.869484,5.889483947753906,98.48635364136965
142134,26.09,19.81821,-6.271789398193359,-24.039054803347486
220648,13.0,19.801674,6.801673889160156,52.32056837815505
117184,41.99,26.813366,-15.176634063720705,-36.14344859185688
149869,46.64,60.964233,14.3242333984375,30.712335759943183
243780,29.495,14.8697195,-14.625280494689942,-49.58562635934884
66152,112.0,31.817848,-80.1821517944336,-71.59120695931571
260838,28.17,16.128117,-12.041883392333986,-42.747189891139456
32251,20.99,20.506912,-0.48308776855468594,-2.3015139045006476
101151,4.88,7.985691,3.1056910705566407,63.64121046222625
145220,128.44,103.491135,-24.94886535644531,-19.42452924045882
295908,2.5650000000000004,5.1320105,2.567010459899902,100.07838050292013
223771,15.425,16.26622,0.8412200927734368,5.453614864009315
183850,5.1,5.8012733,0.701273345947266,13.750457763671884
210418,25.37,8.080683,-17.2893172454834,-68.14866868538982
179618,21.99,17.87298,-4.117019882202147,-18.722236844939278
142527,126.3,55.081467,-71.21853332519531,-56.38838743087514
274997,5.69,8.926093,3.2360931015014645,56.87334097542116
269687,19.65,21.729788,2.0797878265380874,10.58416196711495
250780,4.62,7.026451,2.4064511108398436,52.087686381814805
256932,1.16,6.82369,5.663689937591553,488.2491325509959
280528,2.93,24.477205,21.547205276489258,735.3994974911009
296078,3.89,7.29008,3.4000800704956053,87.40565733921865
277407,13.489999999999998,7.4161816,-6.073818435668944,-45.02459922660448
24785,7.07,6.1039405,-0.9660595130920413,-13.664208105969466
94665,36.175,22.908184,-13.266815948486325,-36.673990182408645
161398,5.220000000000001,19.302914,14.082913665771484,269.7876181182276
288830,17.99,11.770152,-6.219847908020018,-34.57391833251817
209741,17.85,20.062233,2.212232971191405,12.393462023481257
38331,56.49,8.422553,-48.06744693756104,-85.09018753329977
98150,1.67,13.12873,11.458729820251465,686.1514862426027
6160,17.99,20.319818,2.329818496704103,12.950630887738207
92838,25.99,32.089447,6.099447021484377,23.468437943379673
197960,28.0,20.446297,-7.553703308105469,-26.977511814662385
58618,25.89,11.535038,-14.354962005615235,-55.445971439224536
164615,2.69,20.022123,17.33212333679199,644.3168526688472
91033,3.09,3.8128695,0.7228695487976076,23.39383653066691
222032,43.0,49.44683,6.446830749511719,14.992629650027252
85069,3.99,6.7440796,2.75407958984375,69.02455112390349
54727,14.545,11.568977,-2.9760226440429687,-20.460795077641585
53624,11.505,13.560652,2.055651779174804,17.86746439960716
34413,75.98,19.370556,-56.60944412231446,-74.50571745500719
134046,4.79,6.2286754,1.438675365447998,30.03497631415445
16798,24.49,10.394948,-14.095051994323729,-57.55431602418836
250674,8.69,10.876123,2.186123428344727,25.156771327327128
8098,4.45,8.589116,4.139116096496582,93.01384486509173
202110,29.2,11.529372,-17.670627784729003,-60.51584857783905
297034,22.99,15.611303,-7.378696670532225,-32.095244325934
51858,28.99,18.789713,-10.20028709411621,-35.185536716509866
269587,48.51,20.325512,-28.18448806762695,-58.10036707406092
248605,2.44,1.2826221,-1.1573779010772705,-47.43352053595371
114752,65.17,44.812897,-20.357103271484377,-31.236923847605304
285754,19.77,19.5627,-0.20729972839355426,-1.0485570480200013
111957,57.99,25.685518,-32.304481735229494,-55.70698695504311
68660,52.9,9.460933,-43.43906726837158,-82.1154390706457
253167,25.14,15.64493,-9.495070114135743,-37.7687753147802
123688,14.99,18.756468,3.766467819213867,25.12653648574961
215973,45.61,64.53043,18.920433654785157,41.483081900427884
44163,20.96,15.997492,-4.962508163452149,-23.676088566088495
79081,36.46,46.647373,10.18737319946289,27.941232033633817
190343,40.54,38.174564,-2.3654356384277335,-5.834819039042263
136014,2.99,6.244061,3.25406099319458,108.83147134430031
234038,18.28,15.250011,-3.0299885559082043,-16.57542973691578
271821,1.99,2.9891052,0.999105224609375,50.20629269393845
223424,69.95,57.339584,-12.610415649414065,-18.027756468068713
218041,13.61,4.538826,-9.071174011230468,-66.65080096422093
233492,23.82,25.259531,1.4395310211181638,6.0433712053659265
123075,3.69,4.884837,1.1948371505737305,32.380410584653944
62565,10.98,11.930485,0.9504847717285152,8.65650976073329
170124,2.595,6.9901795,4.395179538726806,169.37108049043567
5115,18.55,19.84103,1.2910301208496087,6.959731109701394
102580,22.99,14.362348,-8.62765239715576,-37.52784861746743
93529,14.9,13.680427,-1.2195734024047855,-8.185056391978426
179644,5.62,7.4518986,1.8318985748291015,32.59606005033988
291495,0.38,6.0871086,5.707108612060547,1501.8706873843546
26228,4.17,10.042461,5.872461395263672,140.82641235644297
262918,5.22,15.527084,10.307084350585939,197.45372319130152
44335,4.335,6.7740035,2.439003505706787,56.26305664836879
104859,75.99,55.28333,-20.70667098999023,-27.249205145401014
233065,1.49,9.385788,7.895787963867187,529.9186552930998
138112,7.45,12.934709,5.484708595275879,73.6202496010185
53834,11.1,14.2365,3.1364997863769535,28.256754832224807
54232,17.99,37.937824,19.94782424926758,110.88284741115943
274881,16.99,14.029043,-2.9609568023681625,-17.42764451070137
101825,26.99,21.520416,-5.469583740234373,-20.265223194643845
110811,3.84,11.290343,7.450343284606934,194.01935636997223
245768,20.29,22.278358,1.988358459472657,9.799696695281702
82743,18.09,23.641447,5.551447067260742,30.687932931236826
196357,63.44,73.73305,10.293047485351565,16.22485416984799
49127,8.49,8.223927,-0.2660734558105471,-3.133962965966397
262137,7.46,19.50549,12.045489349365234,161.46768564832752
169823,11.68,56.130177,44.45017654418945,380.566580001622
267994,6.955,14.318151,7.363151473999023,105.86846116461572
98157,21.49,11.404552,-10.085447540283202,-46.93088664626897
18495,18.47,5.6702733,-12.799726696014403,-69.3000903953135
297918,81.28,12.891062,-68.38893821716309,-84.13993383017112
36328,28.0,22.416456,-5.58354377746582,-19.941227776663645
277049,3.625,4.5650215,0.9400215148925781,25.93162799703664
291457,22.92,11.813566,-11.10643379211426,-48.457390017950516
123707,14.99,19.297434,4.307433853149414,28.73538260940236
165459,1.29,13.3240185,12.034018478393556,932.8696494878725
226953,9.49,7.185396,-2.3046038055419924,-24.284550111085274
195443,150.11,80.93457,-69.17542968750001,-46.08315880854041
264896,4.59,5.791838,1.2018381690979005,26.183838106708073
53860,14.99,16.998804,2.0088040924072263,13.400961256886099
47091,26.84,13.685233,-13.154766883850098,-49.011799120156844
156351,4.99,9.985476,4.995475540161133,100.10973026375014
165581,12.59,8.803782,-3.7862175369262694,-30.07321316065345
170028,10.99,5.117503,-5.87249683380127,-53.43491204550745
276947,30.975,31.398148,0.4231475830078111,1.366093891873482
240525,39.99,21.244772,-18.74522804260254,-46.874788803707276
232818,68.165,35.216965,-32.94803527832032,-48.33570788281422
48126,89.49,9.1943865,-80.29561351776123,-89.72579452202618
202487,14.57,17.355736,2.7857357788085935,19.11966903780778
19801,64.31,56.836277,-7.473722991943362,-11.621401013751145
187395,11.0,12.346307,1.3463068008422852,12.239152734929865
198062,30.0,28.018568,-1.9814319610595703,-6.604773203531901
96310,14.99,17.842716,2.8527162170410154,19.03079531048042
108124,10.4,16.77273,6.372729873657226,61.276248785165635
42550,11.49,6.6075444,-4.882455577850342,-42.493085969106545
242281,13.99,20.378786,6.388786087036133,45.666805482745765
126500,11.98,8.721528,-3.258471946716309,-27.19926499763196
109524,12.94,9.242065,-3.6979345703124995,-28.577546911224882
224499,48.49,12.968274,-35.52172588348389,-73.25577620846336
258595,77.44,21.285355,-56.154645385742185,-72.51374662415056
10796,12.235,6.05868,-6.176319942474365,-50.48075147097969
59774,43.49,25.673363,-17.81663726806641,-40.96720457131848
295905,1.79,4.5834036,2.7934035873413086,156.05606633191667
177226,49.95,48.600197,-1.3498031616210966,-2.7023086318740672
65925,12.8,11.910355,-0.8896453857421882,-6.950354576110845
275497,11.99,12.026147,0.03614688873290994,0.3014753021927435
41317,7.59,11.516773,3.9267732238769533,51.736142607074484
231550,124.99,41.764374,-83.22562622070312,-66.58582784278993
212245,8.49,10.907062,2.4170615768432615,28.469512094738064
211608,39.99,46.322533,6.332532653808592,15.835290457135761
142566,34.5,39.903454,5.403453826904297,15.662185005519703
220850,10.96,21.044926,10.084925689697265,92.01574534395314
73881,50.255,33.15831,-17.096690063476565,-34.01987874535183
279117,5.29,10.342348,5.052348098754883,95.50752549631159
230971,19.98,24.708597,4.728597183227539,23.666652568706397
219264,12.49,10.654585,-1.8354151153564455,-14.695076984439115
221918,11.2,10.657692,-0.542308044433593,-4.842036111014224
31330,6.13,8.127713,1.9977132034301759,32.58912240505997
123819,25.0,25.545534,0.5455341339111328,2.1821365356445312
123752,9.56,9.686743,0.12674278259277294,1.3257613241921855
270503,86.13,37.99125,-48.13875091552734,-55.89080566066102
149505,30.98,27.533096,-3.446903686523438,-11.12622235804854
93489,3.39,6.3905272,3.0005272483825682,88.51112827087222
220757,15.79,17.063028,1.27302833557129,8.062244050483153
149486,3.64,8.413762,4.7737620925903315,131.1473102359981
67555,16.0,13.761149,-2.2388505935668945,-13.99281620979309
84742,59.99,48.47079,-11.519209136962893,-19.201882208639592
170015,49.45,40.46838,-8.981620025634768,-18.163033418877184
204166,102.99,29.73863,-73.25136970520019,-71.12473997980405
148393,86.91,52.71686,-34.19313827514648,-39.343157605737524
173872,1.14,5.3139954,4.173995361328125,366.13994397615136
249088,23.99,41.9631,17.97310043334961,74.91913477844774
138574,44.99,27.351381,-17.63861869812012,-39.20564280533478
134283,8.35,15.776909,7.426908874511719,88.9450164612182
286666,3.14,11.178579,8.038579330444335,256.0057111606476
190287,22.95,21.524513,-1.425486755371093,-6.2112712652335205
68685,21.99,29.046501,7.05650115966797,32.08959144914948
69629,10.49,8.408521,-2.081479301452637,-19.842510023380715
125399,14.49,14.742448,0.2524478530883787,1.7422212083393975
95385,49.795,20.448624,-29.34637634277344,-58.93438365854692
13535,19.34,15.393732,-3.9462679290771483,-20.404694566065917
117505,17.4,6.5915856,-10.808414363861083,-62.11732393023611
109993,20.86,11.36784,-9.492160186767578,-45.50412361825301
173529,96.68,32.591457,-64.08854263305665,-66.28934902053852
18791,16.82,19.611101,2.791101150512695,16.593942630872146
103763,17.94,16.789429,-1.1505712890625013,-6.413440853191199
1807,83.74,57.28745,-26.452551116943354,-31.588907471869305
191323,16.06,14.5701685,-1.489831504821776,-9.276659432265106
110790,12.15,6.613371,-5.536629104614258,-45.56896382398566
252704,29.605,24.19919,-5.405809860229493,-18.25978672599052
195464,65.91,63.99713,-1.9128686523437466,-2.902243441577525
34965,4.93,10.993173,6.063172645568848,122.98524636042289
177466,20.19,22.998621,2.8086209869384753,13.910950901131624
225711,34.99,26.837229,-8.152771224975588,-23.300289296872215
126928,4.24,7.391453,3.1514527893066404,74.3267167289302
58595,29.77,23.910593,-5.8594069671630855,-19.682253836624405
223797,4.99,4.9291945,-0.060805549621582244,-1.2185480886088627
208723,14.99,16.137749,1.1477487182617185,7.656762630164899
4374,25.35,8.555973,-16.794026947021486,-66.24862700994669
110691,18.49,18.678549,0.1885488128662125,1.0197339798064495
248821,18.26,13.81993,-4.4400699234008805,-24.315826524648852
67238,3.28,6.4313464,3.151346416473389,96.07763464857894
148912,16.9,14.341743,-2.5582565307617173,-15.137612608057498
190508,7.824999999999999,5.547504,-2.2774960517883294,-29.105380853524977
91427,8.48,29.45501,20.97500946044922,247.34680967510872
81154,11.36,11.836563,0.47656311035156307,4.195097802390521
294612,2.885,5.690813,2.8058130645751955,97.25521887608998
161701,97.45,23.307348,-74.14265174865723,-76.08276218435836
100137,3.98,12.589958,8.609958190917968,216.33060781200925
279232,2.54,7.3932104,4.853210411071777,191.07127602644795
225023,17.55,36.81157,19.261569213867187,109.75253113314636
95931,1.54,9.716278,8.176278076171876,530.9271478033685
32806,2.0,13.241034,11.241033554077148,562.0516777038574
228192,47.05,15.836491,-31.21350936889648,-66.34114637385012
277955,5.92,10.6607275,4.740727500915527,80.07985643438391
250334,12.99,9.661073,-3.328927268981934,-25.626845796627666
167299,33.37,14.562798,-18.80720245361328,-56.35961178787318
95273,7.505,15.115854,7.610854263305664,101.41044987749052
220803,69.96,22.041647,-47.91835304260253,-68.4939294491174
267961,4.5,12.1121435,7.612143516540527,169.15874481201172
207801,19.99,23.771132,3.7811315155029313,18.9151151350822
209039,18.33,7.1155186,-11.21448143005371,-61.18102253166236
3448,59.39,45.110474,-14.2795263671875,-24.043654432038224
285646,15.86,5.0589786,-10.80102144241333,-68.10227895594785
274777,1.765,5.045625,3.28062520980835,185.87111670302266
103918,8.95,8.782353,-0.16764659881591726,-1.8731463554851093
20351,33.5,34.26268,0.7626800537109375,2.276656876749067
136892,16.93,10.48344,-6.446559600830078,-38.07772947920897
261238,64.455,51.08639,-13.368608551025389,-20.740995347180807
81607,9.44,9.588234,0.14823394775390675,1.5702748702744358
33569,5.205,16.0367,10.831699295043945,208.1018116242833
103171,14.99,13.826369,-1.1636307144165041,-7.762713238268873
173134,18.34,7.2959366,-11.044063415527344,-60.218448285318125
235069,22.0,17.597618,-4.402381896972656,-20.010826804421164
8894,92.07,49.172054,-42.89794570922851,-46.592750851774206
163440,459.95,104.023926,-355.92607421875,-77.38364479155344
271917,23.35,15.80928,-7.540719604492189,-32.29430237469888
142884,50.76,28.2251,-22.534900436401365,-44.39499691962444
257856,6.49,8.610631,2.120630989074707,32.67536192719117
282157,5.155,7.0181255,1.863125534057617,36.14210541333883
16444,26.98,31.880909,4.900908966064453,18.164970222625843
39003,7.105,9.323898,2.218898315429687,31.230095924415018
9769,25.58,15.754705,-9.82529457092285,-38.41006478077737
176258,12.07,9.446052,-2.6239484024047854,-21.73942338363534
273687,27.94,17.036657,-10.903342666625978,-39.0241326650894
294918,2.67,4.545317,1.8753171730041505,70.23659823985582
1879,81.92,73.38843,-8.531572265625002,-10.41451692581177
117795,9.12,5.7389584,-3.381041641235351,-37.07282501354552
161551,42.64,16.668274,-25.97172607421875,-60.909301299762554
18503,10.69,10.300858,-0.389142456054687,-3.640247484141132
155941,6.49,7.386505,0.8965051269531248,13.813638319770796
48633,3.39,9.191062,5.801061973571777,171.12277208176332
65959,13.99,4.015034,-9.974965801239014,-71.3006847836956
63558,26.99,26.701828,-0.28817199707031094,-1.0676991369778102
142178,59.2,49.064693,-10.135306549072268,-17.120450251811263
128687,17.28,4.7184954,-12.561504631042482,-72.6938925407551
116375,19.98,22.203531,2.2235312652587886,11.128785111405348
227250,14.94,12.204266,-2.7357344055175776,-18.311475271201992
287297,4.79,4.43958,-0.350420036315918,-7.3156583782028815
46519,45.72,12.102599,-33.617400856018065,-73.5288732633816
146573,18.55,20.518679,1.968678665161132,10.612822992782382
61366,31.99,21.766842,-10.223158111572264,-31.957355772342183
201775,19.245,12.809469,-6.43553077697754,-33.4400144296053
285551,2.455,3.5705285,1.115528507232666,45.43904306446704
258805,25.46,13.447178,-12.01282211303711,-47.183119061418346
169888,8.39,10.067812,1.6778119659423822,19.997758831256043
258395,21.44,21.802776,0.3627763366699206,1.6920538090947785
229191,11.47,7.878587,-3.5914132308959967,-31.311362082789856
154413,6.42,5.8086734,-0.61132661819458,-9.522221467205297
95361,33.86,29.09173,-4.768269882202148,-14.082309161849228
106342,16.99,14.6283655,-2.361634483337401,-13.900144104399065
240997,49.99,4.166478,-45.823521842956545,-91.66537676126534
121942,95.57,25.244602,-70.32539779663085,-73.58522318366731
170415,10.52,3.104072,-7.4159279060363765,-70.49361127411005
98688,39.9,11.606221,-28.293778800964354,-70.9117263182064
208385,27.67,72.72511,45.05511291503906,162.8301876221144
81834,9.26,8.011255,-1.2487447357177732,-13.485364316606624
279231,6.9,10.956825,4.056825256347656,58.79456893257472
217775,40.08,13.11574,-26.964260177612303,-67.27609824753569
9835,45.21,23.01593,-22.19406982421875,-49.09106353510009
117579,39.99,33.886776,-6.103224029541018,-15.26187554273823
235273,38.33,35.08455,-3.245451049804686,-8.467130315170065
51040,29.99,27.977667,-2.0123331451416,-6.710013821745915
30763,3.29,16.294624,13.004624328613282,395.27733521620917
96086,6.15,13.535255,7.385255432128906,120.08545418095781
33179,13.13,9.802171,-3.327829246520997,-25.345234169999976
118225,125.86,11.613716,-114.24628387451172,-90.77251221556628
240067,17.99,12.239038,-5.750961532592772,-31.967546039982057
280393,39.99,22.966396,-17.023603668212893,-42.56965158342808
294258,4.735,13.0746975,8.339697494506837,176.12877496318555
145005,50.58,51.67329,1.0932902526855486,2.161507023893928
98920,34.49,44.613903,10.123903045654295,29.35315466991677
33857,1.54,17.211084,15.671084365844727,1017.6028808990083
135750,19.98,11.285237,-8.694762687683106,-43.51733076918472
14138,4.39,12.571987,8.181987152099609,186.37783945557197
54875,41.165,38.898335,-2.266665496826171,-5.506292959616594
38604,9.99,23.89095,13.900949249267578,139.14864113380958
76032,1.54,4.3143916,2.7743916130065918,180.1552995458826
283991,16.605,7.824767,-8.780232887268067,-52.877042380415936
182227,3.99,8.399519,4.4095189666748045,110.51425981641114
231613,4.09,3.7912498,-0.2987502479553221,-7.304407040472424
68545,16.99,32.39488,15.404878387451173,90.67026714214936
120532,15.61,15.4369545,-0.1730455017089838,-1.1085554241446753
277320,5.73,7.2559547,1.5259547424316402,26.63097281730611
104947,10.45,17.846773,7.3967731475830085,70.78251815868907
56930,4.48,8.677499,4.197498817443847,93.69417003222871
61907,37.95,33.233757,-4.716242980957034,-12.427517736382171
212407,47.99,12.778805,-35.21119522094727,-73.37194253166757
151621,13.77,14.831344,1.0613436508178715,7.707651785169728
187963,9.96,10.270447,0.31044677734374915,3.116935515499489
15666,10.78,10.5700245,-0.20997550964355405,-1.947824764782505
217762,12.88,13.319207,0.4392071914672844,3.4099937225720836
137598,58.92,18.02942,-40.89057914733887,-69.40016827450589
155526,63.99,32.38468,-31.605318298339846,-49.391027189154315
209321,82.99,44.37083,-38.61916946411132,-46.53472642982447
34660,59.35,20.244726,-39.10527381896973,-65.88925664527335
142983,38.92,56.069077,17.149076538085936,44.06237548326294
246093,7.4,7.483904,0.08390388488769496,1.133836282266148
16162,9.68,11.900447,2.2204468917846683,22.93850094818872
6956,16.98,16.502237,-0.47776268005371136,-2.8136789166885237
157713,8.95,7.146734,-1.8032657623291009,-20.14822080814638
139998,8.025,6.819627,-1.2053731918334964,-15.020226689513974
3762,10.48,6.0035353,-4.4764647293090825,-42.714358104094295
167928,9.74,8.712634,-1.0273659133911135,-10.547904654939563
89895,4.98,10.34841,5.3684096527099605,107.79939061666586
49594,17.05,11.901757,-5.1482427597045906,-30.19497219768088
182675,20.99,21.305779,0.3157785034179703,1.504423551300478
165254,32.46,30.756977,-1.7030229187011727,-5.246527784045511
87729,9.95,17.087368,7.13736801147461,71.73234182386543
220554,4.38,12.47781,8.09780990600586,184.88150470333017
165563,11.645,17.937878,6.292877655029297,54.03931004748216
264478,8.55,7.587023,-0.9629772186279304,-11.262891445940705
23599,23.95,17.925713,-6.0242874145507805,-25.153600895827893
10901,8.88,7.4679823,-1.4120177078247078,-15.901100313341301
155114,32.99,17.569265,-15.420734634399416,-46.743663638676615
189003,18.23,11.573416,-6.6565842437744145,-36.51445004813173
144821,10.535,9.860311,-0.6746894454956056,-6.404266212582872
81430,3.535,17.30759,13.77259048461914,389.60652007409163
234812,5.14,14.270703,9.130703315734863,177.64014232947204
115961,6.8,4.221861,-2.5781391143798826,-37.91381050558651
39262,4.985,9.110036,4.125035896301269,82.74896482048683
239960,257.45000000000005,134.3033,-123.14670104980473,-47.83324958236734
21096,19.6,20.21151,0.6115097045898423,3.1199474723971545
145895,35.63,35.58101,-0.04899108886719006,-0.13749954776084775
291429,7.439999999999999,14.895848,7.455848274230958,100.21301443858816
105990,18.99,11.245146,-7.744854202270506,-40.78385572548977
20651,19.6,22.827366,3.227365875244139,16.466152424714995
236552,38.49,36.006824,-2.483175506591799,-6.4514822202956585
282976,3.99,6.63638,2.6463801956176756,66.32531818590665
273902,12.19,19.932882,7.742882308959961,63.51831262477409
222829,14.25,11.303542,-2.946457862854004,-20.67689728318599
252431,1.0,2.6490242,1.649024248123169,164.9024248123169
151326,12.19,26.482843,14.292843399047852,117.25056110785769
111654,4.39,7.6862144,3.2962144470214847,75.08461154946436
123987,32.9,34.25568,1.355680084228517,4.120608158749292
230599,29.97,8.002288,-21.96771213531494,-73.29900612384031
172328,13.87,20.017162,6.147162322998048,44.319843713035674
67877,13.055,17.362614,4.307613677978516,32.99589182672168
226762,17.0,7.1356125,-9.864387512207031,-58.02580889533547
266831,12.239999999999998,8.454511,-3.78548931121826,-30.92720025505115
57978,11.99,13.201248,1.2112481689453123,10.10215320221278
37686,27.12,14.644485,-12.475514526367188,-46.001159757991104
16505,39.95,30.27738,-9.67262001037598,-24.211814794432986
122010,32.0,16.293783,-15.706216812133789,-49.08192753791809
210816,10.99,11.475917,0.48591686248779276,4.421445518542246
160868,2.78,2.7482522,-0.03174784660339336,-1.1420088706256606
268734,11.0,10.725389,-0.2746114730834961,-2.496467937122692
23495,126.68,20.77901,-105.90098922729493,-83.59724441687317
130412,218.98,149.06798,-69.91202209472655,-31.926213396075692
100261,27.53,16.772167,-10.757832794189454,-39.07676278310735
215417,9.23,10.4274435,1.1974435043334957,12.973385745758348
20913,52.41,46.20357,-6.2064286804199185,-11.842069605838427
81935,7.22,10.360443,3.1404431152343752,43.496442039257275
198312,4.48,16.31539,11.83538963317871,264.18280431202476
173182,6.99,8.209023,1.2190234756469724,17.439534701673427
6501,18.135,11.556957,-6.578042755126955,-36.27263719397273
31959,10.985,9.927761,-1.05723892211914,-9.624387092572965
225943,17.195,75.273224,58.078223876953125,337.76227901688355
182882,9.95,7.669615,-2.280385208129882,-22.918444302812887
99552,99.22,21.934444,-77.28555557250976,-77.89312192351316
213777,16.99,31.95665,14.966649780273439,88.09093455134456
85512,173.0,75.469185,-97.53081512451172,-56.376193713590595
250240,9.99,7.520999,-2.469001045227051,-24.714725177447956
259457,4.29,4.903238,0.6132378196716308,14.294587871133585
238874,9.99,11.247374,1.257373580932617,12.586322131457628
142871,29.41,40.51254,11.10253890991211,37.75089734754202
70728,47.48,30.920876,-16.55912445068359,-34.87599926428726
97314,4.99,6.050806,1.0608060455322263,21.258638187018562
271743,9.17,6.8615036,-2.308496398925781,-25.174442736377113
297816,399.99,123.27583,-276.7141668701172,-69.1802712243099
260058,18.99,7.748847,-11.241152992248534,-59.19511844259365
286413,10.29,13.457884,3.167883834838868,30.786043098531273
231062,65.99,63.53405,-2.455950012207026,-3.7217002761130873
67184,19.99,16.200008,-3.789991607666014,-18.959437757208676
12042,5.98,10.844035,4.864035148620605,81.33838041171579
139123,2.38,24.05405,21.67405044555664,910.6743884687666
140071,5.87,3.9016151,-1.9683848571777345,-33.53296179178423
80721,173.59,146.77936,-26.810642089843753,-15.44480793239458
255649,11.61,6.560372,-5.04962812423706,-43.4937822931702
153750,44.53,41.096104,-3.4338963317871105,-7.7114222586730525
189778,22.3,10.210882,-12.089117813110352,-54.21129064175045
55899,4.99,7.0715885,2.0815885162353513,41.715200726159345
210308,3.58,4.0610557,0.48105566024780266,13.437308945469347
35914,2.39,8.982677,6.592677459716796,275.844245176435
131136,7.2,10.513865,3.3138654708862303,46.02590931786431
108548,48.6,25.307343,-23.292657470703126,-47.927278746302726
100851,7.79,12.26494,4.47494026184082,57.44467601849577
55638,44.99,35.57509,-9.41491149902344,-20.926675925813377
266475,81.44,14.730799,-66.70920127868652,-81.91208408483119
274613,33.95,52.65796,18.707958984374997,55.104444725699544
2154,24.42,22.512299,-1.9077014160156267,-7.812045110629101
148418,31.19,22.530355,-8.65964454650879,-27.764169754757262
217382,23.0,31.362488,8.36248779296875,36.358642578125
82175,22.99,17.505663,-5.484337081909178,-23.855315710783724
44115,5.69,10.025251,4.335251388549804,76.19070981634101
18455,50.19,53.09567,2.9056687927246116,5.78933810066669
122749,32.515,10.662719,-21.852281227111817,-67.206769881937
285992,17.28,10.365574,-6.9144261169433605,-40.014040028607404
247152,21.98,18.190037,-3.78996322631836,-17.242780829473883
195688,93.5,79.11475,-14.385246276855469,-15.385290135674298
165395,3.58,5.3438654,1.763865394592285,49.26998308916997
283223,33.5,17.920624,-15.579376220703125,-46.5056006588153
163263,44.99,17.705227,-27.284773101806643,-60.64630607203077
191709,9.99,16.460293,6.470292816162109,64.76769585747857
32366,4.97,21.555302,16.585301666259767,333.70828302333535
56814,3.99,6.44623,2.4562299346923826,61.55964748602463
169237,1.69,6.863719,5.173718986511231,306.13721813675926
59960,3.42,15.672609,12.252609329223633,358.2634306790536
169048,8.59,10.047222,1.457222137451172,16.96416923691702
272914,691.16,83.47762,-607.6823770141601,-87.92209864780372
51741,15.315,12.135135,-3.1798653030395503,-20.763077394969315
147739,117.49,88.05634,-29.433656921386714,-25.052052873765184
225934,8.16,3.9709525,-4.18904748916626,-51.3363662888022
253046,6.01,11.644552,5.634552230834961,93.75294893236209
200140,17.335,18.893564,1.5585642242431632,8.990852173309277
254294,7.39,5.2458415,-2.144158496856689,-29.014323367478877
55259,40.0,27.331867,-12.668132781982422,-31.670331954956055
143878,29.13,31.937473,2.8074732971191416,9.637738747405225
50716,432.98,95.3427,-337.63730285644533,-77.9798842571124
31454,9.255,11.169106,1.9141055297851555,20.681853374231824
220477,85.48,54.72326,-30.756741027832035,-35.981213181834384
49604,14.81,12.705045,-2.1049552536010747,-14.213067208650065
216225,13.99,29.84469,15.854690322875976,113.32873711848445
222734,28.45,24.434303,-4.015696716308593,-14.11492694660314
225631,17.995,21.764275,3.7692745971679678,20.946232826718354
89664,8.64,6.6959977,-1.9440022850036627,-22.500026446801648
123494,31.5,38.81443,7.314430236816406,23.220413450210813
49880,6.75,25.462805,18.712804794311523,277.22673769350405
104053,4.7,4.6693063,-0.030693721771240412,-0.6530579100263917
120110,17.49,8.454397,-9.035602798461912,-51.66153686942203
84089,19.62,23.20736,3.5873593139648428,18.284196299515
87868,12.06,12.264551,0.20455116271972607,1.696112460362571
265279,10.09,19.456127,9.366127166748047,92.8258391154415
225029,32.6,10.743378,-21.856622314453126,-67.04485372531633
272388,5.245,2.9525013,-2.29249870300293,-43.708268884707905
212587,10.88,9.064161,-1.815838699340821,-16.6896939277649
12018,7.98,11.939508,3.959508438110351,49.61790022694675
135053,2.035,3.7276,1.6926000976562499,83.17445197328009
106902,49.99,48.120834,-1.8691656494140645,-3.7390791146510587
144262,34.5,45.265976,10.765975952148438,31.205727397531703
80015,41.73,20.437653,-21.292347412109372,-51.02407719173107
273234,45.19,13.0307665,-32.159233512878416,-71.16449106633861
26897,20.99,11.342004,-9.647996177673338,-45.96472690649519
248457,3.29,2.8979897,-0.39201025009155277,-11.91520516995601
46655,25.98,14.018952,-11.961047630310059,-46.03944430450369
92282,21.99,18.749155,-3.2408449554443344,-14.737812439492199
234047,19.99,19.03503,-0.9549696350097641,-4.777236793445543
228070,46.95,36.855587,-10.094412994384768,-21.50034716588875
5633,57.7,78.56555,20.865551757812497,36.16213476224003
237730,55.765,38.178814,-17.58618606567383,-31.536243281043358
227631,5.04,10.897271,5.857271156311035,116.21569754585389
8105,167.61,95.94436,-71.66564117431642,-42.75737794541878
278455,10.99,10.301402,-0.6885979080200197,-6.265677052047495
66823,9.99,13.424559,3.434558639526367,34.3799663616253
199368,16.825,13.517474,-3.3075258255004876,-19.658400151563075
124349,7.98,11.736225,3.7562251281738277,47.07049032799283
51129,4.49,9.0435705,4.553570518493652,101.41582446533745
194461,6.085,7.8746567,1.7896566772460938,29.41095607635323
58525,10.99,11.418114,0.42811370849609354,3.8954841537406146
65593,14.29,6.996299,-7.293701210021972,-51.040596291266425
240488,8.99,11.431495,2.4414947128295896,27.157894469739595
260492,1.97,4.4952517,2.5252516555786135,128.1853632273408
29448,29.94,27.049614,-2.8903860473632825,-9.65392801390542
105200,8.08,7.7058983,-0.3741017150878907,-4.629971721384786
191721,13.99,11.847093,-2.1429073715209963,-15.317422241036427
42015,6.404999999999999,19.223503,12.81850311279297,200.13275742065528
227063,22.56,14.175275,-8.38472515106201,-37.16633488945927
66518,14.165,18.435825,4.2708253479003915,30.150549579247382
85671,7.47,30.784292,23.314292221069337,312.10565222315046
658,11.24,16.1212,4.881200561523437,43.42705125910531
246020,17.49,17.210981,-0.27901863098144375,-1.5953037791963622
142054,50.1,36.99026,-13.109738922119142,-26.167143557124035
141340,4.79,11.471952,6.681952438354492,139.49796322243196
175028,4.99,8.612938,3.6229379272460935,72.60396647787762
282297,15.985,13.070298,-2.9147018051147455,-18.23398063881605
35123,7.89,11.194633,3.3046325302124027,41.88380900142462
132863,3.79,6.09922,2.309219799041748,60.92928229661604
142607,46.64,68.12073,21.4807275390625,46.056448411369
176564,9.64,12.704103,3.0641034698486322,31.785305703823987
99031,20.69,12.738634,-7.951365890502931,-38.430961288076034
273398,19.99,20.095045,0.10504508972168125,0.5254881927047587
219767,3.99,7.497734,3.5077340698242185,87.91313458206062
165185,3.68,9.243211,5.563210792541504,151.1742063190626
116998,46.745000000000005,21.881668,-24.863331909179692,-53.18928636042292
256344,13.99,7.9898586,-6.000141372680664,-42.88878751022634
105898,22.075,12.391759,-9.683241081237792,-43.865191760986605
175304,2.88,2.8452852,-0.03471482276916493,-1.2053757905960047
244706,1.68,8.788307,7.1083071899414065,423.113523210798
49306,9.99,5.5306325,-4.459367504119873,-44.63831335455328
49939,10.79,15.596518,4.806517562866212,44.54603858078047
98660,24.995,23.293606,-1.7013941955566416,-6.806938169860538
206519,30.475,28.716677,-1.7583232879638686,-5.769723668462243
207659,24.42,14.977978,-9.442022247314455,-38.665119767872454
44419,32.99,21.24907,-11.740930786132814,-35.58936279518889
273490,1.39,6.1037016,4.7137015914916995,339.1152224094748
143645,46.64,57.148838,10.50883804321289,22.53181398630551
99107,19.39,20.633646,1.2436460113525385,6.413852559837744
48174,4.98,4.475514,-0.5044860649108891,-10.13024226728693
58835,5.13,6.650447,1.520446891784668,29.638340970461368
13765,9.99,12.968334,2.9783341979980467,29.813155135115583
94275,4.155,10.034116,5.8791157913208005,141.49496489340072
32410,3.38,4.4406495,1.0606495094299317,31.38016300088556
97626,10.9,15.48918,4.589179611206054,42.10256524042252
63007,15.489999999999998,13.971664,-1.518335571289061,-9.802037258160498
244311,12.99,10.939243,-2.0507566833496096,-15.787195406848417
169618,2.69,12.440167,9.750167427062989,362.4597556528992
206028,2.79,21.295746,18.505745849609376,663.2883817064293
60655,16.99,28.591269,11.601268539428713,68.28292253930968
224612,5.48,13.752963,8.272963066101074,150.96647930841374
281280,48.265,22.193542,-26.07145751953125,-54.01731590082098
179250,9.88,9.584359,-0.2956408309936531,-2.9923161031746264
291430,9.99,17.080294,7.090293655395508,70.9739104644195
234795,8.99,8.54525,-0.44475006103515646,-4.947164193939449
172136,43.99,13.874327,-30.115673294067385,-68.46027118451326
242063,38.27,32.360733,-5.909266967773441,-15.440990247644212
166225,10.99,8.562267,-2.4277326965332033,-22.090379404305764
247053,4.095,10.659502,6.564502029418946,160.3052998637105
129638,12.0,11.152133,-0.8478670120239258,-7.065558433532715
80307,3.74,4.0626445,0.32264448165893533,8.626857798367254
266692,15.0,13.205657,-1.7943429946899414,-11.962286631266277
122539,33.99,18.901814,-15.088186492919924,-44.39007500123543
283820,19.25,15.29414,-3.955860137939453,-20.549922794490666
58395,10.99,11.392835,0.40283466339111307,3.665465544960082
80300,8.2,9.16601,0.9660099029541023,11.780608572611003
281756,6.99,6.813745,-0.17625497817993185,-2.5215304460648333
207279,67.99,46.764557,-21.22544311523437,-31.218477886798606
132670,12.745,13.334301,0.5893009948730477,4.623781835018028
96277,3.76,9.221004,5.461003532409668,145.2394556491933
180609,39.99,16.193256,-23.796743621826174,-59.50673573850006
158257,9.24,7.7868004,-1.4531996154785158,-15.727268565784803
151939,1.78,2.8772721,1.0972721290588379,61.64450163251898
259744,5.57,10.703166,5.133166007995605,92.15737895862846
144722,4.01,6.3557806,2.345780601501465,58.49826936412631
10880,10.55,8.426912,-2.123087692260743,-20.124053955078132
152629,7.09,21.189663,14.09966293334961,198.86689609801988
231355,10.9,11.601314,0.7013135910034176,6.434069642233189
191004,8.37,8.690518,0.32051837921142656,3.8293713167434476
37925,5.705,14.194846,8.489846153259277,148.8141306443344
238160,54.98,32.67456,-22.305439453124997,-40.57009722285376
28985,5.79,16.454382,10.664381942749024,184.18621662778972
43132,4.84,7.469924,2.6299239730834962,54.33727217114662
262666,44.99,23.15477,-21.835230102539064,-48.53351878759516
274135,15.99,17.083221,1.0932214355468748,6.836907039067384
266280,21.99,11.97005,-10.019950141906737,-45.5659397085345
63168,7.99,12.583592,4.593592414855957,57.49176989807205
230410,16.89,16.371765,-0.5182348632812506,-3.0682940395574336
275030,36.49,22.20823,-14.281770935058596,-39.13886252413975
141327,4.1850000000000005,9.222266,5.037266197204589,120.36478368469746
265784,17.6,19.74275,2.1427501678466783,12.174716862765218
98943,14.78,19.627264,4.847264022827149,32.79610299612415
132175,16.95,9.374416,-7.57558364868164,-44.69370884177959
152343,27.78,17.006083,-10.773917465209962,-38.78300023473708
105379,5.27,10.108805,4.8388047027587895,91.81792604855389
119546,13.79,5.124942,-8.6650581741333,-62.83580981967586
229595,12.27,19.868422,7.59842155456543,61.926826035578074
259764,17.64,10.435418,-7.204581871032715,-40.84230085619453
156691,186.28,114.961555,-71.31844451904297,-38.28561548155625
193698,5.18,5.868485,0.688484973907471,13.29121571249944
101486,28.99,16.148956,-12.841043701171873,-44.294735085104776
266311,16.99,16.021435,-0.9685652160644516,-5.70079585676546
86283,1.335,4.8378944,3.5028944396972657,262.3890966065368
202841,11.49,4.9832873,-6.5067126655578615,-56.62935305098225
184600,63.96,45.720543,-18.239457092285157,-28.516974815955532
147566,3.985,10.754179,6.769179000854493,169.86647429998726
28817,7.76,17.719618,9.95961784362793,128.34559076840117
82526,1.84,5.16638,3.3263799285888673,180.7815178580906
202680,4.575,16.318209,11.743208694458009,256.6821572559127
132015,26.09,12.525764,-13.564235534667969,-51.990170696312646
145189,59.48,53.274063,-6.205936889648434,-10.433653143322855
49951,14.085,20.05007,5.96506980895996,42.350513375647566
290187,18.59,13.370577,-5.219423141479492,-28.07650963679124
226563,18.99,23.13759,4.147590408325197,21.840918421933633
290810,71.49,28.084757,-43.405243148803706,-60.71512540048077
131166,7.4,7.308036,-0.09196414947509801,-1.2427587766905135
265,34.11,20.98912,-13.120879516601562,-38.46637208033293
212989,18.99,15.719795,-3.270204772949217,-17.22066757740504
221743,6.82,14.7355995,7.915599517822265,116.06450905897749
154048,2.64,6.1683116,3.528311595916748,133.64816651199803
107597,34.11,29.282108,-4.827891693115234,-14.153889455043196
43647,35.825,44.27579,8.450791168212888,23.589089094802198
252218,15.625,20.193281,4.568281173706055,29.236999511718746
132256,54.99,17.341629,-37.64837097167969,-68.4640315906159
294873,3.29,20.60312,17.31312080383301,526.2346748885413
169889,16.98,10.759903,-6.220097045898438,-36.63190250823579
259174,70.0,109.289246,39.28924560546875,56.12749372209821
157992,5.99,9.123451,3.133451232910156,52.31137283656354
113993,1.885,4.2604523,2.3754522705078127,126.01868809060015
142344,38.92,49.840126,10.920126037597655,28.057877794444124
198320,26.99,13.978601,-13.011398544311522,-48.20821987518163
107384,14.95,15.1327305,0.18273048400878977,1.2222774850086273
90620,16.19,6.1084757,-10.081524314880372,-62.27006988808136
188264,4.390000000000001,5.4915805,1.1015804862976069,25.092949573977375
141288,3.77,4.3255453,0.5555453109741211,14.73594989321276
210778,69.98,103.28794,33.3079409790039,47.59637179051715
98870,8.04,7.2545204,-0.7854795837402335,-9.769646563933254
224583,9.4,13.116686,3.71668586730957,39.53921135435712
140065,41.99,14.257242,-27.732757797241213,-66.04610096985284
118487,5.89,48.052887,42.162886962890624,715.838488334306
256237,7.96,10.33896,2.3789596939086914,29.886428315435822
53862,16.99,24.73512,7.745120773315431,45.586349460361575
38957,15.4,15.094229,-0.3057712554931644,-1.9855276330724962
179543,17.96,10.538711,-7.421289405822755,-41.321210500126696
293677,8.34,11.394002,3.0540019607543947,36.61872854621576
22071,33.0,41.27875,8.278751373291016,25.087125373609137
280236,57.34,14.407817,-42.93218311309815,-74.87300856836092
74758,18.77,14.741893,-4.028107185363769,-21.460347284836274
208386,9.114999999999998,4.148203,-4.966797103881834,-54.490368665735986
115472,20.49,8.487881,-12.002119293212889,-58.57549679459682
65459,52.495000000000005,53.802902,1.307902221679683,2.4914796107813753
82276,4.09,8.78337,4.693370018005371,114.75232317861543
100594,3.99,3.6103158,-0.37968420028686545,-9.515894744031716
242367,11.18,10.476653,-0.7033469009399411,-6.2911171819314955
131206,9.36,8.767834,-0.5921662902832026,-6.326562930376096
224607,34.99,25.86825,-9.121750106811525,-26.069591617066372
64424,4.29,6.430698,2.1406979179382324,49.899718366858565
252587,25.95,24.264889,-1.685111236572265,-6.493684919353622
254067,75.63,131.34544,55.71544372558594,73.66844337641933
206150,22.99,22.41519,-0.5748102569580062,-2.50026210073078
39535,5.365,12.213842,6.848842391967773,127.65782650452513
176819,24.99,20.082802,-4.907198181152342,-19.636647383562796
28169,24.99,12.804426,-12.185573806762694,-48.76179994702959
6228,12.75,8.863328,-3.886672019958496,-30.48370211732154
250362,14.95,8.927023,-6.022977066040038,-40.28747201364574
174551,7.99,12.073922,4.083922157287597,51.11291811373714
132729,12.99,6.394329,-6.595670928955078,-50.77498790573578
212409,8.99,70.07088,61.08087707519531,679.4313356528955
229485,34.99,9.296124,-25.693875541687014,-73.43205356298088
4399,48.99,45.103306,-3.8866941833496114,-7.933648057459913
290652,5.955,40.290367,34.335367126464845,576.58047231679
149610,86.43,72.33855,-14.09145324707032,-16.30389129592771
127586,11.985,7.408532,-4.576467857360839,-38.18496334885973
78393,69.99,12.11643,-57.87356971740722,-82.68834078783715
114799,15.99,15.144281,-0.8457186126708987,-5.28904698355784
259583,37.39,39.590164,2.200164184570312,5.884365297058871
75515,4.640000000000001,4.499653,-0.14034713745117244,-3.0247227898959577
67446,4.87,4.9566917,0.08669174194335927,1.7801179043810937
77660,5.29,4.502726,-0.7872739219665528,-14.882304763072831
178844,7.99,19.649712,11.659711608886719,145.9288061187324
144696,4.69,10.594477,5.904476699829101,125.89502558271005
233758,20.04,23.240465,3.200465164184571,15.970385050821214
249999,5.24,7.0096207,1.769620666503906,33.77138676534172
170990,14.38,10.171862,-4.2081383514404305,-29.263827200559323
100786,13.99,18.85179,4.8617894744873045,34.75189045380489
122921,14.99,11.968921,-3.0210792922973635,-20.15396459171023
289590,12.96,11.807576,-1.1524238204956063,-8.892159108762394
131014,35.94,17.221134,-18.718865814208982,-52.08365557654141
32626,3.08,4.477452,1.3974518013000488,45.37181173052106
74881,10.46,17.454742,6.994742431640624,66.87134255870578
52250,4.72,14.25973,9.539730339050294,202.1129309120825
185277,8.47,8.622032,0.1520321655273431,1.7949488255884665
168969,4.279999999999999,5.414364,1.134363861083985,26.50382852999965
185049,0.98,1.8587627,0.8787627410888672,89.66966745804767
123084,13.39,14.656657,1.266657218933105,9.459725309433194
54665,3.99,4.424378,0.434377918243408,10.886664617629274
128399,17.39,18.469538,1.079537734985351,6.207807561732898
28327,17.835,12.629467,-5.205532989501954,-29.18717684049315
126158,12.5,11.984446,-0.5155544281005859,-4.1244354248046875
6203,106.98,90.91581,-16.064190368652348,-15.016068768603802
228935,7.12,6.658725,-0.4612752151489259,-6.478584482428734
279527,40.65,9.935551,-30.714449310302733,-75.55830088635359
224018,7.99,8.01452,0.024519691467284943,0.3068797430198366
257924,3.8,14.273459,10.473459434509277,275.61735353971784
228331,3.79,5.2058287,1.4158286666870117,37.35695690467049
271837,18.94,8.549563,-10.390436592102052,-54.85974969430861
268252,12.99,20.324938,7.33493782043457,56.4660340295194
169365,3.49,6.9684367,3.4784367179870603,99.66867386782408
121711,39.99,39.770233,-0.219766845703127,-0.5495545028835382
290932,29.99,13.811827,-16.17817329406738,-53.94522605557647
279915,12.99,26.088957,13.098956832885742,100.83877469504034
111233,26.5,20.175457,-6.324542999267578,-23.866199997236144
47019,51.57,37.788227,-13.781772918701172,-26.724399687223528
214526,7.95,6.823153,-1.1268469810485842,-14.17417586224634
122728,7.41,15.937996,8.527995910644531,115.08766411126223
107180,26.605,13.968891,-12.636108856201172,-47.495240955463906
153269,9.2,21.75774,12.557740020751954,136.49717413860822
3254,4.49,4.5103183,0.02031827926635721,0.45252292352688656
215704,11.82,11.887759,0.06775920867919893,0.5732589566768099
58934,21.59,9.092423,-12.497576560974121,-57.88594979608208
98070,17.42,14.880446,-2.5395535659790056,-14.57837867955801
113485,7.1,18.202166,11.102165603637696,156.36852962869995
232371,48.06,42.339333,-5.720667419433596,-11.903178151131078
24505,15.99,23.086214,7.096214065551758,44.37907483146815
166015,7.02,17.08852,10.068520050048829,143.42621153915712
105791,34.02,30.098158,-3.9218421173095734,-11.528048551762414
264738,44.565,17.034826,-27.530173721313474,-61.77532530307074
28016,2.67,9.835686,7.165685729980469,268.3777426958977
217755,26.54,21.038998,-5.501002349853515,-20.72721307405243
149019,4.98,14.986643,10.006642837524414,200.9366031631408
146767,8.49,10.534896,2.044895896911621,24.085935181526747
97647,13.95,16.004272,2.0542724609375007,14.72596746191757
166712,1.08,1.8533034,0.7733034324645995,71.6021696726481
6124,9.49,5.744195,-3.745805015563965,-39.47107497959921
152341,18.21,22.089193,3.87919334411621,21.302544448743603
143023,6.99,7.0274134,0.03741336822509744,0.5352413193862294
180299,1.69,4.9797673,3.2897673225402833,194.6607883159931
79463,5.654999999999999,9.504585,3.849585266113282,68.07401001084496
146055,16.77,21.702003,4.932003479003907,29.409680852736475
96262,2.79,12.897316,10.107315979003907,362.26938992845544
33738,37.005,41.91297,4.907971496582029,13.262995531906578
111134,2.18,15.06592,12.885919876098633,591.097242022873
197718,23.51,32.050102,8.540102233886717,36.3254029514535
116675,14.99,14.855481,-0.13451885223388693,-0.8973906086316673
230874,16.0,14.730352,-1.2696475982666016,-7.93529748916626
268550,14.99,13.744808,-1.2451918029785158,-8.306816564232927
272992,70.46,7.2899637,-63.17003627777099,-89.65375571639369
139862,24.99,27.89165,2.901649246215822,11.61124148145587
133804,26.99,25.51631,-1.4736902618408187,-5.4601343528744675
145732,88.39,79.54794,-8.842056884765626,-10.003458405663112
132835,15.94,11.754509,-4.185491027832031,-26.257785620025288
87194,5.735,5.9931912,0.25819124221801726,4.502026891334215
120834,9.99,15.520037,5.530036697387695,55.35572269657353
55384,38.99,20.375265,-18.61473487854004,-47.742331055501516
102777,2.59,5.375507,2.78550687789917,107.54852810421507
243237,12.98,8.545767,-4.4342331695556645,-34.16204290874934
15840,7.42,5.9672513,-1.4527486991882324,-19.578823439194508
240266,26.465,16.128252,-10.336747970581055,-39.058182394033835
259139,1.83,6.93721,5.107210083007812,279.0825181971482
293117,3.75,12.088225,8.338225364685059,222.35267639160153
94813,3.99,7.330821,3.3408210372924803,83.72985055870878
295960,2.98,14.876839,11.89683868408203,399.2227746336252
224428,10.9,10.127781,-0.7722190856933597,-7.0845787678289875
22862,16.95,15.994322,-0.9556781768798821,-5.638219332624674
105845,26.865,27.51377,0.648769149780275,2.414923319487344
81505,2.59,2.8340142,0.24401417732238784,9.421396807814203
284428,2.89,6.4891434,3.599143371582031,124.53783292671388
77135,8.495000000000001,17.56911,9.074110870361327,106.8170791096095
94043,19.59,13.189335,-6.400665130615234,-32.67312470962345
107068,27.48,15.731966,-11.748033981323243,-42.75121536143829
138373,54.7,48.57777,-6.122229766845706,-11.192376173392516
161555,155.57,48.091824,-107.47817642211913,-69.08669822081322
279398,2.98,3.216838,0.2368378829956055,7.947579966295486
70754,89.53,25.373327,-64.15667274475098,-71.65941331927954
84603,6.415,3.815229,-2.5997710609436036,-40.52643898587067
28392,4.99,9.160675,4.170675048828125,83.58066230116482
233222,17.99,13.745694,-4.244305839538573,-23.59258387736839
3669,3.44,6.5864654,3.146465358734131,91.46701624227124
182191,2.98,9.270413,6.290413398742675,211.08769794438507
295415,5.98,5.6815724,-0.2984275627136235,-4.990427470127482
5573,14.39,8.214537,-6.175463333129883,-42.914964094022814
39239,45.42,33.116913,-12.303087158203127,-27.087378155445013
78544,19.99,8.049819,-11.940181007385252,-59.73077042213733
169647,3.18,9.022669,5.842668838500977,183.7317244811628
11208,18.28,26.669424,8.389424057006835,45.894004688221194
133850,44.99,29.394642,-15.595358123779299,-34.66405450940053
80031,19.99,19.260988,-0.7290117645263656,-3.64688226376371
86295,1.69,8.129197,6.439197120666504,381.01758110452687
4869,33.135,28.3174,-4.817600021362303,-14.53930895235341
203724,24.16,14.977978,-9.182022247314453,-38.00505897067241
83852,9.99,16.528193,6.538192520141601,65.44737257399001
199021,7.21,6.874246,-0.3357538795471191,-4.6567805762429835
28236,13.08,22.18566,9.105659408569336,69.61513309303774
213529,10.34,10.95251,0.6125098800659181,5.923693230811587
282916,4.390000000000001,6.6042624,2.2142623519897455,50.43877794965251
14340,3.99,15.761688,11.771688232421875,295.02978026119985
16190,4.69,11.402575,6.71257453918457,143.12525669903133
265684,44.99,53.11422,8.124219665527342,18.05783433102321
299376,15.49,27.774742,12.284742126464844,79.30756698815263
251794,14.09,8.4441805,-5.645819511413574,-40.069691351409325
96227,23.755,15.344727,-8.410273437499999,-35.404224110713535
262486,4.99,6.5815415,1.5915415382385252,31.894620004780062
73918,7.635,11.875641,4.240640869140625,55.54212009352489
238070,38.95,27.112104,-11.837895584106448,-30.39254321978549
32745,6.385000000000001,7.009472,0.6244718933105462,9.780295901496414
22148,64.99,36.89974,-28.090261688232417,-43.22243681832962
193154,6.97,18.57309,11.603089599609376,166.47187373901545
38538,3.93,13.901402,9.971402473449707,253.72525377734624
122804,2.79,5.8499465,3.0599464988708496,109.67550175164335
217588,57.99,49.049046,-8.940954437255861,-15.418096977506227
142823,35.47,39.382786,3.9127857971191418,11.031254009357603
128571,309.86,68.97613,-240.8838723754883,-77.73958315868079
158354,7.19,15.897249,8.707249221801757,121.10221448959327
276440,10.34,5.195177,-5.1448229217529295,-49.7565079473204
61820,24.99,19.200407,-5.789592971801756,-23.16763894278414
123376,4.91,17.71102,12.80101951599121,260.7132284315929
79122,33.99,20.4159,-13.574100723266604,-39.93557141296441
184520,40.52,26.222174,-14.297826309204105,-35.28584972656492
135778,3.855,2.425689,-1.4293110179901123,-37.07680980519098
27253,26.39,11.699484,-14.69051612854004,-55.66698040371367
197669,14.489999999999998,16.013693,1.5236928558349625,10.515478646204022
217383,5.79,17.817163,12.027163467407227,207.723030525168
155316,25.47,27.448574,1.9785740661621105,7.768253106250925
69971,13.37,11.461457,-1.9085427474975578,-14.274814865351967
227130,3.49,3.0974808,-0.39251922607421896,-11.24696922848765
50315,21.5,21.055624,-0.44437599182128906,-2.066865078238554
27583,33.26,10.40344,-22.85655952453613,-68.72086447545439
140960,11.5,8.281906,-3.2180938720703125,-27.983424974524457
283296,2.99,4.2983885,1.3083884811401365,43.75881207826543
247768,71.35,31.96457,-39.38543090820312,-55.20032362747459
30019,3.99,10.637068,6.6470677947998045,166.59317781453143
158608,9.97,26.512089,16.542088775634767,165.91864368740988
256038,12.0,12.452564,0.4525642395019531,3.771368662516276
25016,9.375,10.572455,1.1974554061889648,12.772857666015625
133194,15.5,7.0318604,-8.4681396484375,-54.63315902217742
254158,22.98,14.635805,-8.344194869995118,-36.31068263705447
229961,32.22,18.310104,-13.909895629882811,-43.17161896301307
294577,16.785,12.863128,-3.9218722915649415,-23.36533983655014
236806,6.485,14.641032,8.156032218933106,125.76765179542181
152075,23.69,30.24137,6.551369247436522,27.654576814843907
257944,24.435,16.168446,-8.266554412841796,-33.830793586420285
50680,432.98,171.07716,-261.90283630371096,-60.48843741136102
6422,9.355,5.899653,-3.4553470420837407,-36.93583155621315
282746,4.720000000000001,6.065982,1.3459818649291986,28.516564934940643
184363,13.0,8.274431,-4.725568771362305,-36.35052901047926
173361,2.24,16.533596,14.29359603881836,638.1069660186766
251300,16.99,13.884299,-3.105700721740721,-18.279580469339148
12106,2.99,8.114889,5.124889144897461,171.40097474573446
160577,101.99,16.862053,-85.12794708251953,-83.46695468430192
261860,24.99,24.610806,-0.37919448852538906,-1.5173849080647823
85610,6.635,7.942733,1.3077328109741213,19.709612825533103
40704,27.68,23.910095,-3.7699047851562497,-13.619598212269688
278190,13.95,11.156677,-2.7933227539062493,-20.02381902441756
167969,12.19,13.020664,0.8306642150878911,6.814308573321502
213313,12.98,14.327138,1.347137947082519,10.378566618509392
143739,86.91,43.079643,-43.83035675048828,-50.43189132492035
68915,29.95,27.29277,-2.657229614257812,-8.872219079324914
155381,22.235,13.364243,-8.870757446289062,-39.89546861384782
141412,16.9,14.489504,-2.4104961395263658,-14.263290766428202
12745,1.965,2.0111337,0.046133670806884686,2.347769506711689
275529,15.32,20.33905,5.01905029296875,32.76142488882996
254933,18.49,15.789122,-2.7008783721923812,-14.6072383569085
162762,2.88,16.121126,13.241126174926759,459.7613255182902
147202,97.46,55.47326,-41.986741027832025,-43.08099838685823
66992,3.495,15.0296135,11.534613494873046,330.03185965301986
203616,9.99,18.225529,8.235528717041015,82.43772489530545
111784,20.99,14.956275,-6.033725013732909,-28.74571230935164
230127,14.99,16.191359,1.2013585662841795,8.014400041922478
60979,3.69,10.925631,7.235630569458008,196.0875493078051
290972,48.95,11.609753,-37.340247344970706,-76.28242562813219
135527,11.99,13.464486,1.4744861221313474,12.297632378076292
82519,3.54,5.7875915,2.2475914573669433,63.49128410641083
157707,202.58,19.776619,-182.80338104248048,-90.23762515671856
113946,74.2,11.563695,-62.636305046081546,-84.41550545294008
275241,15.15,18.957783,3.8077827453613278,25.133879507335493
923,26.96,26.15173,-0.8082704162597665,-2.998035668619312
58017,6.97,34.251106,27.281106262207032,391.40755039034485
68498,16.99,52.5875,35.59750152587891,209.5203150434309
287622,2.79,3.2763958,0.48639579772949215,17.433541137257784
803,27.39,12.929145,-14.460855140686036,-52.79611223324584
116461,39.99,35.573677,-4.416322937011721,-11.043568234587948
258758,12.13,6.0176682,-6.1123317527771,-50.390204062465784
262022,5.79,4.9155207,-0.8744793319702149,-15.103269982214417
16241,1.49,4.434645,2.9446451759338377,197.6271930156938
295671,19.18,10.021477,-9.158523254394531,-47.750381931149796
99431,18.22,26.351149,8.13114860534668,44.62759937072821
71056,6.97,10.860287,3.8902867126464846,55.81473045403852
174044,40.89,28.836113,-12.053887023925782,-29.478813949439424
237985,2.98,6.603557,3.6235571098327637,121.5958761688847
248732,25.98,15.22525,-10.754749755859375,-41.396265419012224
248397,13.97,18.338392,4.368392257690429,31.269808573303
101681,2.79,8.745839,5.9558391189575195,213.47093616335195
189587,8.99,21.975798,12.985797653198242,144.4471374104365
229496,1.245,10.136697,8.891696815490722,714.1925153004595
177013,6.18,13.330713,7.150713272094727,115.70733449991468
218915,12.0,6.318249,-5.681750774383545,-47.34792311986287
207655,7.140000000000001,15.836084,8.696084365844726,121.79389868129869
133055,14.22,7.828389,-6.391610832214356,-44.94803679475637
154498,6.78,7.547823,0.7678229522705076,11.324822304874742
24,5.49,3.103519,-2.386481037139893,-43.469599947903326
243053,7.89,25.229202,17.339202270507812,219.76175247791906
248545,79.99,78.6407,-1.3492987060546824,-1.6868342368479592
244196,11.99,12.316238,0.3262384033203123,2.720920794998434
249052,11.99,19.876942,7.886941680908203,65.77933011599836
42303,16.994999999999997,13.929179,-3.065820808410642,-18.039545798238553
109204,4.74,17.473654,12.73365379333496,268.6424850914549
68963,30.58,23.728863,-6.851137237548826,-22.403980502121737
226485,24.405,27.267075,2.8620745849609364,11.727410714857351
257838,3.89,5.579466,1.689465866088867,43.43099912824851
173857,11.99,7.6635895,-4.326410522460938,-36.08349059600449
182863,7.49,12.803324,5.313323745727539,70.93890181211667
291873,89.99,89.68232,-0.30768035888671363,-0.3419050548802241
105826,6.99,18.891468,11.901468048095703,170.2642066966481
57455,29.99,24.39223,-5.597770919799803,-18.665458218738927
279268,46.49,14.252147,-32.23785327911377,-69.34362933773666
162745,6.59,8.315049,1.725049171447754,26.17677043168064
270237,4.99,7.1665974,2.1765973663330076,43.61918569805626
31123,28.4,21.500559,-6.8994411468505845,-24.293806855107693
292894,3.2300000000000004,3.7659454,0.5359454345703121,16.59273791239356
149917,5.23,5.096812,-0.13318822860717816,-2.5466200498504428
174434,11.99,12.787184,0.7971837615966795,6.648738628829687
184638,7.45,7.3646708,-0.08532924652099627,-1.1453590137046479
216051,32.95,13.744477,-19.20552272796631,-58.28686715619518
57927,11.73,28.045023,16.31502296447754,139.08800481225524
5286,50.13,43.72842,-6.401579742431643,-12.769957595115985
276792,4.68,4.8175373,0.1375373077392581,2.9388313619499598
208661,13.42,15.351421,1.931421356201172,14.392111447102623
156120,13.77,19.577,5.806999664306641,42.17138463548759
88580,26.27,15.195543,-11.07445671081543,-42.1562874412464
19562,54.69,54.76098,0.07097869873047102,0.12978368756714395
207921,23.99,31.51323,7.523229370117189,31.35985564867524
47104,10.485,14.8497095,4.364709510803223,41.62813076588673
115421,59.99,21.654888,-38.33511184692383,-63.90250349545562
59559,11.4,16.146164,4.746163940429687,41.633017021313044
45434,8.87,8.608988,-0.26101219177246016,-2.9426402680096975
107661,26.99,36.07882,9.088819274902345,33.67476574621099
139218,22.98,3.874261,-19.105739097595215,-83.14072714358231
185891,11.82,10.608077,-1.2119229507446292,-10.253155251646609
67874,40.95,33.56998,-7.380019378662112,-18.02202534471822
175827,55.13,18.818066,-36.311934356689456,-65.86601552093136
264799,20.7,12.124861,-8.575139236450195,-41.425793412802875
353,26.96,19.811293,-7.148707351684571,-26.515976823755828
147366,97.46,59.77078,-37.689221343994134,-38.671476856140096
272365,17.39,10.576374,-6.813625946044922,-39.18128778634228
164709,53.26,21.408836,-31.851163635253904,-59.80316116269978
177637,12.62,9.315095,-3.304905052185058,-26.187837180547213
210014,35.0,32.14983,-2.850170135498047,-8.143343244280134
122158,18.39,17.286371,-1.103628768920899,-6.001243985431751
235318,32.3,35.454025,3.1540252685546903,9.764784113172418
152741,21.32,19.354769,-1.9652312469482425,-9.217782584185002
148339,7.69,18.236183,10.546183166503905,137.14152362163725
105691,16.375,10.364236,-6.010764122009277,-36.70695647028566
218301,15.55,18.49404,2.9440395355224602,18.932730131977234
96753,27.29,11.602261,-15.68773941040039,-57.485303812386924
199927,4.98,13.557562,8.577561874389648,172.24019828091662
14638,10.0,20.0637,10.063699722290039,100.63699722290038
41230,24.9,17.532228,-7.367771530151366,-29.589443896190225
128776,25.95,22.63698,-3.313019943237304,-12.766936197446258
265901,15.5,28.340595,12.840595245361328,82.8425499700731
29564,7.37,11.984815,4.614814643859863,62.61620955033735
64639,1.51,5.117897,3.6078970336914065,238.9335783901594
141209,79.99,77.6054,-2.384599914550776,-2.9811225335051583
84909,8.265,7.833973,-0.43102706909179744,-5.215088555254657
33,5.59,13.342339,7.752338562011719,138.68226407892163
204113,19.43,18.771961,-0.6580387878417966,-3.3867153259999823
13649,59.99,26.45586,-33.53413986206055,-55.89954969505009
220182,1.99,6.8381333,4.848133335113525,243.6247907092224
85606,4.79,10.844736,6.054736099243164,126.40367639338548
2518,97.46,60.919426,-36.540574035644525,-37.49289353134058
235023,4.69,18.68691,13.99691062927246,298.4415912424831
48897,9.23,16.85971,7.629710693359375,82.662087685367
211623,69.99,50.47683,-19.5131704711914,-27.879940664654097
926,5.29,4.808214,-0.4817858123779297,-9.107482275575231
149220,2.995,5.70858,2.7135800170898436,90.60367335859245
84602,12.0,11.740699,-0.25930118560791016,-2.160843213399251
248137,13.165,18.428797,5.263796768188477,39.98326447541571
198218,5.29,17.000727,11.710726699829102,221.37479583797926
271961,32.98,14.4530525,-18.526947479248044,-56.17631133792615
278738,2.84,22.57935,19.739349517822266,695.0475182331784
95900,11.99,15.860998,3.8709981536865232,32.285222299303776
276228,11.5,6.842328,-4.657671928405762,-40.50149502961532
242756,18.99,12.499673,-6.490327110290526,-34.1776045828885
18965,1.29,24.31359,23.023589096069337,1784.7743485325068
163557,30.2,41.085606,10.885605621337891,36.04505172628441
19714,44.85,52.13122,7.281221771240233,16.23460818559695
71253,62.345,32.739326,-29.605673522949218,-47.48684501234938
183916,3.98,6.5538893,2.573889274597168,64.67058478887357
36751,2.69,15.547678,12.857677993774415,477.9805945641046
50399,55.99,14.825947,-41.164053192138674,-73.52036647997619
216730,55.095,16.460835,-38.63416549682617,-70.12281603925251
88649,11.989999999999998,60.998783,49.00878311157227,408.74714855356365
40563,10.3,8.17495,-2.125050354003907,-20.631556834989386
106014,7.19,7.216775,0.026774940490722265,0.37239138373744457
228795,10.49,8.985772,-1.504227867126465,-14.339636483569734
120080,16.13,18.456373,2.3263732147216807,14.42264857236008
83073,10.89,9.104351,-1.7856489562988287,-16.397143767666012
169866,58.0,32.790226,-25.209774017333984,-43.46512761609308
185565,5.49,9.480088,3.9900882339477537,72.67920280414852
100830,17.99,17.73332,-0.25667976379394375,-1.4267913496050237
22663,29.95,18.614717,-11.335282516479491,-37.84735397822869
211968,19.99,17.609007,-2.3809931182861312,-11.910921051956635
227355,12.99,8.848214,-4.141785850524903,-31.88441763298616
69272,4.465,12.857665,8.392665061950684,187.96562288803324
284737,3.69,3.8685236,0.1785235977172852,4.8380378785172145
241353,4.99,5.020261,0.030260810852050568,0.6064290751913942
67161,1.0,6.150307,5.1503071784973145,515.0307178497314
186980,9.95,5.122004,-4.8279959678649895,-48.52257254135669
255382,32.67,16.602947,-16.06705276489258,-49.17983705201279
280593,23.62,8.720446,-14.89955436706543,-63.080247108659734
298507,13.33,37.667233,24.337232513427736,182.57488757260117
107953,1.99,2.8713226,0.8813226318359375,44.28756943899184
65073,37.31,14.848013,-22.461987075805666,-60.203664100256404
136466,26.39,24.497015,-1.8929850006103521,-7.17311481853108
208120,10.995,11.90772,0.9127196121215828,8.301224303061236
251643,14.28,11.376609,-2.903391151428222,-20.331870808320886
67919,4.92,11.334855,6.414855079650879,130.3832333262374
222652,29.5,19.198576,-10.301424026489258,-34.9200814457263
89406,45.64,20.112576,-25.52742446899414,-55.93213073837454
254574,12.145,10.339133,-1.8058667373657222,-14.869219739528383
184042,33.77,16.478477,-17.29152252197266,-51.2037978145474
65130,14.09,8.31119,-5.778810348510742,-41.01355818673345
20549,12.0,10.705959,-1.2940406799316406,-10.783672332763672
281535,16.2,11.782747,-4.4172527313232415,-27.266992168661986
51250,7.42,12.911989,5.491989212036133,74.01602711638992
193382,89.99,15.204096,-74.7859041595459,-83.10468291981987
251346,8.185,9.567435,1.3824352645874018,16.889862731672594
125383,4.25,4.3222637,0.07226371765136719,1.700322768267463
243980,6.49,11.137568,4.647568473815918,71.61122455802646
90430,33.86,8.01723,-25.842769966125488,-76.32241572984492
27815,3.29,40.523575,37.23357482910156,1131.7195996687406
129876,27.965,13.1168,-14.84819969177246,-53.09565418119957
131757,14.96,12.976879,-1.983120880126954,-13.256155615821886
134599,15.98,15.813112,-0.1668877410888676,-1.0443538240855295
259314,7.04,7.0530643,0.013064346313476527,0.18557310104370067
234844,10.12,12.377514,2.2575138854980477,22.30744946144316
143964,50.76,94.33303,43.573030700683596,85.8412740360197
101883,3.77,5.79875,2.0287499237060547,53.81299532376803
71958,3.74,4.1795936,0.43959356307983377,11.753838585022294
50437,6.99,9.932206,2.9422061538696287,42.091647408721435
3143,46.43,38.585003,-7.844997100830078,-16.89639694342037
270868,53.99,50.590717,-3.399282684326174,-6.296133884656739
167588,13.08,7.0313187,-6.048681335449219,-46.243741096706565
219697,3.46,5.1110387,1.6510386848449707,47.71788106488355
187800,9.085,5.432576,-3.6524238204956063,-40.20279384144861
95120,9.44,13.628797,4.188796577453614,44.37284510014422
211674,5.73,13.332808,7.602807540893554,132.68425027737442
37914,6.69,9.119599,2.429599342346191,36.31688105151257
150280,25.74,5.2610765,-20.478923549652098,-79.56069755109596
288779,11.99,15.520306,3.5303056335449217,29.443750071267072
230858,12.84,21.408205,8.568205032348633,66.73056878776194
279594,20.2,17.19731,-3.0026905059814446,-14.864804485056657
15911,2.88,6.4565425,3.576542491912842,124.18550319141812
169639,1.595,8.562626,6.967625885009766,436.8417482764744
216660,52.7,47.234158,-5.4658424377441435,-10.371617528926267
46593,9.97,15.195391,5.225390701293945,52.411140434242164
102343,14.95,14.390759,-0.559240531921386,-3.7407393439557595
15313,23.49,12.932343,-10.557657470703123,-44.9453276743428
234308,39.01,20.9277,-18.08229995727539,-46.352986304217865
240975,22.99,13.37376,-9.616239776611327,-41.82792421318542
71928,7.7,8.147025,0.44702510833740217,5.805520887498729
232309,20.98,11.725337,-9.254662971496582,-44.111834945169605
139609,59.41,77.87416,18.464160766601566,31.079213544187116
256179,37.31,35.233788,-2.0762124633789085,-5.564761359900585
93431,9.745,11.586991,1.8419913101196297,18.901911853459517
40481,21.2,21.800032,0.6000316619873054,2.8303380282420068
51637,2.48,4.3180337,1.8380336952209473,74.11426190407046
149198,52.65,75.43962,22.78962097167969,43.28513005067368
139680,50.085,79.89787,29.812872924804687,59.5245541076264
53924,18.99,21.272001,2.2820012664794938,12.016857643388594
178576,10.53,14.658166,4.128165931701661,39.20385500191511
227755,299.0,43.717075,-255.2829246520996,-85.3789045659196
178259,4.685,5.5725617,0.8875617408752445,18.944754340987078
195681,45.57,54.445385,8.875384979248047,19.47637695687524
224153,7.97,7.1068726,-0.8631274414062498,-10.829704409112294
206391,20.82,21.341007,0.5210072326660153,2.502436276013522
190867,18.88,12.551304,-6.328696136474608,-33.52063631607314
73051,8.41,10.649813,2.2398126983642577,26.632731252844916
22629,15.99,27.577948,11.587947616577148,72.46996633256502
56841,7.05,8.126797,1.0767967224121096,15.273712374639853
71631,25.43,9.46697,-15.963029556274414,-62.772432388023645
12981,23.25,15.670927,-7.579072952270508,-32.59816323557207
231656,67.86,26.871317,-40.98868309020996,-60.40183184528435
85750,5.75,12.443442,6.693442344665527,116.40769295070483
233995,77.65,18.756971,-58.893028640747076,-75.84420945363435
194729,2.74,8.019199,5.27919937133789,192.6715099028427
277494,42.97,10.450567,-32.5194327545166,-75.67938737378776
82218,6.12,12.089872,5.969872360229492,97.54693399067797
286061,4.890000000000001,4.5916166,-0.29838336944580135,-6.101909395619659
22634,11.4,10.003256,-1.3967441558837894,-12.252141718278855
37418,2.99,5.473996,2.4839961624145506,83.07679472958363
244400,9.33,10.402139,1.0721387100219726,11.491304501843222
142125,24.29,29.923595,5.633595428466798,23.193064752848077
131945,32.49,10.8473625,-21.642637481689455,-66.61322709045692
194902,76.99,12.984936,-64.00506423950195,-83.13425670801657
62713,15.99,22.282455,6.292455444335937,39.352441803226625
199536,1.19,8.409008,7.219008026123047,606.6393299263066
35651,5.39,10.881267,5.491266593933106,101.87878652937117
269779,6.4,9.107107,2.7071071624755856,42.29854941368102
110616,89.99,68.926796,-21.06320404052734,-23.406160729555882
122017,18.95,10.474817,-8.475182723999023,-44.72391938785764
149420,29.08,31.09584,2.015840454101564,6.932051080129176
257540,14.99,15.6965275,0.7065274810791013,4.713325424143438
107467,35.28,25.821093,-9.45890739440918,-26.810962002293596
113194,225.95,21.358368,-204.5916320800781,-90.54730342114544
117870,3.495,8.830615,5.335615043640137,152.6642358695318
209405,18.49,15.292242,-3.1977579498291,-17.294526499886967
153941,38.97,42.09535,3.125348358154298,8.01988287953374
109414,12.15,7.5733805,-4.5766195297241214,-37.66765045040429
234896,21.25,15.064791,-6.185209274291992,-29.106867173138784
199445,52.9,50.563023,-2.336977386474608,-4.417726628496423
136324,4.515000000000001,7.3048773,2.7898772811889643,61.79130190894715
296795,4.449999999999999,8.900617,4.450616645812989,100.01385720928067
123396,13.97,15.641298,1.6712982940673822,11.9634809883134
23237,21.6,23.115187,1.5151866912841783,7.0147532003897135
159488,7.5,7.190138,-0.3098621368408203,-4.1314951578776045
110763,11.39,10.791859,-0.5981413269042974,-5.251460288887598
249876,16.95,16.456213,-0.49378700256347585,-2.9131976552417456
190005,26.83,23.190166,-3.6398335266113264,-13.566282246035508
296724,7.27,15.275248,8.00524757385254,110.11344668297853
123224,4.29,13.6650095,9.375009498596192,218.5316899439672
204955,1.97,5.557147,3.587147026062012,182.08868152599044
72210,8.99,9.18942,0.19941974639892557,2.218239670733321
94562,3.59,8.298284,4.708283576965332,131.14996036115133
186649,18.99,13.742642,-5.247357597351073,-27.632214835971947
168420,22.715,11.210215,-11.504785385131836,-50.648405833730294
177852,25.43,19.137274,-6.292726211547851,-24.74528592822592
273385,2.79,4.753812,1.9638118362426757,70.38752101228228
125910,8.98,9.255192,0.2751918029785152,3.0644966924110824
214439,47.48,12.178882,-35.30111835479736,-74.34944893596749
196534,82.37,57.52925,-24.840748901367192,-30.15751960831272
143607,76.44,42.887512,-33.55248779296875,-43.89388774590365
17512,93.98,25.1193,-68.86069915771485,-73.27165264706836
156748,94.16,39.146877,-55.01312271118164,-58.4251515624274
63676,84.98,81.695244,-3.2847561645507852,-3.865328506178848
135033,3.99,15.964357,11.974357376098633,300.10920742101837
121571,9.99,9.233656,-0.7563440704345705,-7.571011716061767
3203,3.89,4.3738146,0.4838145828247069,12.43739287467113
125895,8.98,11.563524,2.58352424621582,28.76975775296013
272206,10.77,8.222704,-2.5472960662841793,-23.651774060205938
226260,12.99,12.889542,-0.10045837402343771,-0.7733516091103749
1356,46.89,44.630447,-2.259552612304688,-4.818836878448898
192464,81.92,21.681753,-60.238246841430666,-73.53301616385579
166398,53.62,48.29314,-5.326859588623044,-9.934463984750176
193881,8.2,19.433353,11.233353424072266,136.99211492771056
41868,10.59,13.114279,2.524278793334961,23.836438086260255
274729,6.49,6.053983,-0.43601678848266623,-6.718286417298401
75344,3.29,5.6653786,2.3753785705566406,72.19995655187358
224159,5.19,5.596353,0.40635305404663047,7.829538613615231
107298,3.69,8.091451,4.401450691223145,119.2805065372126
229125,26.99,10.192659,-16.79734062194824,-62.235422830486264
44594,11.55,11.410516,-0.13948421478271555,-1.2076555392442905
22676,4.48,13.473707,8.99370719909668,200.75239283697942
126950,4.48,5.0368643,0.5568642807006832,12.430006265640248
169526,7.99,21.211279,13.221278915405273,165.47282747691204
179704,39.11,29.68247,-9.427529678344726,-24.105164097020523
229616,82.99,28.766674,-54.22332595825195,-65.33718033287379
97830,6.24,8.022609,1.7826087570190428,28.567448029151326
176962,37.77,18.121954,-19.648046035766605,-52.02024367425629
177998,10.59,8.187593,-2.402406539916992,-22.685614163522118
66484,23.23,20.394735,-2.8352646636962895,-12.205185810143304
98771,7.48,10.994843,3.5148425292968746,46.989873386321854
12865,3.12,2.1147594,-1.0052405548095704,-32.21924855158879
41469,17.14,13.982194,-3.1578060531616217,-18.423605911094644
179640,22.99,19.826462,-3.163538208007811,-13.760496772543762
204411,30.25,18.970491,-11.279508590698242,-37.28763170478758
196356,33.46,100.051056,66.59105590820312,199.01690349134225
227172,8.99,12.935446,3.9454457855224607,43.88704989457687
68576,21.8,29.096687,7.2966873168945305,33.471042738048304
49181,9.99,10.28416,0.29415966033935526,2.944541144538091
223880,2.48,3.1766434,0.6966433715820313,28.090458531533518
270032,8.7,5.4682274,-3.23177261352539,-37.14681164971713
284956,25.74,8.446858,-17.293141593933104,-67.18392227635239
262802,26.95,21.142296,-5.8077041625976555,-21.549922681252898
96400,8.22,9.657009,1.4370091247558587,17.48186283157979
35707,5.13,9.080777,3.950777168273926,77.01320016128511
144197,11.99,13.34318,1.3531797027587888,11.285902441691317
260366,19.83,16.49231,-3.3376904296874983,-16.831520069024197
113598,3.89,5.5375104,1.6475103950500487,42.352452314911275
75873,7.85,6.647518,-1.2024818420410153,-15.318240026000197
41196,6.945,5.1123123,-1.832687683105469,-26.388591549394803
278188,0.98,5.447309,4.467309017181396,455.8478588960608
179053,12.98,10.642527,-2.3374733734130864,-18.008269440778786
19129,72.89,13.601367,-59.288633003234864,-81.33987241491955
25518,1.565,6.4091067,4.844106731414795,309.5275866718719
62838,8.16,8.525233,0.3652332687377928,4.475897901198441
172004,67.32,15.43853,-51.881470031738274,-77.06694894791782
105606,13.94,12.689132,-1.2508682632446284,-8.973230008928468
104641,51.14,35.65333,-15.486668243408204,-30.2828866707239
7718,11.97,19.687222,7.717221527099609,64.47135778696415
201972,21.99,15.244801,-6.745199432373045,-30.673940119932
173047,7.995,9.43144,1.4364403533935546,17.966733625935642
102387,6.74,7.1893187,0.4493186569213865,6.666448915747574
189263,21.99,13.478356,-8.511643638610838,-38.706883304278485
192926,12.99,20.055445,7.065444717407226,54.39141429874693
153493,10.47,8.344396,-2.1256043624877936,-20.30185637524158
52629,13.99,12.89887,-1.0911295318603518,-7.799353337100441
161193,107.56,10.268279,-97.29172092437744,-90.45344079990466
10123,5.640000000000001,11.426223,5.7862228012084955,102.59260285830665
204652,11.95,14.966747,3.0167472839355476,25.244747145904167
7779,20.695,14.230953,-6.464046783447266,-31.234823790515904
297481,6.99,5.279145,-1.710855236053467,-24.47575444997807
4234,10.67,5.4887476,-5.181252403259277,-48.55906657225189
224399,8.99,9.771197,0.7811973190307615,8.689625350731497
152591,3.99,12.607472,8.61747241973877,215.97675237440527
49831,8.7,13.054534,4.354533958435059,50.0521144647708
207575,15.99,14.256383,-1.7336170578002932,-10.841882787994328
145607,49.325,51.694214,2.369213867187497,4.80327190509376
15001,18.61,17.434624,-1.1753762817382807,-6.31583171272585
142052,86.02,62.15149,-23.868510742187496,-27.74762932130609
18395,3.93,9.651642,5.721641845703125,145.58885103570293
118258,9.0,10.887073,1.8870725631713867,20.96747292412652
175152,6.995,6.3169756,-0.6780244064331056,-9.692986510837821
178337,28.99,24.348562,-4.6414377593994125,-16.010478645737887
49175,12.89,10.826344,-2.0636564636230474,-16.009747584352578
189239,12.59,16.856535,4.266534957885742,33.888284018155225
11062,19.46,20.523338,1.063338317871093,5.464225682790817
164671,21.58,22.269186,0.6891860198974626,3.1936330857157675
138689,37.0,33.094536,-3.9054641723632812,-10.555308573954814
185820,26.85,25.876547,-0.9734531402587905,-3.6255237998465195
231148,14.7,9.673316,-5.0266839981079094,-34.19512923882932
32852,5.09,11.620132,6.530132446289063,128.29336829644524
291278,8.99,19.86587,10.875869522094726,120.97741403887348
56405,2.0,10.211735,8.211734771728516,410.5867385864258
146578,56.01,55.252525,-0.7574746704101543,-1.352391841475012
207656,6.47,13.657969,7.187969474792481,111.09690069231037
155624,16.34,28.022186,11.682186279296875,71.4944080740323
292477,8.49,9.234767,0.7447669601440428,8.772284571779068
266728,23.84,23.990091,0.1500913238525392,0.6295777007237382
269623,36.515,43.2235,6.708499298095703,18.3719000358639
168002,11.55,9.9786005,-1.5713994979858406,-13.605190458751865
297383,16.95,7.6474476,-9.302552413940429,-54.88231512649221
79085,3.99,3.6705651,-0.3194348716735842,-8.005886508109878
144141,10.13,10.896695,0.766695137023925,7.568560089081195
60684,6.45,8.919945,2.4699447631835936,38.293717258660365
184317,73.0,11.124998,-61.87500190734863,-84.76027658540909
105030,36.8,31.54705,-5.252949523925778,-14.274319358493964
212754,27.99,23.665869,-4.324131240844725,-15.448843304196947
204405,32.0,18.151775,-13.848224639892578,-43.27570199966431
134816,27.97,11.017104,-16.952895851135253,-60.6109969650885
234774,14.99,13.7967205,-1.193279495239258,-7.960503637353289
212706,13.88,22.629892,8.749892349243163,63.03957023950405
219382,11.375,19.866411,8.491411209106445,74.64976887126545
186678,8.89,13.446668,4.556667671203613,51.25610428800464
213616,34.99,30.000523,-4.989477386474611,-14.259723882465309
276661,1.48,32.60719,31.127189178466796,2103.1884580045134
137289,26.44,13.293066,-13.146933975219728,-49.723653461496696
285595,9.745,4.7829857,-4.96201431274414,-50.91856657510662
275861,9.89,12.857226,2.967226371765136,30.002288895501884
163007,2.0,2.5138154,0.5138154029846191,25.690770149230957
176730,21.99,18.77215,-3.217849960327147,-14.633242202488164
250545,9.99,16.71136,6.721360931396484,67.28089020416901
204545,4.97,11.066016,6.09601619720459,122.65626151317083
147567,8.99,7.8707495,-1.1192505264282229,-12.449950238356205
109219,29.99,48.56756,18.57755828857422,61.945842909550585
210181,27.99,16.58042,-11.409580459594725,-40.763059877080124
218869,46.26,44.113068,-2.146932373046873,-4.641012479565225
141087,3.19,13.227305,10.037305412292481,314.6490724856577
18759,64.31,57.992634,-6.317366180419924,-9.823303032840808
166342,1.035,2.4646134,1.429613437652588,138.12690218865583
274650,73.99,33.46685,-40.523149719238276,-54.768414271169455
22032,7.49,11.227081,3.737081298828125,49.89427635284546
131278,11.99,18.571018,6.58101821899414,54.88755812338732
216467,5.15,4.5920124,-0.5579875946044925,-10.834710574844514
36000,7.29,5.7974777,-1.4925222778320313,-20.473556623210307
49569,3.19,12.089826,8.899825630187989,278.9913990654542
147123,7.99,26.752869,18.762868652343748,234.82939489791926
170071,82.7,35.506725,-47.193274688720706,-57.0656284023225
197099,6.42,5.9956617,-0.42433826446533196,-6.609630287621993
202616,14.98,41.96,26.979999084472656,180.10680296710717
163928,4.02,3.7505298,-0.2694702339172359,-6.7032396496824855
106954,33.99,18.134153,-15.855846633911135,-46.648563206564084
120332,16.99,13.787854,-3.202145805358885,-18.84723840705642
255339,7.63,6.4275236,-1.2024763870239257,-15.759847798478713
141850,33.04,16.142893,-16.897107162475585,-51.14136550386073
142698,17.45,7.2392683,-10.210731697082519,-58.514221759785215
11181,1.0,2.1293833,1.1293833255767822,112.93833255767822
202387,29.985,27.40102,-2.5839799499511713,-8.617575287480978
123651,16.9,14.686466,-2.213533782958983,-13.097833035260257
100900,1.78,6.2350464,4.45504638671875,250.28350487183988
272031,11.2,17.707756,6.5077560424804695,58.104964665004196
55969,44.99,26.238749,-18.751251449584963,-41.678709601211295
22275,27.95,24.78908,-3.160920333862304,-11.30919618555386
271391,9.97,9.740363,-0.2296368789672858,-2.303278625549506
131412,6.91,4.4933777,-2.416622314453125,-34.9728265478021
178094,2.675,2.9482274,0.2732274055480959,10.214108618620408
253248,7.91,4.6417522,-3.268247756958008,-41.31792360250326
108181,10.0,35.286022,25.286022186279297,252.86022186279297
180233,4.345000000000001,5.3813868,1.036386756896972,23.852399468284737
245575,28.99,9.377461,-19.612538566589354,-67.65277187509263
88303,2.59,3.293034,0.703034076690674,27.144172845199773
36794,20.23,29.310091,9.080091018676757,44.8842858066078
20758,64.31,58.60378,-5.706221160888674,-8.872992008845706
25349,73.75,13.177641,-60.57235908508301,-82.13201231875662
248458,14.43,15.456388,1.0263884735107425,7.1128792343086795
125894,17.99,10.428127,-7.561872711181639,-42.03375603769672
6655,4.99,16.64162,11.651620635986328,233.49941154281217
3992,17.99,17.056334,-0.9336664581298812,-5.18991916692541
161477,105.24,17.43015,-87.80985092163085,-83.43771467277733
50780,17.16,20.28446,3.1244600677490233,18.207809252616684
290026,3.24,5.5287476,2.28874755859375,70.64035674672067
232767,63.51,10.91011,-52.599889526367186,-82.82142895034985
63739,0.7,5.7054954,5.005495357513428,715.0707653590612
151199,2.095,5.9261875,3.831187515258789,182.87291242285386
150980,3.785,7.8225965,4.037596549987793,106.67362087154008
240303,14.99,19.27738,4.287379989624023,28.601600998158926
59274,29.88,12.331522,-17.54847801208496,-58.72984609131513
236341,14.95,25.684856,10.734856414794923,71.80505963073527
287282,10.33,9.890725,-0.4392748641967774,-4.252418820878775
177527,18.82,16.183641,-2.63635856628418,-14.008281436153986
232795,22.99,21.45163,-1.5383703613281234,-6.691476125829158
182148,29.76,23.96802,-5.791980514526369,-19.462300116016024
235602,7.99,8.654302,0.6643016433715818,8.314163246202526
182138,23.02,26.66395,3.6439499664306645,15.829495944529384
175584,2.29,11.2027235,8.912723503112794,389.20189969924866
1708,86.02,75.27868,-10.741321105957027,-12.48700430825044
37750,5.68,6.5456557,0.8656557273864749,15.240417735677376
106386,12.47,19.568348,7.0983479309082025,56.92339960632079
204998,49.99,28.574791,-21.41520904541016,-42.838985887997914
22626,67.99,18.622234,-49.36776565551757,-72.61033336596202
171326,5.79,6.6161194,0.826119384765625,14.268037733430482
216912,8.715,17.079777,8.364776763916016,95.98137422737827
48169,4.79,7.838846,3.048846206665039,63.65023395960415
218590,12.49,8.077089,-4.412910690307617,-35.3315507630714
250097,7.28,7.412709,0.13270923614501928,1.822929067926089
26193,6.175000000000001,17.423695,11.248694610595702,182.1650949084324
186700,19.58,17.760542,-1.8194580841064436,-9.292431481646801
272510,12.485,12.308767,-0.1762326812744135,-1.4115553165751982
267992,18.99,17.220695,-1.7693045043945297,-9.31703267190379
99555,15.79,22.19701,6.407010040283204,40.57637770920332
151404,10.45,15.540262,5.09026222229004,48.710643275502775
160929,17.88,10.934402,-6.9455975341796865,-38.845623792951265
61681,10.04,5.7659845,-4.274015464782714,-42.56987514723819
37422,2.99,4.7656407,1.7756407356262205,59.385977780141154
95467,7.744999999999999,3.8720589,-3.872941131591796,-50.00569569518136
70137,64.91,16.096233,-48.813766632080075,-75.20222867367136
33562,15.51,10.483035,-5.026964912414551,-32.41112129216345
87086,5.29,9.782091,4.49209114074707,84.91665672489735
40943,14.99,12.72868,-2.2613203430175783,-15.085525970764365
274375,2.69,12.8837385,10.193738517761231,378.94938727736917
221938,7.02,5.434103,-1.5858969879150386,-22.59112518397491
19020,33.5,32.314346,-1.1856536865234375,-3.539264735890858
91981,10.11,6.0591335,-4.0508664703369135,-40.06791760966284
98656,16.99,16.535069,-0.4549314880371078,-2.6776426606068737
149616,27.43,15.462746,-11.967254333496093,-43.62834244803534
293789,24.88,19.237814,-5.642186050415038,-22.677596665655297
181507,10.95,4.6281204,-6.321879577636718,-57.73406006974172
199399,3.18,20.654554,17.47455436706543,549.5142882724978
239836,21.61,7.2718573,-14.338142738342285,-66.34957306035301
1923,52.61,38.091682,-14.518317565917968,-27.59611778353539
183304,13.99,13.76437,-0.22563003540039084,-1.61279510650744
166957,1.4449999999999998,5.279123,3.834122829437256,265.33722003025997
142010,27.61,29.54276,1.932760848999024,7.000220387537211
205206,15.5,8.698128,-6.801872253417969,-43.88304679624496
63364,2.49,3.0909,0.6008999443054197,24.132527883751795
275982,5.32,8.019359,2.69935863494873,50.739823965201694
214945,10.99,10.421238,-0.5687620544433596,-5.175268921231662
56323,9.99,17.386862,7.396861801147461,74.04266067214675
184899,1.5,17.494719,15.994718551635742,1066.3145701090493
48117,12.69,11.71871,-0.9712900543212886,-7.6539799394900605
175198,14.99,14.182552,-0.8074476623535158,-5.386575466000773
153624,5.44,7.485811,2.0458112335205074,37.606824145597564
211340,14.99,17.725735,2.735734710693359,18.25039833684696
22845,16.865000000000002,15.280619,-1.584381332397463,-9.394493521479175
212777,4.055,7.8566666,3.8016665649414065,93.75256633640954
76857,66.83,26.98756,-39.8424397277832,-59.617596480298076
23941,44.11,22.530138,-21.57986198425293,-48.92283378883004
103699,37.57,36.463417,-1.106582946777344,-2.9453897971182967
287586,1.89,3.1806645,1.2906645393371583,68.28912906545811
103035,5.24,18.884398,13.644397506713867,260.3892653953028
114269,16.48,12.150852,-4.32914779663086,-26.26910070771153
27191,5.39,16.28438,10.894379959106445,202.1220771633849
150660,10.25,8.764264,-1.4857358932495117,-14.494984324385479
295341,3.69,56.425144,52.73514419555664,1429.1366990665758
136773,6.27,6.1001997,-0.1698003005981441,-2.7081387655206397
198056,10.73,9.377432,-1.3525681304931645,-12.605481178873854
203209,15.8,9.896473,-5.903527069091798,-37.364095373998715
94622,6.59,6.5915112,0.0015112495422364702,0.02293246649827724
271294,13.74,9.51047,-4.229529609680176,-30.782602690539857
284433,6.27,8.23378,1.963779907226563,31.320253703772938
111243,27.11,26.623318,-0.48668228149414006,-1.7952131371971232
220545,22.33,8.371928,-13.958071784973143,-62.508158463829574
95217,17.51,8.7840185,-8.725981483459474,-49.83427460570802
158130,129.99,108.19646,-21.79354309082032,-16.76555357398286
34838,29.99,32.267437,2.2774369812011734,7.593987933315017
267485,18.99,18.37372,-0.6162798309326156,-3.245286102857376
206649,29.99,23.408863,-6.581136932373045,-21.944437920550335
107711,48.55,109.68701,61.13701171875,125.92587377703398
233029,2.69,2.9534335,0.2634335136413575,9.793067421611802
290948,7.709999999999999,9.410145,1.700144805908204,22.05116479777178
231920,29.99,30.971037,0.9810369110107438,3.2712134411828733
283188,20.77,32.317986,11.54798553466797,55.599352598305096
84154,7.46,10.574091,3.1140909576416016,41.74384661717965
154612,22.0,17.90816,-4.091840744018555,-18.599276109175246
248058,28.49,21.717436,-6.772564163208006,-23.771723984584085
39604,9.19,10.893377,1.703377304077149,18.535117563407496
121510,4.29,4.74549,0.4554900741577148,10.617484246100577
99282,10.99,6.643575,-4.3464248085021975,-39.548906355797975
180254,11.405,11.737871,0.33287117004394595,2.9186424379127223
123638,17.99,17.542513,-0.4474871063232406,-2.487421380340415
67884,44.86,38.034546,-6.825454101562499,-15.215011372185689
47327,1.59,5.723125,4.133124980926514,259.9449673538688
242820,11.99,18.904034,6.914033660888672,57.66500134185715
71316,29.52,27.163197,-2.3568034362792964,-7.983751477910896
91833,10.98,13.559447,2.579447288513183,23.492233957314966
283697,0.78,5.4889255,4.708925457000732,603.7083919231708
159240,3.22,5.340822,2.1208222198486326,65.86404409467804
5402,38.48,13.144618,-25.335381965637204,-65.84038972358941
83692,6.754999999999999,10.032038,3.2770377349853526,48.51277179845082
163261,8.45,9.045987,0.5959871292114265,7.053102120845285
935,20.88,33.844322,12.964322204589845,62.08966573079427
152580,2.96,10.086936,7.126935997009277,240.77486476382694
111358,21.06,32.971714,11.911714019775392,56.56084529807879
35973,4.07,5.667802,1.5978018569946286,39.25803088438891
39651,11.38,21.358484,9.978484268188476,87.6843960297757
189384,51.715,19.194593,-32.520406570434574,-62.883895524382815
77504,11.53,15.527454,3.9974543762207038,34.67002928205294
281888,2.39,7.041744,4.651744232177734,194.63364988191353
264929,10.97,9.733858,-1.2361418914794928,-11.268385519411966
182831,11.83,12.497697,0.6676968765258788,5.644098702670151
124413,122.94,42.776478,-80.1635221862793,-65.20540278695242
218514,14.99,14.407107,-0.582892646789551,-3.888543340824223
79337,4.34,13.010088,8.670087966918945,199.77161214098953
253431,38.84,19.230453,-19.609546508789066,-50.48801881768554
41492,1.99,4.096676,2.106675872802734,105.86310918606705
268459,3.79,3.5962143,-0.19378570556640629,-5.113079302543701
68985,16.99,15.709475,-1.2805254364013656,-7.536936058866191
47134,12.99,15.318998,2.328998336791992,17.929163485696627
162307,12.42,12.141165,-0.278835220336914,-2.2450500832279707
146576,83.74,51.980694,-31.759306182861323,-37.92608810945943
158647,7.67,14.172728,6.502727584838867,84.78132444379227
214848,18.3,17.876036,-0.4239643096923835,-2.3167448617070137
25487,34.8,22.56763,-12.232369232177732,-35.1504862993613
148890,34.81,33.806618,-1.003382263183596,-2.882454074069509
66742,50.185,20.263689,-29.921310958862307,-59.62202044208888
127399,8.74,13.372666,4.632666358947754,53.00533591473402
206373,15.18,10.779751,-4.40024917602539,-28.9871487221699
268557,31.9,31.344585,-0.5554145812988267,-1.7411115401217137
195140,14.685,11.489652,-3.1953483200073247,-21.75926673481324
253386,4.245,3.967175,-0.27782499313354503,-6.544758377704241
257158,2.49,4.333576,1.843576202392578,74.03920491536456
214824,17.99,33.081173,15.091172943115236,83.88645326912305
147806,20.08,25.873932,5.793931884765627,28.854242454012084
270608,3.99,6.8297677,2.8397677040100096,71.17212290751903
192862,40.67,20.333231,-20.336769027709963,-50.004349711605514
254453,5.67,5.428294,-0.24170581817626946,-4.262889209458015
205485,7.95,14.081956,6.131955909729004,77.13152087709439
52235,6.99,17.537104,10.547103652954101,150.8884642768827
288678,13.4,37.453285,24.053285217285158,179.50212848720267
111807,84.0,10.69887,-73.3011302947998,-87.26325035095215
95292,43.13,5.9082584,-37.22174156188965,-86.30127883582112
153888,17.45,17.738476,0.2884757995605476,1.6531564444730522
185286,2.99,5.823359,2.8333590126037596,94.76117099009228
176953,7.99,9.601743,1.6117427444458006,20.171999304703387
285129,5.41,5.2337656,-0.17623439788818374,-3.2575674286170746
128402,18.435,18.4469,0.011899414062501279,0.0645479471792855
236471,7.99,12.908189,4.918188819885254,61.554303127475016
133950,3.99,2.8167021,-1.1732978725433352,-29.40596171787807
216491,8.99,7.500861,-1.4891388320922854,-16.564391903139995
89953,2.785,8.525061,5.740060653686523,206.106307134166
82141,10.69,41.85323,31.16322952270508,291.51758206459385
160505,1.79,3.651163,1.861163101196289,103.97559224560273
298119,20.79,14.06063,-6.729370155334472,-32.368302815461625
616,14.475,17.101395,2.626394653320313,18.144349936582476
145684,9.895,16.885849,6.990848999023438,70.65031833272802
213006,18.95,20.471684,1.5216835021972663,8.02999209602779
240295,13.99,8.048891,-5.941108932495117,-42.46682582198083
274644,21.95,13.150601,-8.799398612976074,-40.0883763689115
225468,4.89,8.574897,3.684896812438965,75.35576303556167
292805,4.24,11.224995,6.984994659423828,164.74044008075066
24095,20.23,23.476171,3.246171493530273,16.046324733219343
226914,19.93,10.23164,-9.698360137939453,-48.66211810305796
87730,35.99,22.883844,-13.10615562438965,-36.416103429812864
160318,21.0,16.754633,-4.245367050170898,-20.216033572242374
156348,9.315,18.740732,9.425732192993165,101.18875140089281
295200,10.69,13.60876,2.9187598800659185,27.303647147482867
214850,43.92,6.6339064,-37.286093635559084,-84.89547731229298
177396,28.99,25.750813,-3.2391874694824203,-11.17346488265754
243981,6.945,11.637761,4.692761116027832,67.57035444244538
12445,3.055,14.647593,11.592592544555664,379.4629310820185
233831,20.37,9.735701,-10.634299392700196,-52.20569166764947
280002,18.03,11.498565,-6.5314352798461925,-36.22537592815414
105493,42.99,23.263136,-19.726864089965822,-45.88709953469603
274911,2.99,5.148871,2.1588709449768064,72.20304163802028
148571,42.74,50.73706,7.997060546874998,18.71095120934721
109742,92.94,26.667366,-66.27263397216797,-71.30690119665158
128101,28.95,14.817848,-14.132151794433593,-48.81572295141138
242355,72.64,25.286634,-47.35336555480957,-65.18910456333916
55543,4.85,11.888399,7.038399124145508,145.1216314256806
136496,1.0,2.898117,1.8981170654296875,189.81170654296875
236098,28.99,9.883187,-19.10681270599365,-65.90828805103018
80995,6.44,5.9019456,-0.5380544090271,-8.354882127749999
146797,50.13,52.16005,2.03004943847656,4.049569994966207
168691,4.19,5.5813055,1.3913055038452145,33.205381953346404
170612,15.025,17.377127,2.3521266937255856,15.654753369221867
292329,2.495,4.972353,2.4773529815673827,99.29270467203938
122959,8.88,17.157446,8.277445907592773,93.21448094136005
84594,6.49,3.0386295,-3.4513704681396487,-53.179822313399825
213014,29.97,23.341862,-6.628138275146483,-22.115910160648927
289168,9.69,6.4575615,-3.2324385070800776,-33.358498525078204
67115,59.99,61.168,1.177999267578123,1.9636593891950709
203747,11.99,13.657969,1.6679694747924803,13.911338405275064
155274,35.91,25.58212,-10.327879104614254,-28.76045420388264
135035,11.55,14.206886,2.6568862915039055,23.00334451518533
85632,39.99,35.125576,-4.864423980712893,-12.164100977026488
219847,9.49,9.893575,0.4035747146606443,4.252631345212269
222743,32.56,23.255264,-9.30473571777344,-28.577198150409828
187515,13.27,6.9965734,-6.273426551818847,-47.27525660752711
153699,1.0,13.135414,12.135414123535156,1213.5414123535156
202581,9.99,15.808975,5.818975219726562,58.24800019746309
20597,22.99,39.09401,16.104009399414064,70.04788777474582
112850,22.34,18.28302,-4.05697998046875,-18.160161058499327
93147,4.99,10.648446,5.658446083068847,113.39571308755205
44526,37.66,37.267624,-0.3923760986328091,-1.0418908620095835
168160,38.49,25.162941,-13.327059020996096,-34.62473115353623
179713,38.39,43.713173,5.323172912597656,13.866040407912623
160589,13.34,5.3421164,-7.997883644104004,-59.95415025565221
90233,2.8,14.122186,11.322185707092284,404.3637752532959
249776,12.0,12.078206,0.07820606231689453,0.6517171859741211
33967,6.43,13.603905,7.173904724121094,111.56928031292526
163231,23.35,14.035236,-9.314763641357423,-39.89192137626305
232966,4.5,6.7015815,2.2015814781188965,48.92403284708659
22809,8.99,9.533337,0.5433366394042967,6.0437890923726
196528,57.06,74.43348,17.37347930908203,30.447738011009513
284371,9.99,8.402968,-1.5870315933227541,-15.886202135362904
282780,2.0,8.573688,6.573687553405762,328.6843776702881
195634,40.65,34.451633,-6.198366546630858,-15.248134186053772
298199,2.54,3.670905,1.1309051132202148,44.52382335512657
166593,12.48,12.56522,0.0852198791503902,0.6828515957563317
62762,16.1,5.55718,-10.542820072174074,-65.48335448555325
85814,3.29,4.2271056,0.9371056175231933,28.48345342015785
295214,11.99,19.418304,7.428304443359375,61.95416549924416
216595,33.75,22.576595,-11.173404693603516,-33.10638427734375
127902,86.31,62.283913,-24.026087341308596,-27.836968301828986
142693,32.2,38.908905,6.708905029296872,20.835108786636248
187282,9.44,6.371679,-3.0683211708068843,-32.50340223312377
223699,87.99,63.960754,-24.029245605468745,-27.309064218057443
15035,16.99,17.53112,0.5411203002929703,3.1849340805942927
147602,10.99,34.580853,23.59085250854492,214.65743865827955
248572,9.99,8.162228,-1.8277723693847658,-18.29601971356122
79523,7.154999999999999,8.358205,1.2032048416137702,16.816280106411885
22257,6.985,20.262558,13.277557983398438,190.08672846669202
190993,7.84,9.146672,1.3066722488403322,16.666737867861382
298259,3.83,3.9201417,0.09014169692993157,2.3535691104420775
209570,69.99,29.722769,-40.26723121643066,-57.53283499990093
191648,38.99,26.477129,-12.512871017456057,-32.09251350976162
199178,4.59,14.346394,9.756393585205078,212.55759444891237
206963,32.76,19.980719,-12.7792813873291,-39.00879544361752
58774,2.7,2.9754872,0.2754872322082518,10.203230822527843
63350,12.365,11.713268,-0.6517317199707033,-5.2707781639361375
228007,20.0,28.157639,8.157638549804688,40.78819274902344
261515,20.21,11.385604,-8.82439609527588,-43.663513583750024
266539,92.31,57.436363,-34.87363677978516,-37.77882870738291
270449,29.99,19.663496,-10.326503982543944,-34.43315766103349
272772,9.29,10.188204,0.8982038116455087,9.668501739994712
282454,4.09,6.9380045,2.848004493713379,69.6333617044836
172516,1.98,4.044836,2.0648360443115235,104.28464870260218
148093,12.99,14.7771635,1.787163505554199,13.757994653996914
65663,38.99,18.220276,-20.769724121093752,-53.2693616852879
232143,18.575,19.022682,0.44768218994140696,2.410132920276754
73543,5.49,20.000422,14.510421524047851,264.30640298812114
240033,5.23,4.1740713,-1.0559286880493168,-20.189841071688658
181690,36.99,5.9873824,-31.002617588043215,-83.8135106462374
5117,29.41,37.32978,7.919780578613281,26.92886969946712
8440,3.41,5.436066,2.026066150665283,59.41542963827809
131266,17.895,9.314365,-8.580634613037109,-47.949900044912596
218526,12.99,9.9703865,-3.019613494873047,-23.245677404719377
229020,32.95,33.45918,0.509178924560544,1.545307813537311
12630,31.81,32.284527,0.47452682495117315,1.491753615061846
4779,5.735,13.393002,7.658001556396484,133.53097744370504
135185,7.689999999999999,13.788288,6.0982881164550795,79.30153597470846
50598,37.85,21.791145,-16.05885467529297,-42.42762133498803
235356,30.37,33.686928,3.3169277954101553,10.921724713237257
253909,33.96,26.04441,-7.915589294433595,-23.308566826954046
42201,5.67,5.9751534,0.30515344619750984,5.3818949946650765
249389,15.99,15.505655,-0.48434471130371115,-3.0290476003984437
206106,13.48,21.206661,7.726661224365234,57.31944528460856
257601,14.99,18.926304,3.9363038635253904,26.259532111576988
43663,4.69,6.5436826,1.8536825752258297,39.52414872549743
125427,6.265000000000001,7.3244057,1.059405670166015,16.909906945985874
230115,29.245,28.137625,-1.107375259399415,-3.786545595484408
151718,2.135,8.269871,6.134870758056641,287.34757648977245
63504,3.68,3.8678503,0.18785030364990218,5.104627816573429
124646,53.23,17.565405,-35.66459510803222,-67.00093012968668
209296,121.05,101.72478,-19.32522277832031,-15.964661526906493
240026,5.975,6.0639772,0.08897724151611364,1.4891588538261697
294730,12.02,13.75608,1.7360796737670903,14.44325851719709
132361,5.1850000000000005,22.019941,16.834941329956052,324.6854644157387
73069,14.99,13.468477,-1.5215227508544924,-10.150251840256788
16441,1.58,4.380978,2.8009781074523925,177.27709540837927
144304,38.54,50.724678,12.184678039550782,31.615666942269804
96035,10.11,6.994099,-3.115900859832763,-30.819988722381435
247627,30.56,44.717293,14.157292785644533,46.32621984831326
233520,21.575000000000003,90.813,69.23800354003906,320.91774526089944
42573,2.56,7.3886347,4.82863468170166,188.61854225397107
149190,80.86,58.04546,-22.814540252685546,-28.214865511607158
283702,9.31,20.440437,11.13043731689453,119.55356946181021
192788,10.99,11.9812765,0.9912765121459959,9.01980447812553
15537,29.98,20.822,-9.157999496459961,-30.54702967464964
239696,30.0,7.3312893,-22.668710708618164,-75.56236902872722
262532,7.92,11.350027,3.430027084350586,43.30842278220437
195190,99.5,89.45498,-10.045021057128906,-10.095498549878299
214890,24.98,30.650702,5.670701522827148,22.70096686480043
144,21.595,22.869648,1.2746479797363293,5.9025143771073365
288562,24.95,19.75775,-5.192250442504882,-20.810623016051633
108085,4.98,5.4286165,0.44861652374267535,9.00836393057581
209397,32.99,10.114892,-22.875107994079592,-69.33952104904392
67927,44.0,21.678612,-22.321388244628906,-50.73042782870206
106878,64.99,53.797676,-11.192323913574214,-17.221609345398083
40489,23.99,20.336472,-3.653528442382811,-15.229380751908343
286778,1.33,14.550984,13.220984382629394,994.0589761375485
297245,11.9,12.333547,0.4335466384887692,3.6432490629308334
110066,6.18,8.780461,2.6004613113403323,42.078661995798264
9175,5.675,11.601948,5.926947784423828,104.4396085361027
121584,106.98,113.06813,6.0881304931640585,5.690905303013702
181727,85.95,14.318889,-71.6311113357544,-83.34044367161651
214317,22.98,20.46698,-2.5130200195312504,-10.935683287777417
19542,64.31,67.25882,2.9488195800781227,4.585320447952298
118464,13.44,13.043805,-0.3961948776245112,-2.947878553753804
286245,61.4,11.848983,-49.55101718902588,-80.70198239255029
132310,19.98,14.105563,-5.874436836242676,-29.40158576698036
58144,12.09,16.662134,4.572134170532227,37.81748693575043
139122,2.92,12.200354,9.280353622436524,317.82032953549736
169828,26.91,10.864283,-16.045717391967774,-59.6273407356662
20673,46.93,50.63424,3.704239196777344,7.893115697373417
196786,6.39,5.8203387,-0.5696612739562985,-8.914886916373998
299310,4.49,44.52269,40.032689819335936,891.5966552190632
162009,121.04,32.056564,-88.98343566894532,-73.51572675887749
127279,30.96,28.859447,-2.100552520751954,-6.784730364185898
56220,13.85,10.238958,-3.611041641235351,-26.072502824803976
21222,13.265,7.6366014,-5.6283985519409185,-42.430445171058565
264925,23.0,17.366558,-5.633441925048828,-24.49322576108186
226290,34.77,12.127171,-22.642829437255863,-65.12174126331855
62107,18.99,17.74277,-1.2472307586669906,-6.567829166229545
105350,12.0,7.5288706,-4.471129417419434,-37.25941181182861
218652,4.28,4.250695,-0.029304771423340092,-0.6846909211060769
98999,3.0,3.028566,0.02856588363647461,0.9521961212158203
170186,12.08,6.724981,-5.35501916885376,-44.329628881239735
40421,3.49,7.4587984,3.9687984085083006,113.71915210625502
32758,28.49,16.09974,-12.390260925292967,-43.489859337637654
180082,81.08,23.299833,-57.780166702270506,-71.26315577487729
63492,15.39,14.328961,-1.0610386276245123,-6.894338061237897
60362,11.69,12.762218,1.0722184753417974,9.172099874609046
108209,29.8,22.2473,-7.552700805664063,-25.344633576053905
181066,2.535,6.7890515,4.254051532745361,167.81268373748958
179487,25.98,22.48199,-3.498009185791016,-13.464238590419614
231236,44.95,26.984144,-17.965855789184573,-39.96853345758525
185249,7.29,12.032876,4.742876014709473,65.06002763661827
11088,25.27,22.957941,-2.312058944702148,-9.149422020981987
266302,25.66,25.78482,0.12482055664062486,0.48644020514662845
270186,11.03,7.9302235,-3.099776535034179,-28.10314175008322
222090,25.95,22.932,-3.0180007934570305,-11.630060861106092
361,17.96,17.38076,-0.5792398071289071,-3.225165963969416
87947,454.98,86.06075,-368.9192471313477,-81.08471737908208
243073,7.635,7.4694157,-0.16558433532714822,-2.1687535733745675
221788,16.19,4.6932883,-11.496711673736574,-71.01119007866939
107688,10.0,20.62228,10.62228012084961,106.2228012084961
178482,2.98,10.472825,7.4928250503540035,251.43708222664443
173321,0.37,7.38431,7.014309768676758,1895.7593969396644
219265,15.76,15.124779,-0.635221252441406,-4.030591703308414
248793,14.98,15.923935,0.9439349365234371,6.301301311905454
87167,5.19,10.876537,5.6865373229980465,109.56719312134963
24530,37.92,22.921902,-14.998098297119142,-39.55194698607369
195668,105.37,112.5894,7.219401245117183,6.851476933773544
161986,19.99,22.593132,2.6031320190429703,13.022171180805255
126807,27.95,30.67297,2.722969818115235,9.742289152469535
200479,0.98,1.7561035,0.776103515625,79.1942362882653
87079,1.67,2.1382153,0.4682153034210206,28.036844516228776
189238,14.93,16.140524,1.2105239105224612,8.107996721516821
248343,26.96,26.400824,-0.5591764068603524,-2.0740964646155504
46034,5.74,5.4852414,-0.25475858688354514,-4.4383029073788345
232247,1.99,3.4873815,1.4973814582824707,75.24529941117943
27487,3.59,8.628253,5.038252983093262,140.3413087212608
76809,16.97,16.067793,-0.9022071075439442,-5.316482660836442
277442,13.935,6.4628634,-7.472136554718018,-53.62136027784727
77316,28.005,10.474046,-17.530954246520995,-62.59937242107122
145436,33.385,9.735558,-23.649442443847654,-70.83852761374166
34617,7.66,5.494249,-2.165751132965088,-28.273513485183916
44768,3.5,3.6490564,0.14905643463134766,4.258755275181362
258829,6.91,4.851225,-2.058775100708008,-29.794140386512414
226498,27.98,25.544016,-2.4359841156005864,-8.706161957114318
242611,4.44,23.019062,18.579062042236327,418.44734329361086
109298,31.96,22.538666,-9.421334228515626,-29.478517611125238
212665,1.45,5.999699,4.549699115753174,313.77235281056375
274131,7.97,10.146307,2.1763069915771487,27.30623577888518
236385,54.99,47.867474,-7.12252639770508,-12.952402978187088
150079,10.96,11.101294,0.14129356384277258,1.2891748525800417
295084,9.89,13.083899,3.193898544311523,32.29422188383744
116131,18.95,22.710712,3.760712432861329,19.845448194518887
87913,2.99,18.123468,15.133468399047851,506.1360668577876
85883,9.12,9.256397,0.1363972473144539,1.4955838521321703
130934,14.79,16.018085,1.228085479736329,8.303485326141507
235596,46.97,8.748914,-38.221086235046386,-81.37340054299848
287422,5.99,2.6894834,-3.3005165958404543,-55.10044400401426
273180,38.68,37.046658,-1.6333424377441403,-4.222705371623941
74814,5.32,8.146801,2.8268009948730466,53.13535704648583
25404,12.99,12.5323515,-0.457648506164551,-3.523083188333726
207868,18.99,13.686399,-5.303600540161131,-27.928386204113387
2502,46.04,43.32695,-2.7130499267578116,-5.892810440394899
132671,34.42,38.16793,3.747930603027342,10.888816394617496
223111,3.98,14.002214,10.022214431762695,251.8144329588617
183682,87.26,49.95633,-37.30367065429688,-42.750023669833695
127818,106.41,44.62352,-61.78648010253906,-58.06454290248948
209950,19.88,19.423588,-0.4564122009277334,-2.295836020763246
127116,5.19,16.537079,11.347078857421874,218.6335039965679
209360,13.355,4.4176354,-8.937364559173584,-66.92148677778798
261341,27.99,34.26127,6.271268615722658,22.405389838237436
51874,15.99,13.220401,-2.769599189758301,-17.32082044876986
275249,62.93000000000001,19.257612,-43.67238777160645,-69.39835971969879
16799,3.14,10.553609,7.413608894348144,236.1021940875205
39413,61.49,7.741975,-53.74802516937256,-87.40937578366004
273089,9.72,9.404949,-0.31505081176757876,-3.2412634955512214
31499,13.95,6.0219393,-7.9280607223510735,-56.83197650430878
108823,3.335,5.1026573,1.7676573181152344,53.00321793448979
33128,14.09,13.442584,-0.6474159622192381,-4.594861335835615
160828,15.9,11.494611,-4.405389213562012,-27.70685039976108
198845,4.29,7.6874447,3.3974446868896484,79.19451484591255
136652,18.99,16.056591,-2.9334089660644516,-15.447124623825445
22281,27.95,25.4865,-2.463500213623046,-8.813954252676373
219525,5.805,5.729268,-0.07573192596435518,-1.304598207826963
265176,23.99,18.635937,-5.354063262939452,-22.317896052269496
131393,24.84,20.172949,-4.667051162719726,-18.788450735586657
129816,4.95,7.593173,2.643173027038574,53.39743488966816
215081,37.29,25.098753,-12.191247024536132,-32.69307327577402
186231,8.18,8.358564,0.17856437683105497,2.182938592066687
102443,13.99,12.585228,-1.4047720336914065,-10.041258282283106
214162,11.12,12.426875,1.3068751144409188,11.752474050727688
36727,2.79,7.3821917,4.5921916580200195,164.59468308315482
172847,1.86,1.4219892,-0.43801079750061045,-23.5489676075597
56022,44.99,36.748444,-8.241556396484377,-18.318640578982833
196160,57.97,53.491215,-4.478785247802733,-7.7260397581554825
24603,18.95,26.345541,7.395541000366212,39.026601585045974
259180,14.42,11.852432,-2.5675677490234374,-17.80560158823466
281133,14.0,14.636338,0.6363382339477539,4.545273099626813
282024,10.57,11.010156,0.44015567779540987,4.164197519351086
195557,168.49,70.75936,-97.73063873291017,-58.00382143326617
197034,9.99,17.130648,7.140647659301758,71.47795454756513
273605,2.89,4.5540113,1.6640113449096678,57.57824722870822
215426,9.99,12.244497,2.2544972991943357,22.56754053247583
207228,19.99,24.813623,4.823623428344728,24.130182232840063
226154,69.99,89.70995,19.719953308105474,28.175386923996964
88795,3.89,9.916084,6.026084289550781,154.91219253343908
111809,3.99,15.0187,11.028699645996094,276.4085124309798
179112,19.99,22.070414,2.0804135894775406,10.407271583179293
123473,13.98,16.845707,2.865706939697265,20.4986190250162
149263,56.01,70.66412,14.654123535156252,26.16340570461748
232834,22.93,22.178032,-0.751968078613281,-3.279407233376716
174737,13.97,8.394606,-5.575394363403321,-39.909766380839805
25582,19.94,9.576333,-10.363666954040529,-51.97425754283114
290548,26.99,17.418531,-9.571468582153319,-35.46301808874887
222624,20.76,20.16618,-0.5938203430175797,-2.860406276577937
169068,16.99,7.6786547,-9.311345329284666,-54.804857735636645
74157,12.04,18.779873,6.73987289428711,55.97901074989294
45125,8.59,12.445564,3.8555642700195314,44.88433376041364
295324,12.155,17.12452,4.969519348144532,40.88456888642149
84809,12.99,21.461796,8.471795806884765,65.21782761266178
211129,11.99,14.615635,2.6256349182128904,21.898539768247627
32248,28.91,15.206696,-13.703304443359375,-47.3998770091988
41501,2.4400000000000004,5.2868166,2.846816596984863,116.67281135183862
169222,1.7,4.49631,2.796310234069824,164.48883729822495
22500,19.99,10.813907,-9.1760933303833,-45.903418361097046
48508,3.24,7.7508,4.510800132751465,139.22222631948964
74703,52.99,38.410828,-14.579172363281252,-27.513063527611344
244785,3.75,4.769982,1.019981861114502,27.199516296386715
266472,23.92,32.093754,8.173753814697264,34.17121159990495
15686,1.5,10.3812475,8.881247520446777,592.0831680297852
239508,2.22,5.775383,3.5553829956054686,160.1523871894355
16361,4.475,5.718333,1.2433327674865726,27.78397245780051
285206,16.99,16.86731,-0.12269042968749844,-0.7221331941583192
48771,2.4400000000000004,12.728549,10.288549003601073,421.66184440988
141333,5.615,8.118191,2.503190765380859,44.580423248100786
117603,19.99,7.554039,-12.435960998535155,-62.21091044789973
183784,3.79,4.283017,0.49301715850830075,13.00836829837205
103271,28.29,16.334473,-11.95552734375,-42.26061273860021
52162,4.99,12.271792,7.281792411804199,145.9277036433707
143474,49.99,21.968754,-28.021246185302736,-56.05370311122771
122195,7.23,12.205364,4.9753642272949214,68.8155494784913
267071,18.99,19.11967,0.12967086791992344,0.682837640441935
115456,29.88,21.783485,-8.096514587402343,-27.096769034144387
140975,15.645,15.509682,-0.13531829833984332,-0.8649299989763076
63695,1.34,8.280222,6.940221939086914,517.9270103796205
234142,4.145,5.819452,1.6744518089294438,40.39690733243532
208607,14.99,81.69473,66.70473266601563,444.99488102745585
296200,11.6,13.590488,1.990488433837891,17.159383050326646
125368,11.99,22.578856,10.588855514526367,88.31405766911064
171273,13.99,12.802481,-1.1875193023681643,-8.488343833939702
120335,32.99,33.68725,0.6972482299804668,2.1135138829356372
13457,35.82,27.111609,-8.708391494750977,-24.311534044530923
9081,45.0,32.646023,-12.35397720336914,-27.453282674153645
75156,26.09,11.605752,-14.484248008728027,-55.51647377818332
261893,7.03,6.884189,-0.14581087112426783,-2.0741233445841796
263370,14.489999999999998,8.367043,-6.122957458496092,-42.25643518630844
17875,11.96,15.230562,3.270562210083007,27.345837876948213
184784,1.59,2.7057972,1.1157971954345702,70.17592424116793
177847,10.38,3.6582408,-6.721759204864503,-64.75683241680638
63877,10.0,25.202526,15.202526092529297,152.02526092529297
291807,103.24,13.380249,-89.8597509765625,-87.0396658044968
51753,36.99,27.776047,-9.213953247070314,-24.909308588997874
42878,13.99,13.165896,-0.824103584289551,-5.890661789060407
275084,14.195,18.028542,3.833541564941406,27.006280837910573
104933,8.99,13.038915,4.048914680480957,45.03798309767471
65771,16.16,3.2176118,-12.942388210296631,-80.0890359548059
261667,14.54,14.782423,0.24242301940918054,1.6672834897467712
69271,116.42,106.353485,-10.066514892578127,-8.646722979366197
55663,1.99,2.2065017,0.21650172233581544,10.879483534463088
43639,19.99,10.773593,-9.216407051086424,-46.10508779933179
168787,7.85,20.800482,12.950481796264649,164.97429039827577
85928,24.325,14.641524,-9.683475685119628,-39.80873868497278
68047,40.74,17.588982,-23.151018371582033,-56.82626011679438
10593,17.99,17.377369,-0.6126310729980453,-3.4053978487940264
37241,160.7,32.785435,-127.9145652770996,-79.59836047112607
4205,15.294999999999998,9.548659,-5.746340675354002,-37.57005998923833
66994,9.99,16.980917,6.990916976928711,69.97914891820531
1951,26.09,19.54828,-6.541719284057617,-25.07366532793261
98319,4.09,7.171007,3.0810071563720705,75.33024832205551
122245,15.8,12.9197,-2.8803003311157234,-18.229748931112173
24126,10.605,13.876671,3.2716708374023433,30.85026720794289
275882,6.265000000000001,10.780377,4.515377388000488,72.07306285715063
210440,78.85,19.128107,-59.72189292907714,-75.74114512248211
293409,7.95,12.809406,4.859406280517578,61.124607302107904
250447,3.34,4.8428783,1.5028783416748048,44.9963575351738
31555,22.39,11.533361,-10.856638565063477,-48.48878322940365
153091,34.71,8.229809,-26.480191192626954,-76.28980464600102
161143,92.125,33.134033,-58.990966796875,-64.03361389077341
47654,22.18,21.495844,-0.6841561126708982,-3.084563177055447
218610,44.34,24.868778,-19.471221771240238,-43.913445582409196
97259,124.42,98.83663,-25.583368225097658,-20.56210273677677
117630,7.390000000000001,11.696935,4.3069347000122065,58.28057780801361
138393,54.7,60.81146,6.1114585876464815,11.172684803741282
293905,6.135,6.1423283,0.007328262329101776,0.11945007871396539
93119,21.95,20.24923,-1.7007705688476555,-7.748385279488181
190990,8.23,5.535603,-2.694396953582764,-32.73872361582945
146233,6.23,6.610547,0.38054706573486285,6.108299610511442
106569,20.59,24.198187,3.6081868743896486,17.523977049002664
10319,17.99,18.172604,0.18260360717773594,1.0150283889813003
61883,12.56,16.655582,4.095582427978515,32.608140350147416
72722,11.89,17.984255,6.094254837036132,51.25529719963106
64982,39.99,21.026684,-18.963316192626955,-47.42014551794687
284760,3.98,7.4762793,3.4962792587280274,87.84621253085496
241221,29.07,7.752035,-21.31796485900879,-73.33321244929064
81365,1.975,15.602798,13.627798461914063,690.0151119956488
218354,23.99,14.1456785,-9.844321479797362,-41.03510412587479
212461,4.16,6.5081515,2.3481515312194823,56.4459502696991
158842,2.14,4.9335394,2.7935393905639647,130.5392238581292
45892,2.74,12.100294,9.36029411315918,341.6165734729627
205092,36.95,21.291786,-15.658213806152347,-42.3767626688832
185273,3.94,7.66866,3.7286601638793946,94.63604476851255
87452,9.99,8.454911,-1.5350887680053713,-15.3662539339877
162660,31.99,29.217386,-2.7726137542724594,-8.667126459119912
195573,52.64,48.631035,-4.008965148925782,-7.615815252518582
67509,7.49,13.188211,5.698211441040039,76.07758933297782
271118,9.05,8.833559,-0.2164409637451179,-2.391612859062076
279289,5.82,7.1084766,1.288476638793945,22.138773862438917
133871,20.02,11.517432,-8.50256778717041,-42.470368567284766
219940,29.0,13.153925,-15.846075057983398,-54.641638130977235
69223,6.565,5.6662474,-0.8987526321411137,-13.690062941981928
134674,17.99,23.843525,5.85352493286133,32.53765943780617
154669,44.51,9.50939,-35.00061012268066,-78.6353855822976
167012,12.89,11.473564,-1.4164358520507818,-10.988641210634459
201353,4.38,4.3762383,-0.003761653900146378,-0.08588250913576205
164382,30.99,33.659466,2.6694657897949234,8.613958663423439
80935,3.6,5.600054,2.0000537872314452,55.557049645317925
85365,7.99,10.93739,2.947390327453613,36.888489705301794
279388,44.34,16.922585,-27.417415466308597,-61.834495864475855
61543,11.32,11.238433,-0.08156711578369169,-0.7205575599266051
108412,9.0,8.099301,-0.9006986618041992,-10.007762908935547
206848,149.49,80.89176,-68.59823822021485,-45.88817862078724
192119,2.665,5.6166263,2.951626262664795,110.7552068542137
188911,9.99,11.4411545,1.4511544799804685,14.526070870675362
209678,8.5,12.445879,3.9458789825439453,46.42210567698759
79353,3.775,5.0826745,1.307674503326416,34.64038419407725
269899,27.075000000000003,11.965477,-15.109523010253909,-55.80617916991286
187602,1.98,1.7553871,-0.22461293220520018,-11.344087485111121
152828,16.375,9.412796,-6.9622039794921875,-42.51727621063932
166206,9.49,25.491476,16.00147605895996,168.61407859810282
239712,5.63,6.0438313,0.41383134841918956,7.350468000340844
250339,19.79,9.233175,-10.556824722290038,-53.344238111622225
19620,21.99,19.521193,-2.4688074493408187,-11.226955203914594
264555,24.97,20.962866,-4.007134170532225,-16.047794034970867
165349,5.984999999999999,11.357479,5.372479095458985,89.76573258912256
4704,3.89,10.6979265,6.807926521301269,175.01096455787325
48262,32.49,18.685371,-13.80462860107422,-42.4888538044759
107940,2.99,12.099754,9.109754333496094,304.67405797645796
288167,8.54,17.354612,8.814612350463868,103.21560129348792
162855,7.49,33.31597,25.825971374511717,344.8060263619722
226213,46.99,12.475314,-34.51468585968018,-73.45112972904911
146438,86.43,60.96255,-25.467448883056647,-29.46598274101197
76160,20.05,10.44539,-9.604610252380372,-47.90329302932854
125677,18.99,32.924362,13.934362182617189,73.37736799693097
181357,3.82,7.0834093,3.263409309387207,85.42956307296355
202254,298.0,178.83084,-119.16915893554688,-39.98965064951238
10527,26.2,10.198863,-16.00113697052002,-61.07304187221382
241284,43.18,13.893834,-29.286165885925293,-67.8234504074231
75260,3.64,12.432264,8.79226432800293,241.54572329678373
163910,8.440000000000001,11.802564,3.362563667297362,39.840801745229406
113921,5.255,9.792739,4.537738914489746,86.3508832443339
85986,18.5,10.09984,-8.40015983581543,-45.40626938278611
126625,33.24,30.392506,-2.847494354248049,-8.566469176438172
176526,30.4,11.117519,-19.28248062133789,-63.42921257019043
249897,9.535,10.423592,0.8885916137695311,9.319261811951034
45845,14.685,4.218025,-10.46697479248047,-71.27664141968314
231764,329.0,64.24309,-264.7569122314453,-80.47322560226301
68621,32.02,20.879108,-11.140891571044925,-34.79354019689233
33735,0.55,8.461614,7.911613655090332,1438.475210016424
47679,42.51,8.871277,-33.63872314453125,-79.13131767709068
166004,48.52,18.663488,-29.85651161193848,-61.53444272864485
253774,5.095000000000001,16.339283,11.244282989501952,220.69250224733958
222213,7.99,6.0335617,-1.9564382934570315,-24.486086276057964
22714,11.29,15.946745,4.656744918823243,41.2466334705336
9490,26.99,27.770798,0.7807977294921891,2.8929148925238577
126282,2.245,10.708803,8.463803176879882,377.00682302360275
29271,1.97,3.244738,1.2747381019592285,64.70751786595069
168563,7.37,13.282646,5.912646179199219,80.22586403255386
187850,4.65,2.3942344,-2.255765581130982,-48.511087766257674
154838,39.99,11.314888,-28.67511199951172,-71.70570642538564
2999,12.88,8.312029,-4.5679711151123055,-35.46561424776635
17701,6.970000000000001,9.050436,2.0804360198974603,29.84843644042267
268034,19.99,20.108679,0.118678817749025,0.5936909342122312
108922,2.4450000000000003,9.114696,6.66969554901123,272.78918400863927
152235,19.75,19.658802,-0.09119796752929688,-0.4617618609078323
139897,7.49,11.04979,3.5597903823852537,47.527241420363865
201341,74.98,39.826527,-35.1534733581543,-46.883800157581085
43615,29.99,26.674908,-3.3150923156738266,-11.053992383040436
181320,8.99,9.840686,0.8506858444213865,9.46257891458717
19681,46.93,52.144764,5.214763946533203,11.111791916755175
153678,9.95,12.104627,2.154626655578614,21.654539252046373
7105,2.79,2.504818,-0.28518203735351566,-10.221578399767587
64171,29.99,12.194922,-17.79507755279541,-59.33670407734382
28140,3.69,3.8972244,0.2072244262695313,5.615838110285401
290153,8.9,9.859471,0.9594713211059567,10.780576641639962
19081,30.94,26.830904,-4.1090959930419935,-13.280853241893967
172829,3.12,3.8110394,0.6910394477844237,22.14870024950076
90317,4.48,5.0290036,0.5490036201477047,12.254545092582692
54521,9.225,11.837585,2.6125854492187504,28.32070947662602
287984,88.83,20.156286,-68.67371376037597,-77.30914528917705
253509,19.52,20.167503,0.6475033569335942,3.317127853143413
262543,2.045,6.1863,4.141299800872803,202.50854771994145
276460,5.0,7.1984625,2.19846248626709,43.9692497253418
10335,36.245000000000005,15.585573,-20.65942680358887,-56.99938420082458
21567,10.0,11.937602,1.9376020431518555,19.376020431518555
118202,14.14,11.844281,-2.2957188034057623,-16.235635101879506
136359,26.93,19.704699,-7.225301437377929,-26.82993478417352
31180,6.24,8.01814,1.778139839172363,28.495830755967354
263168,6.4,6.46365,0.06365022659301722,0.9945347905158941
44181,25.0,7.3652115,-17.634788513183594,-70.53915405273438
299327,9.43,9.709313,0.27931339263916044,2.9619659876899305
293906,5.98,8.055919,2.07591869354248,34.714359423787286
276749,3.12,9.013826,5.893826370239258,188.90469135382236
265875,19.39,13.68225,-5.707749977111817,-29.436565121773167
260572,7.89,9.100327,1.2103265380859378,15.34000681984712
172908,21.7,4.46439,-17.23561019897461,-79.42677511048207
250294,14.19,25.543692,11.353691635131836,80.01192131875854
1966,86.91,50.474857,-36.43514266967773,-41.92284279102259
191334,37.17,10.447606,-26.722393913269045,-71.89236995767835
227991,45.28,16.792475,-28.4875252532959,-62.91414587742027
212169,7.66,8.805159,1.1451586151123045,14.949851372223296
164974,9.44,17.011711,7.571711120605469,80.20880424370202
219978,7.245,5.313328,-1.9316722106933595,-26.662142314608133
84401,61.95,40.967804,-20.982196044921878,-33.869565851367035
184254,3.555,6.450703,2.895703144073486,81.45437817365642
166615,35.34,10.7712555,-24.56874450683594,-69.52106538436881
259459,5.44,5.5668564,0.12685638427734336,2.331918828627635
156432,6.0,10.586145,4.586145401000977,76.43575668334961
65575,44.99,78.58486,33.59486175537109,74.6718420879553
132800,11.99,13.832695,1.8426950073242185,15.368598893446359
125176,27.99,43.2766,15.286599884033205,54.614504766106485
105749,2.08,2.1002254,0.020225448608398366,0.9723773369422292
263114,4.005,17.88538,13.880379791259767,346.5762744384461
15873,27.49,17.886345,-9.60365509033203,-34.93508581423074
22352,6.75,7.888151,1.1381511688232422,16.861498797381365
257588,29.06,10.456469,-18.60353141784668,-64.0176580104841
31989,7.99,21.347298,13.357297668457031,167.17518984301665
18349,31.17,4.9156027,-26.254397315979006,-84.22969944170357
39350,7.8,9.725598,1.9255983352661135,24.68715814443735
125332,6.5,6.426307,-0.07369279861450195,-1.1337353633000302
252838,5.39,8.812598,3.42259822845459,63.499039488953436
242764,2.585,14.984356,12.399355926513671,479.66560644153463
157496,54.22,38.237087,-15.98291275024414,-29.47789146116588
60968,14.99,16.227749,1.2377488708496092,8.257163914940687
253586,34.0,25.434465,-8.565534591674805,-25.192748799043542
247986,9.74,10.101404,0.36140419006347635,3.710515298392981
239452,5.255000000000001,7.6623774,2.4073773574829094,45.81117711670616
197425,1.48,6.9514327,5.471432704925537,369.6913989814552
258542,62.51,51.860336,-10.64966369628906,-17.03673603629669
204359,16.99,10.412637,-6.577363243103026,-38.71314445616849
256109,35.29,35.422134,0.13213439941406335,0.3744244811959857
134589,4.79,6.692472,1.902471981048584,39.717577892454784
104795,8.98,11.291733,2.311732788085937,25.743126816101746
213536,14.99,14.554099,-0.43590091705322287,-2.907944743517164
107485,2.0,2.4264479,0.42644786834716797,21.3223934173584
233568,18.685,17.051104,-1.6338964080810534,-8.744428194172082
126917,16.9,9.307081,-7.592918777465819,-44.92851347612911
78702,14.99,10.611753,-4.378246536254883,-29.207782096430172
285402,8.6,8.608571,0.008571052551269887,0.09966340175895218
245407,19.99,22.176369,2.186368713378908,10.937312223006042
269048,1.52,10.8707905,9.350790481567383,615.1835843136437
201884,5.17,6.880596,1.710596160888672,33.086966361483015
31094,2.595,18.483744,15.888743667602538,612.282992971196
106083,33.51,23.178122,-10.331878433227537,-30.832224509780776
249030,46.69,13.471088,-33.21891159057617,-71.1478080757682
31968,4.6,15.331123,10.731123352050782,233.28529026197353
14421,8.98,9.005516,0.025516052246093324,0.28414312078054926
132052,34.85,8.711298,-26.1387020111084,-75.00344909930674
78697,104.99,47.080452,-57.909548034667964,-55.15720357621484
42652,218.49,33.04929,-185.44071029663087,-84.87377467922141
69675,6.955,31.718613,24.76361267089844,356.054819135851
218959,39.36,23.876995,-15.483004913330078,-39.336902726956495
96807,11.91,14.284435,2.3744352722167967,19.93648423355833
257436,12.99,11.67078,-1.3192198181152346,-10.155656798423669
283623,3.69,10.734617,7.044617233276368,190.91103613215088
90068,84.85,10.640664,-74.20933589935302,-87.45944124850091
232733,16.95,24.768127,7.818127441406251,46.12464567201328
96703,3.99,23.600498,19.61049819946289,491.491182943932
145489,24.29,30.443,6.153000793457032,25.331415370345955
60764,9.99,12.063976,2.0739762878417967,20.760523401819786
236984,1.48,2.0469189,0.5669188690185547,38.30532898774018
172208,34.49,16.50728,-17.982719650268557,-52.13893780883896
193501,35.0,19.653488,-15.346511840820312,-43.847176688058035
225140,8.99,9.638092,0.6480920410156248,7.2090327143006085
78431,5.655,7.7371197,2.082119674682617,36.819092390497204
169997,13.54,6.5337,-7.0063000106811515,-51.74519948804396
162206,1.96,5.592138,3.6321378135681153,185.3131537534753
44497,4.99,11.729324,6.739324340820312,135.05660001643912
119165,30.75,15.572046,-15.177953720092773,-49.3591990897326
226557,46.99,76.63604,29.646039733886717,63.090103711186885
29360,25.97,15.900198,-10.069802017211913,-38.774747852182955
47334,90.49,40.02951,-50.46048950195312,-55.76360868820104
183369,10.19,14.026531,3.8365312194824224,37.64996289972937
52956,36.45,18.49039,-17.959609222412112,-49.27190458823624
207420,2.84,11.43375,8.59375015258789,302.5968363587286
216817,27.5,25.147003,-2.352996826171875,-8.556352095170453
116215,23.36,28.601978,5.241978302001954,22.439975607885078
274428,9.45,10.982355,1.5323551177978523,16.215398071934946
116824,114.49,18.320995,-96.16900466918945,-83.99773313755739
162437,8.49,9.989557,1.4995572662353513,17.662629755422277
26476,9.62,5.740174,-3.879826183319091,-40.33083350643546
215532,6.7,13.173869,6.473869132995605,96.62491243277023
199627,5.79,18.305897,12.515896759033204,216.16402001784465
26698,9.86,22.972466,13.11246551513672,132.9864656707578
173308,12.98,16.073895,3.0938945007324214,23.83585901951018
58632,6.1,6.3969774,0.2969774246215824,4.868482370845613
59697,6.43,7.5564175,1.1264174652099612,17.518156535147142
31702,10.395,12.625983,2.2309832382202153,21.462080213758686
256400,1.665,2.1420226,0.4770226097106933,28.65000658923083
81832,10.0,17.791616,7.791616439819336,77.91616439819336
174646,13.74,9.552174,-4.187826385498047,-30.479085775094955
172273,3.48,9.148155,5.668155212402343,162.87802334489493
227668,29.99,49.45882,19.46882034301758,64.91770704574051
64710,42.39,20.96343,-21.426569595336915,-50.54628354644235
62161,10.99,12.235368,1.2453677749633787,11.331826887746848
13337,23.76,30.756887,6.996887435913084,29.448179444078637
2467,32.2,40.090538,7.890538024902341,24.50477647485199
71256,12.4,12.421415,0.021415328979491832,0.1727042659636438
266517,59.02,46.120655,-12.89934494018555,-21.85588773328626
129338,83.22999999999999,44.123737,-39.10626266479491,-46.98577756193069
285489,2.74,4.1934414,1.4534413909912107,53.045306240555135
230883,29.99,19.67625,-10.313749542236327,-34.390628683682316
271278,106.69,27.617289,-79.07271141052246,-74.11445441046251
261358,3.22,2.914994,-0.3050059986114504,-9.472235981722061
88941,6.84,14.155511,7.315510902404785,106.95191377784774
143636,5.135,12.009449,6.874449005126953,133.87437205700007
270474,7.88,19.111494,11.231494064331056,142.53165056257686
154881,9.33,9.970599,0.6405991744995116,6.866014732041926
22990,8.99,10.423082,1.43308235168457,15.940849295712681
161188,16.85,52.286385,35.43638458251953,210.30495301198533
102520,9.89,15.119221,5.229220733642578,52.87381934926771
22502,6.49,6.6244297,0.13442970275878885,2.0713359438950514
127514,9.98,9.185113,-0.7948870468139653,-7.9648000682762055
129660,12.27,17.123728,4.8537277984619145,39.55768376904576
121816,45.0,17.223806,-27.776193618774414,-61.72487470838759
284227,49.98,18.334963,-31.645037155151364,-63.31540047049092
287809,13.99,16.442572,2.4525716400146482,17.53089092219191
24391,2.44,4.180744,1.7407441711425782,71.34197422715485
61030,11.95,5.6385126,-6.311487388610839,-52.81579404695263
32452,11.995,13.051104,1.056103591918946,8.8045318209166
172228,27.91,27.55878,-0.3512193298339845,-1.2583996052812056
27176,1.28,4.2830253,3.00302526473999,234.61134880781168
284526,12.99,8.448311,-4.541689147949219,-34.96296495726882
97526,12.99,12.000619,-0.9893810653686526,-7.616482412383776
11186,21.875,12.604802,-9.270197868347168,-42.37804739815848
34351,12.215,20.01408,7.799080047607422,63.84838352523473
29833,40.185,26.66091,-13.524090347290041,-33.654573465945106
82795,15.19,12.351593,-2.8384069824218745,-18.686023584080807
82014,6.99,9.921739,2.9317386245727537,41.94189734724969
284864,9.44,12.296845,2.856845436096192,30.263193178985087
59842,10.99,10.815394,-0.17460559844970724,-1.5887679567762258
49465,10.485,13.024325,2.539325370788575,24.218649220682643
155875,8.97,10.436435,1.4664347457885736,16.348213442459013
49690,11.385,8.259847,-3.1251533126831053,-27.449743633580198
223175,13.95,14.5766325,0.6266324996948249,4.491989245124193
37523,12.09,11.737764,-0.35223564147949205,-2.9134461660834745
100024,7.1,5.340044,-1.7599559783935543,-24.788112371740205
223435,29.6,24.273108,-5.326892471313478,-17.99625834903202
101322,9.66,6.4745803,-3.1854197120666505,-32.97535933816408
58414,34.99,30.19868,-4.791319122314455,-13.693395605357118
189335,3.79,10.011208,6.221207580566406,164.14795727088142
188420,63.33,23.52297,-39.80702980041504,-62.85651318555983
159986,11.98,14.462384,2.482384223937988,20.721070316677697
221577,19.99,8.461429,-11.52857135772705,-57.671692634952734
63687,84.99,81.695244,-3.294756164550776,-3.8766397982712983
216185,7.48,13.550289,6.070289154052734,81.15359831621302
157996,17.91,12.215147,-5.694852981567383,-31.797057406853057
135516,17.99,22.470377,4.480376968383791,24.904819168336804
223086,14.88,11.257942,-3.6220578002929695,-24.341786292291463
264267,18.97,18.898981,-0.0710189056396473,-0.374374832048747
251283,109.99,66.15284,-43.837160339355464,-39.85558718006679
125035,1.98,7.626152,5.646152038574218,285.1591938673848
17634,23.5,18.021873,-5.478126525878906,-23.311176705867688
280899,23.85,22.961008,-0.8889919281005874,-3.7274294679269913
218060,13.95,6.2778163,-7.67218370437622,-54.997732647858214
150899,4.69,6.522228,1.8322277641296383,39.066690066730025
12355,17.5,17.024733,-0.4752674102783203,-2.715813773018973
67225,15.9,21.610462,5.710462188720703,35.91485653283461
155440,4.48,9.775214,5.295214195251464,118.19674542972018
79600,3.59,10.289894,6.699894104003906,186.62657671320076
187626,9.32,3.419899,-5.900101013183594,-63.30580486248492
60212,33.99,30.995064,-2.9949362182617207,-8.811227473556107
247803,49.99,43.185265,-6.804735412597658,-13.612193263848086
48990,1.94,1.9888098,0.04880982398986822,2.515970308756094
18329,19.12,14.457647,-4.662352676391603,-24.3846897300816
24581,3.49,7.9935293,4.503529319763183,129.04095472100812
90801,27.39,9.716716,-17.673284187316895,-64.52458629907592
113215,7.11,2.9502804,-4.159719572067261,-58.50519791937076
70986,30.94,13.332302,-17.607697906494142,-56.90917228989703
272831,25.0,15.981098,-9.018901824951172,-36.07560729980469
45616,38.54,12.317563,-26.2224369430542,-68.03953539972548
81681,3.87,5.7346535,1.8646534729003905,48.18226028166384
68638,8.74,29.358265,20.6182649230957,235.90692131688448
101329,21.380000000000003,12.208013,-9.17198741912842,-42.89984761051646
244861,10.93,13.650902,2.720901794433594,24.893886499849902
192669,35.065,27.4692,-7.595799865722654,-21.662055798439052
130262,3.87,16.466175,12.596175079345702,325.4825601898114
179085,13.96,5.5348396,-8.425160369873048,-60.35215164665506
279270,1.89,2.656218,0.7662180519104005,40.54063766721696
259268,10.735,10.408842,-0.32615791320800724,-3.0382665412948975
158441,110.01,86.327095,-23.682904968261724,-21.52795652055424
216890,11.89,9.024583,-2.8654171371459967,-24.09938719214463
103490,11.47,14.885566,3.415565757751464,29.778254208818346
280360,3.79,20.934189,17.14418884277344,452.3532676193519
220043,2.97,11.648786,8.678785591125488,292.2150030681982
99870,23.795,9.9268465,-13.868153495788576,-58.28179657822473
116509,3.56,4.89268,1.3326801681518554,37.43483618404088
220356,18.95,19.948969,0.9989688873291023,5.271603627066503
199424,12.2,5.5896907,-6.6103093147277825,-54.18286323547363
187080,2.685,3.168623,0.48362297058105463,18.01202869948062
225676,19.355,15.287266,-4.06773422241211,-21.016451678698576
273867,32.685,14.778044,-17.90695625305176,-54.78646551339072
30941,59.86,27.051907,-32.80809341430664,-54.80804111979057
200762,27.775,11.179572,-16.595427894592284,-59.749515372069425
95178,122.5,41.578266,-80.92173385620117,-66.05855824996014
230044,59.99,58.94447,-1.0455305480957051,-1.7428413870573514
223405,37.45,40.823338,3.373337554931638,9.007576915705307
254660,13.47,7.098583,-6.371416778564454,-47.30079271391576
126509,22.99,38.124355,15.134355316162111,65.830166664472
187700,4.355,9.783415,5.428414840698242,124.6478723466875
106789,1.89,2.8822086,0.9922085857391358,52.49780876926645
31807,9.25,10.905429,1.6554288864135742,17.89652850176837
10780,13.989999999999998,23.172716,9.182716140747072,65.63771365794906
37571,5.99,9.1095,3.119499931335449,52.078462960525016
283511,3.99,7.419421,3.4294211959838865,85.95040591438313
236977,9.99,4.925689,-5.064310779571533,-50.69380159731265
201502,25.49,8.141497,-17.348503341674803,-68.06003664839075
104154,29.34,17.96585,-11.374149169921875,-38.76669792066079
58161,5.99,5.080422,-0.9095780754089358,-15.184942828195922
74756,2.84,7.5440655,4.704065475463867,165.63610829098124
157289,63.01,45.79735,-17.212648162841795,-27.3173276667859
129721,34.99,22.633482,-12.356518020629885,-35.31442703809627
282856,2.19,7.5716677,5.381667671203614,245.73824982664902
146319,18.49,13.261247,-5.2287533187866195,-28.278817300089887
148383,141.62,78.86832,-62.75168334960938,-44.309902096885594
53157,12.99,11.495135,-1.4948646926879885,-11.507811337089981
106400,19.97,20.238466,0.26846626281738395,1.3443478358406808
266091,9.75,12.275093,2.5250930786132812,25.898390549879807
151868,15.81,10.261393,-5.548607406616211,-35.095556019077875
281873,7.77,12.689582,4.919581871032715,63.31508199527305
214924,17.98,30.650702,12.670701522827148,70.47108744620215
136972,11.99,11.491978,-0.4980223083496096,-4.153647275643116
107400,25.745,17.882824,-7.862176055908204,-30.538652382630428
238785,12.95,6.674827,-6.275172901153564,-48.456933599641424
30450,6.48,7.359166,0.8791661453247066,13.5673787858751
221388,15.99,19.035976,3.045976409912109,19.049258348418444
51505,28.41,20.179916,-8.230083618164063,-28.968967328982977
233138,12.99,14.799831,1.8098313903808592,13.932497231569355
276692,10.09,9.607877,-0.4821232223510741,-4.778228169980912
130891,10.19,10.222459,0.032458839416504404,0.31853620624636314
36786,6.745,3.852376,-2.8926240158081056,-42.88545612762202
277684,23.67,26.326458,2.65645797729492,11.222889637916857
104119,28.0,11.440897,-16.55910301208496,-59.13965361458915
71959,12.99,16.199469,3.2094686126708982,24.707225655665113
203223,8.99,10.484588,1.4945876693725584,16.625001884010658
124817,22.5,13.394477,-9.105523109436035,-40.46899159749349
95955,29.99,19.473507,-10.516493072509764,-35.06666579696487
248217,12.78,12.895437,0.11543724060058658,0.9032647934318199
107678,12.87,19.391747,6.5217465209960945,50.6740211421608
121153,58.99,26.580076,-32.409923782348635,-54.94138630674459
11687,12.99,18.71225,5.722249755859375,44.05119134610758
28702,34.77,18.864595,-15.905404586791995,-45.74462061199883
182478,9.59,5.0132957,-4.576704349517822,-47.723715844815665
66339,8.44,11.085674,2.6456742858886724,31.346851728538773
158911,13.58,5.1690693,-8.410930709838867,-61.936161339019634
233204,19.65,6.931357,-12.71864309310913,-64.72591904890143
161437,4.15,8.015339,3.8653388977050778,93.14069633024283
297671,25.91,11.16282,-14.747180137634277,-56.91694379634997
296066,13.1,18.706757,5.606756591796875,42.799668639670806
29054,34.78,20.437668,-14.342332153320314,-41.23729773812626
16236,25.99,20.090845,-5.899154891967772,-22.697787194951026
298452,18.965,7.9415817,-11.023418273925781,-58.1250634006105
65340,7.545,8.862619,1.3176194000244141,17.463477800191043
99657,83.26,14.450691,-68.80930877685547,-82.64389716172889
103342,4.79,5.9319744,1.1419744110107422,23.840801900015492
127079,37.945,20.60319,-17.34181053161621,-45.702491847716985
65160,7.64,7.1184645,-0.5215355300903317,-6.826381283904865
181659,8.99,16.05542,7.065419921875,78.59199023220245
59334,23.95,10.807371,-13.142628860473632,-54.87527707922185
64126,6.0,6.3722124,0.37221240997314453,6.203540166219076
61137,4.43,6.4120274,1.9820273590087893,44.74102390539028
62914,17.99,18.070675,0.08067489624023594,0.4484430030029791
239739,19.99,21.089783,1.0997827148437516,5.50166440642197
12917,5.99,10.560363,4.570362815856933,76.29988006438954
121903,26.99,19.67426,-7.315740814208983,-27.105375376839508
277048,4.335,6.2469153,1.911915340423584,44.10416010204346
189294,222.37,75.75201,-146.6179934692383,-65.93425078438561
197476,13.12,11.693805,-1.4261952590942375,-10.870390694315834
277293,7.29,10.280534,2.990533790588379,41.022411393530575
146810,117.49,75.49322,-41.996782531738276,-35.74498470656079
165217,0.84,8.620568,7.78056827545166,926.2581280299596
197257,1.69,4.9381537,3.2481537437438965,192.1984463753785
238010,24.68,28.48116,3.8011592102050784,15.401779619955747
54638,5.32,7.970228,2.6502281951904294,49.816319458466715
23947,32.88,13.218381,-19.661619071960452,-59.79811153272643
245272,1.67,23.112295,21.442295150756834,1283.9697695063974
258105,9.89,9.236519,-0.6534811401367193,-6.607493833536089
79742,8.99,10.926813,1.9368131256103513,21.54408371090491
162141,6.99,6.8903327,-0.09966730117797873,-1.4258555247207256
146878,97.46,57.312775,-40.14722534179687,-41.19354129057754
15131,27.94,19.653759,-8.286240997314454,-29.657269138562825
112825,12.74,20.843285,8.103284606933594,63.60505970905489
44376,8.42,8.99133,0.5713301467895509,6.785393667334333
253104,2.04,6.5692763,4.529276332855225,222.0233496497659
97846,29.04,22.943117,-6.096882858276366,-20.994775682769856
147041,53.01,55.736317,2.726316680908205,5.143023355797407
269684,36.44,15.55501,-20.884990158081052,-57.31336486849905
255037,7.98,9.746187,1.7661872100830074,22.13267180555147
44271,17.98,13.05046,-4.929540138244629,-27.41679720936946
46864,34.11,17.64709,-16.462909088134765,-48.26417205551089
242457,10.49,8.462529,-2.027470817565918,-19.327653170313805
285609,7.79,9.603257,1.8132571792602539,23.276728873687468
79757,7.58,8.721702,1.1417016220092773,15.062026675584134
139867,11.68,14.173882,2.493881530761719,21.35172543460376
160599,14.06,5.4291625,-8.630837497711182,-61.38575745171537
218880,5.42,26.90254,21.482540206909178,396.3568303857782
88428,2.59,3.4574351,0.8674351310729982,33.49170390243236
288352,27.56,12.079076,-15.480924186706542,-56.17171330445044
10808,97.43,10.711226,-86.71877353668214,-89.00623374390037
285307,5.795,6.3984413,0.6034413146972657,10.413137440850141
21516,62.95,54.460987,-8.48901290893555,-13.485326304901587
36624,7.86,7.7955055,-0.0644944763183597,-0.8205404111750596
68530,8.99,23.31936,14.329360733032226,159.39222172449638
246237,30.87,27.733925,-3.1360751342773447,-10.158973548031566
264695,89.99,74.14172,-15.848276367187495,-17.611152758292583
291472,7.34,5.5689573,-1.7710426712036131,-24.12864674664323
271373,6.99,9.520266,2.5302655792236326,36.198363079021924
141679,15.99,15.848455,-0.14154457092285178,-0.885206822531906
154824,3.98,10.738522,6.758521575927734,169.81209989768175
274473,7.815,7.693774,-0.12122577667236367,-1.5511935594672253
226580,7.48,12.586932,5.106932182312011,68.27449441593598
192426,12.41,17.575209,5.1652086639404295,41.62134298098653
71329,9.99,18.920313,8.930312881469726,89.3925213360333
72781,26.95,22.801743,-4.148257446289062,-15.39242095097982
225735,39.99,37.849422,-2.1405775451660176,-5.352782058429651
172748,4.98,8.219199,3.239199180603027,65.04416025307282
267319,46.88,13.204997,-33.6750029373169,-71.83234414956675
183067,4.45,11.375503,6.925502586364746,155.62927160370214
39720,3.46,3.3202877,-0.13971229553222653,-4.037927616538339
210827,24.99,21.941668,-3.048332443237303,-12.198209056571843
58879,16.165,22.658693,6.493693313598634,40.171316508497576
288388,25.86,21.738005,-4.121995315551757,-15.939657059364878
40862,9.99,30.379883,20.389882812499998,204.10293105605604
292714,63.065,17.5954,-45.469600143432615,-72.09958002605663
123004,12.72,11.251248,-1.4687516403198249,-11.546789625155855
21133,16.39,13.447787,-2.9422127151489263,-17.951267328547445
197268,22.99,27.532804,4.542804489135744,19.759915133256825
117122,5.96,5.9120007,-0.04799934387207028,-0.8053581186588973
252963,15.0,30.056658,15.056657791137695,100.37771860758464
254689,37.81,20.076012,-17.73398834228516,-46.90290489892927
42868,8.0,10.516336,2.516336441040039,31.45420551300049
290919,13.08,15.555878,2.475877685546875,18.928728482774275
146536,46.64,64.85493,18.21492706298828,39.05430330829391
230075,2.33,8.203181,5.873181266784668,252.06786552723895
86885,27.7,32.040436,4.340435791015626,15.669443288865075
24332,33.245000000000005,12.436435,-20.80856525421143,-62.59156340565928
73939,50.44,30.208858,-20.231141510009763,-40.10932099526123
193390,11.99,9.439414,-2.550585975646973,-21.272610305646143
94342,5.09,6.9360366,1.8460365867614748,36.26790936663015
211578,92.99,55.13495,-37.855051269531245,-40.70873348696768
233003,14.95,11.4208975,-3.5291025161743157,-23.606036897487062
239685,1.79,1.838455,0.04845496177673336,2.7069811048454393
121336,5.32,13.392854,8.072853736877441,151.74537099393686
285606,5.84,14.0993805,8.259380493164063,141.42774817061752
8990,2.38,2.7148952,0.33489524841308604,14.071228924919582
31043,32.46,14.645411,-17.814589462280274,-54.88166809082031
285190,7.74,5.030488,-2.709511985778809,-35.00661480334378
158235,3.2,7.280902,4.0809019088745115,127.52818465232846
275766,5.63,4.028543,-1.601457004547119,-28.44506224772858
298660,15.14,10.478965,-4.661035194396973,-30.78622981768146
196446,54.65,54.211426,-0.4385742187499986,-0.8025145814272618
149480,18.55,19.391388,0.8413879394531243,4.535784040178568
203575,17.84,13.213476,-4.626523818969726,-25.933429478529856
54045,6.165,8.296002,2.1310023880004882,34.56613768046209
133633,48.5,45.339268,-3.1607322692871094,-6.516973751107442
22328,5.44,4.6067653,-0.8332347297668461,-15.316814885419964
85051,4.609999999999999,26.975412,22.365412368774415,485.14994292352316
298185,10.04,12.250242,2.210242233276368,22.0143648732706
14583,5.84,7.267559,1.427559051513672,24.44450430674096
206516,17.95,18.241652,0.2916515350341804,1.6247996380734284
291312,6.09,10.780226,4.69022575378418,77.0152012115629
297951,1.74,6.7985654,5.05856538772583,290.7221487198753
177205,8.77,7.8284187,-0.9415812683105464,-10.736388464202355
43590,0.66,2.6371665,1.9771665000915526,299.5706818320534
196996,35.4,10.953314,-24.44668617248535,-69.05843551549535
151371,5.95,17.15175,11.201750564575196,188.26471537101168
131967,13.69,13.411726,-0.2782740020751948,-2.0326808040554774
261703,16.745,20.108065,3.363064651489257,20.083993141172034
152230,26.5,27.067287,0.5672874450683594,2.1407073398806014
278620,3.79,14.965149,11.17514892578125,294.8588107066293
107027,30.99,32.151688,1.161687622070314,3.7485886481778445
588,5.99,7.2082405,1.218240509033203,20.337904992207058
148774,42.11,32.5487,-9.56130157470703,-22.705536867031658
293433,19.83,14.028527,-5.801472740173338,-29.25604004121704
264611,2.85,4.0357866,1.1857866287231444,41.60654837625068
227008,6.49,6.6700673,0.18006731033325174,2.774534827939164
246145,22.99,41.91565,18.9256494140625,82.32122407160723
55106,8.99,13.99192,5.001920471191406,55.63871491870307
216923,8.97,9.279129,0.30912902832031186,3.4462544963245465
170756,18.0,12.563874,-5.436125755310059,-30.200698640611435
58077,29.99,16.739738,-13.25026153564453,-44.18226587410647
126139,16.78,4.2149725,-12.565027503967286,-74.880974397898
144488,20.98,20.037241,-0.9427590179443364,-4.493608283814758
85533,9.49,16.52912,7.039119491577148,74.17407261935878
145275,57.63,52.568264,-5.061735992431643,-8.783161534672294
30231,6.43,13.835326,7.405326194763184,115.1683700585254
273843,6.75,14.443984,7.693984031677246,113.98494861744068
279091,11.965,13.375055,1.4100553131103517,11.784833373258268
23147,39.0,19.043526,-19.95647430419922,-51.17044693384415
55172,18.1,10.866427,-7.233572578430177,-39.96448938359214
66258,18.68,23.315226,4.635225601196289,24.813841548160006
228797,35.88,18.273745,-17.60625541687012,-49.0698311506971
86768,71.23,33.38035,-37.8496517944336,-53.137234022790395
163667,14.99,16.68488,1.6948793029785154,11.306733175306974
199977,8.99,5.7502627,-3.2397372627258303,-36.03712194355762
47875,6.105,11.33634,5.231339950561523,85.68943407963182
110906,6.73,6.319674,-0.4103259849548344,-6.096968572880154
236193,42.495,34.856018,-7.638981933593747,-17.976189983748085
14913,4.59,5.361804,0.7718040084838869,16.81490214561845
239714,5.46,6.3443155,0.8843155288696289,16.19625510750236
191259,32.0,10.345115,-21.654885292053223,-67.67151653766632
163085,7.61,23.040829,15.430828704833985,202.77041662068308
182729,18.99,16.187588,-2.802412261962889,-14.75730522360658
198529,17.99,36.327774,18.337774047851564,101.93315201696255
226013,5.99,14.158153,8.16815258026123,136.36314825143955
284627,6.81,9.138334,2.3283342742919926,34.1899306063435
201042,259.99,49.611248,-210.3787519836426,-80.91801684051025
39805,14.665,45.552334,30.88733383178711,210.61939196581733
26933,15.9,19.264374,3.3643737792968746,21.159583517590406
35065,12.19,12.915665,0.725664672851563,5.952950556616596
171567,34.22,13.072002,-21.147997589111327,-61.80010984544514
243750,19.99,18.23727,-1.752729644775389,-8.768032239996945
278366,2.49,8.2716875,5.781687507629394,232.1962854469636
234682,15.99,18.572474,2.5824735260009763,16.150553633527057
47809,18.0,7.6932,-10.30679988861084,-57.25999938117133
210252,16.81,13.826836,-2.98316436767578,-17.74636744601892
178840,28.99,27.2959,-1.6940996551513656,-5.843738030877426
21111,54.27,54.960884,0.6908840942382781,1.2730497406270096
231756,18.79,16.000584,-2.7894163513183585,-14.845217409890147
218966,39.36,24.999943,-14.360057220458984,-36.48388521458075
42897,28.48,15.469059,-13.010941009521485,-45.684483881746786
117645,25.99,14.31848,-11.671520462036131,-44.90773552149339
43939,5.99,8.775025,2.785025367736816,46.49458042966304
188517,13.59,22.021046,8.431045684814453,62.03859959392533
169796,39.99,20.427643,-19.562357177734377,-48.91812247495468
182870,3.855,7.642481,3.7874808502197266,98.24853048559602
83032,21.88,9.67395,-12.206049804687499,-55.78633365944927
162213,6.69,15.860294,9.170294342041014,137.0746538421676
174902,18.99,13.642067,-5.347933044433592,-28.161838043357516
119108,38.99,41.36567,2.3756692504882793,6.093021929951985
217656,3.73,4.8799067,1.1499066543579102,30.828596631579362
142422,83.74,55.050537,-28.689462890624995,-34.26016585935634
254058,1.98,2.129518,0.14951803207397463,7.5514157613118496
281934,3.57,4.533271,0.963270835876465,26.982376355083055
4797,41.74,14.431882,-27.30811809539795,-65.42433659654516
233049,19.99,25.889668,5.89966751098633,29.513094101982638
241173,12.99,10.979002,-2.010998001098633,-15.481123949950984
39343,5.824999999999999,24.252316,18.427315521240235,316.3487643131371
118666,17.5,5.3561044,-12.143895626068115,-69.39368929181781
124857,12.175,4.937715,-7.237284946441651,-59.44381886194374
54679,54.2,29.615192,-24.584807586669925,-45.35942359164192
172938,5.66,3.123969,-2.5360309219360353,-44.80620003420557
103074,37.48,14.373849,-23.1061510848999,-61.64928251040529
129601,48.36,33.842304,-14.517695770263671,-30.020049152737123
222362,5.74,11.803149,6.0631492233276365,105.62977740988913
248831,41.99,31.29052,-10.699480285644533,-25.481019970575215
18116,37.63,43.150608,5.520608062744138,14.670762856083277
70212,10.47,11.254077,0.7840769577026361,7.4887961576183
211149,122.94,18.226372,-104.71362823486328,-85.17457966069895
260035,11.5,10.7593,-0.7406997680664062,-6.440867548403532
160341,54.98,47.04352,-7.936478118896481,-14.435209383223865
57092,12.77,8.850119,-3.9198813629150386,-30.696016937470937
155751,6.275,17.702978,11.427978134155273,182.11917345267366
34444,6.49,5.616191,-0.8738090896606447,-13.463930503245681
53395,24.99,10.662671,-14.327328910827635,-57.33224854272764
72186,58.95,32.315426,-26.63457412719727,-45.18163549991054
66977,11.54,10.465888,-1.0741119766235343,-9.3077294334795
179245,16.99,15.188629,-1.8013708496093734,-10.602535901173477
188143,118.87,148.81688,29.946879272460933,25.19296649487754
176174,35.99,26.727697,-9.262302627563479,-25.735767234130254
228657,30.37,32.119354,1.749354248046874,5.760139111119111
243858,14.99,11.7873535,-3.202646484375,-21.365220042528353
178885,1.36,31.273315,29.9133154296875,2199.5084874770223
98024,2.99,10.192686,7.202686080932617,240.89251106798048
226663,37.74,31.436768,-6.303232421875002,-16.701728727808696
125547,24.57,41.43588,16.86587875366211,68.64419517159995
200465,10.8,10.659218,-0.14078216552734446,-1.3035385696976338
112379,34.99,30.488792,-4.501207580566408,-12.864268592644779
281224,42.09,15.331923,-26.758077468872074,-63.57347937484455
151484,12.99,15.668972,2.678972015380859,20.623341149968123
240844,10.69,15.180508,4.49050765991211,42.00661983079617
65659,16.115,20.320173,4.205173263549806,26.094776689728867
83482,7.62,9.496664,1.8766640472412108,24.62813710290303
157393,148.89,110.45422,-38.435776367187486,-25.814881031088383
57877,33.81,20.820621,-12.989378509521487,-38.41874744017002
194353,55.995000000000005,32.042076,-23.95292388916016,-42.776897739369865
31738,3.39,4.682686,1.2926858520507811,38.13232601919708
205578,12.99,20.055054,7.0650537109375,54.38840424124326
284134,11.63,9.472946,-2.1570538330078133,-18.54732444546701
216559,6.14,6.432241,0.29224096298217805,4.759624804270001
204799,3.28,8.763291,5.4832913589477545,167.1735170410901
283386,5.24,6.5146847,1.2746846771240232,24.326043456565326
119793,7.26,15.132416,7.872415771484375,108.43547894606577
28097,6.49,13.100603,6.610603103637695,101.85829127330808
241016,33.54,13.279026,-20.26097396850586,-60.408389888210664
96644,3.62,4.2620587,0.6420587348937987,17.73642914071267
90307,11.985,8.091551,-3.8934491729736322,-32.486017296400775
119908,18.89,12.628449,-6.261550559997559,-33.14743546848893
293927,17.45,12.787086,-4.6629144668579094,-26.721572875976555
270312,17.67,6.4607162,-11.209283752441408,-63.43680674839506
83223,1.49,7.9066916,6.416691551208496,430.6504396784225
123005,16.06,8.50869,-7.551310119628905,-47.019365626580985
150396,24.49,12.796506,-11.693494071960448,-47.74803622686994
232019,9.37,14.436324,5.066324119567872,54.06962774352052
63370,12.89,16.619577,3.7295774078369135,28.933882139929505
69392,8.17,12.830692,4.660692291259766,57.046417273681335
55731,10.99,11.955209,0.9652087783813474,8.782609448419903
61017,39.99,18.571032,-21.41896842956543,-53.56081127673276
211273,8.19,9.185951,0.9959512329101567,12.160576714409729
298766,12.2,11.597225,-0.6027748107910149,-4.94077713763127
102505,5.97,12.057089,6.087088851928711,101.96128730198846
259186,2.99,3.1672134,0.17721343994140604,5.926870901050369
120410,2.5,5.067031,2.567030906677246,102.68123626708984
200745,19.99,38.64444,18.654439697265627,93.31885791528578
221247,37.98,21.295235,-16.684765319824216,-43.93039841975834
106179,25.98,26.134378,0.15437843322753864,0.5942202972576545
148130,16.98,22.39002,5.410020370483398,31.861132923930498
154950,12.39,8.872239,-3.5177608871459967,-28.39193613515736
108868,6.04,10.725833,4.685832939147949,77.5800155488071
20629,5.13,5.1677303,0.037730331420898544,0.7354840432923693
3493,5.22,57.306072,52.08607223510742,997.8174757683415
162308,15.83,8.283389,-7.546610908508301,-47.67284212576312
46133,47.95,12.872008,-35.07799167633057,-73.15535281820765
238816,11.95,15.924326,3.9743259429931648,33.257957681951176
7483,1.47,5.602373,4.132373123168946,281.1138179026494
203757,11.98,13.278219,1.2982192230224605,10.836554449269286
269888,8.99,23.339691,14.349691162109375,159.618366653052
164253,0.44,12.068743,11.628742752075196,2642.89608001709
7892,35.99,15.615383,-20.374616851806643,-56.61188344486424
121287,10.77,10.872132,0.10213230133056683,0.9483036335242975
50455,18.99,37.858204,18.868203887939455,99.35863026824359
276843,28.59,18.6258,-9.964200820922851,-34.8520490413531
136849,6.995,4.8975687,-2.097431297302246,-29.984721905679002
200904,5.54,8.831018,3.2910184478759765,59.4046651241151
44661,37.06,23.073595,-13.986404953002932,-37.739894638432084
205340,56.99,15.550192,-41.43980812072754,-72.71417462840417
214192,84.95,47.432163,-37.51783676147461,-44.16461066683297
64903,11.99,16.226065,4.236064682006836,35.3299806672797
129316,14.68,9.392696,-5.287303619384765,-36.01705462796162
232921,14.0,33.49736,19.497360229492188,139.26685878208704
135739,1.38,10.230615,8.850614662170411,641.3488885630733
39165,17.884999999999998,5.44755,-12.437450180053709,-69.54123667908141
96121,33.99,10.73473,-23.2552702331543,-68.41797656120711
148270,21.99,28.235888,6.245887527465822,28.40330844686595
155008,8.35,10.159948,1.8099483489990238,21.676028131724838
126469,16.98,21.407623,4.427623291015625,26.075519970645612
223104,16.99,20.4864,3.4964006042480484,20.579167770736014
151047,21.74,40.98906,19.24905944824219,88.542131776643
221278,10.185,15.343786,5.158786239624023,50.650822185802866
298440,9.595,10.283049,0.6880486297607415,7.170908074629927
249575,1.115,4.322845,3.2078449821472166,287.69910153786697
259548,5.49,11.317261,5.8272607421875,106.14318291780509
207005,8.08,8.3651085,0.2851084899902343,3.5285704206712167
976,53.72,22.176065,-31.54393455505371,-58.71916335639187
8756,12.99,31.974182,18.984182128906248,146.14458913707657
140315,1.59,4.6355333,3.045533332824707,191.54297690721427
244442,50.89,28.00889,-22.88110984802246,-44.961897913190136
5164,86.91,51.674316,-35.23568359375,-40.54272649148544
136486,22.345,18.194847,-4.150152893066405,-18.573071797119738
68824,51.99,29.046501,-22.943498840332033,-44.130599808293965
52704,45.99,36.66217,-9.327829589843752,-20.282299608270822
166038,17.39,14.20395,-3.186050071716309,-18.32116199951874
138558,55.93,17.542208,-38.38779228210449,-68.63542335437957
160496,6.95,9.621801,2.6718013763427733,38.44318527111904
59243,9.85,6.9508014,-2.8991986274719235,-29.433488603775874
273321,3.05,9.278478,6.228477668762207,204.21238258236744
185205,30.0,22.552841,-7.4471588134765625,-24.823862711588543
144992,59.2,71.27405,12.074047851562497,20.395351100612324
262999,10.485,9.90171,-0.5832904434204096,-5.563094357848446
240185,6.79,6.6526303,-0.13736967086791996,-2.0231173912801172
154275,8.82,7.6158752,-1.2041247558593753,-13.652208116319448
134925,385.0,215.2725,-169.7274932861328,-44.085063191203325
174481,5.0,22.32274,17.32274055480957,346.4548110961914
146171,2.99,12.9469595,9.956959495544433,333.00867878075024
264226,13.48,18.235735,4.755734939575195,35.279932786166135
143672,29.41,41.856285,12.446285095214844,42.31990851824156
91167,28.84,31.896976,3.0569764709472658,10.599779718957231
163551,3.18,8.592709,5.412708587646485,170.21096187567562
186289,38.815,13.364462,-25.450538101196287,-65.56882159267367
161617,111.09,103.9702,-7.119800415039066,-6.409038090772406
79420,1.84,7.402815,5.562814865112305,302.32689484306
240244,24.89,17.443504,-7.446495666503907,-29.917620194873066
28189,14.99,12.95993,-2.030069580078125,-13.542825751021514
23722,47.52,12.690388,-34.829612274169925,-73.29463862409496
258275,16.99,16.476793,-0.5132067108154281,-3.0206398517682644
149550,35.63,32.00589,-3.6241101074218776,-10.171513071630304
240666,71.99,51.38505,-20.604948272705073,-28.621958984171513
147787,52.61,49.799873,-2.810126647949218,-5.341430617656754
150707,29.99,23.786343,-6.203657379150389,-20.685753181561818
129974,10.39,6.3450627,-4.044937267303467,-38.93106128299776
70247,7.390000000000001,6.278134,-1.111866130828858,-15.045549808238942
217673,14.99,19.352259,4.362258682250976,29.101125298538864
214206,17.01,6.5835085,-10.426491508483888,-61.29624637556665
104760,14.54,13.868215,-0.6717853927612296,-4.620257171672831
66662,31.99,20.427805,-11.562195053100584,-36.143154276650776
238091,24.415,20.629694,-3.7853060150146476,-15.504018083205601
181210,11.23,14.531876,3.301875610351562,29.402276138482296
163511,14.52,7.6926155,-6.8273844909667964,-47.02055434550135
94178,13.989999999999998,24.13718,10.147180328369142,72.53166782250996
35664,8.99,13.789755,4.799754867553711,53.38993178591447
144009,81.92,76.1214,-5.798601074218752,-7.078370451927187
72421,32.99,17.775938,-15.214061965942385,-46.11719298557861
150344,7.98,5.0546594,-2.9253406333923344,-36.65840392722223
135715,18.69,15.130297,-3.559703292846681,-19.046031529409742
7210,94.15,16.178125,-77.97187461853028,-82.81664855924618
41431,2.765,6.9111547,4.146154747009277,149.9513470889431
271676,13.65,12.980578,-0.6694215774536136,-4.904187380612554
72139,70.99,36.775993,-34.214006652832026,-48.19552986735037
281295,9.99,12.834142,2.844141731262207,28.46988719982189
117375,13.5,16.81078,3.310779571533203,24.524293122468173
130396,12.96,8.789612,-4.170388183593751,-32.178921169704864
143448,35.99,32.724064,-3.2659361267089864,-9.074565509055255
108131,11.04,11.21674,0.17673965454101648,1.60090266794399
133794,13.42,7.999153,-5.420846862792969,-40.39379182409068
158800,6.96,6.7440114,-0.215988597869873,-3.103284452153348
157875,18.49,8.98412,-9.505879631042479,-51.41092282878572
122736,28.345,30.913036,2.568036346435548,9.059927135069847
91129,56.47,20.598776,-35.87122413635254,-63.5226211020941
32139,42.0,35.5832,-6.416801452636719,-15.27809869675409
297578,5.94,15.983568,10.043568191528319,169.08363958801883
267765,11.895,15.605177,3.71017692565918,31.191062847071716
211106,6.12,18.196499,12.076498870849608,197.32841292237921
171276,26.14,12.802481,-13.337519302368165,-51.02340972596849
276208,4.19,4.6736016,0.4836016273498531,11.541804948683843
233252,54.28,11.232187,-43.04781272888184,-79.30695049536078
149169,1.38,8.42968,7.049679870605469,510.8463674351789
219410,171.99,159.94218,-12.047815551757822,-7.0049511900446655
9411,2.485,31.90913,29.424130096435547,1184.0696215869436
123067,40.46,28.682915,-11.777085266113282,-29.107971493112412
192784,30.3,21.94006,-8.359940338134766,-27.590562172061933
288027,9.615,7.88655,-1.7284500503540041,-17.97659958766515
158474,6.37,7.958246,1.5882462310791015,24.933221837976475
110285,18.99,23.91607,4.926070938110353,25.940341959506863
101289,114.98,147.47424,32.494243164062496,28.26077853893068
157115,88.93,34.49757,-54.43242996215821,-61.208174926524464
82886,5.74,40.623806,34.88380599975586,607.7318118424365
39908,18.99,9.352693,-9.637307395935057,-50.749380705292566
225715,37.99,31.230686,-6.759313812255861,-17.792350124390264
94368,11.99,10.394948,-1.5950519943237307,-13.303185940981907
140592,10.49,27.630482,17.1404817199707,163.3983004763651
125992,7.85,11.647,3.797000312805176,48.36943073637167
241959,21.27,23.620623,2.3506226348876957,11.051352303186158
292903,3.39,9.427364,6.037364349365234,178.09334363909244
40709,19.42,14.362736,-5.057264251708986,-26.04152549798654
266069,23.92,15.78841,-8.131589813232424,-33.994940690770996
167184,2.08,1.8472784,-0.23272164344787605,-11.188540550378656
30828,2.485,8.807452,6.322452201843262,254.4246358890649
194290,5.49,6.634445,1.1444451904296873,20.84599618269011
128063,5.91,17.084152,11.174152221679687,189.07194960540926
72947,12.99,17.735273,4.7452733612060545,36.53020293461166
155796,6.995,12.259806,5.264805679321289,75.26527061216997
292498,8.545,13.26996,4.724960403442383,55.29503105257324
167015,3.82,23.359726,19.539725952148437,511.511150579802
74979,23.99,22.901703,-1.0882971191406234,-4.536461522053453
91389,1.48,1.9964781,0.5164780807495117,34.897167618210254
207212,79.99,43.92849,-36.0615103149414,-45.08252320907789
143562,17.97,18.524021,0.5540211486816418,3.08303365988671
150882,31.67,19.84105,-11.828950805664064,-37.3506498442187
277503,11.97,10.193044,-1.776956291198731,-14.845081797817302
145752,8.49,10.151945,1.661945114135742,19.57532525483795
264369,7.6,9.557203,1.95720329284668,25.75267490587737
253237,6.99,6.659967,-0.33003305435180685,-4.721502923487938
69038,34.95,24.35416,-10.595839691162112,-30.31713788601462
81312,3.265,2.9250631,-0.33993686676025403,-10.411542626654029
132789,8.76,10.240418,1.4804184341430666,16.89975381441857
125689,13.99,13.799963,-0.19003700256347678,-1.358377430761092
225153,13.99,12.751139,-1.2388613128662112,-8.85533461662767
209690,33.0,33.213432,0.21343231201171875,0.6467645818536932
293708,15.32,13.719441,-1.6005585861206058,-10.447510353267662
50624,28.75,40.838554,12.088554382324219,42.04714567764945
235868,173.98,55.621613,-118.35838745117186,-68.02988128013098
281626,4.25,5.3516383,1.1016383171081543,25.920901579015393
43446,23.69,20.88998,-2.800019683837892,-11.819416141147707
282802,11.215,12.022148,0.8071481323242189,7.197040858887373
267968,8.34,9.384097,1.0440970993041994,12.51914987175299
82498,29.92,21.048342,-8.871658248901369,-29.651264200873555
16762,26.475,17.157179,-9.317821121215822,-35.19479177040915
224368,3.14,17.412016,14.272015914916992,454.52279983812076
254418,14.825,18.106739,3.281739044189454,22.136519690991257
93035,32.99,33.371323,0.3813226318359355,1.1558733914396346
202321,7.99,8.476398,0.4863984680175779,6.087590338142402
241103,140.0,133.86714,-6.1328582763671875,-4.380613054547991
247492,69.98,37.86461,-32.11539123535157,-45.89224240547522
154098,0.97,5.657726,4.687725811004639,483.2707021654267
106088,39.47,27.023985,-12.446015090942382,-31.5328479628639
47210,4.115,5.0414314,0.9264314270019529,22.513521919853048
110534,4.08,5.1395907,1.0595907402038574,25.97036127950631
153846,33.93,9.588228,-24.341771774291992,-71.7411487600707
229625,23.77,23.989937,0.21993682861328168,0.9252706294206212
277012,18.99,16.581718,-2.4082815551757797,-12.681840732889837
56340,29.96,14.663225,-15.296774826049806,-51.05732585463887
115807,17.99,15.279537,-2.710462799072264,-15.066496937589019
235418,47.59,33.686928,-13.903072204589847,-29.214272335763493
48514,7.03,11.217797,4.18779727935791,59.570373817324466
281475,5.09,8.953386,3.8633863067626955,75.90149915054411
191025,7.71,8.453403,0.7434034729003907,9.642068390407141
219845,112.97,86.05589,-26.91410705566406,-23.82411884187312
196908,8.48,8.99462,0.5146203231811519,6.0686358865701875
256084,40.48,17.947638,-22.5323624420166,-55.66295069668132
88751,6.99,14.396385,7.4063851928710935,105.9568697120328
52444,18.99,17.725811,-1.2641889953613266,-6.657130044030156
77752,16.59,16.058079,-0.5319212341308592,-3.20627627565316
104860,15.99,26.605259,10.61525894165039,66.38686017292301
13257,39.95,29.059742,-10.89025802612305,-27.259719714951313
250000,5.475,9.913602,4.438601875305176,81.07035388685254
12944,7.12,4.628754,-2.491245861053467,-34.9894081608633
111273,4.99,6.5275846,1.5375845527648924,30.813317690679202
109113,12.99,13.352091,0.36209083557128885,2.7874583184856725
139261,21.49,37.620365,16.130365142822267,75.059865718112
282223,3.19,14.729415,11.539414939880372,361.7371454507953
130253,74.99,50.96201,-24.027990570068354,-32.04159297248747
158364,1.48,6.7571015,5.277101535797119,356.5609145808864
224436,14.87,8.27959,-6.5904103469848625,-44.320177182144334
174887,11.24,9.917516,-1.3224842453002932,-11.765874068507946
276070,3.5900000000000003,6.4755697,2.885569725036621,80.3779867698223
223876,3.19,8.258717,5.068716583251954,158.89393677905812
200334,26.39,43.003044,16.613044128417968,62.952042926934325
54329,26.855,22.69533,-4.159670333862305,-15.489370075823143
72165,18.88,13.487863,-5.392137413024901,-28.56004985712342
171092,33.2,24.535835,-8.664164733886722,-26.096881728574463
212296,22.99,17.927067,-5.062933197021483,-22.02232795572633
66121,14.2,16.734901,2.534901428222657,17.851418508610262
82652,2.29,6.03742,3.74741979598999,163.64278585109128
200330,45.28,20.981771,-24.29822853088379,-53.66216548340059
61860,7.56,9.161389,1.6013893508911137,21.18239882131103
142166,57.7,75.10136,17.401356506347653,30.158330166980335
251059,9.28,8.350102,-0.9298975753784173,-10.02044801054329
214903,52.98,33.46259,-19.51741073608398,-36.83920486237067
284503,4.640000000000001,11.066701,6.426700935363769,138.50648567594328
234023,8.26,10.64432,2.384319534301758,28.865853926171404
292150,39.35,31.719463,-7.6305366516113295,-19.39145273598813
201251,9.99,22.558355,12.568355331420898,125.80936267688587
217014,2.64,10.153692,7.513692245483398,284.609554753159
198389,3.99,7.0239525,3.033952484130859,76.03890937671326
194519,5.46,5.673506,0.21350578308105472,3.9103623274918444
39237,5.75,10.465896,4.715895652770996,82.01557656993037
43463,5.45,4.9955544,-0.4544455528259279,-8.338450510567483
260971,2.29,3.163589,0.8735890007019043,38.14799129702639
224621,56.99,23.89693,-33.093069305419924,-58.068203729461175
10653,3.655,8.108565,4.453565330505372,121.84857265404574
193490,9.29,14.255685,4.9656848526000985,53.4519359806254
202374,19.99,20.350338,0.36033798217773594,1.8025912064919258
288034,4.765,5.016555,0.2515548324584964,5.279219988635812
192058,190.98,93.89894,-97.08105895996093,-50.83310239813642
163987,3.99,17.764044,13.774043807983398,345.2141305258997
279035,39.305,8.905247,-30.39975326538086,-77.34322163943737
258997,5.94,5.8568835,-0.08311647415161172,-1.3992672416096248
43473,5.09,12.031965,6.941965255737305,136.38438616379773
43119,33.42,20.47219,-12.947809143066408,-38.74269641851109
149962,15.32,17.024586,1.7045857238769528,11.12653866760413
149330,26.09,19.581623,-6.508376922607422,-24.94586785207904
275823,5.33,5.0126433,-0.3173566627502442,-5.954158775801955
106366,41.95,19.194946,-22.755053710937503,-54.243274638706794
217771,4.79,4.3419952,-0.44800476074218754,-9.352917760797235
56475,14.99,34.786293,19.796293029785154,132.06332908462412
6515,21.725,12.928397,-8.796602821350099,-40.49069192796363
123373,15.74,12.415388,-3.3246118927001955,-21.122057768107975
231574,8.27,19.16866,10.898659210205079,131.78548017176638
242822,31.5,29.719845,-1.7801551818847656,-5.6512862916976685
275520,7.29,8.771921,1.481921157836914,20.32813659584244
163504,108.66,111.74871,3.088710632324222,2.8425461368711784
207099,24.5,9.703504,-14.796496391296387,-60.39386282161791
8347,26.92,10.569735,-16.350265426635744,-60.736498613059965
114902,1.47,6.3353515,4.865351467132569,330.9762902811271
270763,10.3,13.613675,3.313675117492675,32.17160308245315
223534,27.45,22.501118,-4.948882293701171,-18.028715095450533
156455,49.47,15.472971,-33.997029037475585,-68.72251675252797
295300,29.99,23.555904,-6.434095611572264,-21.45413675082449
269237,14.97,13.203821,-1.766178817749024,-11.798121695050261
293047,38.98,86.99056,48.01056243896485,123.16716890447627
8196,56.51,19.58177,-36.92823005676269,-65.34813317423942
274623,6.92,7.467869,0.5478688049316407,7.917179262017929
155444,2.88,6.652764,3.772763843536377,130.99874456723532
146677,56.37,59.444904,3.0749043273925807,5.454859548328154
112864,16.99,14.589269,-2.4007313156127914,-14.13026083350672
59384,15.97,9.746572,-6.223428459167481,-38.96949567418586
169283,1.32,6.3984766,5.078476600646972,384.73307580658883
229884,5.38,3.945335,-1.4346650886535643,-26.66663733556811
277462,13.1,10.414926,-2.685074424743652,-20.496751333921008
273383,6.6,3.4704485,-3.12955150604248,-47.4174470612497
74610,29.49,19.607498,-9.882501831054686,-33.51136599204709
73089,51.99,11.75734,-40.23265956878662,-77.38538097477712
146872,50.58,49.06753,-1.512468414306639,-2.9902499294318683
108888,14.99,14.204591,-0.7854092025756838,-5.2395543867624
224103,21.85,18.408453,-3.441547012329103,-15.750787241780792
20358,52.41,44.905067,-7.50493255615234,-14.319657615249648
25572,83.35,41.99978,-41.3502212524414,-49.610343434242836
256892,13.77,9.362615,-4.4073853683471675,-32.00715590666062
111135,30.96,14.978843,-15.981157264709474,-51.618725015211474
149312,11.38,12.898201,1.5182009887695305,13.340957722052114
50231,6.99,24.638988,17.648988494873045,252.48910579217517
90499,21.47,14.9793,-6.490700454711913,-30.231487912025678
137899,4.92,8.10607,3.186069564819336,64.7575114800678
140967,12.84,14.548445,1.7084447479248048,13.30564445424303
242004,5.99,13.323902,7.333902130126953,122.43576177173543
191885,14.95,15.605099,0.6550987243652351,4.381931266657091
120290,13.99,10.117593,-3.8724071884155276,-27.679822647716424
261150,2.59,6.839427,4.249426994323731,164.07054032137958
56761,5.0,7.8864517,2.8864517211914062,57.72903442382813
241682,9.94,9.83273,-0.10726970672607372,-1.0791720998598966
259617,14.95,9.954285,-4.995715332031249,-33.416156067098655
92631,9.81,7.399125,-2.4108749008178716,-24.575687062363624
90651,41.34,7.594823,-33.745177116394046,-81.62839167003881
113537,23.99,18.888906,-5.1010935211181625,-21.26341609469847
272618,14.95,8.240838,-6.709161949157714,-44.87733745255996
43849,24.875,5.473522,-19.401477813720703,-77.99589070842494
41436,94.98,52.795544,-42.18445632934571,-44.414041197458104
283529,2.54,6.5031376,3.9631375885009765,156.02903891736128
23857,3.89,4.7174335,0.827433452606201,21.27078284334707
133869,50.465,43.41163,-7.053371276855472,-13.976758697821207
163972,11.95,13.629285,1.679284858703614,14.052592959862881
246847,12.2,10.98801,-1.2119895935058587,-9.93434093037589
177389,67.91,22.537764,-45.37223640441894,-66.81230511621108
52007,12.95,11.827098,-1.1229021072387688,-8.671058743156516
64511,43.19,27.407162,-15.782838287353513,-36.54280687046426
289741,8.02,16.140968,8.120968322753907,101.25895664281678
217528,1.47,15.161993,13.691993026733398,931.4280970566937
14534,15.7,24.024147,8.324147033691407,53.02004480058221
35889,3.12,3.3178792,0.19787919998168935,6.342282050695171
241573,91.99,71.184845,-20.80515502929687,-22.61675728807139
188453,12.59,11.274712,-1.315288391113281,-10.44708809462495
242438,26.47,14.5427,-11.927300186157225,-45.05969091861438
26492,3.68,19.227959,15.547958679199219,422.49887715215266
296778,4.28,7.65547,3.3754698944091794,78.86611902825184
250210,3.1950000000000003,3.0138898,-0.18111021041870146,-5.668551186813817
179137,50.99,21.847116,-29.142883529663088,-57.15411557101998
46547,10.95,7.4363785,-3.513621520996093,-32.08786777165382
99955,11.99,6.5789104,-5.41108964920044,-45.1300220950829
269550,30.39,10.593654,-19.796346321105958,-65.14098822344836
271092,10.25,20.254297,10.004297256469727,97.60290006311928
256132,14.75,5.6142516,-9.135748386383057,-61.93727719581733
204718,8.52,10.848517,2.3285174179077153,27.330016642109335
191990,9.99,13.8563795,3.8663795089721678,38.70249758730899
80395,10.12,10.077458,-0.04254161834716719,-0.42037172279809476
103421,16.99,7.212846,-9.77715419769287,-57.54652264680913
121090,21.3,27.28987,5.989869308471679,28.121452152449194
55906,29.99,30.602186,0.6121862030029313,2.0413011103798975
143785,57.7,57.895805,0.1958053588867159,0.33935070864248856
277888,6.49,11.044873,4.554873237609863,70.18294665038309
143146,21.98,16.82377,-5.156229476928711,-23.45873283407057
146188,44.24,14.540762,-29.699238052368166,-67.13209324676347
190387,25.95,19.366783,-6.5832168579101555,-25.368851090212548
15245,63.83,12.963366,-50.86663444519043,-79.69079499481502
111330,36.325,24.520004,-11.804995727539065,-32.49826766012131
267965,4.45,11.898069,7.448069381713867,167.3723456564914
50068,49.98,19.784294,-30.195705871582028,-60.41557797435381
212188,171.99,58.116283,-113.87371658325196,-66.20949856576077
160192,16.05,4.706586,-11.343414115905762,-70.6754773576683
179216,8.9,8.260211,-0.6397890090942386,-7.188640551620659
16403,2.685,6.127912,3.4429120445251464,128.2276366676032
24226,13.175,18.562897,5.387896728515624,40.8948518293406
28893,1.96,7.3348455,5.374845542907715,274.22681341365893
148127,19.64,13.632257,-6.007742538452149,-30.589320460550656
33980,1.48,9.510871,8.030870933532714,542.6264144278862
35929,3.09,11.071264,7.981264266967774,258.29334197306713
149526,86.43,68.603714,-17.826286010742194,-20.625113977487207
37385,6.99,8.688683,1.6986825561523435,24.30161024538403
96725,15.675,10.807816,-4.867184448242188,-31.050618489583336
4314,31.545,23.837353,-7.707647247314455,-24.433815968662085
132186,16.96,10.472806,-6.487194023132325,-38.24996475903493
31939,67.99,24.770622,-43.219377746582026,-63.567256576823105
89592,8.57,4.7252536,-3.844746417999268,-44.86285201866123
141445,24.96,11.386814,-13.57318588256836,-54.37975113208478
192368,10.0,14.556907,4.556906700134277,45.56906700134277
68307,34.49,15.010441,-19.479559173583986,-56.478861042574614
259508,3.27,10.802705,7.532704811096192,230.3579452934615
138508,10.94,11.031341,0.09134059906005909,0.8349232089584926
251874,8.39,5.1261034,-3.2638965988159185,-38.90222406216828
67304,26.08,26.352087,0.27208702087402514,1.043278454271569
297713,12.99,15.360743,2.3707425689697263,18.250520161429765
170825,11.85,11.250437,-0.5995632171630856,-5.059605208127305
108281,33.5,36.6753,3.1753005981445312,9.47850924819263
268874,31.51,13.624135,-17.885864982604982,-56.76250391178985
135979,13.77,19.38139,5.611389617919922,40.750832374146135
101440,29.24,22.711216,-6.528784027099608,-22.328262746578687
251088,32.9,18.368973,-14.531027221679686,-44.167255992947375
288817,1.25,5.565624,4.315624237060547,345.24993896484375
258846,7.85,10.839546,2.9895462036132816,38.083391128831614
168564,7.69,20.592308,12.902308044433592,167.78033867924046
119055,9.99,14.28559,4.295590171813965,42.9989006187584
188713,38.99,21.214626,-17.775373687744143,-45.58957088418605
146499,27.61,29.52761,1.9176107788085943,6.94534870991885
237395,25.76,41.823303,16.06330322265625,62.35754356621214
178837,12.94,22.743511,9.803511199951172,75.76129211708789
76319,29.99,9.079928,-20.910071601867674,-69.72347983283653
6233,49.17,27.778015,-21.39198486328125,-43.506172184830696
152035,18.23,23.54906,5.319060821533203,29.17751410605158
58905,26.14,17.066742,-9.073258056640626,-34.710245052182955
62703,14.99,12.59819,-2.3918096923828127,-15.956035306089477
52639,14.99,13.439713,-1.5502874755859377,-10.342144600306456
189197,4.49,5.4158964,0.925896415710449,20.62130101805009
225168,59.95,17.519009,-42.43099136352539,-70.77730002256112
147707,20.68,26.833963,6.153963394165039,29.758043492094
282155,6.48,6.677883,0.19788314819335895,3.0537522869345515
125932,26.2,12.003641,-14.19635887145996,-54.18457584526703
248085,69.98,35.94249,-34.03751037597657,-48.638911654725014
239677,6.95,8.361854,1.4118535995483397,20.314440281271075
156985,165.96,134.11896,-31.841042480468758,-19.185974018118074
89069,4.75,9.153112,4.403112411499023,92.69710339997944
175763,4.19,4.971644,0.7816439247131344,18.654986270003203
2417,38.54,50.774303,12.234303436279298,31.74443029652127
202660,13.68,12.161646,-1.5183541107177732,-11.099079756708868
96701,27.99,11.770959,-16.21904109954834,-57.94584172757534
279705,42.695,14.561803,-28.133197135925293,-65.89342343582454
38183,2.82,30.6801,27.860099487304687,987.9467903299535
178783,10.39,5.21578,-5.174220218658448,-49.80000210450864
90810,18.49,19.7436,1.2536008453369156,6.779885588625829
46540,9.46,13.411207,3.951207199096679,41.76751796085284
73148,8.48,8.543416,0.0634160232543941,0.7478304629055907
66366,14.989999999999998,15.810026,0.8200261688232438,5.47048811756667
192981,34.96,30.734446,-4.225554428100587,-12.086826167335776
105499,21.98,9.758593,-12.22140739440918,-55.60239942861319
175683,6.6,13.947639,7.347639465332032,111.32787068684897
50695,214.98,161.39702,-53.5829815673828,-24.924635578836547
235058,80.99,28.948391,-52.041609039306636,-64.25683299087127
274999,19.235,10.764743,-8.470257148742675,-44.035649330609175
33601,9.5,8.775389,-0.7246112823486328,-7.6274871826171875
195306,53.77,52.15128,-1.6187205505371125,-3.010452948739283
279356,15.085,18.813215,3.728215255737304,24.71471830120851
29776,14.99,11.412602,-3.577397575378418,-23.86522732073661
175181,25.49,29.581402,4.091401824951173,16.051007551789617
144606,6.1850000000000005,6.31719,0.13219017028808544,2.1372703361048573
227825,27.99,22.446545,-5.543455352783202,-19.805128091401222
67018,1.79,13.182753,11.39275260925293,636.4666262152475
4423,1.99,18.406487,16.41648651123047,824.9490709161041
148652,30.83,31.191513,0.3615130615234392,1.1726015618664911
232190,13.23,10.598688,-2.631311874389649,-19.88897864240097
63439,19.99,8.926344,-11.063656082153319,-55.345953387460334
187886,4.99,12.981238,7.99123836517334,160.1450574183034
24674,17.53,20.027185,2.4971854400634754,14.245210724834429
233697,60.99,35.37681,-25.613191833496096,-41.99572361616018
8762,26.39,11.404724,-14.98527587890625,-56.783917691952446
186669,13.94,7.8676004,-6.072399559020996,-43.56097244634861
151889,13.99,11.926752,-2.0632479095458987,-14.74801936773337
213885,6.82,7.572301,0.7523009109497067,11.030805145890128
68652,39.31,31.23552,-8.074480590820315,-20.5405255426617
19764,37.63,36.267223,-1.3627766418457057,-3.621516454546122
71027,12.99,8.875855,-4.114144554138184,-31.67162859228779
101342,21.95,14.781263,-7.16873664855957,-32.659392476353396
242080,11.99,14.37191,2.3819100952148435,19.865805631483266
266932,18.95,14.852305,-4.097694587707519,-21.623718140936777
268678,14.99,18.326857,3.3368566131591795,22.26055112180907
42780,13.99,13.156565,-0.8334352874755862,-5.957364456580316
46322,15.53,18.804146,3.274145812988282,21.082716117117076
75753,12.5,8.756864,-3.743136405944824,-29.94509124755859
40646,14.97,5.0532947,-9.916705341339112,-66.24385665557189
92336,148.85,78.062096,-70.78790435791015,-47.55653635062826
121380,26.32,12.720643,-13.599356956481934,-51.66928934833561
204857,59.99,60.54638,0.5563790893554668,0.9274530577687394
237733,37.2,35.518383,-1.681616973876956,-4.520475736228375
24386,58.91,8.65796,-50.25204006195068,-85.3030725886109
107049,2.98,6.149692,3.1696920585632324,106.36550532091384
204336,16.99,16.727093,-0.26290725708007656,-1.547423526074612
156929,139.38,38.849976,-100.5300244140625,-72.12657799832293
276909,40.49,33.181454,-7.308546295166018,-18.050250173292213
193800,15.99,12.551304,-3.4386961364746096,-21.50529166025397
160648,24.05,20.096357,-3.953642654418946,-16.439262596336572
247829,9.7,10.676092,0.9760921478271491,10.06280564770257
190717,11.99,8.004431,-3.9855692291259768,-33.24077755734759
6372,7.98,10.254119,2.274118919372558,28.497730819204985
1037,14.99,13.0701275,-1.919872512817383,-12.807688544478873
25397,19.875,19.28115,-0.5938491821289062,-2.9879204132272013
284434,3.7,3.1544037,-0.5455963134765627,-14.745846310177368
271497,15.835,14.5280695,-1.3069305038452157,-8.253429137007991
154209,28.43,18.414623,-10.015376739501953,-35.22819816919435
157846,1.66,2.2419991,0.5819991493225098,35.06018971822349
53359,26.99,19.859358,-7.130642166137694,-26.419570826742106
211506,17.99,24.308737,6.3187368011474625,35.12360645440502
276377,2.69,3.64811,0.9581099128723145,35.61746888001169
184315,33.32,43.3595,10.039500885009765,30.130554876980085
37091,0.495,3.9879637,3.4929636764526366,705.6492275661892
54630,50.08,30.474112,-19.605888442993162,-39.149138264762705
90510,2.19,3.9885387,1.7985387420654297,82.12505671531642
142135,29.41,37.854046,8.444045867919922,28.711478639646117
198338,4.640000000000001,12.895862,8.255861625671386,177.92805227740052
167008,13.61,17.055386,3.44538558959961,25.315103523876637
133062,16.99,21.99637,5.006370315551759,29.46657042702625
30928,3.19,5.2238636,2.0338636016845704,63.7574796766323
220614,6.710000000000001,17.887276,11.17727569580078,166.57638890910252
228128,27.99,21.84727,-6.142730941772459,-21.946162707297105
283183,27.085,26.953844,-0.13115592956543054,-0.48423824834938356
4088,88.39,74.65383,-13.736168518066407,-15.540410134705743
76686,27.965,14.05924,-13.905759658813476,-49.725584333321926
105091,18.98,14.106709,-4.873291473388672,-25.675929786030938
198241,52.99,19.070831,-33.91916870117188,-64.01050896616697
113450,11.36,17.21924,5.859240188598633,51.57781856160769
246702,104.0,24.567366,-79.4326343536377,-76.37753303234393
225554,2.97,8.633841,5.663840560913085,190.70170238764598
131052,4.29,9.462295,5.172294578552246,120.56630719236006
151302,23.03,31.08183,8.05182907104492,34.96234941834529
193466,10.8,9.023856,-1.7761438369750984,-16.445776268287947
1987,50.58,46.905087,-3.674913482666014,-7.265546624487968
151463,8.92,6.9074683,-2.012531681060791,-22.56201436166806
66625,130.54,26.979975,-103.56002525329589,-79.3320248608058
99312,5.02,6.5573335,1.5373334693908696,30.624172697029277
209669,25.99,19.668179,-6.321821441650389,-24.324053257600575
240368,65.99,64.82673,-1.1632711791992136,-1.7627991804806997
291305,4.59,8.986334,4.396333847045899,95.78069383542262
198046,46.99,47.543003,0.5530030822753886,1.1768526969044235
269175,21.21,15.112112,-6.097887954711915,-28.750061078321142
13098,15.465,13.736237,-1.7287634277343749,-11.17855433387892
147559,1.99,8.852842,6.862842330932617,344.8664487905838
219074,9.99,9.859788,-0.1302120590209963,-1.303424014224187
190507,18.375,6.0063543,-12.368645668029785,-67.31235737703285
26601,132.09,15.630856,-116.45914443969727,-88.16651104527008
106966,11.99,14.093823,2.103823432922363,17.54648401102888
292634,14.99,12.552738,-2.4372618103027346,-16.259251569731383
47872,9.49,36.835186,27.34518600463867,288.1473762343379
180214,10.4,12.704103,2.3041034698486325,22.154841056236847
126439,21.99,17.674791,-4.315208663940428,-19.623504610916
254865,9.35,8.937213,-0.4127870559692379,-4.4148348232004055
63487,59.99,57.55583,-2.43417190551758,-4.057629447437206
90126,4.135,17.862715,13.727714767456055,331.9882652347293
45877,9.735,13.42945,3.6944500350952154,37.95018012424464
107207,8.54,8.225779,-0.3142214202880851,-3.679407731710599
258244,28.585,22.778437,-5.806563339233399,-20.31332285895889
80841,64.18,15.997648,-48.182351760864265,-75.07377962116588
147676,46.8,36.265144,-10.534855651855466,-22.510375324477494
260588,44.99,37.522655,-7.467344512939455,-16.597787314824306
279316,5.99,16.300743,10.310743103027344,172.13260606055664
287234,82.95,28.956766,-53.993233871459964,-65.09130062864371
155413,9.95,6.9086823,-3.041317653656005,-30.56600656940709
53016,32.49,31.137932,-1.3520681762695332,-4.1614902316698466
254533,6.94,16.455635,9.51563507080078,137.11289727378644
174162,65.27,33.17935,-32.09064819335937,-49.16599998982591
222427,81.49,33.911522,-47.5784780883789,-58.385664607165175
45735,49.745000000000005,47.07669,-2.6683093261718795,-5.363974924458497
25444,2.0,7.088298,5.0882978439331055,254.41489219665527
17426,5.99,12.59537,6.605370292663574,110.27329370056049
251986,8.94,9.159173,0.21917301177978565,2.4515996843376473
115624,13.74,3.5152416,-10.224758377075196,-74.4159998331528
78827,12.45,14.275382,1.825382041931153,14.661703148041392
80757,11.19,17.68136,6.491360244750977,58.01036858579962
208350,52.99,39.33676,-13.653238525390627,-25.76568885712517
106882,34.99,30.791643,-4.198356857299807,-11.998733516146917
187521,7.265000000000001,32.525337,25.26033721923828,347.6990670232385
285918,6.41,22.021145,15.61114486694336,243.54360166838313
99643,12.99,25.51655,12.526550064086914,96.43225607457208
195104,8.34,9.145768,0.805768165588379,9.66148879602373
51314,14.99,14.762293,-0.22770713806152365,-1.5190602939394506
112671,4.14,7.119587,2.9795869445800784,71.97069914444634
209857,8.99,13.603853,4.613853225708008,51.32206035270309
83918,19.98,24.448023,4.468022842407226,22.362476688724854
129304,14.32,14.164595,-0.1554053497314456,-1.0852328891860725
212577,44.99,29.23143,-15.758569946289064,-35.02682806465673
225796,5.99,5.072141,-0.9178588294982912,-15.323185801307032
139056,67.43,21.91599,-45.51400917053223,-67.49815982579301
118734,10.39,19.509014,9.119014129638671,87.76721972703244
161862,2.69,12.989528,10.299527702331543,382.88207071864474
269419,19.42,7.64062,-11.779379768371584,-60.655920537443784
142488,67.78,82.185135,14.405134887695311,21.2527808906688
251043,38.57,10.314825,-28.255174942016602,-73.25687047450506
224672,84.99,37.19136,-47.79863952636718,-56.24031006749875
170086,5.275,5.397309,0.12230882644653285,2.3186507383228974
278949,64.99,21.889524,-43.10047554016113,-66.31862677359767
272870,19.99,14.956701,-5.033298721313475,-25.179083148141444
203991,16.99,29.078468,12.088468322753908,71.15049042233025
63659,13.95,11.805525,-2.1444751739501946,-15.372581892116091
109589,41.97,35.26624,-6.703760833740233,-15.972744421587404
74029,36.08,25.303072,-10.77692802429199,-29.869534435399085
268066,9.97,8.495084,-1.4749161911010749,-14.793542538626628
158672,37.98,14.371525,-23.60847518920898,-62.160282225405425
185422,18.95,17.218815,-1.7311851501464837,-9.135541689427356
109209,84.95,38.841595,-46.10840530395508,-54.277110422548645
11442,2.79,8.373369,5.583369216918945,200.1207604630446
27665,10.94,9.390078,-1.5499224090576167,-14.167480887181142
286686,3.29,5.1508155,1.860815486907959,56.559741243403
283704,13.14,21.760183,8.620183334350585,65.60261289460111
191816,1.69,24.482557,22.79255729675293,1348.6720293936644
100954,14.96,19.697557,4.7375574493408195,31.668164768320985
173598,83.99,89.56936,5.579358825683599,6.642884659701869
200338,47.99,38.158688,-9.831312408447268,-20.486168802765718
80514,59.99,41.488308,-18.501692047119143,-30.841293627469813
163585,10.55,12.128819,1.5788194656372063,14.965113418362144
245227,28.79,28.00519,-0.7848101043701163,-2.725981606009435
268571,5.49,9.632063,4.1420629119873045,75.44741187590718
283522,6.85,9.824619,2.974619293212891,43.42509917099111
90465,3.785,6.021874,2.236873950958252,59.09838707947826
162636,78.99,12.891572,-66.0984280014038,-83.67948854463071
169156,32.565,30.739515,-1.825484695434568,-5.605664656639239
233193,118.44,132.60268,14.162676391601565,11.957680168525469
54328,21.87,14.933158,-6.936842079162599,-31.718528025434832
179183,5.69,16.22323,10.533230361938475,185.11828404109798
129694,32.315,23.216982,-9.098018112182615,-28.154164048221
17617,22.19,17.025532,-5.164468231201173,-23.27385412889217
256804,17.29,19.223673,1.93367286682129,11.183764411921862
108365,23.99,12.650302,-11.339698066711424,-47.26843712676709
293374,31.785,15.616299,-16.16870132446289,-50.86896751443414
65227,9.99,13.658708,3.6687076187133787,36.723799987120906
35529,33.885000000000005,19.536772,-14.348228225708013,-42.343893243936876
259086,30.07,18.147156,-11.92284423828125,-39.65029676847772
252670,27.69,17.536148,-10.153851928710939,-36.669743332289414
158675,14.2,23.993046,9.793045806884766,68.96511131608992
128496,144.215,16.07422,-128.14077934265137,-88.8539883803012
167145,14.81,15.406378,0.5963777923583979,4.026858827538136
197043,6.99,13.850065,6.860065231323242,98.14113349532535
29634,6.74,11.630506,4.890505561828613,72.55942970072125
272208,2.19,5.562059,3.372058925628662,153.97529340770146
296572,26.03,36.17213,10.142130584716796,38.96323697547751
277224,18.98,13.739241,-5.240759353637696,-27.612009239397768
252687,11.99,9.981022,-2.0089781188964846,-16.755447196801374
262535,23.56,21.679586,-1.8804135894775378,-7.981381958733183
28809,9.31,16.040083,6.730082931518554,72.28875329235825
16516,11.99,12.068098,0.07809806823730447,0.6513600353403209
267650,3.29,5.1498613,1.8598613357543945,56.530739688583424
224530,49.95,20.627508,-29.322491836547854,-58.70368736045616
5625,34.81,34.11519,-0.6948114013671898,-1.99601092033091
57643,8.99,11.996227,3.0062272644042967,33.439680360448236
175232,4.88,10.598375,5.71837532043457,117.17982214005266
146013,32.2,38.384884,6.1848838806152315,19.207713914954134
721,10.99,10.890349,-0.09965061187744162,-0.9067389615781766
288594,26.75,15.87274,-10.877260208129883,-40.66265498366312
152977,3.59,4.4839315,0.8939315414428712,24.9006000401914
1002,52.05,7.0010395,-45.048960494995114,-86.54939576367939
109563,2.145,3.027061,0.8820609855651855,41.12172426877322
33042,8.99,9.10057,0.11056972503662088,1.2299190771592978
264475,24.11,16.483984,-7.626016006469726,-31.630095422935405
202472,9.99,11.954505,1.9645049667358396,19.664714381740136
236138,28.99,19.006872,-9.983127822875975,-34.43645333865463
172402,5.29,16.01254,10.722540817260743,202.69453340757545
216023,13.99,17.676266,3.686265716552734,26.34929032560925
105625,46.99,29.15207,-17.837930908203127,-37.96112131986194
64434,4.29,6.6027923,2.312792263031006,53.911241562494304
4714,14.84,13.704769,-1.1352308654785155,-7.649803675731237
52353,31.99,28.264368,-3.725631942749022,-11.64623927086284
260305,47.48,41.643612,-5.8363880920410125,-12.29230853420601
293615,6.869999999999999,7.372205,0.5022047805786141,7.310113254419419
202924,21.31,14.856615,-6.453384933471678,-30.28336430535748
14900,7.575,10.320724,2.745723533630371,36.24717536145704
160898,49.63,81.51453,31.884526367187497,64.24446175133487
204791,12.99,12.535101,-0.4548990631103518,-3.5019173449603676
170146,13.58,13.82976,0.24975959777832024,1.8391722958639192
170533,10.18,13.670249,3.4902489852905276,34.28535349008377
266206,23.95,16.201859,-7.748141479492187,-32.35132141750391
24106,2.13,17.547836,15.417836303710938,723.8420799864291
150288,7.72,5.3942575,-2.3257424545288083,-30.126197597523426
23757,8.99,23.42126,14.431260833740234,160.52570449099258
13309,7.23,12.231219,5.001219291687011,69.17315756136945
163298,39.99,35.28956,-4.700441589355471,-11.754042484009679
195235,29.98,39.34815,9.368148345947265,31.24799314858994
272843,24.99,47.330173,22.340173492431642,89.39645255074687
269863,32.0,5.6812053,-26.31879472732544,-82.246233522892
31246,8.64,11.082955,2.442955360412597,28.274946301071722
174704,11.52,10.246924,-1.2730755996704097,-11.051003469361197
154801,35.97,33.190525,-2.7794749450683582,-7.7272030721944915
8686,12.99,11.910431,-1.0795690917968752,-8.310770529614128
153656,11.98,2.4863608,-9.493639211654664,-79.24573632432941
239509,8.98,16.477064,7.497064132690429,83.48623755779988
230958,76.99,46.08893,-30.901071777343745,-40.1364745776643
206861,13.645,42.971878,29.326878051757813,214.92765153358602
95947,1.48,16.916998,15.436997909545898,1043.0403992936417
281278,30.99,16.487757,-14.502243270874022,-46.79652555945151
221290,6.285,6.344948,0.05994781494140611,0.9538236267526827
12710,39.5,37.6546,-1.8454017639160156,-4.671903199787382
250935,13.32,11.117109,-2.2028907012939456,-16.538218478182777
68494,8.29,9.635475,1.345475158691407,16.2300984160604
30670,3.49,8.739199,5.249198684692383,150.4068391029336
47039,62.65,18.337475,-44.31252517700195,-70.73028759297996
108104,7.485,14.487318,7.002318038940429,93.55134320561696
244656,44.31,19.816423,-24.493576583862307,-55.27776254539
3330,24.435,15.96274,-8.472260055541991,-34.672641929781015
47714,6.49,10.600311,4.110311279296875,63.33299351767141
89333,6.665,5.0039144,-1.6610856437683106,-24.922515285345995
214399,22.99,20.607706,-2.3822939300537094,-10.362305045905652
2011,88.39,84.23,-4.159996643066407,-4.7064109549342765
114920,46.47,29.1981,-17.27190086364746,-37.16785208445763
124485,5.22,8.498856,3.2788555908203127,62.813325494642015
252242,13.99,12.865164,-1.1248361968994143,-8.040287325942918
202195,18.01,13.055676,-4.954323539733888,-27.50873703350299
92422,11.25,9.931985,-1.3180150985717773,-11.715689765082466
5496,28.33,24.293434,-4.036565856933592,-14.248379304389665
170691,8.945,11.327152,2.3821522521972653,26.631103993261767
138147,5.220000000000001,19.979183,14.759183197021484,282.7429731230169
3826,35.63,34.864704,-0.7652958679199244,-2.147897468200742
146651,51.77,49.030876,-2.7391238403320344,-5.290948117311251
282853,8.86,9.302475,0.44247497558593807,4.994074216545577
252573,8.15,8.109905,-0.04009475708007848,-0.49196020957151504
121669,20.76,16.977621,-3.7823789215087906,-18.21955164503271
188243,24.99,14.374772,-10.61522792816162,-42.477902873796
151353,14.99,29.73874,14.748740921020508,98.39053316224488
215907,23.99,19.3001,-4.6898996734619125,-19.549394220349782
147775,34.81,36.79254,1.9825415039062477,5.695321757846158
24571,27.28,21.56209,-5.717910079956056,-20.960080938255334
8754,8.0,8.565207,0.5652065277099609,7.065081596374512
64819,42.73,15.607771,-27.122229080200192,-63.47350592136718
77630,16.580000000000002,12.125455,-4.454545097351076,-26.866978874252567
170252,18.465,18.095125,-0.36987480163574205,-2.0031129251867967
174112,14.99,7.663556,-7.326443901062012,-48.87554303577059
240639,23.49,16.566744,-6.923256149291991,-29.473206254968034
167837,5.78,7.9143867,2.134386749267578,36.92710638871242
33337,5.79,9.954642,4.164642295837402,71.92819163795167
33629,2.25,1.7987115,-0.45128846168518066,-20.057264963785805
115596,6.99,12.369387,5.379386672973633,76.9583215017687
160241,2.19,9.511222,7.321221885681153,334.30236920918503
36669,4.29,10.542439,6.2524394607543945,145.74450957469452
22998,12.98,8.769459,-4.210541229248047,-32.438684354761534
28050,1.0,2.1254969,1.1254968643188477,112.54968643188477
279660,10.99,13.407961,2.4179608917236326,22.00146398292659
229307,7.54,12.94551,5.405509910583496,71.69111287246017
26703,3.99,6.250627,2.260627040863037,56.65731931987561
9365,20.95,24.13304,3.1830394744873054,15.193505844808142
150028,4.99,7.1048164,2.114816436767578,42.38109091718593
258009,2.58,9.30092,6.720919532775879,260.5007570843364
32390,6.6850000000000005,13.36326,6.678260269165039,99.89918128893102
176467,3.165,4.112935,0.9479350662231445,29.95055501494927
58412,9.3,21.324383,12.024382781982421,129.29443851594002
214803,19.99,16.93121,-3.058790435791014,-15.301602980445296
6102,7.25,4.5419374,-2.7080626487731934,-37.3525882589406
143987,17.97,32.852,14.882001190185548,82.81581074115498
44781,54.95,63.089386,8.139385986328122,14.812349383672652
170872,4.42,9.58893,5.168930130004883,116.94412058834578
289970,15.47,14.023004,-1.4469964218139655,-9.353564459043087
271308,4.44,14.2249155,9.784915504455565,220.3809798300803
190901,9.99,12.970698,2.9806983566284178,29.836820386670848
250078,54.99,28.595861,-26.39413856506348,-47.99806976734584
247924,8.64,11.792352,3.1523517227172846,36.48555234626487
154885,43.83,10.907913,-32.922086791992186,-75.11313436457264
44978,20.44,16.958382,-3.48161834716797,-17.033357862856995
187141,55.01,34.80411,-20.205888519287107,-36.73130070766607
197944,35.99,44.54148,8.551481018066404,23.760714137444854
163912,13.065,4.477118,-8.587881984710693,-65.73197079763256
298072,17.945,17.069511,-0.8754885864257815,-4.878732719006862
15054,26.34,15.420528,-10.919471588134765,-41.45585265047367
158925,26.11,51.47144,25.361439361572266,97.13305002517146
87411,18.99,17.073032,-1.9169676208496078,-10.09461622353664
82384,61.21,24.201487,-37.00851341247559,-60.461547806691044
284658,4.76,10.691085,5.931084861755371,124.60262314612125
74097,22.89,13.148213,-9.741786613464356,-42.5591376735009
1405,45.27,31.788635,-13.481364746093753,-29.779908871424237
75532,7.065,4.0505347,-3.0144652748107914,-42.66759058472457
29660,69.38499999999999,32.868465,-36.51653457641601,-52.62886009427976
33675,6.99,4.7121906,-2.2778093719482424,-32.586686293966274
220133,16.92,10.944591,-5.975409431457521,-35.31565857835414
50218,19.69,11.418402,-8.271598281860353,-42.00913297034206
266699,13.98,3.5144215,-10.465578536987305,-74.86107680248429
219672,16.48,26.542665,10.062665481567382,61.05986335902538
75114,9.315,9.21531,-0.09968990325927685,-1.0702083012268047
162328,5.99,13.436714,7.446714172363281,124.31910137501303
61694,13.56,4.497678,-9.06232219696045,-66.83128463835139
68206,11.49,12.758829,1.2688291168212888,11.042899189045158
270214,6.57,8.193856,1.6238562393188474,24.716228908962666
14544,11.99,15.566879,3.5768792724609373,29.832187426696727
36768,26.99,25.238665,-1.7513353729248031,-6.488830577713239
136523,3.675,9.133584,5.458584022521973,148.53289857202648
106925,17.99,10.595801,-7.394198646545409,-41.101715656172374
112224,73.31,26.570963,-46.73903709411621,-63.755336371731296
119263,22.36,26.003962,3.643961563110352,16.296786954876353
142343,46.64,59.433895,12.793895111083984,27.4311644748799
201955,5.99,13.311425,7.32142520904541,122.22746592730233
243737,49.99,52.31715,2.327150115966795,4.655231278189227
204878,17.99,22.479355,4.489354858398439,24.954724060024677
211569,20.99,13.286109,-7.703891029357909,-36.70267284115249
142325,128.44,121.35851,-7.081487121582029,-5.513459297401144
159992,11.95,13.99275,2.0427501678466804,17.09414366398896
96286,13.97,13.247071,-0.7229287338256842,-5.174865668043552
94147,29.0,30.712057,1.712057113647461,5.9036452194740034
203830,79.98,38.717438,-41.26256225585938,-51.59110059497296
160660,32.99,22.137562,-10.852438201904299,-32.89614489816398
111484,16.65,8.123696,-8.526303672790526,-51.209031067810976
242300,12.79,15.171799,2.3817987060546884,18.622351102851358
250239,4.7,8.472733,3.7727325439453123,80.27090519032579
232799,11.98,11.040426,-0.9395737457275395,-7.8428526354552535
285154,2.99,2.929928,-0.06007193565368674,-2.009094837915944
132845,21.67,10.598597,-11.071403427124025,-51.090924905971505
267339,7.36,7.993044,0.6330438995361325,8.601139939349627
15121,14.99,31.504967,16.51496673583984,110.17322705697026
252488,1.98,10.99587,9.015869636535644,455.3469513401841
112407,1.97,2.7907157,0.8207156944274903,41.660695148603565
73688,2.6900000000000004,3.2219033,0.5319033241271969,19.773357774245234
264600,15.32,10.19756,-5.122439689636231,-33.43629040232526
32854,3.56,9.073805,5.513804855346679,154.88215885805278
116720,35.99,36.244637,0.25463653564452926,0.7075202435246715
29720,4.29,17.460049,13.17004867553711,306.99414162091165
231164,10.45,16.834343,6.3843429565429695,61.094190971703064
206193,4.715,9.3578005,4.642800483703613,98.46872711990697
12129,9.99,11.545894,1.5558936691284178,15.574511202486663
6114,5.69,10.283465,4.593465385437011,80.72874139608103
109468,1.98,4.4739776,2.493977565765381,125.95846291744348
193567,38.22,14.711113,-23.50888702392578,-61.509385201271016
278836,12.495,8.948034,-3.546965713500976,-28.3870805402239
128286,1.87,7.5899878,5.719987754821777,305.8816981188116
258872,5.99,8.046902,2.056901702880859,34.33892659233488
129603,6.88,10.246405,3.3664046478271485,48.9303001137667
30650,3.29,7.6927958,4.402795753479004,133.82357913310042
4772,39.99,15.765074,-24.224926223754885,-60.577459924368306
66086,7.92,2.833398,-5.086601896286011,-64.22477141775266
6999,24.99,12.86815,-12.121850242614745,-48.50680369193576
241677,9.94,10.709749,0.7697492218017583,7.743955953740024
158012,19.99,16.825947,-3.1640531921386703,-15.828180050718712
77257,8.98,14.522754,5.542753715515136,61.7233153175405
191409,17.09,5.538063,-11.551936950683594,-67.59471591974017
99738,6.245,8.452581,2.2075814056396483,35.34958215595914
272819,27.89,26.755377,-1.1346231842041021,-4.068207903205816
44407,63.71,33.540627,-30.169373474121095,-47.35421986206419
96614,1.92,4.4042077,2.484207706451416,129.3858180443446
112159,22.99,9.577291,-13.412709465026854,-58.3414939757584
234920,19.25,20.152388,0.9023876190185547,4.687727891005479
183729,15.21,12.811333,-2.398667297363282,-15.770330686149126
289747,10.17,12.165001,1.9950009155273438,19.616528176276734
290228,29.0,20.639057,-8.360942840576172,-28.83083738129714
132295,73.48,27.705242,-45.77475784301758,-62.295533264857895
234426,2.28,4.107385,1.8273851585388186,80.14847186573766
194144,8.12,3.9632144,-4.156785602569579,-51.19194091834458
278211,3.99,9.459274,5.469274291992187,137.07454365895205
293345,31.13,29.925793,-1.2042073059082021,-3.8683177189470035
254209,15.99,8.392373,-7.597626914978028,-47.51486500924345
72677,13.02,13.660154,0.6401543426513676,4.916700020363807
163416,19.945,20.288057,0.34305732727050753,1.7200166822286664
52088,43.99,52.43885,8.44885040283203,19.206297801391294
79713,3.69,6.592382,2.9023819541931153,78.65533751200854
26516,31.88,40.317722,8.437722320556642,26.467134004255467
231250,7.345000000000001,11.081869,3.7368691253662103,50.87636658088781
280709,21.22,13.1871395,-8.0328604888916,-37.85513896744392
125283,2.88,25.682789,22.802788848876954,791.7635016971165
200735,2.98,9.53461,6.554609794616699,219.95334881264088
263315,3.85,11.625134,7.775134468078614,201.95154462541853
203982,9.99,10.041618,0.05161834716796854,0.5167001718515368
218848,13.99,13.183483,-0.8065168762207033,-5.76495265347179
212406,43.3,63.98777,20.68777008056641,47.7777600013081
183831,5.115,5.464788,0.34978796005249,6.838474292326295
241312,39.99,14.28206,-25.707940330505373,-64.28592230684013
116587,67.64,14.85623,-52.78377021789551,-78.03632498210453
128038,29.99,9.093061,-20.896938552856444,-69.6796884056567
285657,2.89,3.135933,0.24593292236328113,8.509789701151597
5669,20.78,23.391893,2.611893386840819,12.569265576712315
228267,12.99,20.168804,7.178804168701172,55.264081360286156
65451,7.55,6.6171618,-0.9328382492065428,-12.355473499424408
187836,2.49,7.2602453,4.770245323181152,191.5761173968334
293186,5.49,12.812736,7.322735557556152,133.38316133982062
115220,39.99,27.45227,-12.537729492187502,-31.35216177091148
202238,13.95,14.134178,0.18417816162109446,1.3202735600078457
229762,8.59,8.77236,0.18235984802246108,2.122931874533889
6290,32.15,37.08315,4.9331489562988295,15.344164716326064
17082,15.38,11.974877,-3.4051226425170906,-22.139939158108522
114125,6.49,7.77518,1.285179862976074,19.802463219970324
70426,143.7,13.068467,-130.63153285980223,-90.90572919958403
54788,4.49,5.1234107,0.6334107017517088,14.107142577989059
237951,22.65,14.576897,-8.07310333251953,-35.64284032017453
276313,1.0,13.3986,12.398599624633789,1239.859962463379
267558,1.11,5.5635295,4.45352949142456,401.21887310131166
82505,3.255,3.4995246,0.2445245933532716,7.512276293495288
74156,7.215,13.136917,5.921917114257813,82.07785328146656
109424,29.49,23.687143,-5.802856674194334,-19.67737088570476
159366,11.0,6.469758,-4.530241966247559,-41.184017874977805
6354,18.9,9.400825,-9.499175453186034,-50.26018758299489
276332,7.2,8.452818,1.252817916870117,17.400248845418293
3084,29.95,15.255466,-14.694533538818359,-49.06355104780754
283850,36.74,28.866703,-7.873296966552736,-21.42976855349139
93803,1.79,2.6831436,0.8931436157226562,49.89629138115398
189959,7.99,6.998076,-0.9919240379333498,-12.414568685023152
32834,59.11,21.123362,-37.986638412475585,-64.2643180721969
84782,8.915,7.146734,-1.7682657623291007,-19.834725320573202
155026,13.44,14.279476,0.8394761657714849,6.2461024238949765
135078,4.99,7.838441,2.848440895080566,57.082983869350024
115349,7.745,11.76375,4.018750076293945,51.88831602703608
67385,5.39,9.867511,4.477510795593262,83.07070121694365
203412,24.99,28.368288,3.3782880401611344,13.518559584478329
138396,54.7,49.821716,-4.878283691406253,-8.918251721035196
233083,16.0,17.440453,1.4404525756835938,9.002828598022461
189428,22.78,23.074343,0.2943427276611317,1.2921103057995245
217099,15.99,8.0987215,-7.891278495788574,-49.35133518316807
76217,14.88,9.085895,-5.794105415344239,-38.938880479463975
230566,59.99,19.902357,-40.08764289855957,-66.82387547684543
226770,16.99,13.313728,-3.676271667480467,-21.637855606124
143703,24.42,24.570702,0.15070159912109204,0.6171236655245373
284313,2.99,6.4202986,3.4302985763549803,114.7257048948154
176255,6.140000000000001,8.072262,1.9322618103027338,31.470062057047777
209802,7.485,8.042923,0.5579229736328122,7.4538807432573435
189366,22.485,22.885115,0.40011466979980526,1.7794737371572393
295517,20.25,14.955099,-5.294900894165039,-26.14765873661748
7196,23.47,36.385513,12.915513305664064,55.02988200112512
266471,31.26,14.555326,-16.70467353820801,-53.437855208598876
80779,3.24,3.333723,0.09372306823730447,2.892687291274829
29442,11.585,19.693117,8.108117141723632,69.98806337266838
145562,17.97,20.07971,2.1097100067138683,11.740178111930264
32692,3.49,7.5387974,4.048797378540039,116.01138620458565
257609,21.745,24.253332,2.5083321380615224,11.535213327484582
201418,46.09,42.38391,-3.7060888671875034,-8.040982571463449
154988,2.89,9.685316,6.795316085815429,235.13204449188336
98799,1.855,3.1073542,1.2523541641235352,67.51235386110702
208515,319.98,136.58862,-183.39137695312502,-57.3133873845631
32335,48.48,28.787952,-19.692047576904294,-40.61891001836695
218687,7.99,8.661889,0.6718890762329099,8.409124858985106
96,90.0,14.764597,-75.23540306091309,-83.59489228990343
82097,3.09,7.8904886,4.800488624572754,155.3556189182121
10596,11.175,13.111416,1.9364158630371087,17.328106156931618
296588,9.37,10.399461,1.0294607925415047,10.98677473363399
386,15.91,15.161184,-0.7488156890869142,-4.706572527259046
253842,3.1900000000000004,4.627731,1.437730846405029,45.06993248918585
47040,48.45,23.66503,-24.784970474243167,-51.155769812679395
258603,4.44,3.8868475,-0.5531525039672855,-12.458389728992916
204163,59.99,16.49205,-43.497949829101564,-72.50866782647368
272669,8.95,11.779356,2.829356002807618,31.612916232487354
285320,3.99,5.866057,1.8760569190979002,47.01897040345614
63751,43.44,42.6132,-0.8267988586425759,-1.903312289692854
169292,1.36,4.744356,3.3843561553955075,248.84971730849318
264522,20.99,21.662003,0.6720025634765641,3.2015367483399912
53356,9.99,10.2181835,0.22818351745605447,2.284119293854399
238232,7.985,11.017777,3.0327774429321286,37.980932284685395
292574,0.99,6.803602,5.8136022186279295,587.2325473361544
130088,23.57,18.971035,-4.598964996337891,-19.511943132532416
64438,9.99,10.701193,0.7111928558349607,7.119047605955562
206382,24.99,22.223434,-2.766565551757811,-11.070690483224533
49982,6.05,5.466436,-0.5835640907287596,-9.645687450062141
163732,7.99,21.257935,13.2679345703125,166.05675307024404
197946,19.99,19.964354,-0.02564643859863125,-0.12829634116373814
111662,12.405,13.000879,0.5958792877197272,4.803541214991755
11616,129.09,30.156155,-98.93384536743164,-76.63943401303868
39798,2.38,3.610857,1.2308570098876954,51.7166810877183
121733,11.89,14.185076,2.2950757598876947,19.302571571805675
27904,5.3,4.6914206,-0.6085794448852537,-11.482631035570826
394,4.74,5.4814763,0.741476306915283,15.64296006150386
147069,29.99,28.510406,-1.4795935058593734,-4.933622893829188
127933,8.49,30.19195,21.70194984436035,255.6177837969417
73279,19.98,25.200464,5.220464248657226,26.12844969297911
31331,6.91,7.048004,0.13800415039062486,1.9971657075343683
293381,85.79,76.83275,-8.957251586914069,-10.440904052819755
91744,56.06,26.180176,-29.879824218750002,-53.299722116928294
246258,13.99,17.972183,3.9821832275390623,28.4644976950612
260664,9.49,11.02972,1.5397203063964842,16.224660762871277
119986,5.109999999999999,9.817666,4.707666053771973,92.12653725581163
118255,12.98,15.515875,2.535874862670898,19.536786307171784
299384,4.970000000000001,4.3926487,-0.5773513031005866,-11.61672642053494
135446,7.08,20.354916,13.274915618896484,187.498808176504
258570,10.36,8.783885,-1.576114997863769,-15.21346523034526
99638,99.99,30.850039,-69.13996147155761,-69.14687615917353
151252,16.4,10.272221,-6.127779388427733,-37.36450846602277
225256,17.485,19.53009,2.0450903320312506,11.696255830890767
127967,15.745,10.671058,-5.073942298889159,-32.22573705232873
139475,19.0,16.74419,-2.255809783935547,-11.872683073344984
77857,82.65,34.263966,-48.38603439331055,-58.54329630164615
20724,64.31,55.862064,-8.447935638427737,-13.136270624207333
24233,34.54,15.655386,-18.884614028930663,-54.67462081334876
284219,5.99,5.2206383,-0.7693617248535158,-12.844102251310781
28081,2.935,5.9414735,3.0064734840393066,102.43521240338353
248642,32.98,18.731077,-14.24892280578613,-43.20473864701677
27121,2.9850000000000003,22.962944,19.97794403076172,669.277856976942
31944,22.99,11.174358,-11.815641632080077,-51.39470044401947
290850,10.85,8.110094,-2.7399059295654293,-25.252589212584603
144244,55.93,80.237465,24.307464904785157,43.46051297118748
98685,14.13,22.128973,7.998973007202148,56.60985850815391
171789,5.88,6.9553556,1.0753556442260743,18.288361296361806
55241,1.99,9.877426,7.887426147460937,396.3530727367305
217567,55.99,46.420803,-9.569196929931643,-17.090903607665016
2298,20.68,27.943329,7.263328857421875,35.12247996819089
91542,1.32,4.367162,3.047162227630615,230.84562330534962
160627,34.9,15.883638,-19.01636161804199,-54.488142172040085
23464,119.005,32.23922,-86.76578033447265,-72.90935703077405
85605,12.3,12.73696,0.43696041107177663,3.552523667250216
191769,5.49,12.123024,6.633023986816406,120.82010904947916
113527,79.98,26.555973,-53.42402694702149,-66.79673286699361
33156,2.69,2.3189814,-0.37101859092712397,-13.79251267387078
64665,16.99,17.937195,0.9471948242187516,5.575013679922022
79630,4.835,4.688212,-0.1467880821228027,-3.0359479239462814
194506,33.15,30.420527,-2.729473495483397,-8.233705868728196
219993,9.8,6.601183,-3.1988170623779304,-32.640990432427856
267237,2.29,1.6183207,-0.6716792964935303,-29.330973646005692
56392,35.97,24.122784,-11.847216339111327,-32.93638125969232
83581,10.15,9.771669,-0.37833061218261754,-3.727395193917414
120208,33.95,17.139996,-16.81000442504883,-49.51400419749287
245019,37.9,35.476456,-2.423544311523436,-6.394576019850755
182710,39.8,18.068089,-21.731911468505857,-54.602792634436824
268467,2.59,12.44567,9.855670127868652,380.52780416481284
211306,71.12,51.272278,-19.847722167968755,-27.907370877346395
241455,2.88,2.7976422,-0.08235776901245107,-2.859644757376773
264951,8.85,10.265458,1.4154581069946293,15.993876915193553
289999,3.29,10.447587,7.157587013244629,217.55583626883367
25206,17.5,10.5620575,-6.9379425048828125,-39.6453857421875
257172,13.32,18.841341,5.5213410186767575,41.451509149224904
24690,16.07,9.2445755,-6.825424499511719,-42.47308338215133
226350,15.99,45.805733,29.81573272705078,186.4648700878723
10358,19.23,18.850904,-0.37909553527832074,-1.9713756384728067
169718,2.47,1.8690295,-0.6009704780578615,-24.33078858533852
247852,26.625,24.731323,-1.8936767578125,-7.112400968309859
105956,4.49,12.903242,8.413242111206054,187.3773298709589
36364,1.75,2.1041348,0.35413479804992676,20.23627417428153
28833,3.47,14.531283,11.061283378601074,318.7689734467168
54358,79.99,38.942776,-41.047224273681636,-51.31544477269864
88616,12.99,11.814351,-1.1756489181518557,-9.0504150743022
126191,4.32,12.533833,8.213832550048828,190.13501273261176
110713,11.45,10.565775,-0.8842250823974602,-7.722489802597907
137436,3.69,15.839743,12.149742660522461,329.2613187133458
217559,3.99,5.1715007,1.1815006828308103,29.61154593560928
172341,2.97,9.435392,6.4653923797607415,217.68997911652326
10682,27.93,10.533634,-17.396365814208984,-62.28559188760825
170902,8.49,8.146661,-0.34333919525146506,-4.044042346895937
37263,24.34,13.888136,-10.45186408996582,-42.94110143782178
212671,13.85,12.439462,-1.410538291931152,-10.184391999502902
63585,5.84,8.604485,2.764484558105469,47.33706435112104
45408,5.16,19.438782,14.27878173828125,276.72057632328
250774,29.98,23.528286,-6.451714019775391,-21.520060105988627
79135,12.05,11.876432,-0.17356758117675852,-1.440394864537415
236496,2.29,5.250455,2.9604549026489257,129.27750666589196
251215,34.97,8.573368,-26.396631927490233,-75.48364863451596
225550,13.489999999999998,10.68548,-2.804519882202147,-20.78962106895587
10389,17.99,13.899818,-4.090181579589842,-22.73586203218367
78158,15.81,16.348148,0.5381483459472651,3.403847855453922
33659,6.81,29.149496,22.339496078491212,328.0395899925288
207876,14.99,12.267917,-2.722083320617676,-18.15932835635541
157717,19.99,24.89885,4.908849487304689,24.556525699373132
88144,4.640000000000001,6.552079,1.9120792007446283,41.208603464323886
74917,16.99,29.236166,12.246166000366213,72.07866980792357
23344,5.085,10.495645,5.410644569396973,106.4040229969906
80039,11.58,12.501108,0.921108169555664,7.954301982345975
249114,31.995,16.074785,-15.920214767456056,-49.758445905472904
109737,102.99,20.109293,-82.8807070159912,-80.47451890085563
110478,41.35,23.142868,-18.207131958007814,-44.03175806047839
78153,7.97,8.781734,0.8117344665527346,10.184874109821012
204027,8.64,59.020206,50.380206451416015,583.1042413358334
112197,45.99,12.659001,-33.33099864959717,-72.47444803130499
99711,29.590000000000003,10.759788,-18.830212440490726,-63.637081583273826
219118,32.99,31.632893,-1.3571073913574239,-4.113693214178308
31249,11.99,14.230394,2.24039436340332,18.68552429860984
123283,20.99,24.53153,3.541530380249025,16.872464889228326
68073,13.14,24.821428,11.681428298950195,88.8997587439132
59540,28.0,24.872763,-3.127237319946289,-11.16870471409389
204061,8.0,5.484152,-2.515848159790039,-31.44810199737549
134045,8.79,15.709574,6.91957374572754,78.7209754917809
195066,10.47,17.161348,6.691348342895507,63.90972629317581
271493,10.92,24.497313,13.577312545776367,124.33436397231105
268627,5.96,10.57822,4.618220367431641,77.48691891663827
215366,2.18,6.737731,4.557730979919434,209.07022843667127
64620,7.385,12.06188,4.676880111694336,63.32945310351167
230970,20.98,23.68606,2.706059951782226,12.898283850248932
64958,12.99,14.4848995,1.4948995208740232,11.508079452455913
65468,49.99,33.240124,-16.749876251220705,-33.506453793200045
170107,4.49,3.8139796,-0.6760203742980959,-15.056133057864052
109536,32.75,15.952114,-16.79788589477539,-51.29125464053554
93221,40.84,15.9494,-24.890600051879886,-60.94662108687533
145157,46.64,62.64075,16.000750885009765,34.30692728346862
276284,3.99,7.11495,3.1249501800537107,78.31955338480478
203198,8.99,12.130197,3.1401965713500974,34.929883997220216
191620,17.985,12.086553,-5.898447380065917,-32.79648251357196
14553,11.5,12.076566,0.5765657424926758,5.013615152110225
156575,94.525,10.320184,-84.20481624603272,-89.08205897490899
262619,0.99,8.799242,7.80924201965332,788.8123252175071
96631,1.98,2.7314599,0.7514598560333252,37.95251798148107
281560,1.325,6.256152,4.9311521530151365,372.16242664265184
16383,35.315,9.628499,-25.686500968933103,-72.73538430959395
220996,4.22,5.3878036,1.1678035545349124,27.673070012675648
229857,22.99,7.759166,-15.230834236145018,-66.24982268875607
251704,21.99,21.335218,-0.6547815704345687,-2.9776333353095445
212806,9.95,9.912199,-0.0378009796142571,-0.37990934285685535
234103,13.63,10.5237,-3.106300239562989,-22.790170503029998
29972,7.49,7.183609,-0.3063909912109377,-4.090667439398367
20111,79.99,18.431702,-61.558298339843745,-76.95749261138111
26909,4.755,4.628387,-0.1266130256652831,-2.6627345040017474
227539,17.98,16.584055,-1.3959450531005864,-7.763876824808601
241437,1.72,5.1441064,3.4241063880920413,199.0759527960489
249501,11.18,5.911213,-5.268787078857422,-47.126896948635256
53207,11.99,12.764259,0.774259338378906,6.457542438522985
213589,14.49,16.18817,1.698169479370117,11.719596130918681
24383,55.695,16.525291,-39.16970855712891,-70.32894973898718
46591,9.68,10.501133,0.8211329650878909,8.48277856495755
147237,81.92,85.196266,3.2762661743164045,3.9993483573198296
70613,7.34,11.431981,4.091981086730957,55.749061127124754
61212,11.985,9.6515255,-2.333474502563476,-19.46995830257385
128098,28.56,10.483733,-18.07626682281494,-63.29225078016436
210058,65.95,32.48553,-33.46446914672852,-50.742182178511776
99153,23.805,9.923246,-13.881753616333008,-58.314444933135924
9055,24.79,21.531706,-3.258294143676757,-13.143582669127701
15780,4.99,8.106663,3.1166627502441404,62.45817134757796
211477,26.99,23.962479,-3.027521362304686,-11.21719659986916
194845,6.8950000000000005,2.9526494,-3.942350645065308,-57.17694916700954
197759,12.27,9.305366,-2.9646344375610347,-24.161649857873144
67157,11.44,5.636166,-5.803833904266357,-50.73281384848214
109691,16.18,25.194405,9.014404602050782,55.713254648027075
185936,5.6,10.083915,4.483914756774903,80.06990637098042
132536,10.205,9.941907,-0.2630930709838868,-2.578080068435931
116818,1.14,18.4268,17.28679977416992,1516.3859451026249
160646,21.99,12.6711855,-9.31881450653076,-42.377510261622376
137145,14.21,8.894637,-5.31536289215088,-37.405790937022374
124603,37.98,33.99197,-3.9880299377441375,-10.500342121495887
113545,43.19,25.477888,-17.712111892700193,-41.009752009030315
25771,5.34,5.1924334,-0.14756664276123033,-2.7634202764275346
278671,18.59,15.685656,-2.9043444061279295,-15.623154417041041
201477,38.49,31.36972,-7.120279541015627,-18.49903751887666
42848,6.07,10.391911,4.321910552978515,71.20116232254556
227836,5.49,3.493894,-1.9961058998107912,-36.358941708757584
148106,25.29,30.68078,5.390780410766602,21.31585769381812
229959,14.99,17.816397,2.8263967132568357,18.85521489831111
222755,36.47,7.1494484,-29.32055160522461,-80.39635756847987
105225,9.99,16.091583,6.101583251953125,61.0769094289602
151349,33.83,47.865704,14.035703582763674,41.488925754548255
171653,10.59,9.507779,-1.082220878601074,-10.219271752606932
102991,59.99,33.20265,-26.787351837158205,-44.653028566691454
137560,13.99,15.194513,1.2045133209228513,8.609816446911017
224887,9.88,10.992876,1.1128760528564445,11.263927660490328
42003,14.495,18.01228,3.5172795104980477,24.26546747497791
95961,45.68,43.131615,-2.548385314941406,-5.578776959153691
142541,34.81,34.230824,-0.5791764831542991,-1.6638221291419106
201209,19.95,34.646343,14.696343231201173,73.66588085815124
173236,3.99,3.9114199,-0.07858013153076193,-1.9694268554075671
213366,29.99,32.11074,2.1207406616210953,7.071492702971309
139378,18.77,20.654612,1.8846115875244145,10.040551878126875
113582,27.95,14.8402,-13.109799575805663,-46.9044707542242
129998,19.99,18.280777,-1.709223022460936,-8.550390307458409
155612,9.3,16.621187,7.321187210083007,78.72244311917211
212291,5.79,6.862362,1.0723619079589843,18.5209310528322
14004,16.909999999999997,23.48632,6.576320495605472,38.890127117714215
286077,5.84,4.470186,-1.369813766479492,-23.455715179443356
160043,3.485,4.68438,1.199380054473877,34.41549654157466
192553,7.79,11.68098,3.8909797286987304,49.94839189600424
41255,8.95,8.528211,-0.421789360046386,-4.712730279847889
271620,17.09,16.104496,-0.9855039978027342,-5.766553527224893
197103,37.99,20.182926,-17.807073822021486,-46.873055598898354
285741,10.63,18.18703,7.557030792236327,71.09154084888361
63066,17.99,17.901737,-0.08826278686523281,-0.4906213833531563
128537,130.05,80.3436,-49.706402587890636,-38.22099391610199
247134,6.34,4.7761436,-1.5638564491271971,-24.666505506738126
53950,15.92,10.365124,-5.554876251220703,-34.892438763949144
299322,8.47,10.102947,1.6329472351074212,19.279188135860934
2601,97.46,59.969135,-37.490864715576166,-38.46795066240116
118473,18.99,15.822985,-3.167015304565428,-16.67727911830136
252560,16.44,14.850257,-1.5897430801391614,-9.669970073839181
36162,4.890000000000001,7.147645,2.257644996643066,46.168609338304
42826,2.38,12.095426,9.715425605773927,408.21115990646757
133459,34.29,16.47304,-17.816960372924804,-51.95963946609742
91613,20.27,22.43843,2.168430786132813,10.697734514715407
212491,10.39,11.146676,0.7566760635375971,7.282734009024034
137260,5.59,9.279193,3.689192924499512,65.99629560822025
239338,7.0,9.147648,2.1476478576660156,30.680683680943083
132953,55.0,16.323387,-38.676612854003906,-70.32111428000711
56816,22.5,19.266554,-3.2334461212158203,-14.370871649848091
100503,15.28,13.335186,-1.9448139953613275,-12.727840283778322
230029,27.38,18.522295,-8.857705001831054,-32.351004389448704
290700,4.99,21.259018,16.269017944335936,326.0324237341871
238234,40.87,36.52876,-4.341240997314451,-10.622072418190484
82393,22.99,8.366094,-14.623906364440916,-63.6098580445451
53039,12.99,13.106659,0.11665893554687479,0.8980672482438397
47959,58.15,11.638786,-46.51121368408203,-79.98489025637494
101318,17.16,15.950232,-1.2097684478759767,-7.049932679929934
34878,5.43,15.156746,9.726745910644532,179.12975894372985
270224,11.195,6.090862,-5.104138202667237,-45.593016549059726
60190,75.77,17.651035,-58.118964691162105,-76.70445386190063
88551,27.99,10.4995775,-17.490422477722166,-62.48811174605991
110579,224.94,96.53457,-128.4054312133789,-57.08430302008487
87436,22.32,21.19705,-1.122949905395508,-5.03113756897629
80318,26.24,37.156166,10.916166076660158,41.60124267019877
213673,16.95,8.395298,-8.554701995849609,-50.47021826459947
175565,28.67,8.616292,-20.053708000183107,-69.94666201668332
228068,82.26,39.52188,-42.73811889648438,-51.95492207206951
233149,34.065,11.771172,-22.29382843017578,-65.44496823770962
239780,45.75,35.63696,-10.113040924072266,-22.105007484310963
15202,22.99,13.292334,-9.697666397094725,-42.18210699040768
38813,5.79,10.799745,5.009744606018066,86.5240864597248
274392,41.99,29.644243,-12.345756759643557,-29.401659346614807
233088,46.99,13.132206,-33.857794036865236,-72.0531901188875
137641,8.66,19.757225,11.097225036621094,128.14347617345373
63017,15.489999999999998,17.844936,2.354936370849611,15.202946228854817
174520,13.12,12.2360115,-0.8839884948730461,-6.737717186532365
288118,21.95,22.484308,0.5343082427978523,2.434206117530079
252625,16.22,12.745576,-3.4744240951538075,-21.420617109456273
141968,64.99,35.72795,-29.262048950195307,-45.02546384089138
199357,13.63,13.107894,-0.5221060562133797,-3.8305653427247224
168693,9.42,6.9297028,-2.4902972412109374,-26.43627644597598
58079,46.0,13.196972,-32.80302810668945,-71.3109306667162
20992,54.27,56.803635,2.5336346435546844,4.668573140878357
148069,31.49,19.601284,-11.888715972900389,-37.75394084757189
225294,30.05,10.3435135,-19.70648651123047,-65.57899005401154
143132,4.98,10.042251,5.062250633239746,101.65161914136034
150987,5.99,5.7356195,-0.25438045501709006,-4.246752170569116
119531,31.94,21.281471,-10.658528747558595,-33.37047197106636
21017,50.19,53.260544,3.0705438232421898,6.117839855035246
20397,7.99,12.5275,4.53750015258789,56.78973908120013
221109,3.88,3.7166066,-0.16339338302612294,-4.211169665621725
58630,1.67,3.23955,1.5695501136779786,93.98503674718435
125996,16.31,20.209093,3.8990930938720716,23.906150177020674
10305,141.41,51.213276,-90.19672409057617,-63.783837133566344
82690,1.99,5.8394265,3.849426517486572,193.43851846666192
232297,33.0,20.218895,-12.781105041503906,-38.730621337890625
216043,148.98,41.24561,-107.73439071655272,-72.31466687914669
1467,72.8,57.145206,-15.654793548583982,-21.503837292010964
295447,78.37,30.838528,-47.531472320556645,-60.650085900927195
57802,10.38,11.925689,1.5456887435913078,14.891028358297762
218475,15.18,13.6086235,-1.5713764953613278,-10.35162381660954
227485,32.99,25.544098,-7.445902099609377,-22.570179144011448
62446,24.99,17.185143,-7.804857482910155,-31.23192270072091
180955,10.95,13.049626,2.0996263504028327,19.174669866692536
66027,14.99,14.159891,-0.8301088714599612,-5.537750977051108
280376,42.99,42.592678,-0.3973219299316426,-0.9242194229626485
170329,45.0,20.665648,-24.334352493286133,-54.076338873969185
208177,10.0,20.056026,10.056026458740234,100.56026458740234
4961,43.99,13.424737,-30.565263023376467,-69.48229830274259
177347,13.99,15.771811,1.7818105316162107,12.736315451152327
180845,35.99,36.2024,0.21240020751952926,0.5901645110295339
234584,18.99,17.122622,-1.8673784637451156,-9.833483221406611
69173,25.31,25.476076,0.1660761260986341,0.6561680209349431
63905,5.96,14.373097,8.413097419738769,141.1593526801807
7143,86.965,64.18612,-22.77888092041016,-26.1931592254472
105623,2.85,4.9871264,2.137126350402832,74.98688948781866
233949,40.89,35.795532,-5.094467773437501,-12.458957626406212
134394,2.19,2.0631332,-0.1268667602539062,-5.793002751319918
91029,2.9400000000000004,4.0735354,1.1335354423522945,38.555627290894364
254763,5.285,6.0146,0.7295998001098631,13.805105016269877
292361,13.48,15.750423,2.270423431396484,16.84290379374246
272916,5.29,6.853641,1.5636410331726074,29.558431628971782
174570,8.09,10.767341,2.677340660095215,33.094445736652844
197626,12.48,13.694556,1.2145562362670894,9.732021123935011
247844,22.99,48.271557,25.28155685424805,109.9676244203917
19366,26.14,30.633018,4.493018493652343,17.18828803998601
259344,15.75,13.059011,-2.690988540649414,-17.085641527932786
42071,6.06,12.007278,5.947278442382813,98.13990829014544
126571,9.5,6.5285683,-2.9714317321777344,-31.278228759765625
46890,29.99,33.06629,3.076291809082033,10.257725272030786
86032,21.69,19.594526,-2.0954737091064466,-9.661012951159273
121239,12.95,6.0141206,-6.93587942123413,-53.5589144496844
40054,4.94,8.071912,3.131911811828613,63.39902453094357
55992,4.89,11.076383,6.186382637023926,126.51089237267743
106653,39.99,23.515709,-16.47429107666016,-41.19602669832497
185299,1.0,20.531324,19.53132438659668,1953.132438659668
201908,35.0,17.95586,-17.044139862060547,-48.69754246303014
153286,51.7,37.637276,-14.062724304199222,-27.200627280849552
50099,19.44,46.03082,26.590818939208983,136.78404804119845
228318,29.99,38.173347,8.183347473144533,27.286920550665332
78307,6.04,6.9562607,0.9162606811523437,15.169878827025556
134727,19.49,17.80838,-1.6816198730468734,-8.628116331692528
246631,24.99,18.022444,-6.967556228637694,-27.881377465536993
236976,4.49,8.779601,4.289601097106933,95.53677276407424
166035,3.29,3.7912679,0.5012678718566894,15.23610552755895
253163,8.629999999999999,9.456452,0.8264523696899424,9.57650486315113
283906,30.255000000000003,27.541649,-2.713351135253909,-8.968273459771636
156680,3.18,23.816708,20.636707611083985,648.9530695309429
154377,35.39,20.377533,-15.012467041015626,-42.42008205994808
198816,4.39,19.238167,14.84816680908203,338.2270343754449
210022,11.97,14.106893,2.136892585754394,17.85206838558391
36015,20.845,35.390316,14.545316009521486,69.7784409187886
217769,5.74,11.413908,5.673908004760742,98.84857151151118
56472,10.33,15.208103,4.8781031799316406,47.222683252000394
298535,27.46,21.624655,-5.83534523010254,-21.250346795712087
107995,34.81,30.14979,-4.660210189819338,-13.3875615909777
153852,10.99,14.571702,3.5817020034790037,32.59055508170158
232332,16.99,15.0491905,-1.940809478759764,-11.423245902058648
293959,23.9,19.568735,-4.3312648773193345,-18.122447185436545
30537,6.69,8.634458,1.9444575881958004,29.065135847470856
11811,18.17,14.109121,-4.060878677368166,-22.34935980940102
87061,36.95,24.561668,-12.388331604003909,-33.527284449266325
221426,15.99,14.271238,-1.718761672973633,-10.748978567690012
168942,10.98,14.346174,3.3661742401123043,30.65732459118674
7525,7.69,3.632278,-4.057722034454346,-52.76621631280034
87982,10.48,8.785915,-1.694084625244141,-16.164929630192184
153694,5.72,10.827812,5.107812194824219,89.2974159934304
228132,29.65,31.91737,2.2673698425292983,7.647115826405729
151406,6.98,6.846321,-0.13367889404296918,-1.9151704017617361
161536,99.19,12.044011,-87.14598888397217,-87.8576357334128
176020,2.585,6.2387085,3.65370849609375,141.34268843689554
178875,29.99,25.700125,-4.2898752593994125,-14.304352315436523
52159,46.89,16.950771,-29.93922866821289,-63.84992251698207
149269,34.5,34.562042,0.062042236328125,0.17983256906702896
31098,43.23,18.898754,-24.33124588012695,-56.28324284091361
174500,22.99,27.114262,4.124261627197267,17.93937201912687
236941,9.98,11.528195,1.5481953811645504,15.51297977118788
199764,2.005,5.343957,3.3389569473266603,166.53151856990826
128142,8.76,18.94251,10.182510604858399,116.23870553491322
258528,10.575,14.351118,3.7761180877685554,35.707972461168374
159995,17.05,16.900965,-0.14903526306152415,-0.874107114730347
240161,18.81,20.330582,1.5205816650390638,8.083900398931759
114537,5.49,6.022001,0.5320007896423338,9.690360467073475
40389,23.02,12.508134,-10.51186611175537,-45.66405782691299
1230,23.13,17.805515,-5.324484710693358,-23.01982149024366
147196,28.99,18.324982,-10.665018310546873,-36.788610936691526
199656,9.08,4.4922686,-4.5877314376831055,-50.52567662646592
174650,9.23,12.225709,2.995708961486816,32.45621843431003
125672,11.99,27.831295,15.841295013427734,132.12089252233307
146729,18.55,19.369387,0.8193866729736321,4.417178830046534
123845,18.99,24.16924,5.1792409515380875,27.2735173856666
220330,11.98,12.608896,0.6288962554931636,5.24955138141205
27942,10.99,10.102172,-0.8878281021118166,-8.078508663437823
252416,38.89,13.264351,-25.62564910888672,-65.89264363303347
68544,21.99,24.964403,2.974403152465822,13.526162585110605
61688,7.715,5.780992,-1.9340079689025877,-25.068152545723756
273178,15.72,16.80901,1.0890095520019525,6.927541679401733
276198,7.99,8.018045,0.02804542541503885,0.35100657590787043
162072,1.69,4.1273904,2.4373903846740723,144.224283116809
236613,33.0,20.3535,-12.646499633789062,-38.322726162997164
275197,12.02,8.174554,-3.8454461288452144,-31.992064299876994
9526,6.0,27.374853,21.374853134155273,356.24755223592126
19516,16.82,21.430384,4.610383682250976,27.41012890755634
20916,33.5,32.222614,-1.2773857116699219,-3.813091676626632
208796,5.99,17.65764,11.66764045715332,194.78531648002203
75676,3.29,12.549588,9.259588203430177,281.446449952285
165738,17.98,14.5259,-3.4541001129150395,-19.210790394410676
161288,176.7,24.974464,-151.72553558349608,-85.86617746660787
160857,5.49,5.0469904,-0.44300960540771506,-8.06939171963051
146225,54.61,10.029126,-44.580873832702636,-81.63500060923391
221827,39.9,15.729801,-24.170198822021483,-60.57693940356261
286458,16.46,13.662682,-2.797318420410157,-16.994644109417724
51309,49.95,48.656635,-1.2933647155761747,-2.5893187499022514
295936,23.12,8.8875885,-14.232411499023438,-61.55887326567231
34873,78.95,28.920143,-50.0298568725586,-63.36903973724964
29690,1.08,8.127813,7.047813339233398,652.5753091882776
290095,27.94,5.7992554,-22.14074462890625,-79.24389630961434
112795,4.78,7.209305,2.4293048095703123,50.82227635084335
30688,4.99,4.560498,-0.42950176239013693,-8.607249747297333
96823,1.79,2.2406054,0.450605354309082,25.1734834809543
210781,14.95,15.883863,0.9338634490966804,6.246578254827294
49053,27.24,12.567914,-14.67208599090576,-53.862283373369166
272617,9.495,11.904021,2.4090212631225594,25.371471965482463
74292,22.74,22.111477,-0.6285231018066391,-2.7639538338022827
155732,0.99,1.1634574,0.17345739364624024,17.52094885315558
229967,34.99,24.797413,-10.192587127685549,-29.130000364920118
234674,54.82,40.522934,-14.297066040039063,-26.08001831455502
180507,21.25,22.914072,1.664072036743164,7.830927231732537
190738,1.78,7.460763,5.680762977600097,319.14398750562344
99561,26.99,34.985363,7.995363006591798,29.62342721968062
37415,5.055,9.154107,4.099107093811035,81.09015022375937
115563,3.73,3.7088432,-0.021156768798828107,-0.5672055978238099
149745,27.61,28.279827,0.6698271179199224,2.42603085085086
252369,13.46,14.186241,0.7262411499023429,5.395550890804925
201855,19.99,38.47446,18.484460601806642,92.46853727767206
181008,10.0,34.569344,24.56934356689453,245.6934356689453
35911,2.39,4.422274,2.032274112701416,85.0323896527789
249257,14.99,14.036272,-0.9537279510498049,-6.362427958971346
190917,11.0,14.797677,3.7976770401000977,34.52433672818271
220814,12.99,32.981514,19.99151397705078,153.89926079330854
297464,44.92,18.013046,-26.906953735351564,-59.89971891218069
105583,28.99,22.114155,-6.87584518432617,-23.71798959753767
116898,22.02,24.828,2.807999114990235,12.75203957761233
118329,25.9,70.833855,44.93385467529297,173.48978639109257
235383,31.15,35.299572,4.149571990966798,13.32125839796725
78030,26.655,10.755589,-15.89941146850586,-59.64888939600773
154145,3.255,6.9768424,3.7218424034118653,114.34231654107114
23707,18.1,53.3352,35.23520126342773,194.66962023993221
147332,51.77,48.902443,-2.867557067871097,-5.539032389165727
290164,46.355,17.506447,-28.84855316162109,-62.23396216507624
54822,5.39,7.3288765,1.9388764953613284,35.971734607816856
239522,19.99,18.056185,-1.9338152313232406,-9.67391311317279
25708,3.98,12.787635,8.80763484954834,221.29735802885273
99242,5.07,7.3695564,2.299556427001953,45.35614254441721
287784,13.99,15.237396,1.2473962402343748,8.916341960217117
247195,32.46,31.58358,-0.8764199829101571,-2.699999947351069
33515,8.37,7.334544,-1.0354558181762687,-12.37103725419676
264530,8.975,7.3157787,-1.659221267700195,-18.487145044013314
147107,2.87,4.6989946,1.8289946365356444,63.72803611622454
151526,10.99,9.087102,-1.9028980636596682,-17.314814046038837
222080,26.33,22.68684,-3.6431599426269514,-13.83653605251406
140861,6.64,3.9265714,-2.713428630828857,-40.86488901850689
261868,6.49,8.390181,1.9001805877685545,29.2785914910409
266015,34.74,5.8566065,-28.88339351654053,-83.14160482596581
44563,3.98,6.9956317,3.015631694793701,75.76964057270607
152619,4.745,3.4833798,-1.26162015914917,-26.58841220546196
22614,43.99,31.736935,-12.253065338134768,-27.85420626991309
267173,6.22,17.059998,10.839997558593751,174.2764880802854
5691,16.68,9.296701,-7.383298568725586,-44.26437990842677
13540,10.75,9.9958,-0.7541999816894531,-7.015813783157704
186473,19.3,12.205963,-7.094036865234376,-36.7566676955149
83241,29.12,21.110147,-8.009852523803712,-27.506361688886372
147754,30.83,28.920599,-1.9094010162353499,-6.193321492816574
216874,27.49,13.35166,-14.138340225219725,-51.430848400217265
56349,3.175,2.622723,-0.5522768974304197,-17.3945479505644
135625,16.49,17.731928,1.2419278717041031,7.531400070976975
115464,71.99,11.5260935,-60.4639065170288,-83.98931312269595
49025,14.64,14.521921,-0.1180788421630865,-0.8065494683270936
100763,39.25,26.224524,-13.025476455688477,-33.18592727563943
59995,3.72,6.0026903,2.282690315246582,61.36264288297263
118449,1.88,5.586649,3.706648941040039,197.1621777148957
274118,17.485,6.360761,-11.124238834381103,-63.62161186377525
272517,22.03,16.07477,-5.955230026245118,-27.03236507601052
134465,8.0,20.584763,12.584762573242188,157.30953216552734
5677,81.47,5.50074,-75.96925994873047,-93.24814035685586
47137,7.69,9.577467,1.8874669647216793,24.54443387154329
9193,6.24,14.085962,7.845962295532226,125.73657524891388
48851,18.5,14.056856,-4.443143844604492,-24.016993754618877
152542,35.41,39.894386,4.48438629150391,12.664180433504404
64184,8.6,12.907853,4.307853126525879,50.09131542471953
44083,5.46,12.7179575,7.257957496643066,132.92962448064225
9467,6.38,4.5165067,-1.8634933280944823,-29.20835937452167
52418,19.74,17.751516,-1.9884836578369125,-10.073372126833398
296406,5.325,5.630758,0.30575780868530256,5.741930679536198
131317,14.99,12.863621,-2.1263792419433596,-14.185318491950364
266006,20.81,19.848598,-0.9614015197753893,-4.61990158469673
101295,235.78,110.99032,-124.78968170166016,-52.92632186854702
16576,17.12,15.186018,-1.9339820098876963,-11.296623889530935
49950,5.555,6.1919975,0.6369975280761722,11.467102215592659
250748,18.89,19.100914,0.21091400146484318,1.1165378584692598
263838,39.99,16.331976,-23.658024063110354,-59.159850120305954
166915,28.2,41.177166,12.977165985107423,46.018319096125616
142035,51.77,50.663635,-1.1063647460937531,-2.1370769675367067
248982,23.89,25.952864,2.062863693237304,8.63484174649353
268392,38.99,9.158722,-29.831278076171877,-76.51007457340825
42149,31.355,28.189417,-3.165583114624024,-10.095943596313264
209916,16.0,35.21135,19.211349487304688,120.0709342956543
106504,16.99,10.6087885,-6.381211509704588,-37.55863160508881
179717,82.9,22.250647,-60.64935340881348,-73.15965429289925
283180,19.595,33.061306,13.46630599975586,68.72317427790692
275424,37.63,41.078453,3.448453063964841,9.164105936659157
141396,8.26,10.791696,2.531695594787598,30.650067733506027
172665,1.91,5.6575537,3.747553672790527,196.20699857542027
246284,63.36,28.558867,-34.80113349914551,-54.926031406479645
74127,10.99,11.581686,0.5916860198974607,5.383858233825848
79990,2.28,9.710243,7.430243225097657,325.88786074989724
241757,5.69,14.060558,8.370558319091796,147.1099880332477
40980,7.49,8.096212,0.6062123870849607,8.093623325566899
146987,86.91,53.10591,-33.804088745117184,-38.89551115535287
298820,15.47,32.438828,16.96882751464844,109.68860707594337
146059,39.71,53.96212,14.252120056152343,35.89050631113659
187402,59.36,48.69635,-10.66364990234375,-17.964369781576398
84632,4.82,16.678766,11.858766250610351,246.0324948259409
83161,8.940000000000001,7.346799,-1.5932011032104505,-17.821041422935686
137094,4.36,3.7840867,-0.5759132957458499,-13.209020544629585
95015,9.98,9.047606,-0.9323935317993168,-9.34262055911139
134160,19.8,13.885551,-5.914448547363282,-29.870952259410515
98902,7.41,4.7833996,-2.6266004180908205,-35.44669929947126
198814,19.99,18.27391,-1.716089477539061,-8.584739757574091
297451,163.88,77.71489,-86.16511047363281,-52.57817334246572
280089,7.675,20.984318,13.309317779541015,173.4113065738243
94995,8.39,8.910488,0.5204881286621088,6.203672570466136
173060,7.29,7.9038143,0.6138143157958984,8.419949462220828
163559,3.99,7.6713676,3.6813676452636717,92.26485326475367
188896,26.99,23.313951,-3.676048507690428,-13.62003893179114
97723,3.99,16.321371,12.33137107849121,309.0569192604313
214990,36.04,18.665369,-17.374630966186523,-48.20929790839768
88651,6.89,14.35133,7.461329803466797,108.29215970198544
59993,4.04,18.759007,14.719006500244141,364.33184406544905
235751,6.16,13.235453,7.075452651977539,114.86124435028474
136798,28.35,15.234661,-13.11533889770508,-46.26221833405671
197121,12.95,19.712658,6.762657928466798,52.22129674491735
212744,17.99,11.862548,-6.127452125549315,-34.06032309921798
77778,8.56,15.331661,6.771661224365234,79.10819187342562
243953,34.99,20.244888,-14.74511169433594,-42.14093082119445
119971,2.64,3.3182802,0.6782802200317382,25.692432576959778
281633,18.495,16.990643,-1.5043574523925791,-8.133860245431626
260813,5.99,8.270746,2.2807462310791013,38.075897013006696
130136,33.0,16.021856,-16.9781436920166,-51.44892027883819
77635,7.92,9.047789,1.1277886199951173,14.239755302968652
230609,80.79,8.458012,-72.33198837280274,-89.5308681430904
218066,2.08,10.745725,8.66572467803955,416.62137875190143
228153,8.81,8.081297,-0.7287030792236333,-8.271317584831252
279599,9.75,7.7607765,-1.9892234802246094,-20.40229210486779
27334,5.99,4.494868,-1.4951321983337404,-24.960470756823714
283793,22.485,14.2555065,-8.22949348449707,-36.599926548797285
53923,58.99,19.93466,-39.05534004211426,-66.20671307359596
228218,11.75,8.495295,-3.2547054290771484,-27.69962067299701
220733,14.99,34.331097,19.34109664916992,129.0266621025345
264003,21.175,8.948326,-12.226673889160157,-57.74108094054383
75166,12.14,11.602699,-0.5373007202148443,-4.4258708419674155
135364,6.24,4.46813,-1.7718698883056643,-28.395350774129234
93156,0.59,6.059678,5.469678077697754,927.0640809657211
30723,19.99,14.21024,-5.779759635925291,-28.913254807029976
94988,41.72,8.63487,-33.08513042449951,-79.30280542785117
100853,36.85,54.97842,18.128420257568358,49.19517030547723
65481,22.99,27.383217,4.393216857910158,19.1092512305792
222733,17.99,10.637944,-7.352055778503416,-40.867458468612654
106984,8.94,11.423264,2.483263549804688,27.77699720139472
177077,49.53,21.612856,-27.91714408874512,-56.36411081919063
227241,1.67,8.349646,6.6796456146240235,399.97877931880384
170829,6.34,7.5904217,1.2504216766357423,19.722739379112657
23803,24.99,14.819658,-10.170341720581053,-40.6976459407005
247297,30.98,33.814163,2.834163208007812,9.148364131723085
257427,7.99,10.723667,2.7336671447753904,34.21360631758937
116750,28.5,24.829052,-3.670948028564453,-12.880519398471765
145087,34.81,42.74503,7.935029449462888,22.795258401214845
116763,9.99,9.771094,-0.21890567779541037,-2.1912480259800837
55848,55.995,28.834833,-27.160166854858396,-48.5046287255262
105502,17.49,10.047572,-7.4424278640747055,-42.552474923240176
211178,29.95,17.556917,-12.393082809448241,-41.37924143388395
268275,8.0,5.979351,-2.020648956298828,-25.25811195373535
208170,14.99,15.517328,0.5273282623291013,3.5178669935230245
83553,6.0,11.750812,5.750811576843262,95.84685961405435
228756,5.31,7.0015717,1.691571655273438,31.856340023981883
201327,9.97,18.672895,8.702895431518554,87.29082679557226
283081,20.12,31.102207,10.98220718383789,54.5835347109239
233485,31.33,33.70639,2.3763903808593767,7.585031538012693
186213,5.99,5.25589,-0.7341101074218752,-12.255594447777549
140331,1.0,14.154117,13.1541166305542,1315.41166305542
274968,6.69,10.631218,3.9412179565429684,58.91207707837023
137453,12.69,8.917213,-3.7727865600585933,-29.730390544196954
176780,37.46,22.935165,-14.524834594726563,-38.77425145415527
246304,41.74,26.490654,-15.249346008300783,-36.53413035050499
127651,16.99,17.435022,0.4450223541259781,2.619319329758553
149072,15.99,6.963305,-9.026695003509522,-56.45212635090382
94884,3.58,4.089784,0.5097841453552245,14.23978059651465
293077,2.96,7.3974934,4.437493362426758,149.91531629820128
100512,10.745,8.4562845,-2.2887154769897453,-21.30028363880638
41118,26.96,25.869774,-1.090226135253907,-4.043865486846836
143718,32.2,36.317886,4.11788635253906,12.788466933351117
222862,15.99,18.201168,2.211168060302734,13.828443153863255
4510,10.33,9.0728245,-1.257175521850586,-12.170140579386118
240682,14.99,17.46027,2.4702699279785154,16.479452488182226
9056,6.140000000000001,8.603203,2.463202819824218,40.11730976912407
270076,3.99,8.116079,4.126079330444336,103.41050953494575
219826,5.99,6.7014456,0.7114455795288084,11.877221694971759
237936,19.99,11.947316,-8.042683830261229,-40.233535919265776
57586,46.19,46.94078,0.7507806396484398,1.6254181416939593
204568,8.3,11.330894,3.030894470214843,36.51680084596196
46496,4.16,4.8994737,0.7394736671447752,17.77580930636479
236877,11.82,16.107943,4.2879425811767575,36.27700999303517
61076,50.49,20.618595,-29.871404876708986,-59.16301223352938
124174,3.89,6.9920006,3.1020005798339843,79.74294549701759
60778,5.99,4.988995,-1.0010049247741701,-16.711267525445244
105498,7.59,11.426256,3.8362561798095705,50.54355968128551
151999,29.97,30.234985,0.26498535156250114,0.8841686738822194
94953,2.5,6.0683746,3.5683746337890625,142.7349853515625
121191,14.95,19.090551,4.140551376342774,27.69599582837976
124483,39.99,45.158245,5.16824508666992,12.9238436775942
56061,16.99,22.640785,5.650785217285158,33.259477441348785
151398,8.6,8.748695,0.1486953735351566,1.7290159713390305
137176,32.79,21.827408,-10.962592163085937,-33.432729988063244
228414,27.44,34.338917,6.898916778564452,25.14182499476841
92532,40.89,36.63229,-4.257710113525391,-10.41259504408264
146946,9.99,13.5186825,3.5286824798583982,35.32214694552951
106361,32.34,18.24517,-14.094829406738285,-43.58326965596253
90138,14.99,8.319574,-6.670425643920899,-44.499170406410265
47496,29.99,13.132843,-16.857156982421873,-56.209259694637794
264454,1.33,9.78497,8.4549702835083,635.7120513916016
111425,4.89,12.353822,7.463821754455567,152.63439170665782
142746,34.5,39.10231,4.6023101806640625,13.340029509171195
6566,3.65,7.473689,3.823689079284668,104.75860491190872
184244,7.58,9.236938,1.6569384765625,21.85934665649736
230129,23.91,20.799225,-3.110775146484375,-13.010351930089397
12979,17.64,12.326783,-5.313216819763184,-30.12027675602712
232179,8.99,8.563752,-0.4262478256225588,-4.741355123721455
116040,12.99,11.33003,-1.6599695587158205,-12.778826472023253
281502,16.95,14.806933,-2.1430665969848626,-12.64346074917323
248228,12.78,11.575782,-1.2042181777954095,-9.422677447538415
164018,5.140000000000001,8.583311,3.4433110809326166,66.99048795588747
226190,33.52,20.262047,-13.25795318603516,-39.55236630678746
294230,1.865,7.78096,5.915960083007812,317.2096559253519
100375,3.785,11.522943,7.737942543029785,204.4370552980128
7910,14.45,8.092363,-6.357636642456054,-43.99748541492079
200774,17.98,13.676966,-4.303034286499024,-23.93233752224151
136417,2.28,2.774766,0.4947659683227541,21.700261768541846
260211,58.345,49.863815,-8.481184692382811,-14.53626650506952
18643,0.82,2.478547,1.6585470962524416,202.26184100639531
294794,2.535,5.2241,2.689100112915039,106.078899917753
278959,12.29,16.098743,3.808743438720704,30.990589411885306
56553,1.255,8.347223,7.092223281860352,565.1173929769204
3314,5.91,20.135435,14.225435104370117,240.70110159678708
192780,31.97,26.381128,-5.588871688842772,-17.48161303985853
83782,14.955000000000002,9.894372,-5.060628013610842,-33.83903720234598
290069,5.09,10.868388,5.778388175964356,113.52432565745296
17178,22.99,19.948765,-3.041235198974608,-13.228513262177502
172087,40.79,20.464575,-20.325425186157226,-49.82943168952495
2969,59.99,8.095147,-51.89485286712647,-86.50583908505828
254318,48.6,38.275173,-10.324826812744142,-21.24449961469988
235988,19.955,4.153403,-15.80159719467163,-79.18615482170699
4380,7.93,3.7457867,-4.1842133331298825,-52.764354768346564
176610,23.99,17.138075,-6.851925125122069,-28.561588683293326
161009,98.46,17.303741,-81.15625854492187,-82.42561298488916
81155,55.23,25.402733,-29.827267150878903,-54.00555341459153
143052,18.98,20.641945,1.6619448852539058,8.756295496595921
488,2.78,10.126874,7.346873970031739,264.27604208747266
3408,5.62,5.269219,-0.35078107833862315,-6.241656198196142
127849,30.99,12.580847,-18.409153213500975,-59.4035276331106
228253,9.98,15.465157,5.485156555175781,54.96148852881544
174370,12.9,9.004885,-3.8951152801513675,-30.194692094196647
196192,134.87,93.90442,-40.965581054687505,-30.374124011779863
206227,20.5,6.373117,-14.126883029937744,-68.91162453628168
231131,30.99,19.235054,-11.754945983886717,-37.93141653400038
186532,3.2,5.2393656,2.0393655776977537,63.730174303054795
278116,7.63,9.639475,2.009474868774414,26.336498935444485
242610,14.0,16.231298,2.2312984466552734,15.937846047537668
101239,11.95,13.70241,1.752409744262696,14.664516688390764
125351,19.07,19.99458,0.9245793151855466,4.848344599819332
280841,10.5,9.650556,-0.8494443893432617,-8.089946565173921
28291,2.59,3.1219049,0.5319048500061037,20.53686679560246
26380,44.89,18.237293,-26.652706756591797,-59.373372146562254
214518,24.98,16.4913,-8.488699417114258,-33.98198325506108
261154,3.0,5.508358,2.5083580017089844,83.61193339029947
47244,2.17,7.1301737,4.960173683166504,228.57943240398635
28892,72.19999999999999,16.114862,-56.08513755798339,-77.68024592518475
219268,3.44,14.887127,11.447126922607422,332.7653175176576
58523,17.57,18.14364,0.5736405181884763,3.264886273127355
69150,9.75,22.002556,12.252555847167969,125.66723945813301
50458,16.99,18.602358,1.6123578643798844,9.490040402471363
42979,8.84,23.237154,14.397154006958008,162.86373311038471
72923,4.99,29.32947,24.33946968078613,487.7649234626479
1624,50.1,38.456837,-11.643163299560548,-23.239846905310475
170555,8.745000000000001,11.349406,2.6044062423706045,29.78166086187083
267324,49.29,24.347748,-24.942252197265624,-50.60306795955696
117353,27.99,18.162966,-9.827034225463866,-35.109089765858755
206083,11.99,14.901591,2.9115913009643553,24.283497088943744
176693,59.97,30.95764,-29.01236030578613,-48.3781229044291
297591,11.0,16.93178,5.931779861450195,53.925271467729054
80404,69.95,7.833823,-62.116176795959475,-88.80082458321583
212626,1.19,12.57345,11.383450088500977,956.5924444118469
128929,22.0,10.690895,-11.309104919433594,-51.40502236106179
240949,15.595,10.429195,-5.165804595947266,-33.12474893201197
250250,10.43,8.381317,-2.0486828613281247,-19.64221343555249
226506,79.99,46.470913,-33.519087066650386,-41.904096845418664
66939,11.935,4.270855,-7.664145050048829,-64.21571051570028
53804,8.95,11.866321,2.9163206100463874,32.58458782174735
288616,48.23,26.080078,-22.149921874999997,-45.9256103566245
286815,45.53,14.453929,-31.07607105255127,-68.25405458500168
174596,10.22,10.160188,-0.05981227874755923,-0.5852473458665287
14142,25.0,17.583282,-7.416717529296875,-29.6668701171875
227956,119.99,89.376,-30.6140005493164,-25.513793273869823
250084,18.89,26.800293,7.910292968749999,41.87555833112758
279665,52.99,10.131602,-42.85839771270752,-80.88016175260903
141311,8.43,11.063623,2.633623428344727,31.241084559249433
267596,2.48,6.5370364,4.0570364189147945,163.59017818204816
290038,9.815,3.0025048,-6.8124951744079585,-69.4090185879568
201870,35.99,14.976694,-21.013305892944338,-58.38651262279616
77543,24.0,11.738497,-12.261503219604492,-51.08959674835205
71414,2.49,2.7567022,0.2667021846771238,10.710931111531076
21465,19.95,20.23659,0.286589431762696,1.4365385050761705
57067,34.99,29.169329,-5.820671310424807,-16.63524238475223
244857,34.99,29.107252,-5.882747879028322,-16.812654698566224
229467,59.99,61.495358,1.5053575134277324,2.5093474136151563
297122,42.99,24.209593,-18.780407180786135,-43.6855249611215
288185,14.635000000000002,27.152636,12.517635574340819,85.5321870470845
279649,25.26,7.9056854,-17.354314575195314,-68.7027497038611
298369,39.99,7.345293,-32.64470695495606,-81.63217543124794
286775,5.98,16.502525,10.522525329589843,175.96196203327497
197282,23.95,19.758299,-4.191701126098632,-17.501883616278214
36474,2.19,6.493412,4.303412017822266,196.5028318640304
96977,13.5,18.455135,4.955135345458984,36.704706262659144
135706,31.98,25.884674,-6.095325927734375,-19.05980590285921
63848,17.23,17.753891,0.5238909912109371,3.040574528212055
219544,7.99,7.351453,-0.6385471725463869,-7.99182944363438
195576,40.08,61.38207,21.302068634033205,53.148873837408196
269194,44.49,15.891094,-28.59890579223633,-64.28164934195624
23459,91.2,20.411575,-70.78842468261719,-77.61888671339604
219641,6.44,9.517057,3.077057418823242,47.78039470222425
60973,62.9,26.865284,-36.034716033935545,-57.288896715318835
37895,5.97,7.388897,1.4188969421386721,23.767117958771728
72999,9.99,12.843027,2.853027114868164,28.5588299786603
219906,26.89,23.849146,-3.040854110717774,-11.308494275633224
31596,12.99,12.093172,-0.8968279266357424,-6.903987118058064
97208,157.5,16.387217,-141.11278343200684,-89.59541805206783
235873,8.5,18.151592,9.651592254638672,113.54814417221968
75970,4.23,13.648684,9.418683547973632,222.6639136636792
132088,78.18,56.093273,-22.08672683715821,-28.251121561982874
73835,5.18,8.443958,3.2639582824707034,63.010777653874584
225044,11.06,10.983478,-0.07652240753173878,-0.691884335730007
293950,19.95,20.501846,0.5518463134765632,2.766146934719615
184507,38.53,15.874668,-22.65533187866211,-58.7992003079733
125470,14.67,19.30546,4.635459976196289,31.598227513267137
61115,5.390000000000001,6.9649873,1.5749872779846186,29.220543190809245
282086,4.99,17.096521,12.106521377563476,242.61565886900752
85159,30.92,19.134226,-11.785774154663088,-38.11699273823767
68294,87.0,26.99021,-60.00979042053223,-68.97677059831291
10999,35.98,32.450157,-3.529842834472653,-9.810569300924552
260499,31.315,15.432539,-15.882461013793947,-50.718381011636424
270122,8.47,8.627484,0.15748432159423764,1.8593190270866307
149937,44.47,25.0597,-19.410299987792968,-43.64807732807054
72066,64.055,40.724537,-23.330463104248054,-36.42254797322309
265411,3.51,3.383181,-0.12681890487670877,-3.6130742130116458
117885,4.89,7.6218815,2.731881484985352,55.866697034465275
292392,26.465,25.915817,-0.5491827392578124,-2.075128430976053
152306,25.62,27.586105,1.9661053466796865,7.674103617016731
224885,10.98,11.001445,0.021444816589355042,0.19530798350960873
165018,42.8,17.06358,-25.736420440673825,-60.13182345951829
247562,2.99,27.75818,24.76818061828613,828.3672447587334
212009,145.99,60.31342,-85.676580657959,-58.68660912251455
156340,16.54,9.611785,-6.9282150650024406,-41.88763642685877
249345,11.32,12.052003,0.7320029067993161,6.4664567738455485
268986,5.98,8.231648,2.251648445129394,37.652984032264115
20985,72.93,75.88996,2.9599612426757744,4.058633268443403
59620,7.99,6.4538517,-1.5361483001708987,-19.225886109773448
22058,30.88,33.11319,2.233189697265626,7.231831921196975
86441,2.39,4.449768,2.05976806640625,86.18276428478032
259097,1.72,4.900133,3.1801331329345706,184.89146121712622
151596,4.57,4.5347366,-0.035263366699219034,-0.7716272800704383
281430,14.9,11.66736,-3.2326396942138675,-21.695568417542734
141212,40.095,15.834717,-24.260283203125,-60.50700387361266
283311,5.98,6.0660677,0.08606769561767535,1.439259124041394
47122,27.235,20.61208,-6.622920379638671,-24.317680850518343
34974,6.47,9.292997,2.8229973602294924,43.632107576962795
139397,49.75,12.851627,-36.898372650146484,-74.16758321637485
116061,9.99,9.11213,-0.8778698348999026,-8.78748583483386
208253,24.55,32.416256,7.866255950927734,32.04177576752641
180858,17.98,19.215183,1.2351832580566402,6.869762280626475
158625,11.99,23.927776,11.937776336669922,99.56443983878167
82550,2.94,5.6054864,2.6654863929748536,90.66280248213788
165777,12.41,10.515933,-1.894066963195801,-15.26242516676713
138384,49.7,48.57777,-1.122229766845706,-2.2580075791664105
30015,3.98,6.8003044,2.820304412841797,70.86191992064816
35514,26.74,55.930897,29.190896759033205,109.16565728883023
109516,21.79,12.153838,-9.63616184234619,-44.22286297542997
266364,31.61,24.21772,-7.392279968261718,-23.38589044056222
243749,103.11,35.958454,-67.15154586791992,-65.12612342926964
79549,4.24,7.2572184,3.0172183609008787,71.16081039860562
190146,21.0,23.12983,2.1298294067382812,10.142044793991815
153894,1.16,3.2563224,2.096322383880615,180.71744688625992
198719,1.32,3.176064,1.8560640144348144,140.61091018445563
155847,14.99,16.796917,1.8069169616699217,12.054149177250977
104516,36.74,65.054535,28.314534912109373,77.06732420280177
14972,7.15,13.1565275,6.006527519226074,84.00737789127376
241419,17.99,12.97307,-5.016929855346678,-27.887325488308385
230005,22.0,19.95448,-2.045520782470703,-9.297821738503197
54771,18.99,26.72978,7.739780197143556,40.75713637253058
141181,25.69,25.323393,-0.3666071319580091,-1.427042164102799
152136,20.66,20.13925,-0.520750198364258,-2.5205721121212874
114583,33.56,18.391201,-15.168798980712893,-45.19904344670111
173567,23.82,24.569244,0.7492443847656247,3.1454424213502294
103062,11.21,10.117606,-1.0923938369750985,-9.744815673283663
211479,4.24,4.4540706,0.21407056808471658,5.048834152941429
72774,23.99,27.166721,3.176721343994142,13.241856373464536
58828,18.69,36.5985,17.908499298095702,95.8186158271573
259813,37.99,52.639744,14.649743804931639,38.562105303847424
166681,5.49,5.5745115,0.0845115280151365,1.539372094993379
28077,40.785,19.2697,-21.51530090332031,-52.752975121540544
130669,13.5,13.626896,0.12689590454101562,0.9399696632667823
86961,5.99,16.520596,10.53059555053711,175.80293072682986
58170,3.68,10.632885,6.952884979248047,188.93709182739258
202762,19.97,9.753825,-10.216174812316893,-51.157610477300416
224649,18.625,20.050781,1.42578125,7.655201342281879
62141,52.47,30.033,-22.436999053955077,-42.761576241576286
257337,27.99,19.711187,-8.2788126373291,-29.57775147313005
113859,18.99,19.167318,0.1773183441162125,0.933745887921077
241836,13.19,24.903963,11.713963088989258,88.80942448058575
2980,2.99,10.46428,7.474280128479004,249.97592402939807
269874,22.295,12.030021,-10.26497928619385,-46.041620480797704
130989,69.01,81.78844,12.778436889648432,18.516790160336807
124406,19.99,28.453352,8.463351974487306,42.33792883685496
12973,44.27,16.703508,-27.566491622924808,-62.26901202377413
245689,10.05,7.433716,-2.6162841796875007,-26.03267840485075
133497,80.98,31.29861,-49.681389312744145,-61.350196730975725
268242,40.99,72.08967,31.09966827392578,75.8713546570524
32789,2.64,3.5336223,0.8936222648620604,33.84932821447199
273135,12.76,8.650323,-4.109677085876465,-32.207500673013044
122267,9.385,10.99542,1.6104204559326174,17.159514714252715
40040,9.99,10.420307,0.4303071594238279,4.307378973211491
131507,10.245,17.055172,6.810171966552735,66.47312802882124
2757,24.42,23.158674,-1.261325759887697,-5.165134151874271
65228,59.99,34.078064,-25.911936035156252,-43.19375901843016
142627,51.54,52.062344,0.5223435974121102,1.0134722495384365
153258,29.53,17.459322,-12.070678024291993,-40.8759838276058
273300,7.0,14.530787,7.530787467956543,107.58267811366491
232489,14.765,15.138336,0.37333618164062443,2.5285213792118144
34939,11.99,8.370639,-3.619361152648926,-30.18649835403608
79069,11.99,8.732682,-3.2573177719116213,-27.16695389417532
183355,9.44,11.815839,2.375838813781739,25.16778404429808
173294,18.99,17.582779,-1.407221069335936,-7.4103268527432125
270849,18.99,42.163918,23.173917541503908,122.03221454188473
227812,19.99,14.5379095,-5.452090492248534,-27.27408950599567
32060,14.29,14.876324,0.5863236999511727,4.103034989161461
213108,39.99,26.495773,-13.494226684570314,-33.74400271210381
289681,17.94,14.28484,-3.655160369873048,-20.374361036081652
59613,37.4,32.50187,-4.898130798339842,-13.096606412673376
91445,13.18,12.97359,-0.206410102844238,-1.5660857575435356
169740,20.99,16.760807,-4.229192962646483,-20.14860868340392
280405,6.74,17.184328,10.444328079223633,154.96035725851087
65539,15.7,16.750042,1.0500419616699226,6.688165360954922
265676,38.99,48.53247,9.542470703124998,24.474149020582196
216407,38.99,38.80063,-0.189371337890627,-0.4856920694809618
188136,9.39,12.803985,3.413984642028808,36.35766391936963
296685,9.505,12.4875765,2.982576484680175,31.379026666808784
171937,49.9,21.459713,-28.440287017822264,-56.99456316196847
211621,35.99,40.971134,4.981134185791014,13.840328385082005
185410,14.58,17.995602,3.4156016540527343,23.426623141651127
33975,5.74,14.986041,9.246041069030762,161.0808548611631
134161,19.8,14.767739,-5.032260704040528,-25.41545810121479
218229,75.39,63.87909,-11.51091064453125,-15.268484738733587
110519,12.99,18.871536,5.881536254882812,45.27741535706553
121069,20.22,9.884007,-10.335992546081542,-51.117668378247
70194,74.95,42.306705,-32.64329452514649,-43.5534283190747
205933,4.475,14.070325,9.595324897766114,214.42066810650533
276934,5.99,15.810835,9.820834884643554,163.953837807071
79972,7.195,10.973948,3.778947525024414,52.521855802980035
98378,8.78,12.636289,3.8562886428833014,43.921282948556964
196188,74.53,43.543995,-30.986005096435548,-41.57521145369053
290144,16.99,24.1337,7.143699417114259,42.046494509206944
45532,6.39,9.1043215,2.7143214797973636,42.4776444412733
160722,37.99,26.778442,-11.211557617187502,-29.51186527293367
294607,15.99,11.363137,-4.626862754821778,-28.935977203388223
194334,4.890000000000001,5.4122605,0.5222605323791498,10.680174486281182
192486,81.49,32.630432,-48.859567871093745,-59.95774680463093
248603,11.57,9.410344,-2.1596558761596683,-18.665997201034298
105250,60.2,22.490492,-37.70950813293457,-62.64037895836307
298566,2.53,10.530167,8.000166625976563,316.21211960381675
181645,6.359999999999999,19.261707,12.901707305908204,202.85703311176425
299138,11.59,10.382775,-1.2072246932983397,-10.416088811892491
297501,28.5,15.90497,-12.595029830932617,-44.19308712607936
31274,17.9,17.994804,0.09480438232422017,0.5296334208056993
293530,4.49,8.971631,4.481631050109863,99.81360913384995
14613,9.99,9.577062,-0.4129383468627932,-4.133516985613546
269574,19.1,15.088444,-4.011556243896486,-21.00291227170935
108359,19.0,15.582626,-3.4173736572265625,-17.986177143297695
118387,68.0,42.353966,-25.646034240722656,-37.71475623635685
7913,1.28,1.8283439,0.5483438682556152,42.83936470746993
33301,4.55,6.8597865,2.3097865104675295,50.764538691594055
296679,19.74,67.96691,48.226911315917974,244.3105943055622
133732,37.95,16.704918,-21.24508209228516,-55.981770994163796
87595,7.95,8.098371,0.1483705520629881,1.8662962523646303
156254,26.65,13.060118,-13.589882278442381,-50.99392975025284
106167,7.0,12.802135,5.802135467529297,82.88764953613281
261512,28.04,9.673329,-18.36667064666748,-65.50167848312225
124515,18.0,9.02065,-8.979350090026855,-49.88527827792698
209209,17.84,13.748521,-4.091479148864746,-22.934300161797903
152841,4.68,3.1135125,-1.5664874839782712,-33.4719547858605
224240,16.0,16.655586,0.6555862426757812,4.097414016723633
631,18.9,11.474555,-7.425444984436034,-39.288068700719755
289328,23.95,7.689576,-16.260423851013183,-67.89321023387551
289533,5.46,8.74712,3.287119903564453,60.203661237444194
93355,20.99,17.821224,-3.168775787353514,-15.096597367096305
84429,21.12,32.720074,11.60007369995117,54.92459138234456
208388,29.99,22.909569,-7.080431213378905,-23.609307146978676
208980,8.76,13.221015,4.461014976501465,50.92482849887517
270190,8.41,12.148153,3.738153305053711,44.44890969148288
151626,30.7,7.8884583,-22.811541748046874,-74.30469624770969
258809,8.75,9.248406,0.49840641021728516,5.696073259626115
100443,4.99,8.858851,3.8688514328002928,77.53209284168922
95062,3.39,9.013955,5.623955116271972,165.89838101097263
139964,3.49,6.2123513,2.722351322174072,78.00433587891324
42931,34.13,14.275612,-19.854388122558596,-58.17283364359389
83443,9.88,6.680225,-3.199775104522706,-32.38638769759824
292815,13.28,20.532766,7.252766342163087,54.61420438375818
283048,28.36,34.89961,6.539608612060547,23.059268730819984
220525,9.99,9.83559,-0.1544096374511721,-1.5456420165282492
21376,2.79,4.1342688,1.3442687606811523,48.18167601007715
88927,3.5,4.509163,1.0091629028320312,28.833225795200896
8090,24.24,22.3976,-1.8423998260498031,-7.600659348390278
263066,139.515,129.72195,-9.793045654296861,-7.019349642903531
159798,24.475,21.963196,-2.5118041992187514,-10.262734215398371
18337,23.36,29.41162,6.051619186401368,25.905904051375718
80939,9.695,9.313588,-0.38141185760498075,-3.9341088974211527
208462,9.99,20.526566,10.536565551757812,105.47112664422234
166831,2.44,5.2477684,2.8077684020996094,115.07247549588564
176098,37.375,13.987664,-23.387335777282715,-62.57481144423469
8596,21.99,23.498764,1.508764038085939,6.8611370535968135
32926,11.99,16.200645,4.2106454467773435,35.117977037342314
286671,33.44,12.217517,-21.22248310089111,-63.46436333998538
237201,34.99,29.733706,-5.256294479370119,-15.02227630571626
135563,60.26,19.59571,-40.66428924560547,-67.48139602656067
220706,11.8,9.401784,-2.398216056823731,-20.323864888336704
40087,49.48,8.177588,-41.30241153717041,-83.47294166768474
44475,8.89,11.241333,2.3513330078124994,26.449190189116976
284634,3.28,9.216774,5.936773986816407,180.99920691513435
36008,20.89,17.125332,-3.764668121337891,-18.021388804872622
271047,29.99,19.221016,-10.768984069824217,-35.90858309377865
128155,29.99,28.469135,-1.5208647155761703,-5.0712394650755925
31197,5.49,6.756473,1.2664730644226072,23.068726127916342
266957,17.99,12.639619,-5.350381126403807,-29.740862292405822
13483,4.59,10.598997,6.008997116088867,130.91496984943066
114148,31.99,24.339657,-7.650343170166014,-23.914795780450184
147395,53.01,54.687267,1.6772673034667989,3.164058297428408
295265,26.125,15.290792,-10.834207534790039,-41.47065085087096
4183,15.99,17.335009,1.34500862121582,8.411561108291558
152345,34.05,28.370333,-5.679667282104489,-16.68037380941113
16176,45.995000000000005,28.067648,-17.927352066040044,-38.97674109368418
294186,4.79,6.73634,1.946340045928955,40.633403881606576
243784,17.59,37.75045,20.160450134277344,114.6131332249991
88895,3.405,6.236694,2.831693859100342,83.16281524523765
194820,2.89,6.570689,3.6806892013549803,127.35948793615847
88432,71.43,19.973867,-51.45613258361817,-72.03714487416795
255532,39.9,16.465115,-23.43488540649414,-58.73404863782993
297620,98.49,36.449352,-62.0406477355957,-62.99182428225779
37250,3.99,8.792445,4.802445182800293,120.36203465664894
288690,35.97,21.278194,-14.691805572509764,-40.844608208256226
259377,11.44,15.512239,4.072239456176758,35.59649874280383
185456,35.99,36.16662,0.17661834716796676,0.4907428373658426
18718,7.195,16.29015,9.095149688720703,126.4093076959097
180155,6.78,14.2494955,7.469495506286621,110.16955024021564
116433,8.49,12.996997,4.5069968795776365,53.08594675592033
80403,47.995000000000005,10.456269,-37.53873073577881,-78.21383630748788
185190,12.99,41.537823,28.54782272338867,219.76768840176035
56124,6.79,8.247102,1.4571017837524414,21.4595255339093
280507,35.489999999999995,7.4716797,-28.018320312499995,-78.94708456607495
27582,1.735,13.075372,11.340371742248536,653.6237315417023
281020,24.99,24.346739,-0.6432611846923812,-2.574074368516932
123284,20.99,26.606266,5.616266021728517,26.756865277410757
30171,4.99,7.6595316,2.6695315933227537,53.497627120696464
44196,4.49,12.84476,8.354759941101074,186.074831650358
279049,62.99,30.354643,-32.63535713195801,-51.81037804724243
255988,23.99,22.138588,-1.8514120483398422,-7.7174324649430694
63582,8.135,9.2372265,1.102226486206055,13.5491885212791
204439,39.14,25.795162,-13.344837799072266,-34.09514000784943
76984,18.99,14.304152,-4.685848464965819,-24.675347366855288
76741,21.99,26.708704,4.718703994750978,21.458408343569708
155234,11.49,26.187544,14.697543869018554,127.9159605658708
70554,4.26,4.4196167,0.1596166992187502,3.746870873679583
218477,8.0,12.255614,4.255614280700684,53.195178508758545
189152,7.619999999999999,5.563633,-2.0563670349121086,-26.986444027717965
163908,10.485,12.920446,2.435446395874024,23.227910308765132
124436,26.26,17.799519,-8.460481414794923,-32.21813181566993
214898,39.95,34.028637,-5.921363067626956,-14.821935087927299
23675,49.64,27.778097,-21.86190284729004,-44.04090017584617
111401,7.99,5.7834816,-2.2065184020996096,-27.616000026277966
84593,6.84,3.5078864,-3.3321135902404784,-48.71511096842805
118712,16.95,15.467213,-1.4827873229980462,-8.748007805298208
107621,6.99,14.163723,7.173722991943359,102.62836898345292
189361,17.0,15.662586,-1.3374137878417969,-7.867139928481158
115867,7.95,13.041305,5.091304588317871,64.04156714865246
40669,5.48,10.572049,5.092049140930175,92.92060476149955
27452,27.130000000000003,13.012533,-14.117466812133792,-52.036368640375194
163715,64.99,48.768,-16.22199844360351,-24.96076079951302
74595,6.525,11.696073,5.171072578430175,79.25015445870001
13858,10.89,9.982627,-0.9073730850219732,-8.332167906537862
231466,13.99,12.039816,-1.9501840972900393,-13.93984344024331
8444,37.99,34.043465,-3.9465353393554707,-10.388353091222612
82438,6.77,8.750685,1.9806847381591801,29.256790814758936
19189,44.85,60.46379,15.613790893554686,34.813357622195504
7315,51.03,39.077534,-11.952466278076173,-23.422430488097536
191104,9.99,11.892532,1.9025323486328123,19.044367854182305
8022,127.36,10.377354,-116.98264633178711,-91.85195220774742
204667,14.25,9.524357,-4.725643157958984,-33.16240812602796
129329,39.82,9.43925,-30.380750007629395,-76.29520343452887
96189,12.99,17.347519,4.357518920898437,33.54518029944909
283047,48.96,31.654633,-17.305367431640626,-35.34593021168428
66370,15.49,22.559895,7.069894561767578,45.641669217350405
153089,2.73,4.981523,2.251523036956787,82.47337131709843
58451,8.99,12.224981,3.2349813079833982,35.984219221172395
238419,51.99,20.421835,-31.56816505432129,-60.71968658265299
13060,7.48,8.32939,0.8493895721435543,11.355475563416501
162000,24.96,12.978312,-11.981688461303712,-48.003559540479614
18153,26.14,27.082996,0.9429963684082026,3.607484194369558
186888,24.3,11.362642,-12.937357711791993,-53.240155192559634
172394,4.99,6.287591,1.297590980529785,26.00382726512595
270289,44.99,25.033834,-19.95616554260254,-44.35689162614479
285486,5.695,8.58848,2.893479995727539,50.807374815233345
78302,11.29,25.435217,14.145216903686524,125.2897865694112
180437,21.91,5.176305,-16.733695182800293,-76.37469275582059
166284,25.735,10.19859,-15.536409721374511,-60.37073915435987
170620,5.45,10.795953,5.345952796936035,98.09087700800065
196102,74.25,50.140976,-24.109024047851562,-32.47006605771254
217321,17.99,22.415668,4.42566848754883,24.60071421650267
68560,26.95,22.796085,-4.153914642333984,-15.413412401981386
153234,26.4,11.820921,-14.579079055786131,-55.2237843022202
46398,48.69,5.6119356,-43.07806438446045,-88.47415153924922
129250,34.89,30.731798,-4.15820182800293,-11.91803332760943
20869,37.63,36.296432,-1.333567504882815,-3.543894512045748
175576,16.94,12.1194105,-4.820589485168458,-28.456844658609555
64433,26.07,32.456203,6.386203460693359,24.496369239330107
116161,25.99,22.083784,-3.9062158966064437,-15.029687943849343
206673,7.4,23.24354,15.843539810180664,214.1018893267657
162692,6.5,7.473982,0.9739818572998047,14.98433626615084
98109,21.75,20.606237,-1.1437625885009766,-5.258678567820582
42851,19.49,14.80863,-4.681370010375975,-24.01934330618766
111448,7.24,6.813458,-0.42654203414917014,-5.891464560071411
291039,1.84,27.986588,26.146587524414063,1421.0101915442424
289031,4.48,16.56383,12.08382942199707,269.7283353124346
27767,10.69,5.277626,-5.412373962402343,-50.630252220789
298407,22.9,26.26497,3.3649707794189467,14.694195543314178
33098,12.98,12.413264,-0.5667357254028325,-4.3662228459386165
69063,14.0,10.773931,-3.226069450378418,-23.0433532169887
99635,19.99,13.770827,-6.219172706604002,-31.111419242641336
185954,5.95,13.244181,7.294180679321289,122.59127192136619
144541,3.39,13.093891,9.703891143798828,286.2504762182545
143808,42.11,28.834904,-13.275096282958984,-31.524807131225323
107303,63.84,38.157925,-25.682075347900394,-40.228814768014395
283063,26.08,20.191109,-5.888891296386717,-22.5801046640595
33394,49.91,14.4965105,-35.41348949432373,-70.95469744404674
147138,4.96,3.712665,-1.24733491897583,-25.147881430964315
246688,7.92,11.335088,3.415087776184082,43.11979515383942
276485,8.575,9.161806,0.5868061065673835,6.84321990166045
210335,1.88,12.99887,11.11886989593506,591.4292497837798
291947,3.74,9.991103,6.251103172302246,167.14179605086218
149881,25.91,18.353794,-7.5562059020996095,-29.16328020879818
288434,3.89,7.4408407,3.550840721130371,91.28125247121775
104783,14.9,14.954651,0.054650878906249645,0.3667844221895949
183923,4.17,5.421844,1.2518440055847169,30.02023994207954
265619,2.145,7.300146,5.155146102905274,240.3331516505955
252252,2.19,7.364729,5.174728927612305,236.2889921284158
228196,29.99,7.116502,-22.873498191833495,-76.27041744526008
12989,19.99,20.23177,0.2417695617675797,1.2094525351054513
231983,17.46,17.174252,-0.2857484436035165,-1.6365890240751229
164960,10.99,8.259123,-2.730877151489258,-24.84874569144002
178882,8.47,11.882589,3.4125893402099603,40.29031098240803
145297,45.27,30.1179,-15.152099151611331,-33.47050839763934
243027,2.78,2.7497392,-0.030260829925536914,-1.0885190620696732
128765,17.99,9.819515,-8.170484771728514,-45.41681362828524
150281,8.48,5.5286717,-2.9513282585144047,-34.803399274934016
121027,9.89,17.768595,7.8785947418212885,79.66223196988157
113641,64.745,8.316811,-56.42818939208985,-87.1545129231444
76453,21.0,6.8692255,-14.13077449798584,-67.28940237136113
162735,14.29,9.903789,-4.386211433410644,-30.6942717523488
2090,56.37,58.83044,2.460440521240237,4.364804898421566
223361,20.95,19.905985,-1.0440151214599602,-4.983365734892412
249325,16.99,23.743942,6.753942260742189,39.75245591961265
94742,19.59,27.114275,7.5242749786376955,38.40875435751759
66480,6.029999999999999,6.016576,-0.01342418670654233,-0.22262332846670532
111176,38.89,22.780846,-16.109154357910157,-41.4223562815895
200773,11.99,10.386,-1.6040003204345705,-13.377817518219937
24473,3.12,13.253537,10.13353717803955,324.79285827049836
285481,5.640000000000001,6.103158,0.4631579971313471,8.212021225733103
134119,91.09,40.006325,-51.0836752319336,-56.08044267420529
94724,32.005,4.7168183,-27.288181667327883,-85.26224548454266
70861,0.96,11.761158,10.801157989501952,1125.1206239064534
116780,9.49,9.938177,0.4481771087646482,4.722624960639075
143758,83.74,61.987434,-21.752565612792964,-25.97631432146282
222410,24.66,23.340584,-1.319416198730469,-5.3504306517861675
56538,9.98,18.81732,8.837319869995117,88.55029929854827
129708,2.99,14.23448,11.244479904174804,376.06956201253524
119205,17.99,19.073204,1.0832040405273453,6.021145305877407
93087,18.61,11.402758,-7.207242355346679,-38.72779341938033
184264,9.99,10.437675,0.44767547607421854,4.481235996738924
116312,26.99,13.3094635,-13.680536499023436,-50.687426821131666
269327,10.29,9.563909,-0.7260914230346671,-7.056282050871402
244344,14.0,20.781431,6.781431198120117,48.43879427228655
149910,24.59,21.489923,-3.1000765228271483,-12.607061906576448
203306,34.65,20.898966,-13.75103416442871,-39.685524284065544
34246,29.945,27.762363,-2.1826365661621097,-7.288818053638703
41817,11.995,9.3826685,-2.6123315048217766,-21.778503583341198
282618,7.99,7.2531033,-0.7368967437744143,-9.22273771932934
65789,24.02,23.969456,-0.05054428100585895,-0.21042581601106972
44150,2.84,9.482062,6.642062339782715,233.87543449939136
258092,15.55,11.8452215,-3.704778480529786,-23.824941996976115
128218,9.76,8.783025,-0.9769752120971678,-10.00999192722508
108575,1.78,4.0668054,2.2868053627014158,128.47221138772
189115,9.99,16.562351,6.57235122680664,65.78930156963604
253729,45.28,16.128828,-29.151171951293946,-64.37979671222162
214201,10.265,21.55293,11.28793083190918,109.9652297312146
219386,13.45,19.681871,6.231871414184571,46.333616462338824
171657,10.775,3.7981625,-6.976837539672852,-64.750232386755
160475,1.48,6.2820272,4.802027244567871,324.4613003086399
79125,3.04,3.38866,0.3486599540710449,11.46907743654753
127324,1.0,5.5659976,4.56599760055542,456.599760055542
55713,4.34,13.18254,8.842539939880371,203.74515990507768
17768,12.99,19.310228,6.32022834777832,48.654567727315786
94938,9.2,12.952681,3.7526805877685554,40.79000638878865
98522,32.74,19.013777,-13.726223220825197,-41.92493347839095
280183,6.73,11.728405,4.9984049987792964,74.2705051824561
295478,8.49,16.135056,7.645055541992187,90.04776845691622
213018,4.98,10.764889,5.784888763427734,116.1624249684284
50163,9.99,7.354333,-2.63566707611084,-26.383053814923326
116819,38.99,28.927904,-10.062095870971682,-25.806862967354917
101992,2.73,7.99321,5.263209838867187,192.79156918927424
12982,24.86,9.306068,-15.553931579589843,-62.56609645852712
264383,116.23,63.986282,-52.24371765136719,-44.94856547480615
122284,4.49,16.270243,11.780242691040039,262.36620692739507
27593,25.925,23.281244,-2.643755722045899,-10.197707703166438
278183,35.975,9.3980875,-26.576912498474123,-73.87605975948331
121629,7.29,10.540843,3.2508430099487304,44.593182578171884
178536,5.66,11.143864,5.4838636779785155,96.88805084767695
114685,35.53,23.919456,-11.610543518066407,-32.67814105844753
115537,25.99,48.461216,22.471215972900392,86.46100797576142
191932,1.36,3.0492907,1.689290657043457,124.2125483120189
285912,10.33,25.365694,15.035694046020508,145.5536693709633
120458,9.99,15.181002,5.191001663208008,51.961978610690764
253702,4.29,10.986403,6.696403465270996,156.09332086878777
198010,2.99,32.76107,29.77107025146484,995.6879682764161
294464,5.49,5.965807,0.4758069610595701,8.666793461922952
108105,10.49,12.974583,2.4845826721191404,23.685249495892663
224312,14.88,15.318567,0.4385672760009758,2.9473607258130095
51310,14.99,16.03576,1.0457608795166013,6.97639012352636
245308,10.0,2.2094166,-7.790583372116089,-77.90583372116089
245755,27.43,16.125797,-11.304202728271484,-41.211092702411534
203607,5.99,12.59831,6.6083104705810545,110.32237847380726
189859,7.49,8.204482,0.7144820785522459,9.539146576131454
116635,36.0,33.1358,-2.8642005920410156,-7.956112755669488
176364,17.39,10.604383,-6.785616531372071,-39.02022157200731
141965,17.99,19.599606,1.609605560302736,8.9472237926778
294567,3.49,4.751046,1.2610461807250974,36.133128387538605
210105,19.99,31.108898,11.118898162841798,55.62230196519159
185379,16.99,12.628918,-4.361082305908202,-25.668524460907605
92314,12.99,9.983106,-3.006894340515137,-23.147762436606133
274517,8.74,80.57467,71.83466888427735,821.9069666393289
161600,61.99,52.844162,-9.145838012695314,-14.753731267454933
31918,5.19,6.791383,1.601382789611816,30.85515972277102
120021,10.59,8.88607,-1.703929748535156,-16.08998818257938
248200,9.63,18.472723,8.842723007202148,91.82474566149685
292587,7.35,9.019852,1.6698516845703129,22.719070538371604
259390,3.99,14.570008,10.580008277893066,265.16311473416204
164037,20.74,18.773617,-1.966383209228514,-9.481114798594572
147819,50.58,53.460823,2.880823059082033,5.69557742009101
26247,2.94,16.771307,13.831306991577149,470.45261876112755
105047,41.495,30.94878,-10.546219940185544,-25.415640294458473
151888,9.17,8.993103,-0.17689697265624993,-1.9290836712786252
188553,5.79,8.684139,2.8941392517089843,49.985133880984186
21611,13.69,13.199955,-0.4900450134277339,-3.5795837357759965
177765,156.96,30.021986,-126.93801399230958,-80.87284275758765
238347,9.29,9.084601,-0.2053985977172843,-2.2109644533615103
82837,12.49,5.692097,-6.797902812957764,-54.42676391479394
213461,59.98,33.163414,-26.816585998535153,-44.70921306858145
83398,11.49,18.591125,7.10112548828125,61.802658731777626
207337,14.5,10.7206545,-3.7793455123901367,-26.06445180958715
190780,21.99,21.664413,-0.32558654785156094,-1.480611859261305
272978,7.04,9.855518,2.815518341064453,39.993158253756434
33702,13.38,16.343964,2.963963623046874,22.152194492129105
203874,14.99,28.897402,13.907401809692383,92.77786397393184
36856,5.99,6.6314735,0.6414735412597654,10.709074144570375
204260,3.56,4.2026744,0.642674388885498,18.052651373188144
6414,18.68,12.964171,-5.715828590393066,-30.598654124159886
283489,4.97,12.071177,7.101176528930664,142.88081547144193
25856,5.99,3.8647337,-2.1252663040161135,-35.48023879826567
271613,26.39,26.617285,0.22728477478027287,0.8612534095501057
81013,19.14,13.764153,-5.375847473144532,-28.086977393649594
36316,3.42,11.322266,7.902265625,231.06039839181287
59177,81.46,11.859458,-69.60054203033447,-85.44137248997603
3699,85.94,56.95474,-28.98526138305664,-33.72732299634238
132426,28.98,12.226826,-16.753174285888672,-57.80943507898092
44655,10.53,9.609184,-0.9208157348632806,-8.744688840107129
233596,49.99,25.914541,-24.075458755493166,-48.160549620910516
246438,18.745,16.976738,-1.7682620239257822,-9.433246326624605
269722,6.84,11.907963,5.067962799072266,74.0930233782495
169255,3.87,11.487174,7.617174034118652,196.8262024320065
208048,5.91,33.88219,27.972190704345703,473.30271919366675
236751,14.99,18.279518,3.289518127441406,21.944750683398308
3974,52.61,42.992588,-9.617411956787109,-18.280577754774967
195886,65.5,69.45659,3.9565887451171875,6.040593503995706
234361,4.99,10.233214,5.243214378356933,105.0744364400187
256659,7.3,7.675955,0.3759548187255861,5.150066009939536
82716,21.475,45.022007,23.54700698852539,109.64846094773173
25678,7.49,7.548877,0.058876762390136506,0.7860715939938118
234341,33.67,29.975233,-3.694766921997072,-10.973468731800034
278376,24.89,9.850862,-15.03913845062256,-60.42241241712559
206488,15.98,44.760303,28.780303497314453,180.1020243887012
159953,6.98,10.0462475,3.0662474822998043,43.9290470243525
145225,56.01,69.1452,13.135202636718752,23.45153122070836
114968,65.49,21.982788,-43.507211914062495,-66.43336679502596
108239,5.86,6.0608153,0.20081533432006804,3.4268828382264167
116597,2.99,11.849166,8.85916591644287,296.2931744629723
279558,15.02,21.330446,6.310446243286133,42.013623457297825
117780,82.85,33.84359,-49.00641021728515,-59.15076670764653
73282,12.25,12.008683,-0.2413167953491211,-1.9699330232581314
148533,26.45,30.08758,3.6375797271728523,13.75266437494462
148236,4.36,9.881999,5.521999015808105,126.6513535735804
165711,26.48,23.552847,-2.9271530914306645,-11.054203517487403
96860,19.82,12.206268,-7.613731689453125,-38.41438793871405
37357,19.25,17.75077,-1.4992294311523438,-7.788204837155033
279322,2.99,10.999173,8.009173164367676,267.86532322299917
189861,14.445,10.301001,-4.143999404907227,-28.688123260001568
293331,12.99,27.09696,14.106960067749023,108.59861484025421
61585,13.19,11.910776,-1.2792238616943354,-9.698437162201179
163262,10.0,11.906756,1.9067564010620117,19.067564010620117
175826,18.99,16.506287,-2.4837133789062484,-13.079059393924428
273951,12.78,15.523445,2.743445129394532,21.466706802774116
45044,5.28,11.674402,6.394402236938476,121.10610297231963
242257,14.95,21.283958,6.3339584350585945,42.36761495022471
114495,112.54,30.830187,-81.70981315612794,-72.60512987038203
119948,16.134999999999998,11.6256695,-4.509330520629881,-27.947508649704872
197279,44.95,8.965278,-35.98472232818604,-80.05499961776648
44062,16.99,9.980296,-7.009703865051268,-41.25782145409811
31339,16.39,18.85719,2.4671891784667963,15.05301512182304
203067,12.989999999999998,18.64031,5.6503102874755875,43.497384815054566
152139,85.22,23.422071,-61.79792854309082,-72.51575750186672
69808,6.49,9.499836,3.009835968017578,46.37651722677315
201303,78.67,25.424479,-53.24552146911621,-67.68211703205314
3054,53.09,18.825466,-34.264533843994144,-64.5404668374348
211930,3.98,18.417137,14.437137145996093,362.7421393466355
247567,35.71,36.134174,0.4241743469238273,1.187830711072045
172683,22.4,19.242718,-3.1572822570800767,-14.095010076250345
186152,16.16,11.442449,-4.717551383972168,-29.192768465174307
242009,9.99,21.788277,11.798276672363281,118.10086759122402
298266,13.489999999999998,22.523272,9.033271560668947,66.96272468991066
17982,44.85,58.124966,13.274965667724608,29.598585658248844
104897,5.49,8.582863,3.092862854003906,56.33629970863217
71577,36.66,35.254597,-1.4054032897949185,-3.8336150840014147
63166,49.99,30.773148,-19.21685241699219,-38.441393112606896
91181,29.56,30.432281,0.8722814941406263,2.950884621585339
83930,42.31,7.8578424,-34.45215755462647,-81.42793087834191
185588,1.99,2.7540395,0.7640395259857178,38.39394602943306
144963,86.91,53.775784,-33.13421646118164,-38.124745669291954
22296,1.0,9.932973,8.93297290802002,893.297290802002
243246,6.77,14.718172,7.948172073364258,117.40283712502597
275240,17.485,20.462173,2.977173461914063,17.027014366108453
117620,12.670000000000002,9.8720045,-2.7979954910278337,-22.083626606375955
17715,1.335,3.3769097,2.0419097328186036,152.95203991150586
152851,6.81,10.263428,3.4534277343750004,50.71112678964759
19997,19.6,23.184631,3.5846313476562486,18.288935447225757
258354,98.75,65.553345,-33.1966552734375,-33.61686609968355
31190,2.365,7.0785713,4.713571319580078,199.30534120845994
95291,3.88,7.8342,3.954199905395508,101.91236869576052
158504,51.95,38.635906,-13.314093780517581,-25.62866945239188
222750,36.52,42.94691,6.426910858154294,17.59833203218591
204645,19.98,14.550109,-5.429891090393067,-27.176632084049384
20049,64.31,55.10209,-9.207911071777346,-14.318008197445725
217773,5.74,10.543386,4.803386459350586,83.6826909294527
144120,11.495,10.250645,-1.2443553161621086,-10.825187613415475
241614,5.029999999999999,15.224035,10.194035263061524,202.66471695947365
22037,7.95,6.4412394,-1.5087606430053713,-18.978121295665044
211708,10.99,10.244578,-0.7454216384887697,-6.782726464865966
77717,11.97,7.367218,-4.602781982421876,-38.45264814053363
244422,59.19,25.917788,-33.272212448120115,-56.21255693211711
239889,3.98,11.376427,7.396426696777343,185.8398667531996
233919,26.46,18.51885,-7.941149673461915,-30.01190352782281
200458,17.98,18.693583,0.7135825347900386,3.9687571456620616
146071,55.93,60.040115,4.110115356445313,7.348677554881661
216543,19.99,15.480289,-4.509710540771483,-22.5598326201675
242990,28.99,18.222187,-10.76781295776367,-37.14319750867082
128832,39.9,34.332302,-5.567697906494139,-13.954130091464009
187096,8.65,19.847595,11.19759521484375,129.45196780166185
247296,6.53,19.407024,12.87702438354492,197.19792317832955
37543,16.85,9.634745,-7.215255355834962,-42.820506562818764
199436,9.72,11.262786,1.542785911560058,15.872283040741337
42802,1.965,12.92278,10.95778003692627,557.6478390293266
212058,10.3,8.793017,-1.506982612609864,-14.630899151552077
168888,37.49,22.923317,-14.566683044433596,-38.85484941166603
43118,44.49,15.904982,-28.585018386840822,-64.25043467485013
96332,2.99,23.497433,20.507432708740232,685.8673146735863
252184,16.19,9.550065,-6.639934959411622,-41.01256923663756
156375,1.98,4.376708,2.3967080307006836,121.04586013639815
172732,5.47,4.8775625,-0.5924374771118162,-10.83066685762004
125692,11.5,8.072565,-3.4274349212646484,-29.803781924040422
8269,3.68,14.722445,11.042444534301758,300.06642756254774
131789,24.99,16.432083,-8.557916870117186,-34.24536562671943
292688,10.0,11.48002,1.4800195693969727,14.800195693969725
51083,18.49,11.325375,-7.164625396728514,-38.74865006343167
295082,1.79,6.7715425,4.981542549133301,278.29846643202796
160452,1.68,7.657686,5.977686233520508,355.8146567571731
145811,20.99,14.658509,-6.331490745544432,-30.164319893017783
97270,17.625,10.488847,-7.136153221130371,-40.488812602158134
121576,12.99,19.219454,6.229453811645508,47.95576452382993
528,22.625,11.102529,-11.52247142791748,-50.92805051013251
206632,19.99,21.459618,1.4696176147460953,7.351763955708332
37313,18.99,60.915737,41.925737152099614,220.7779734181128
56974,32.465,11.494783,-20.970216598510746,-64.59330540123439
292700,2.69,5.446354,2.7563539123535157,102.46668819158052
70107,8.52,12.348419,3.8284191894531254,44.934497528792555
143886,51.54,43.592213,-7.947787322998046,-15.420619563442076
162900,4.98,11.58216,6.602159996032714,132.57349389623923
14079,2.19,2.7057223,0.5157223320007325,23.548964931540294
31671,34.18,21.463413,-12.716586761474609,-37.204759395771234
267467,69.235,28.174173,-41.06082664489746,-59.30645864793451
201774,9.495,8.690024,-0.8049756240844719,-8.477889669136092
42962,12.97,7.2825823,-5.687417716979981,-43.85056065520417
186117,4.79,2.9916112,-1.7983887577056885,-37.544650474022724
276133,2.86,7.147705,4.287705078125001,149.9197579763986
119604,9.99,10.149839,0.15983940124511697,1.5999940064576272
263774,15.24,8.397553,-6.842446556091309,-44.897943281439034
166895,1.705,3.288353,1.5833529663085937,92.8652766163398
179977,10.14,10.360922,0.22092185974121037,2.1787165654951712
9273,7.32,6.1431694,-1.1768305969238284,-16.07692072300312
98260,12.055,13.120927,1.0659268569946292,8.842197071709906
214211,14.99,15.040636,0.0506360626220701,0.33779895011387656
148125,16.99,18.325045,1.3350446319580094,7.8578259679694495
125139,16.5,20.495255,3.9952545166015625,24.213663736979164
237415,18.495,15.768929,-2.7260714721679697,-14.739505121210975
215205,33.98,36.768753,2.7887530517578156,8.207042530187804
132693,27.945,16.577724,-11.367275543212891,-40.67731452214311
182111,12.99,11.97056,-1.0194399261474612,-7.847882418379223
295549,6.890000000000001,7.8334417,0.9434417343139643,13.692913415297012
94419,30.93,17.654655,-13.275344543457031,-42.92060958117372
217157,12.81,12.972884,0.1628841781616206,1.2715392518471553
47740,7.99,8.361247,0.37124706268310526,4.6463962788874245
225726,37.99,30.818321,-7.171678771972658,-18.877806717485278
167784,7.98,7.251586,-0.7284140396118168,-9.127995483857353
212220,65.945,67.67943,1.7344281005859443,2.6301131254620436
197973,7.0600000000000005,10.577171,3.5171713256835933,49.81829073206222
97051,0.89,1.9719152,1.0819152450561522,121.56351068046654
78792,8.635,16.29284,7.657839050292969,88.68371801149935
13936,1.99,2.6664124,0.676412353515625,33.99057052842337
191829,3.975,4.441372,0.4663719177246093,11.73262686099646
113997,5.97,5.175142,-0.7948581886291501,-13.314207514726133
279401,10.63,4.459492,-6.1705077934265145,-58.048050737784706
106880,24.99,26.004766,1.0147664642334,4.060690132986795
95850,37.18,30.529217,-6.650783233642578,-17.888066793013927
299383,3.245,4.0616074,0.8166073608398436,25.165095865634623
266691,26.75,28.918467,2.168466567993164,8.10641707660996
52196,31.81,38.302235,6.492234649658204,20.409414176856977
230508,29.99,25.795156,-4.1948435211181625,-13.987474228470031
210540,5.89,58.018604,52.12860427856445,885.035726291417
28214,9.19,15.801872,6.611872253417969,71.94637925373199
137754,4.49,10.304229,5.814228782653808,129.49284593883758
238108,57.49,26.191376,-31.298624267578127,-54.44185817981931
267061,18.0,9.882233,-8.117767333984375,-45.09870741102431
255165,49.29,33.814503,-15.475497283935546,-31.39682954744481
23787,28.95,15.506887,-13.443112564086913,-46.435621983029066
255205,36.99,22.413118,-14.576881637573244,-39.40762810914637
273222,67.59,44.321854,-23.26814636230469,-34.425427374322666
249830,2.99,3.4045486,0.41454864501953104,13.864503177910736
83644,14.99,24.18064,9.190639266967773,61.311802981773
138466,10.99,8.970932,-2.0190679931640627,-18.37186526991868
26593,5.49,5.2299385,-0.2600614929199221,-4.737003514024082
233004,29.99,28.488195,-1.501804580688475,-5.0076844971272925
19177,16.82,19.9551,3.1350991058349607,18.639114779042572
74571,10.06,12.4186125,2.3586124801635737,23.445452089101128
68930,9.75,10.488279,0.7382793426513672,7.572095822065304
268820,15.94,12.024067,-3.9159330749511714,-24.56670686920434
92111,9.18,8.712245,-0.46775501251220675,-5.095370506668919
211104,4.015000000000001,11.118608,7.103608474731445,176.92673660601355
33425,9.99,19.8349,9.84489990234375,98.54754657000751
137669,22.99,22.505342,-0.4846575164794906,-2.10812316867982
224682,3.99,7.3427505,3.352750549316406,84.0288358224663
17926,64.31,61.28969,-3.0203118896484398,-4.696488710384761
127885,5.555,6.4146676,0.85966760635376,15.475564470814762
43656,3.82,10.040779,6.220779113769531,162.8476207793071
44581,199.0,62.103325,-136.89667510986328,-68.79229905018255
291508,15.99,18.838346,2.848346481323242,17.813298820032784
288765,29.0,20.206327,-8.793672561645508,-30.323008833260374
111136,6.485,16.071358,9.586357727050782,147.8235578573752
249403,19.99,21.530766,1.5407655334472672,7.707681507990332
252380,76.95,48.577557,-28.37244338989258,-36.87127146184871
19554,64.31,56.970547,-7.339453277587893,-11.412615888023469
217679,13.49,17.272156,3.78215576171875,28.036736558330244
9656,14.18,11.31731,-2.8626896667480466,-20.1882204989284
298763,14.94,7.0158587,-7.92414134979248,-53.03976807090014
253521,32.525,13.625812,-18.899188423156737,-58.10665157004378
278171,14.99,7.851368,-7.138632049560547,-47.622628749570026
140015,4.97,13.008498,8.038498191833497,161.74040627431586
165499,19.99,11.845653,-8.144347419738768,-40.74210815277023
213814,10.995,12.253962,1.2589615631103523,11.45030980546023
28254,1.58,5.8507442,4.270744247436523,270.3002688250964
200759,31.35,12.775914,-18.574085807800294,-59.24748264051131
282740,33.97,11.035142,-22.934858055114745,-67.51503695941933
1738,83.74,48.81406,-34.925939788818354,-41.70759468452157
204328,10.9,18.734003,7.834003067016601,71.8715877707945
23253,9.99,7.980319,-2.009680976867676,-20.116926695372133
58025,13.99,19.764492,5.774492034912109,41.27585443110872
241588,7.99,8.488102,0.4981019592285154,6.234067074199191
227064,8.61,9.330697,0.7206970596313482,8.370465268656774
166121,13.5,8.994687,-4.505312919616699,-33.37268829345703
203108,8.97,8.400007,-0.569992752075196,-6.354434248329943
46842,6.49,10.177403,3.687403450012207,56.81669414502629
51561,9.19,17.511667,8.321667251586915,90.55133026753988
130384,6.99,6.8243394,-0.16566061019897482,-2.369965811144132
277946,7.48,8.987891,1.5078911972045894,20.158973224660283
161856,7.640000000000001,7.055726,-0.5842739486694342,-7.647564773160133
267703,8.0,10.257551,2.2575511932373047,28.21938991546631
102738,31.8,76.387665,44.58766479492188,140.21278237396817
266164,49.99,27.911493,-22.0785066986084,-44.16584656653011
144309,24.42,24.495636,0.0756359863281233,0.30972967374333865
45557,3.99,3.8362699,-0.15373014450073264,-3.8528858270860304
10739,11.09,9.991276,-1.0987242126464842,-9.90734186335874
188580,14.555,23.979721,9.424721069335938,64.75246354748154
298550,9.07,9.326171,0.2561709213256833,2.824376199842153
166311,6.12,15.276766,9.156765823364257,149.62035659091924
71275,3.32,20.699968,17.379968338012695,523.493022229298
232072,6.22,8.416861,2.196860580444336,35.319301936404116
64269,46.99,27.605856,-19.38414405822754,-41.25163664232292
191949,3.93,7.201683,3.2716830444335936,83.2489324283357
120745,27.99,6.597885,-21.39211486816406,-76.42770585267617
186702,26.75,10.097917,-16.65208339691162,-62.25077905387521
196385,35.78,34.148552,-1.6314480590820324,-4.559664782230387
87338,16.95,20.775023,3.825022506713868,22.5665044643886
18163,2.66,28.931543,26.271543350219726,987.652005647358
108372,17.98,14.578281,-3.40171859741211,-18.91945827259238
122864,94.99,18.155476,-76.83452438354492,-80.88696113648271
203608,5.24,5.651594,0.4115941619873045,7.8548504196050475
84982,5.455,3.388516,-2.0664840507507325,-37.88238406509134
260046,47.55,43.52677,-4.023228454589841,-8.46104827463689
50240,25.9,24.07799,-1.8220104217529283,-7.034789273177329
239731,28.46,42.277866,13.81786636352539,48.551884622366096
161912,162.66,157.59418,-5.065822753906247,-3.1143629373578303
136897,14.64,15.372406,0.7324060058593744,5.002773264066765
114574,7.99,7.8412294,-0.14877056121826193,-1.8619594645589728
283138,18.17,21.093395,2.923395233154295,16.089131717965298
233517,16.99,8.76966,-8.220340003967284,-48.38340202452787
289715,26.41,14.485062,-11.924938354492188,-45.15311758611203
57658,3.79,10.947487,7.157486877441406,188.85189650241176
9626,24.99,26.846762,1.8567617034912125,7.430018821493448
298385,3.49,14.244043,10.754043350219726,308.1387779432586
193204,5.69,7.513345,1.8233447647094723,32.044723457108475
218286,29.99,11.863346,-18.126653900146483,-60.44232710952478
49805,8.99,8.490136,-0.49986385345459006,-5.560220839316908
62481,66.47,35.206413,-31.26358673095703,-47.03413078224316
74057,24.63,19.291014,-5.338986282348632,-21.67676119508174
274450,20.99,23.909828,2.919828186035158,13.910567822940248
37605,3.57,11.232257,7.662256889343261,214.6290445194191
94337,21.74,14.704724,-7.035275688171385,-32.36097372663931
53503,45.5,23.6302,-21.869800567626953,-48.06549575302627
256818,64.56,5.545105,-59.01489501953125,-91.41092784933589
64351,10.99,13.611403,2.621403465270996,23.852624797734265
37806,13.39,37.83809,24.448088989257812,182.58468251872898
26012,35.97,12.829297,-23.140702934265136,-64.33334149086777
62193,22.9,18.270088,-4.629911804199217,-20.217955476852477
137132,2.705,3.9059453,1.2009453010559081,44.3972384863552
68734,13.965,10.107994,-3.857005920410156,-27.619090013678164
240191,39.99,36.076363,-3.9136373901367207,-9.786540110369394
102609,12.99,14.927438,1.9374377822875974,14.91484051029713
163883,3.59,7.7533035,4.163303527832031,115.96945759977804
253221,29.99,21.97037,-8.01963066101074,-26.741015875327577
232254,14.995,15.9899025,0.9949024963378914,6.634894940566132
24030,7.13,10.811046,3.6810456466674806,51.627568676963264
81932,4.0,4.950059,0.9500589370727539,23.751473426818848
144020,29.41,38.675453,9.265453186035156,31.50443109838543
295066,68.99,23.593342,-45.39665817260742,-65.80179471315759
208858,16.99,9.107278,-7.882722129821776,-46.396245614018696
115110,19.14,12.513349,-6.626651420593262,-34.622003242389034
13849,44.1,21.080568,-23.01943168640137,-52.198257792293354
249199,6.49,7.047042,0.5570418930053709,8.583080015491076
48987,6.245,5.006499,-1.2385011863708497,-19.831884489525216
283465,2.69,2.791379,0.10137897491455083,3.7687351269349754
278558,14.95,22.47954,7.529539871215821,50.36481519207907
263285,20.15,30.084015,9.934014892578126,49.30032204753413
129709,7.99,12.175457,4.185457000732422,52.383692124310656
26531,1.0,13.038676,12.038676261901855,1203.8676261901855
143445,16.99,19.013948,2.0239484405517594,11.912586465872629
207683,29.99,17.216774,-12.773226013183592,-42.591617249695204
62825,2.89,4.3941593,1.5041593170166014,52.04703519088586
66598,26.99,14.593815,-12.396185150146483,-45.92880752184692
295149,2.69,3.2985806,0.6085806465148926,22.623815855572218
154052,1.84,5.7348366,3.8948365783691408,211.67590099832285
103847,34.99,59.981174,24.99117446899414,71.42376241495894
10772,10.99,11.396428,0.4064281082153318,3.698162950094011
118586,9.99,11.838014,1.8480136489868162,18.498635124993154
270641,18.54,9.124974,-9.415025749206542,-50.78223165699322
52189,15.99,14.329155,-1.6608450317382815,-10.386773181602761
272760,8.64,10.995884,2.35588394165039,27.267175250583215
281462,5.73,18.366802,12.636802215576171,220.53756048125953
293414,59.99,24.949093,-35.04090713500977,-58.41124709953287
31305,18.38,17.100544,-1.2794560241699209,-6.961131796354303
29006,9.62,5.4055567,-4.214443321228027,-43.80918213334748
239911,36.99,27.57363,-9.416370620727541,-25.456530469660827
3584,25.99,22.081493,-3.9085066223144516,-15.038501817293003
52333,19.99,15.227425,-4.762575378417967,-23.824789286733207
188479,7.29,5.0137396,-2.276260414123535,-31.224422690309122
92072,51.31,13.472624,-37.83737617492676,-73.7426937730009
158760,15.49,8.266485,-7.223514785766602,-46.63340726769917
101949,14.245,22.980286,8.73528564453125,61.32176654637593
261548,21.99,16.618696,-5.371303787231444,-24.426119996504976
25858,1.19,9.442266,8.252266464233399,693.467770103647
249328,6.07,5.249113,-0.8208869171142581,-13.523672440103098
98213,14.24,2.8441806,-11.395819416046143,-80.02682174189707
247360,25.98,15.122648,-10.857351760864258,-41.79119230509722
101375,9.99,12.496046,2.5060460662841795,25.085546209050847
220271,18.48,5.628605,-12.851395111083985,-69.54218133703455
286914,28.195,18.53214,-9.662859268188477,-34.27153491111359
26290,10.99,10.180095,-0.8099052810668947,-7.369474804976295
103502,34.28,14.27897,-20.00103023529053,-58.34606253001904
282472,2.19,3.1141605,0.9241605377197266,42.199111311403044
250990,15.03,19.50413,4.47412940979004,29.76799341177671
247733,9.79,14.821472,5.031472167968751,51.39399558701483
57675,10.455,12.80573,2.350729866027832,22.484264620065346
194856,12.32,11.223662,-1.0963376235961917,-8.898844347371686
51222,20.565,21.580763,1.0157628631591784,4.939279665252508
182456,14.62,10.886341,-3.733658905029296,-25.538022606219535
27512,3.63,3.8186407,0.18864070892333995,5.196713744444627
123854,9.99,10.404101,0.4141013717651365,4.145158876527892
71279,17.99,20.626213,2.6362130737304703,14.653769170263873
255957,2.94,13.748996,10.808995780944825,367.65291771921176
137597,66.39,16.260565,-50.12943519592285,-75.5075089560519
271417,74.98,28.150888,-46.82911155700684,-62.45547020139616
9635,20.99,13.53554,-7.454460372924803,-35.51434193866033
22637,5.885,8.127391,2.2423908615112307,38.103498071558725
254061,97.1,13.912011,-83.18798885345458,-85.67249109521585
49888,1.99,4.8695183,2.8795182800292967,144.69941105674857
168258,11.2,17.530493,6.330492782592774,56.52225698743548
198126,26.99,34.14655,7.156549224853517,26.515558447030447
101265,119.48,121.81316,2.3331637573242148,1.9527651132609765
212302,20.99,17.294477,-3.6955225372314437,-17.606110229782963
109975,10.935,8.930638,-2.0043616867065435,-18.329782228683523
22163,19.95,18.571825,-1.378174972534179,-6.908145225735233
31824,1.99,25.35652,23.36651969909668,1174.1969698038533
96301,19.99,12.393129,-7.596870651245116,-38.00335493369243
102429,4.39,4.553846,0.1638458824157718,3.732252446828515
31972,4.99,9.329206,4.3392064666748045,86.95804542434477
215441,51.15,23.716114,-27.433885955810545,-53.634185641858345
284908,3.69,3.8954935,0.20549350738525396,5.568929739437777
122028,28.75,18.575544,-10.174455642700195,-35.38941093113112
72924,33.2,7.6473923,-25.552607727050784,-76.96568592485175
277993,44.2,14.566794,-29.633205604553225,-67.04345159401181
278964,30.475,26.045809,-4.429191207885744,-14.533851379444604
279925,4.49,4.13985,-0.3501498603820803,-7.79843787042495
246397,11.99,11.29039,-0.6996099853515627,-5.834945665984677
93636,9.44,8.468643,-0.971356811523437,-10.289796732239799
279800,10.44,16.133352,5.693352279663086,54.534025667270946
117980,29.37,20.357445,-9.012555236816407,-30.68626229763843
120257,32.63,14.5884695,-18.041530494689944,-55.291236575819624
154816,18.93,24.454498,5.524498291015625,29.18382615433505
17607,24.99,15.864037,-9.125963439941405,-36.51846114422331
70112,2.49,2.6859314,0.1959314441680906,7.8687326975136775
96272,29.85,12.941873,-16.90812740325928,-56.643642891990886
127932,76.24,21.651724,-54.58827613830566,-71.60057205968738
135296,13.9,12.096557,-1.8034433364868168,-12.974412492710913
122186,16.99,21.53804,4.548040161132814,26.76892384421904
150673,6.99,10.488269,3.4982688522338865,50.046764695763756
6833,36.6,17.724047,-18.87595329284668,-51.573642876630274
280348,11.49,10.940251,-0.5497486495971682,-4.784583547407904
92760,26.99,28.22448,1.2344796752929703,4.57384096070015
258622,38.95,19.25979,-19.690209579467776,-50.552527803511616
108265,32.05,31.44448,-0.6055191040039034,-1.8892951762992307
228728,16.49,4.624141,-11.865858783721922,-71.95790651135187
269459,36.25,38.84329,2.5932884216308594,7.153899094154095
94174,7.245,9.476933,2.2319325256347655,30.80652209295743
296917,34.28,32.09583,-2.1841709899902355,-6.371560647579449
293427,32.12,16.273014,-15.846985931396482,-49.336817968233134
178736,25.99,14.512535,-11.477464904785155,-44.161080818719334
155764,21.02,7.641183,-13.378817100524902,-63.64803568280163
75895,5.48,12.6364975,7.156497497558593,130.59302002844146
58994,5.98,28.139936,22.159936447143554,370.5674991161129
25172,31.99,12.414336,-19.57566379547119,-61.19307219590869
174353,5.49,5.248469,-0.24153112411499045,-4.3994740275954545
51252,44.92,36.468678,-8.451322479248049,-18.814164023259234
117705,3.37,3.741641,0.3716410446166991,11.027924172602347
122282,9.95,21.603434,11.65343360900879,117.11993576893256
224109,29.99,17.962944,-12.02705596923828,-40.10355441559947
212374,29.95,9.986608,-19.963392448425292,-66.65573438539329
120033,19.6,18.51322,-1.086780166625978,-5.544796768499887
46416,98.99,104.19152,5.201520690917974,5.254592070833391
58982,4.44,6.5665245,2.126524505615234,47.89469607241518
240221,23.95,16.905655,-7.044345092773437,-29.412714374836895
158473,28.51,11.052882,-17.45711780548096,-61.231560173556495
217506,14.82,16.593096,1.773095779418945,11.964209037914609
233533,1.24,15.941675,14.701675186157226,1185.6189666255827
65870,9.99,10.33323,0.34323001861572244,3.4357359220793033
220846,4.48,5.2249594,0.7449593734741207,16.628557443618764
29186,13.54,14.292885,0.7528848266601571,5.560449236781071
54046,9.99,26.434633,16.44463325500488,164.61094349354235
18265,58.81,13.081941,-45.72805934906006,-77.755584677878
148868,52.61,44.378036,-8.231963500976562,-15.647145981707968
171489,4.735,9.763044,5.028044357299804,106.18889878141084
188946,59.065,57.819103,-1.2458967590332009,-2.109365544795058
116665,14.0,13.360223,-0.6397771835327148,-4.569837025233677
275831,3.365,10.235644,6.8706443405151365,204.17962378945424
92577,14.99,16.48434,1.4943406677246092,9.968917062872643
9420,38.29,22.441246,-15.848753967285155,-41.39136580643812
276931,17.02,17.202858,0.18285797119140668,1.0743711585864082
24420,5.99,10.533284,4.543284187316894,75.84781614886302
111108,3.12,4.5300894,1.4100893783569335,45.19517238323505
98467,83.435,18.250246,-65.18475395202637,-78.12639054596556
204068,2.99,4.383443,1.3934428787231443,46.60344075997138
228555,26.48,16.548033,-9.931967239379883,-37.50742915173672
134261,19.69,27.66388,7.973879394531249,40.497102054501006
92021,2.14,6.237819,4.097819194793701,191.48687826138786
169622,8.99,13.061767,4.071766624450683,45.292176022810715
121796,122.98,96.58476,-26.395237426757816,-21.46303254737178
117540,5.94,21.648212,15.708212432861327,264.4480207552412
67033,12.62,12.284626,-0.3353739929199211,-2.657480134072275
272726,1.99,7.594796,5.604796180725097,281.6480492826682
265860,11.43,9.489887,-1.9401127624511716,-16.97386493833046
186935,15.27,22.748867,7.47886703491211,48.977518237800325
126779,109.545,22.336601,-87.20839874267578,-79.60965698359193
146538,42.11,34.90003,-7.209971771240234,-17.121756759060162
148932,16.0,11.586286,-4.413714408874512,-27.5857150554657
114880,26.15,24.020998,-2.1290019989013658,-8.141499039775777
92470,6.640000000000001,10.825244,4.185243949890136,63.030782377863495
297350,5.96,10.447849,4.487849273681641,75.29948445774565
264388,24.3,16.07819,-8.221810150146485,-33.83460967138471
15502,17.46,17.05709,-0.4029092407226571,-2.3076130625581737
286680,11.7,8.302705,-3.397295188903808,-29.036711016271866
297109,9.94,9.874784,-0.06521553039550732,-0.6560918550855867
124666,8.49,14.528233,6.03823257446289,71.12170287942156
70606,10.49,11.496312,1.0063121414184568,9.593061405323706
36934,4.99,4.2850227,-0.7049772644042971,-14.127800889865672
116692,54.99,22.899641,-32.0903589630127,-58.35671751775359
64000,16.055,17.1646,1.1096003723144534,6.911244922544088
57017,48.97,44.339787,-4.630213470458983,-9.455204146332415
21478,34.99,25.554832,-9.435167541503908,-26.96532592599002
5611,30.01,22.50741,-7.502589950561525,-25.000299735293318
114536,4.69,5.753204,1.0632038688659664,22.66959208669438
128987,6.99,22.268808,15.278808364868164,218.58094942586789
55254,14.46,9.16985,-5.290149650573731,-36.58471404269524
21976,18.5,13.317613,-5.182387351989746,-28.01290460534998
102375,116.0,124.74897,8.748970031738281,7.542215544601967
174153,238.61,113.45557,-125.15443359375001,-52.4514620484263
38849,6.48,86.92493,80.4449267578125,1241.4340549045137
222131,49.16,35.695408,-13.464592132568356,-27.389324923857522
111523,26.99,39.997837,13.007837066650392,48.19502432993847
279031,12.95,11.570748,-1.3792516708374016,-10.65059205279847
171595,2.29,9.70322,7.413220367431641,323.72141342496246
57763,5.87,30.945086,25.075085525512694,427.1735183221924
155475,28.33,9.61515,-18.714849548339842,-66.06018195672377
36033,58.43,22.774979,-35.65502136230469,-61.02177197039994
149202,40.99,40.161556,-0.8284437561035176,-2.0210874752464445
166283,14.07,6.528678,-7.541322059631348,-53.598593174352146
163632,3.09,10.517369,7.427369270324707,240.3679375509614
160199,2.79,11.23677,8.446769676208497,302.7516012977956
241287,12.99,12.641788,-0.348212471008301,-2.6806194842825324
138121,112.0,33.41312,-78.58687973022461,-70.16685690198626
131188,5.88,10.476968,4.596967811584473,78.17972468681076
14685,32.91,17.96359,-14.946409378051754,-45.41601147995064
219179,2.87,20.516893,17.64689338684082,614.8743340362655
20201,93.46,80.863846,-12.596154174804681,-13.47758846009489
183882,1.62,3.0960999,1.476099853515625,91.1172749083719
262816,38.1,16.594261,-21.505738830566408,-56.44550874164411
221954,19.41,6.158845,-13.251155052185059,-68.26973236571385
50884,14.99,17.27677,2.2867696380615232,15.255301121157594
78976,85.99,101.328636,15.338636169433599,17.83769760371392
106865,5.57,9.075281,3.5052811431884763,62.93143883641788
54156,37.55,32.500336,-5.049664306640622,-13.44784102966877
52834,9.29,8.215565,-1.074435272216796,-11.565503468426224
142669,29.13,97.5778,68.44779693603516,234.97355625140807
6830,27.39,25.399736,-1.9902635955810553,-7.266387716615755
259133,5.89,4.7776923,-1.1123076820373532,-18.88468050997204
248110,4.98,4.6367836,-0.3432164001464848,-6.891895585270778
272418,12.715,12.327479,-0.3875206375122069,-3.047743904932811
295373,1.75,1.9675603,0.2175602912902832,12.43201664515904
52744,19.99,24.801477,4.811477432250978,24.069421872190986
195796,63.95,60.95726,-2.9927398681640653,-4.679812147246388
63729,14.99,15.443188,0.45318771362304666,3.02326693544394
154397,4.245,6.2605157,2.0155156898498534,47.4797571224936
72380,1.56,1.6758151,0.11581510543823237,7.4240452203995115
224971,10.98,10.369922,-0.6100783157348637,-5.556268813614423
249762,48.99,36.174454,-12.81554626464844,-26.15951472677779
28427,32.92,20.77423,-12.145770950317385,-36.89480847605523
287883,13.67,9.6660795,-4.003920478820801,-29.289835251066577
92296,22.04,22.61141,0.5714101409912118,2.592604995422921
143566,18.13,17.466476,-0.6635235595703115,-3.6598100362399975
120193,13.5,10.105428,-3.3945722579956055,-25.14497968885634
165121,5.69,12.450152,6.760152397155761,118.80759924702566
113127,11.99,16.54127,4.551269302368164,37.95887658355432
111674,10.99,22.371574,11.381574401855469,103.56300638631
191894,40.92,6.380568,-34.539431972503664,-84.40721400905097
194881,19.49,18.655962,-0.8340380096435531,-4.279312517411766
270965,42.025000000000006,40.43818,-1.5868209838867244,-3.7758976416102894
193788,15.38,10.181305,-5.198695068359376,-33.801658441868504
285981,20.44,17.63407,-2.805930557250978,-13.727644604946073
287819,21.9,17.220545,-4.679455184936522,-21.36737527368275
93394,23.15,10.074598,-13.075401687622069,-56.48121679318388
63368,67.31,18.000294,-49.30970626831055,-73.25762333726125
94481,13.97,5.614337,-8.355663032531739,-59.81147482127229
2153,50.1,42.863693,-7.236306762695314,-14.44372607324414
40217,4.19,5.617312,1.4273119544982906,34.064724451033186
269558,19.34,12.738886,-6.601114120483398,-34.131924097639086
275794,1.715,5.7784133,4.06341329574585,236.93371986856263
137828,6.69,10.597269,3.9072690582275387,58.40461970444751
78967,22.99,23.664747,0.6747472381591813,2.934959713611054
246158,5.23,16.592222,11.362222213745117,217.25090274847258
23556,86.45,74.23013,-12.219866943359378,-14.135184434192455
123956,65.42,32.964554,-32.45544616699219,-49.61089294862762
55734,4.49,14.272014,9.782013664245605,217.86221969366602
133346,24.99,39.902256,14.912256011962892,59.672893205133626
70101,15.99,12.615017,-3.374983062744141,-21.106835914597504
118136,65.79,46.204506,-19.58549407958985,-29.769712843273823
163488,8.89,9.721556,0.8315557098388666,9.353832506623922
575,6.29,6.96138,0.6713800048828125,10.67376796316077
237780,7.98,18.340178,10.360177536010742,129.82678616554813
150486,5.99,4.139823,-1.8501770401000979,-30.8877636076811
51846,20.34,19.512373,-0.8276270294189452,-4.068962779837489
235676,9.49,7.073821,-2.4161789321899416,-25.460262720652704
143342,17.91,13.712558,-4.197442207336426,-23.436304898584176
213077,6.24,5.734059,-0.5059411430358889,-8.108031138395654
245932,12.99,12.234314,-0.7556860351562502,-5.817444458477676
168771,18.67,13.550425,-5.119575424194338,-27.421400236713104
289537,7.79,10.182692,2.3926915740966797,30.714911092383563
77841,57.95,7.327528,-50.62247200012207,-87.3554305437827
174960,27.49,17.46851,-10.021490325927733,-36.45503938133042
247052,61.91,54.999752,-6.910247955322262,-11.161763778585467
246963,6.98,12.22285,5.24284984588623,75.11246197544742
163643,55.46,19.966633,-35.49336715698242,-63.99813767937689
109271,20.99,15.206213,-5.783787002563475,-27.55496428091222
209579,1.68,13.762945,12.082945175170899,719.2229270935059
195459,32.96,28.53676,-4.4232396697998055,-13.420023270023682
157966,81.2,9.536338,-71.66366214752198,-88.25574156098766
83736,4.48,8.889291,4.409290809631347,98.42166985784256
124400,26.94,11.449941,-15.490059318542482,-57.49836421136778
167056,12.025,21.543983,9.518983459472656,79.15994560892021
193108,25.42,13.273706,-12.146293563842775,-47.78242944076622
206754,6.69,11.061541,4.371540603637695,65.34440364181904
239914,10.9,18.145412,7.245412445068359,66.4716738079666
105246,28.99,27.153624,-1.8363764190673812,-6.334516795679135
157208,124.55,74.42474,-50.12525634765625,-40.24508739273886
203012,39.99,9.703688,-30.286312332153322,-75.73471450901056
149508,11.95,12.898201,0.948200988769532,7.934736307694829
76713,21.95,22.524954,0.5749538421630866,2.619379690948003
201243,6.72,18.616627,11.896626739501954,177.03313600449337
163224,5.97,34.024963,28.05496337890625,469.9323849063024
86709,45.97,15.230129,-30.73987075805664,-66.86941648478712
16962,9.6,6.4684973,-3.1315027236938473,-32.61982003847758
25007,17.37,12.41699,-4.953009719848634,-28.5147364412702
221215,3.02,7.9893312,4.969331245422364,164.54739223252858
168326,10.02,6.754463,-3.2655368041992183,-32.59018766665886
84265,5.3,4.829539,-0.47046117782592756,-8.876625996715614
195017,21.62,11.825248,-9.794752235412599,-45.30412689830064
1968,32.2,39.074142,6.874142456054685,21.348268497064236
223310,29.99,22.256563,-7.733436813354491,-25.78671828394295
63463,95.99,63.0746,-32.91539978027343,-34.29044669264864
17443,4.98,7.485547,2.505547065734863,50.31219007499724
225013,10.98,10.369922,-0.6100783157348637,-5.556268813614423
97826,1.28,17.311537,16.03153678894043,1252.4638116359708
186447,10.99,23.326591,12.336591491699219,112.25287981527951
112771,9.49,8.926617,-0.5633833312988283,-5.936599908312206
266085,2.36,8.836823,6.476823463439942,274.44167217965855
247741,74.35,29.740463,-44.60953674316406,-59.999376924228734
156160,1.22,9.017399,7.797398834228516,639.1310519859439
207268,49.99,21.619186,-28.370813598632814,-56.75297779282419
91144,27.91,30.06873,2.1587294006347655,7.73460910295509
116610,37.99,20.66866,-17.321340789794924,-45.59447430848888
118023,84.99,54.506016,-30.483984222412104,-35.86773058290635
249829,4.34,5.868911,1.5289107894897462,35.22835920483286
283733,1.0,4.9518027,3.9518027305603027,395.1802730560303
238642,48.49,46.297443,-2.192556610107424,-4.521667581166063
147503,4.24,15.401869,11.16186882019043,263.2516231176988
189956,4.98,10.608764,5.628763694763183,113.02738342897958
273484,38.95,18.644358,-20.30564231872559,-52.13258618414785
41925,6.28,9.061135,2.7811352920532224,44.285593822503536
48892,14.99,16.318068,1.3280675506591795,8.859690131148628
135227,5.44,5.012918,-0.42708200454711953,-7.850772142410285
172086,15.99,16.055248,0.06524826049804666,0.40805666352749637
43440,6.970000000000001,7.012411,0.0424111175537103,0.6084808831235337
223304,9.97,8.643549,-1.326451034545899,-13.304423616307915
97450,5.88,4.8996305,-0.9803694534301757,-16.672949888268292
170996,28.59,16.591312,-11.998687591552734,-41.96812728769756
132548,15.794999999999998,18.559763,2.764762954711916,17.504038966203964
259339,11.32,23.294771,11.974771194458008,105.78419783090112
172897,15.46,15.640013,0.18001274108886633,1.1643773679745557
122333,59.72,56.673134,-3.0468661499023426,-5.101919206132523
42058,9.21,7.5021725,-1.7078275299072274,-18.543187078254366
182231,26.15,11.851808,-14.298192405700682,-54.67760002179993
125974,24.79,25.992844,1.2028436279296884,4.852132424081034
270157,6.99,10.369859,3.3798587417602537,48.3527716990022
187336,29.99,13.839062,-16.15093826293945,-53.85441234724726
159679,3.34,3.907864,0.5678640937805177,17.0019189754646
38898,7.99,16.509392,8.519391784667969,106.62567940760911
179578,3.29,3.2676635,-0.022336521148681676,-0.6789216154614491
16854,56.325,18.150845,-38.17415542602539,-67.77479880341836
268146,25.99,30.253027,4.263026962280275,16.40256622654973
88095,2.08,5.1003404,3.0203403663635253,145.20867145978485
127480,24.955,22.405678,-2.549322204589842,-10.215677037026015
82760,3.57,8.686178,5.116178207397461,143.310313932702
182336,6.19,7.8238525,1.6338525390624996,26.395032941235858
188296,2.17,4.661054,2.4910541343688966,114.79512139948834
177724,22.46,20.440985,-2.0190152740478524,-8.989382342154284
42545,38.99,14.927388,-24.062611808776857,-61.71482895300553
60572,22.78,13.340465,-9.43953540802002,-41.43782005276567
62007,6.53,10.58483,4.054830284118652,62.09541017027031
261458,5.145,9.823169,4.678168754577637,90.92650640578499
289146,7.779999999999999,7.519761,-0.26023891448974545,-3.344973193955597
73589,15.134999999999998,9.88586,-5.249139556884764,-34.6821245912439
179691,6.99,6.8359303,-0.15406965255737326,-2.204143813410204
261605,36.12,16.11275,-20.007250900268552,-55.39106007826289
11666,20.36,21.08431,0.7243105316162115,3.5575173458556555
116403,13.99,22.708265,8.71826530456543,62.31783634428469
172090,32.5,8.64692,-23.853079795837402,-73.3940916794997
265771,6.485,9.963155,3.478154792785644,53.63384414472851
145137,16.77,19.909748,3.1397480773925786,18.72240952529862
61425,13.725,10.993602,-2.731398200988769,-19.900897639262435
101412,213.58,207.95387,-5.62612731933595,-2.6342013855866417
132308,62.45,22.747026,-39.70297355651856,-63.575618184977664
254635,36.49,33.20715,-3.2828504943847676,-8.996575758796293
1300,5.545,14.615825,9.070824699401856,163.58565733817593
5600,39.71,50.86455,11.154551544189452,28.09003158949749
265354,73.99,71.763626,-2.2263739013671824,-3.0090200045508615
157408,162.79,78.659996,-84.13000396728515,-51.680081065965446
111636,29.0,37.971657,8.971656799316406,30.936747583849677
299225,4.73,9.898234,5.168234367370605,109.26499719599587
28629,10.88,8.062031,-2.8179692077636727,-25.900452277239637
108825,7.61,11.358472,3.748471870422363,49.25718620791541
221846,3.59,5.615792,2.0257917976379396,56.42874088127966
252188,20.635,13.788058,-6.846941719055177,-33.18120532616999
213768,2.98,9.632352,6.652351875305175,223.23328440621393
82353,41.065,25.415478,-15.64952224731445,-38.10914951251541
115411,140.39499999999998,71.32397,-69.07103302001951,-49.19764451726879
257495,6.805,7.866391,1.061391181945801,15.597225304126393
951,5.140000000000001,19.500135,14.36013542175293,279.3800665710686
50122,15.0,15.761269,0.7612686157226562,5.075124104817708
23637,19.88,21.35285,1.4728499603271494,7.408702013718056
21145,50.19,53.89719,3.707190093994143,7.386312201622122
90666,17.99,14.782754,-3.207246055603026,-17.82793805226807
46551,3.1900000000000004,3.833016,0.6430159187316891,20.157238831714388
181617,2.31,3.927143,1.617143096923828,70.00619467202719
81007,13.63,14.856607,1.2266074371337883,8.999320888729187
126585,5.59,7.01052,1.4205199813842775,25.411806464835017
90224,10.99,8.287392,-2.702608337402344,-24.59152263332433
88831,6.615,3.5690055,-3.045994510650635,-46.046780206358804
108936,8.95,9.262938,0.3129375457763679,3.4965088913560662
257432,7.1850000000000005,8.787588,1.6025881195068354,22.304636318814687
180533,47.9,20.286028,-27.613972091674803,-57.6492110473378
234876,12.24,27.310104,15.070104370117187,123.12176772971557
70018,7.27,7.0137615,-0.2562384796142574,-3.5246008200035406
138547,69.64,64.42113,-5.218872680664063,-7.494073349603767
36998,2.49,6.502583,4.012583026885986,161.1479127263448
272079,5.99,8.167562,2.1775615310668943,36.353280986091725
253265,10.095,17.236942,7.141942291259765,70.74732334085948
235435,51.17,32.88422,-18.285779876708986,-35.735352504805526
205703,3.98,4.4385343,0.4585342597961426,11.520961301410617
274498,61.39,11.368612,-50.02138771057129,-81.48132873525215
290323,10.88,8.693902,-2.1860979843139656,-20.09281235582689
36140,7.53,13.810962,6.2809617233276365,83.41250628589158
94075,11.48,12.966069,1.4860692214965816,12.944853845789037
15992,7.09,15.711367,8.621366653442383,121.59896549284038
297637,36.0,22.404707,-13.595293045043945,-37.76470290289985
67814,22.575,37.144516,14.569515991210938,64.5382768159953
134355,7.89,13.387364,5.497364387512207,69.67508729419781
146912,86.02,71.18347,-14.836528320312496,-17.24776600826842
197824,4.19,2.9969447,-1.193055334091187,-28.473874321985367
31647,8.945,7.9862776,-0.9587224197387698,-10.7179700362076
138366,54.7,45.163647,-9.536353302001956,-17.43391828519553
288780,7.99,9.904701,1.914701232910156,23.963720061453767
274113,13.95,20.342644,6.3926437377929695,45.82540313830086
265336,23.99,17.110386,-6.879614105224608,-28.677007524904578
43263,38.99,22.27848,-16.711519470214846,-42.86103993386726
117587,14.08,7.7336397,-6.346360282897949,-45.073581554672934
264977,7.87,9.948911,2.0789107131958007,26.41563803298349
171962,8.995000000000001,17.019817,8.02481735229492,89.21420069255052
8318,41.43,24.858616,-16.57138412475586,-39.99851345584325
282407,8.03,7.6882315,-0.34176853179931577,-4.25614609961788
86886,9.0,7.112279,-1.887721061706543,-20.974678463406033
112176,12.99,11.520471,-1.46952938079834,-11.312774294059585
135561,25.59,7.344447,-18.245552864074707,-71.29954225898673
75693,25.24,19.48421,-5.755790939331053,-22.804243024291022
84267,9.535,6.942531,-2.592468891143799,-27.18897630984582
52297,8.685,8.723116,0.038115921020507315,0.4388707083535672
168004,69.68,32.71698,-36.96302001953126,-53.04681403491857
83168,3.1,4.273521,1.1735209465026855,37.855514403312434
4548,50.58,49.14065,-1.439348297119139,-2.8456866293379575
83540,10.79,13.746858,2.9568576431274423,27.403685293118095
203740,20.67,15.237881,-5.432119293212892,-26.28020944950601
14234,9.4,17.738989,8.338988876342773,88.7126476206678
233093,7.355,6.447318,-0.9076819229125981,-12.341018666384745
61148,2.49,2.5571249,0.06712485313415506,2.695777234303416
23017,26.99,22.59166,-4.398340454101561,-16.296185454248096
232748,36.455,12.980309,-23.474691467285155,-64.39361258341833
112991,21.49,20.50132,-0.9886801147460922,-4.600651999749149
124569,15.99,21.970123,5.980123291015625,37.39914503449421
65989,39.33,15.715128,-23.61487205505371,-60.04289869070356
292508,32.295,18.816923,-13.47807685852051,-41.7342525422527
238337,3.64,5.4654684,1.825468406677246,50.15023095267159
165557,6.96,18.786283,11.826283493041991,169.91786627933897
275060,39.135,16.932112,-22.202888259887693,-56.73409546413107
80569,12.495,7.4287424,-5.066257591247558,-40.546279241677134
142124,86.02,69.96112,-16.058879394531246,-18.66877399968757
113084,39.99,48.380302,8.390302429199217,20.981001323328876
87329,29.28,19.406065,-9.873935012817384,-33.72245564486811
106445,29.94,23.652876,-6.287124099731447,-20.999078489416988
177524,3.39,6.629856,3.2398561096191405,95.5709766849304
126568,165.89,53.852524,-112.03747619628905,-67.53720911223645
175359,16.99,16.423653,-0.5663473510742172,-3.3334158391654927
91844,12.835,9.751078,-3.083922348022462,-24.027443303642084
121864,25.345,12.717104,-12.627896041870116,-49.82401279096515
185943,13.02,12.474118,-0.5458817672729488,-4.192640301635551
123808,8.99,9.645711,0.6557109451293943,7.293781369626188
237540,2.48,3.0096416,0.5296416473388672,21.35651803785755
229359,12.98,7.974799,-5.005200843811036,-38.56086936680305
171356,2.805,3.031179,0.22617895126342757,8.063420722403833
96478,8.19,6.9541116,-1.2358884239196772,-15.090212746272005
196481,43.32,50.705715,7.385715179443359,17.049204015335548
95604,19.99,13.496801,-6.493198623657225,-32.48223423540383
12327,64.53,30.454126,-34.075873641967775,-52.80625080112781
284307,2.245,2.4066997,0.16169965744018544,7.202657347001579
87067,24.92,22.753765,-2.16623489379883,-8.692756395661435
46435,8.49,7.3007402,-1.1892597579956057,-14.007771001126097
50634,5.465,5.2407155,-0.2242844963073729,-4.104016400866842
295211,6.625,16.226254,9.601253509521484,144.924581275796
137744,2.49,4.2357616,1.7457616424560545,70.11090933558451
256122,38.91,38.274723,-0.635276947021481,-1.6326829787239296
62217,31.99,35.111195,3.1211946105957047,9.756782152534244
94128,83.49,21.168417,-62.321583023071284,-74.64556596367385
2270,126.3,98.57951,-27.72048645019531,-21.94812862248243
162576,35.71,15.861935,-19.848065338134766,-55.581252697101
267188,9.5,4.832938,-4.667061805725098,-49.12696637605366
225255,3.34,4.6981363,1.358136329650879,40.662764360804765
197187,1.99,1.9017982,-0.08820175170898437,-4.432248829597205
10312,6.475,13.867052,7.392052078247071,114.16296645941422
272533,7.7,5.3395433,-2.360456657409668,-30.655281265060623
65798,4.925,21.726097,16.801097106933593,341.13902755195113
109662,70.91,32.30028,-38.60971847534179,-54.4489049151626
37234,11.61,22.19539,10.585390701293946,91.17476917565845
251408,7.71,7.2973843,-0.412615737915039,-5.351695692802062
65609,149.99,125.20335,-24.786653747558603,-16.525537534208016
266462,73.22,25.559462,-47.66053840637207,-65.09224038018584
261415,15.99,9.373081,-6.61691879272461,-41.38160595825271
151593,3.29,14.89307,11.603070220947266,352.67690641177103
20982,78.86,77.652306,-1.2076943969726557,-1.5314410309062334
279278,24.99,20.711395,-4.278604736328123,-17.121267452293413
281672,5.220000000000001,4.597759,-0.622241230010987,-11.92033007683883
269422,20.99,13.617236,-7.372763862609862,-35.12512559604508
42485,5.16,9.6359415,4.475941505432129,86.7430524308552
191491,2.99,13.5007105,10.510710487365722,351.5287788416629
185596,22.29,15.590864,-6.6991358184814445,-30.054445125533626
167690,4.68,10.036774,5.356773681640625,114.46097610343217
146613,46.64,56.921116,10.28111587524414,22.04355890918555
240279,32.94,21.60157,-11.338429870605466,-34.42146287372637
23935,21.09,18.519335,-2.5706652069091795,-12.189024214837268
289859,3.49,24.023693,20.533693084716795,588.3579680434611
141977,56.01,62.339252,6.32925247192383,11.300218660817409
22688,27.99,27.43978,-0.5502207183837875,-1.9657760571053502
209684,24.9,19.244228,-5.655771636962889,-22.71394231712004
24426,12.66,10.871201,-1.7887994384765626,-14.129537428724822
26903,12.595,11.656942,-0.9380576324462897,-7.447857343757757
113779,37.99,31.665619,-6.324381103515627,-16.647489085326736
277644,5.525,10.352193,4.827192878723144,87.37000685471754
135268,6.2,10.806265,4.606264877319336,74.29459479547316
176486,9.345,7.0734224,-2.2715775680542,-24.307946153602995
31463,29.545,14.49264,-15.052360458374025,-50.947234585798014
98719,40.33,27.63229,-12.697710113525389,-31.484527928404137
70984,10.95,40.118538,29.168537902832032,266.37934157837475
27336,4.49,3.6398067,-0.8501932525634768,-18.935261749743358
51737,6.99,10.92709,3.937089691162109,56.324602162548054
156123,6.56,14.130463,7.570462646484375,115.4033940012862
25985,8.99,10.364967,1.374967346191406,15.294408745176929
182563,5.79,4.8903766,-0.8996234321594239,-15.537537688418373
224675,37.16,18.639032,-18.520967636108395,-49.84114003258449
17282,21.09,12.5237465,-8.566253509521484,-40.61760791617584
169285,1.32,3.7441168,2.4241167831420896,183.64521084409768
159671,25.88,33.28936,7.40936004638672,28.62967560427635
153536,25.9,19.601221,-6.298778915405272,-24.319609711989468
84328,4.24,4.295194,0.05519414901733377,1.3017487975786266
228050,26.0,17.046705,-8.95329475402832,-34.43574905395508
141923,40.0,16.686296,-23.313703536987305,-58.28425884246826
66375,6.96,10.375485,3.415485420227051,49.07306638257257
2545,56.01,72.78585,16.775850524902346,29.951527450280924
64578,11.5,10.043649,-1.4563512802124023,-12.66392417576002
164654,10.0,10.290912,0.2909116744995117,2.909116744995117
39345,5.140000000000001,7.87803,2.738029823303222,53.26906271017941
131008,5.49,9.123053,3.6330525970458982,66.17582143981599
234242,13.92,9.163749,-4.756251258850098,-34.168471687141505
246568,29.85,28.449617,-1.4003826141357436,-4.691399042330799
228575,2.46,9.190624,6.730624237060547,273.60261126262384
160625,12.375,22.56835,10.193349838256836,82.37050374348959
90637,18.07,24.264732,6.1947323608398435,34.28186143242857
265343,50.8,17.80331,-32.99668960571289,-64.95411339707262
294434,11.385,11.826431,0.4414312744140627,3.877305879789747
59869,49.99,37.946903,-12.043096771240236,-24.091011744829437
2893,9.39,14.596525,5.206525192260742,55.44755263323473
12789,2.075,3.002153,0.9271529197692869,44.68206842261623
39843,1.435,7.330926,5.895925941467285,410.86591926601284
18206,93.46,37.049164,-56.41083618164062,-60.35826683248515
234688,15.99,18.291758,2.301757583618164,14.394981761214282
120126,23.99,17.49191,-6.498089065551756,-27.086657213638006
132529,81.58500000000001,17.968014,-63.616986236572274,-77.97632682058254
162925,24.98,8.789033,-16.19096706390381,-64.81572083228106
141430,12.92,6.923761,-5.996239109039307,-46.41051941980888
192117,3.52,2.8464909,-0.6735091400146485,-19.133782386779785
147699,17.97,23.316652,5.346652297973634,29.753212565240034
31099,2.885,8.137469,5.252469291687012,182.06132726818066
280515,19.26,15.986727,-3.2732732391357438,-16.995188157506455
51110,24.95,14.218943,-10.731057357788085,-43.01024993101437
106240,22.495,40.334415,17.839415435791015,79.30391391771956
120099,12.69,13.75951,1.0695100402832036,8.427975100734466
160903,329.63,34.647514,-294.9824856567383,-89.48896813297887
8960,27.795,26.829206,-0.965793533325197,-3.474702404479932
240994,20.49,4.6539702,-15.836029758453368,-77.28662644437955
14874,14.145,10.354391,-3.7906089019775386,-26.798224828402535
106570,24.98,16.907072,-8.072927932739258,-32.3175657835839
139851,9.285,7.919404,-1.3655959701538087,-14.707549490078714
77169,6.665,7.415436,0.750435791015625,11.259351703160164
209686,21.94,10.866076,-11.073923530578615,-50.47367151585512
137730,8.99,12.799687,3.809687385559082,42.37694533436131
110843,31.5,31.348518,-0.15148162841796875,-0.4808940584697421
141725,11.98,16.69113,4.711129684448242,39.32495562978499
224875,10.98,11.112357,0.13235713958740192,1.2054384297577587
61101,5.99,7.3994656,1.4094655609130857,23.530309864993082
112018,45.95,40.05867,-5.89132995605469,-12.821175094787138
146644,18.55,19.591793,1.0417930603027337,5.61613509597161
29208,14.335,6.9559383,-7.379061660766602,-51.475839977444025
98502,16.98,11.5095825,-5.47041748046875,-32.2168285068831
147797,27.61,28.394852,0.7848516845703131,2.8426355833767225
256610,12.32,14.15028,1.8302799987792966,14.856168821260523
204085,6.42,24.567123,18.147123413085936,282.66547372408
1480,10.87,8.265206,-2.6047936630249016,-23.963143174102132
197932,18.99,18.36732,-0.6226808929443344,-3.278993643730039
11144,35.82,16.221092,-19.598907775878907,-54.714985415630665
195182,129.76,75.54094,-54.2190606689453,-41.78410964006266
80342,17.97,30.534983,12.564982681274415,69.92199600041411
27806,14.99,16.312742,1.322742233276367,8.82416433139671
153158,9.725,9.858876,0.1338762283325199,1.3766193144732124
124882,37.54,27.318989,-10.221011199951171,-27.22698774627376
7411,2.6,12.699605,10.099604988098145,388.4463456960825
32190,9.24,20.996456,11.756456146240234,127.2343738770588
285263,11.74,5.853506,-5.886493911743164,-50.1404932857169
148734,16.77,19.391981,2.62198112487793,15.634950058902387
4421,6.245,8.045166,1.800166015625,28.825716823458762
130825,1.26,3.1480622,1.8880622291564941,149.84620866321382
13173,1.4,9.092936,7.692935562133789,549.4953972952707
46003,190.02,19.26349,-170.75650932312013,-89.86238781345128
200805,13.99,17.873034,3.88303352355957,27.75577929635147
39924,18.035,9.9280815,-8.106918487548828,-44.95103125893445
246410,24.465,26.724186,2.2591859436035158,9.234359058260845
59674,8.97,8.598372,-0.37162754058837955,-4.143004911799103
157237,109.16,134.48497,25.32497009277344,23.19986267201671
215443,20.99,21.940794,0.9507939910888688,4.529747456354782
103398,28.16,13.884657,-14.27534309387207,-50.69368996403434
11727,13.27,6.7863836,-6.483616371154785,-48.859204002673586
206183,1.99,8.020503,6.030503044128418,303.04035397630236
80121,4.99,13.840173,8.85017276763916,177.35817169617553
158020,6.29,10.229375,3.939374885559082,62.629171471527535
117358,10.94,7.6804028,-3.259597244262695,-29.79522161117637
101707,18.33,10.150812,-8.179187850952147,-44.62186498064456
39643,6.77,9.327926,2.5579256820678715,37.78324493453282
99019,3.54,3.8175344,0.27753444671630856,7.83995612192962
72970,7.99,10.208402,2.2184016799926756,27.764726908544123
289044,8.95,7.4909363,-1.4590637207031243,-16.30238794081703
24805,6.49,7.5996113,1.1096112823486326,17.097246261149962
125053,41.0,13.264684,-27.735316276550293,-67.64711286963487
57096,12.77,8.755822,-4.014177818298339,-31.434438671091147
216124,22.33,16.01141,-6.318590240478514,-28.296418452657925
14334,26.0,8.718696,-17.281304359436035,-66.46655522860013
109696,8.59,11.170316,2.580315742492676,30.038600029018347
225124,5.99,29.599213,23.609212646484373,394.14378374765226
110207,14.99,15.009214,0.019214401245116974,0.12818146260918595
138953,9.5,17.664478,8.164478302001953,85.94187686317845
128141,13.69,20.80881,7.118809280395508,52.00006778959466
34238,26.7,26.818996,0.11899642944336009,0.44567951102382053
226511,24.49,24.28651,-0.20348953247070156,-0.8309086666831423
137523,22.99,25.674921,2.684921035766603,11.678647393504146
234620,20.49,20.27867,-0.21133064270019375,-1.0313842981951866
199049,10.99,6.2141333,-4.775866737365723,-43.456476227167634
99566,112.0,47.394592,-64.60540771484375,-57.6833997453962
77476,8.39,7.765047,-0.6249529266357428,-7.448783392559507
164247,0.435,10.059126,9.624125900268554,2212.4427356939204
26725,10.99,9.18494,-1.8050596618652346,-16.424564712149543
166678,12.87,12.413722,-0.45627796173095625,-3.545283307932838
253932,7.71,11.910561,4.200560607910156,54.481979350326284
130160,24.0,24.456635,0.456634521484375,1.9026438395182292
17977,54.27,53.441517,-0.8284831237793,-1.526595031839506
247116,16.99,8.914629,-8.075371017456053,-47.53014136230755
13434,14.98,18.634706,3.6547064971923824,24.397239634128056
32342,58.13,23.430462,-34.69953811645508,-59.69299521151743
146033,83.74,54.82922,-28.91078018188476,-34.524456868742256
296707,10.57,11.037886,0.4678856658935544,4.4265436697592655
116273,2.42,12.960573,10.540573196411133,435.5608758847576
70746,69.99,29.937866,-40.052133789062495,-57.22550905709743
81709,30.39,23.16603,-7.223969116210938,-23.77087567032227
116838,4.99,27.51829,22.528289566040037,451.46872877835744
37583,10.695,11.733966,1.0389658737182614,9.714500923031897
240467,4.4,8.437309,4.037309265136718,91.75702875310722
79111,60.61,12.904047,-47.7059529876709,-78.70970629874756
156797,97.47,109.95694,12.486939697265626,12.81105950268352
35182,5.08,11.3123255,6.232325477600098,122.68357239370272
109871,21.51,13.215147,-8.294852981567384,-38.56277536758431
260049,18.475,8.494008,-9.980991935729982,-54.02431358987811
99679,39.49,29.24968,-10.240320434570314,-25.931426777843285
66831,19.99,27.537838,7.547837982177736,37.75806894536136
34040,7.905,6.4915633,-1.4134366798400881,-17.880286904997952
157947,116.29,58.676582,-57.613417663574225,-49.54288215975081
153386,8.3,8.001088,-0.2989118576049812,-3.6013476819877246
114788,28.45,16.2906,-12.159400177001952,-42.73954368014746
184664,27.4,14.748004,-12.651996040344237,-46.17516803045342
255341,5.115,11.909514,6.794514427185058,132.83508166539704
178958,21.99,22.094986,0.10498596191406406,0.47742592957737184
217820,120.0,54.99684,-65.00315856933594,-54.16929880777995
52443,12.82,4.6149044,-8.205095596313477,-64.00230574347485
245381,4.995,4.3803945,-0.6146055412292482,-12.304415239824786
15802,5.99,8.669648,2.679648170471191,44.735361777482325
235322,22.49,22.489712,-0.0002882385253890618,-0.0012816297260518532
272055,3.29,2.5101523,-0.7798476600646973,-23.703576293759795
89497,7.945,7.332555,-0.6124451828002933,-7.708561142860834
133598,14.26,11.708282,-2.551717529296875,-17.894232323259992
23964,18.99,19.276258,0.28625846862793125,1.5074168964082741
2406,15.32,23.6525,8.33250015258789,54.389687680077614
211551,5.18,8.49648,3.316479988098145,64.02471019494489
278945,46.99,22.191088,-24.79891227722168,-52.774871839160845
98340,1.23,1.969559,0.7395589542388916,60.12674424706436
51837,3.44,4.9650254,1.5250254249572754,44.33213444643243
233682,75.31,23.650444,-51.65955596923828,-68.59587832855966
161493,110.19,66.63997,-43.550031127929685,-39.52267095737334
113618,12.73,9.534896,-3.1951041030883793,-25.099011021904
151478,15.5,12.678662,-2.8213376998901367,-18.202178708968624
129413,22.79,22.10999,-0.6800108337402335,-2.9838123463810162
281359,2.69,2.790328,0.10032802581787115,3.729666387281455
37090,44.99,24.142246,-20.84775375366211,-46.338639150171396
126133,26.85,13.88416,-12.96583995819092,-48.28990673441683
261114,8.88,5.5298424,-3.3501576232910164,-37.72700026228622
63821,46.89,41.753517,-5.136482849121094,-10.95432469422285
249473,4.890000000000001,7.4941874,2.6041873550415033,53.25536513377307
214010,5.48,5.2833176,-0.19668243408203168,-3.5890955124458337
154425,10.69,15.096182,4.406181869506836,41.217791108576584
232140,95.975,38.789158,-57.185842132568354,-59.584102248052474
113138,13.72,15.525173,1.8051731872558587,13.157238974168067
282073,16.99,11.267483,-5.722517242431639,-33.681678884235666
189891,161.49,143.15865,-18.331354370117197,-11.351386692747042
232900,26.69,17.74017,-8.949830474853517,-33.532523322793246
161455,10.66,11.431631,0.7716310882568358,7.23856555588026
203434,123.0,20.061113,-102.93888664245605,-83.6901517418342
25440,27.59,10.320263,-17.269737091064453,-62.594190253948724
207734,14.17,7.8874016,-6.282598419189453,-44.33732123634053
230764,32.38,18.593723,-13.786276702880862,-42.576518538853804
33907,3.475,7.758627,4.283626937866211,123.26983993859602
233468,24.71,24.331871,-0.3781289672851571,-1.5302669659455972
59787,41.92,14.595053,-27.32494728088379,-65.18355744485636
174857,1.84,6.1362133,4.296213302612305,233.48985340284264
262738,34.98,26.824575,-8.155424575805661,-23.314535665539342
215647,4.385,9.58328,5.198279609680176,118.54685540889798
212352,34.07,27.512362,-6.5576384735107425,-19.247544683037106
212410,11.645,13.325859,1.6808590698242192,14.434169770925026
166530,10.0,9.687372,-0.31262779235839844,-3.1262779235839844
293778,24.225,19.396912,-4.828088378906251,-19.93018938660991
167585,32.99,22.9362,-10.05380081176758,-30.475298004751682
197331,23.99,15.001595,-8.988405456542967,-37.46730077758636
294848,2.99,18.909412,15.919412384033203,532.4218188639867
75591,5.925000000000001,4.12805,-1.7969501495361335,-30.32827256601069
14628,29.95,36.374435,6.424435424804688,21.45053564208577
111762,17.99,18.953953,0.9639527893066422,5.358270090642814
26757,11.29,9.40449,-1.8855095291137687,-16.70070442084826
187821,17.79,19.659157,1.869156799316407,10.506783582441862
75326,11.0,3.2473726,-7.752627372741699,-70.47843066128817
188524,19.83,18.44014,-1.3898602294921858,-7.008876598548593
99375,21.99,32.084644,10.094644317626955,45.90561308607074
206933,5.44,10.774273,5.3342729187011715,98.05648747612446
134605,8.184999999999999,8.341593,0.15659278869629034,1.913167852123279
127891,55.83,34.999622,-20.830377655029295,-37.310366568205794
43705,29.95,9.138069,-20.811930847167968,-69.4889176867044
3389,14.96,18.034613,3.0746126556396476,20.552223633954863
238824,12.695,8.763654,-3.931346244812012,-30.96767424034669
112426,13.985,18.209515,4.224514617919922,30.207469559670525
280422,1.99,7.448719,5.458719024658203,274.3074886762916
117836,8.99,9.412582,0.4225823974609373,4.7005828416122055
105095,4.19,7.687975,3.49797492980957,83.48388853960786
241785,36.55,46.59882,10.048819732666018,27.493350841767494
143546,50.1,37.48756,-12.612439727783205,-25.174530394776856
156152,4.745,4.2630563,-0.48194372177124034,-10.156875063672082
268406,8.425,26.427576,18.002576065063476,213.68042807197
60256,4.54,7.513603,2.9736032104492187,65.4978680715687
28614,38.84,7.432869,-31.407131042480472,-80.8628502638529
19124,35.93,15.148674,-20.78132598876953,-57.83836901967585
20173,54.69,54.714306,0.02430587768554915,0.04444300180206464
255641,15.385,8.807714,-6.577285537719726,-42.751287212997894
76556,11.21,30.795805,19.58580497741699,174.71726117231927
275902,6.45,8.9310875,2.481087493896484,38.4664727735889
47708,6.145,10.14326,3.998260002136231,65.06525634070351
211109,27.95,17.814157,-10.135842514038085,-36.26419504128117
18877,33.5,30.491758,-3.008241653442383,-8.979825831171292
237513,2.99,8.512742,5.522742042541504,184.70709172379608
213687,14.99,18.665012,3.6750123596191404,24.516426681915547
143844,97.46,60.478184,-36.9818162536621,-37.94563539263503
63633,37.05,19.172338,-17.877661514282224,-48.25279760939872
156157,4.4350000000000005,6.1925898,1.7575897598266597,39.629983310634934
76435,21.99,32.424576,10.434575805664064,47.45145887068697
28518,9.7,18.128078,8.42807846069336,86.88740681127176
120358,70.99,9.670538,-61.319462051391596,-86.37760536891336
22843,3.19,12.522182,9.33218246459961,292.54490484638274
224328,14.88,17.070671,2.190671081542968,14.722251892089838
80895,91.98,76.03474,-15.945263366699223,-17.33557661089283
265754,4.24,6.264661,2.024660835266113,47.7514347940121
288560,29.36,22.724617,-6.635382995605468,-22.600078322906906
136011,20.99,33.603508,12.61350799560547,60.092939474061325
102104,32.895,33.562077,0.6670765686035125,2.027896545382315
251728,72.99,23.601347,-49.3886530303955,-67.66495825509729
286466,3.635,5.9610147,2.326014747619629,63.98940158513423
228960,8.33,13.611285,5.281285209655762,63.40078282900073
102223,10.98,13.96544,2.9854397964477535,27.189797781855678
287329,8.99,8.565608,-0.42439197540283224,-4.720711628507589
222244,3.99,4.3548636,0.36486364364624,9.144452221710274
104399,32.99,30.169342,-2.820657958984377,-8.550039281553127
152299,27.56,22.2709,-5.289099273681639,-19.191216522792594
161336,43.67,54.498608,10.828607635498045,24.79644523814528
92370,146.365,88.44861,-57.91639160156251,-39.56983677898576
9942,18.24,15.031904,-3.2080957794189437,-17.588244404709123
154372,3.69,6.9316897,3.241689739227295,87.85067043976409
298670,13.49,8.749695,-4.74030517578125,-35.13940085827465
79237,4.99,12.61614,7.626140365600586,152.8284642404927
37827,20.93,8.74517,-12.184830360412597,-58.21705857817773
217689,0.72,4.874256,4.154256134033203,576.9800186157228
248790,35.49,56.921474,21.431474456787107,60.38736110675431
229296,1.52,2.445023,0.9250230598449707,60.8567802529586
66009,18.95,15.068613,-3.8813869476318352,-20.48225302180388
262823,9.63,12.52701,2.897009963989257,30.083177196150125
144104,76.44,76.21173,-0.22826904296874773,-0.29862512162316557
288947,5.95,5.282879,-0.6671211242675783,-11.212119735589551
245346,29.99,24.358501,-5.631498565673827,-18.77792119264364
184266,11.93,13.234173,1.3041728210449222,10.931876119404208
195943,72.25,97.55058,25.300582885742188,35.01810780033521
104401,2.9000000000000004,16.18903,13.289029693603515,458.24240322770737
137783,2.64,7.173195,4.533194885253906,171.71192747173885
78657,9.54,6.6194816,-2.920518436431884,-30.61340080117279
142912,17.97,20.081102,2.1111023712158214,11.747926384061333
298450,29.98,27.698666,-2.281334381103516,-7.6095209509790385
78089,1.42,10.743372,9.323371963500977,656.5754903873927
191155,23.96,22.839033,-1.1209668731689462,-4.678492792858706
97991,4.79,7.845995,3.0559949493408203,63.799477021729025
13240,15.95,16.5976,0.6476009368896491,4.06019396169059
160573,13.99,17.191076,3.2010762786865232,22.881174257945126
130254,4.78,5.9528747,1.172874660491943,24.537126788534376
144794,39.14,30.865623,-8.274376525878907,-21.140461231167365
3712,15.0,17.669481,2.6694812774658203,17.796541849772137
84979,12.95,12.341846,-0.6081535339355462,-4.696166285216573
289904,18.99,11.236855,-7.753145446777342,-40.827516834003916
69934,4.58,6.6267276,2.04672758102417,44.68837513153209
197555,18.96,20.211025,1.2510252380371085,6.598234377832851
71960,3.74,4.927262,1.1872618293762205,31.74496869989894
278519,10.225,12.54723,2.3222297668457035,22.711293563283164
212623,7.99,7.1445065,-0.8454935455322268,-10.581896690015354
6396,1.28,4.421129,3.14112922668457,245.400720834732
95409,4.805,6.96004,2.155040092468262,44.84994989528121
125244,6.39,11.748091,5.358090744018555,83.85118535240306
166706,19.94,23.360666,3.420666275024413,17.154795762409293
130161,25.0,23.173717,-1.8262825012207031,-7.3051300048828125
191785,46.99,21.049105,-25.940895309448244,-55.20514004990049
133585,18.875,15.365942,-3.5090579986572266,-18.59103575447537
20670,37.63,41.558426,3.92842590332031,10.439611754770953
291111,5.95,14.742992,8.792992401123048,147.78138489282432
216356,17.98,22.698402,4.718402404785156,26.242505032175504
269324,17.98,17.704277,-0.2757229614257817,-1.5334981169398312
19850,136.71,51.247845,-85.46215530395509,-62.51346302681229
277170,0.4649999999999999,1.7180192,1.2530192470550539,269.46650474302237
188461,56.8,51.35813,-5.441868591308591,-9.580754562163014
172323,16.99,14.752878,-2.2371218109130844,-13.167285526268891
241330,24.235,11.452734,-12.782266006469726,-52.74299982038261
55943,6.99,15.503693,8.513692626953125,121.79817778187589
263771,15.065,18.771122,3.706121978759766,24.600876062129213
208395,65.99,40.809177,-25.180822601318354,-38.15854311459063
259454,4.89,6.466539,1.5765389060974124,32.24005942939494
240212,21.45,20.733551,-0.7164489746093743,-3.340088459717363
137197,260.45,149.11514,-111.33485717773436,-42.7471135257187
210584,6.99,12.281605,5.291604766845703,75.70250024099718
191402,6.83,6.8217225,-0.00827749252319343,-0.1211931555372391
113540,25.99,18.478271,-7.511728515624998,-28.902379821565983
296750,3.0700000000000003,14.097524,11.02752368927002,359.202726034854
91003,28.43,14.125982,-14.304017715454101,-50.313111908034124
36519,77.96,55.340683,-22.619317016601556,-29.01400335633858
70446,4.7,11.193191,6.493190574645996,138.1529909499148
34451,33.685,14.008469,-19.676531372070315,-58.41333344833105
146894,81.92,88.87491,6.954908447265623,8.489878475666043
264096,5.99,9.97016,3.9801595306396482,66.4467367385584
159749,15.51,10.872177,-4.637822875976562,-29.90214620229892
220193,4.82,16.57875,11.758750610351562,243.95748154256353
215678,2.38,7.571598,5.191598052978516,218.1343719738872
66142,24.99,32.21951,7.229509124755861,28.929608342360392
60720,319.89,129.203,-190.6869970703125,-59.61017758301682
262853,35.879999999999995,16.57416,-19.305840377807613,-53.806690016186224
147849,56.01,39.90317,-16.106828460693357,-28.75705849079335
205375,18.365,19.059776,0.6947763061523453,3.7831544032254034
207886,69.98,38.069443,-31.910557250976566,-45.59953879819458
2284,57.63,38.55852,-19.07147872924805,-33.09297020518488
76658,6.19,6.991094,0.8010941123962398,12.941746565367362
198517,26.89,12.162826,-14.72717441558838,-54.76822021416281
196063,90.67,92.21737,1.547369079589842,1.7065943306384053
280378,5.39,11.413673,6.023673400878907,111.75646383819864
146584,15.32,19.637463,4.317462615966797,28.181870861402064
57425,22.95,26.174597,3.224596786499024,14.050530660126467
131209,27.5,19.837358,-7.662641525268555,-27.864151000976562
224733,17.99,17.431864,-0.5581362152099594,-3.102480351361642
216297,15.0,22.193687,7.193687438964844,47.957916259765625
27071,5.5,5.8735495,0.3735494613647461,6.791808388449929
78232,23.9,9.570272,-14.329727554321288,-59.957019055737604
95686,11.42,14.563837,3.1438370513916016,27.529221115513145
117944,14.99,18.837963,3.8479631042480467,25.67020082887289
229380,35.8,5.522077,-30.27792291641235,-84.57520367712948
10520,10.99,11.846277,0.8562772369384763,7.791421628193597
218319,12.98,29.08688,16.10687973022461,124.08998251328667
194466,7.56,13.939797,6.379797401428223,84.38885451624634
107244,40.685,30.59622,-10.08877998352051,-24.7972962603429
105717,12.0,14.63809,2.638090133666992,21.984084447224937
231441,59.99,33.60893,-26.38107131958008,-43.97578149621617
258359,144.59,132.947,-11.642993774414066,-8.052419790036701
193619,74.45,42.24125,-32.20875091552735,-43.26225777773989
288549,8.69,9.377608,0.6876082992553716,7.912638656563541
68289,4.86,5.4704423,0.6104422950744626,12.560541050914868
199246,13.95,9.517226,-4.432773780822753,-31.776156134930133
260935,81.18,65.44864,-15.731361083984382,-19.37837039170286
145383,17.97,12.829545,-5.14045497894287,-28.605759482152866
276090,8.88,3.3102908,-5.569709186553956,-62.72195029903103
21328,2.88,6.4017916,3.521791572570801,122.28442960315282
219212,23.99,14.473241,-9.516759147644041,-39.66969215358083
99145,2.71,10.7681465,8.058146514892577,297.3485798853349
209188,10.99,9.543675,-1.4463245773315432,-13.160369220487198
20958,16.82,51.851994,35.031993560791015,208.27582378591563
229913,5.97,5.404668,-0.5653321456909177,-9.469550179077348
243310,41.99,32.621037,-9.368963470458986,-22.312368350700133
205785,3.64,11.503479,7.863479003906249,216.0296429644574
110261,17.99,12.0298,-5.960199584960936,-33.130625819682805
96470,23.99,23.512693,-0.47730659484863125,-1.9896064812364789
211647,14.19,13.428273,-0.76172679901123,-5.368053551876181
100861,11.95,22.1886,10.238600540161134,85.67866560804296
83286,1.48,2.4411645,0.961164493560791,64.94354686221561
32702,26.215,9.422481,-16.792519416809082,-64.0569117558996
255322,5.69,14.565358,8.875358161926268,155.98169001627886
111527,5.2,10.820358,5.620358276367187,108.0838130070613
281874,10.0,14.857987,4.857987403869629,48.57987403869629
171179,9.12,23.453556,14.333556060791016,157.16618487709448
272500,4.89,9.017747,4.127746925354004,84.41200256347658
263953,5.99,10.99329,5.003289947509765,83.52737808864383
178961,7.11,6.508619,-0.6013811683654788,-8.458244280808422
188854,9.44,15.21944,5.779440460205079,61.222886230986006
143576,72.8,53.130955,-19.669045257568357,-27.017919309846643
160926,150.22,16.413557,-133.8064429473877,-89.07365393914772
38364,16.065,8.299398,-7.76560157775879,-48.33863415971858
289402,5.125,13.609442,8.484441757202148,165.550083067359
128813,4.95,7.9920454,3.0420454025268553,61.4554626773102
229656,7.55,12.828733,5.278733444213867,69.91699926111082
115560,17.99,17.517715,-0.47228454589843594,-2.6252615113865256
211701,29.48,27.365452,-2.11454818725586,-7.172822887570759
219428,15.88,11.044026,-4.835973625183106,-30.453234415510742
181829,2.73,7.798731,5.068730850219726,185.6677967113453
167651,4.98,7.482917,2.5029168319702144,50.25937413594808
71425,1.29,12.996103,11.706103286743165,907.4498671893925
218357,25.99,16.120743,-9.869257202148436,-37.97328665697744
15632,27.99,53.82857,25.83857131958008,92.31358099171162
131169,8.5,6.8381243,-1.6618757247924805,-19.55147911520565
97246,97.45,19.792173,-77.65782661437989,-79.68991956324257
126582,59.905,46.090027,-13.814973144531251,-23.061469233838995
88735,6.09,11.718368,5.628367576599121,92.41982884399214
200688,85.99,51.358654,-34.6313459777832,-40.2736899381128
32079,6.74,3.4813566,-3.258643379211426,-48.34782461738021
47550,3.84,3.1554585,-0.684541549682617,-17.826602856318154
238967,59.99,39.384895,-20.60510467529297,-34.34756571977491
279937,65.51,10.636745,-54.873254547119146,-83.76317286997273
106302,22.06,22.315245,0.25524467468261847,1.1570474826954602
154804,28.97,25.606165,-3.3638350677490223,-11.611443105795729
112978,12.85,5.95981,-6.89019021987915,-53.62015735314514
120279,5.99,7.4824076,1.4924075698852537,24.91498447220791
6845,9.25,8.622768,-0.6272315979003906,-6.7808821394636825
156001,3.89,10.4635315,6.573531494140624,168.9853854534865
95171,4.79,8.771726,3.9817256546020507,83.12579654701567
58078,20.17,16.667974,-3.5020255279541033,-17.362545998780877
8629,19.44,32.79943,13.359430847167967,68.72135209448543
184699,5.24,8.250498,3.010497817993164,57.45224843498404
168378,8.92,6.825466,-2.0945338439941406,-23.481321121010545
101693,10.0,2.0288272,-7.97117280960083,-79.7117280960083
266113,3.785,10.025916,6.24091609954834,164.88549800656114
212632,23.98,77.66919,53.689189453124996,223.8915323316305
26498,3.79,17.464054,13.674054107666016,360.792984371135
190020,4.99,8.694427,3.7044265365600584,74.23700474068254
51971,8.254999999999999,12.90657,4.6515704345703135,56.34852131520671
283229,36.94,24.319958,-12.6200422668457,-34.16362281225149
128731,2.49,13.817026,11.327026138305664,454.9006481247254
160175,28.89,17.505297,-11.38470329284668,-39.407072664751404
100420,15.9,14.842728,-1.0572723388671879,-6.649511565202439
212600,17.86,7.248537,-10.611462936401367,-59.4146860940726
43269,1.49,5.149481,3.6594808197021482,245.6027395773254
15512,43.11,28.768265,-14.341735229492187,-33.267769031529085
282963,11.89,18.747816,6.857816085815429,57.67717481762345
156765,113.96,83.60598,-30.3540200805664,-26.63567925637627
149290,19.9,16.958605,-2.9413951873779283,-14.780880338582556
206045,2.99,3.7290301,0.739030132293701,24.716726832565246
51648,6.99,6.1611876,-0.8288123512268069,-11.85711518207163
290217,28.73,18.888262,-9.841738204956055,-34.25596312201899
56388,21.45,17.401733,-4.048266601562499,-18.873037769522142
216507,56.99,9.72401,-47.265989532470705,-82.93733906381945
146592,18.47,19.962124,1.4921238708496105,8.078634926094264
226881,5.59,4.8787293,-0.7112706565856932,-12.723983123178769
248510,48.99,48.01577,-0.9742300415039082,-1.9886304174401066
297564,9.755,4.3396554,-5.415344600677491,-55.513527428780016
86299,1.0,3.9644608,2.964460849761963,296.4460849761963
68156,26.99,19.746008,-7.243992080688475,-26.839540869538624
146655,29.13,102.94538,73.81538116455079,253.39986668228903
154356,72.13,22.300047,-49.82995307922363,-69.08353400696468
134505,14.97,10.94371,-4.026289672851563,-26.89572259753883
145835,6.39,12.043208,5.653208122253418,88.4696106768923
56748,13.99,12.966945,-1.0230553054809572,-7.3127612972191365
72339,14.99,20.792152,5.802152404785156,38.706820578953675
245520,13.99,20.005175,6.01517463684082,42.99624472366562
45398,69.375,18.275753,-51.099246978759766,-73.6565722216357
289476,8.39,8.762623,0.37262283325195256,4.441273340309327
58674,16.0,23.296566,7.296566009521484,45.60353755950928
25338,38.15,7.9810753,-30.168924713134764,-79.07975023102166
268493,9.99,13.70316,3.713160285949707,37.168771631128195
241500,26.95,12.501063,-14.448936653137206,-53.61386513223453
177052,43.99,30.538809,-13.451191177368166,-30.577838548234066
242181,65.0,49.410217,-15.58978271484375,-23.984281099759617
76587,16.580000000000002,17.294313,0.714313430786131,4.308283659747472
159495,12.25,12.229065,-0.02093505859375,-0.1708984375
127583,8.39,10.371233,1.9812329864501947,23.614219147201364
263317,7.99,8.551836,0.5618360137939451,7.031739847233355
279946,4.975,7.5841465,2.6091464996337894,52.44515577153346
152697,9.98,15.409351,5.429351348876953,54.40231812501957
194323,13.49,13.768884,0.27888370513915994,2.067336583685396
66602,19.99,11.718841,-8.27115940093994,-41.376485247323366
266930,18.95,17.82763,-1.1223709106445305,-5.9228016392851215
62736,17.99,14.731455,-3.2585451507568344,-18.11309144389569
266735,9.99,4.4707713,-5.519228687286377,-55.24753440727104
144029,59.48,52.52588,-6.954121093749997,-11.691528402404165
187761,3.13,4.9122744,1.7822743606567384,56.94167286443253
8966,14.99,13.1338005,-1.8561994934082033,-12.382918568433645
156447,7.77,9.888251,2.1182513046264653,27.261921552464162
125599,21.99,11.4606495,-10.529350509643553,-47.88244888423626
47439,4.64,7.8098984,3.169898376464844,68.31677535484579
235545,3.28,4.733288,1.453287811279297,44.30755522192979
128521,18.95,15.123829,-3.826171112060546,-20.19087658079444
34317,105.87,69.794,-36.076001281738286,-34.07575449299923
157589,119.64,50.26636,-69.37363876342773,-57.985321600992755
290215,30.91,20.5494,-10.360599670410156,-33.51860132775851
275168,2.99,6.4573054,3.4673054313659666,115.9633923533768
130259,26.99,22.57342,-4.416580429077147,-16.363765946932745
132870,17.95,17.159187,-0.790812683105468,-4.40564168860985
130976,2.29,4.6790547,2.3890547370910644,104.32553437078884
75600,8.475,5.8280716,-2.6469284057617184,-31.232193578309364
179230,35.99,34.298676,-1.691324462890627,-4.69942890494756
31386,6.88,15.918335,9.038334960937501,131.37114768804508
12738,43.49,15.805222,-27.684778442382814,-63.65780281072158
49933,4.52,13.497852,8.977852325439454,198.62505144777555
209694,7.24,14.69784,7.457839736938476,103.00883614555907
158329,28.16,31.563232,3.403232421875,12.085342407226562
282772,6.59,9.600727,3.0107270812988283,45.686298654003465
148123,1.19,7.9849863,6.794986305236817,571.007252540909
187410,65.62,13.791239,-51.828761215209965,-78.98317771290759
71206,28.39,15.624592,-12.765408172607422,-44.96445287991343
80956,23.49,16.048471,-7.441528549194334,-31.67955959639989
273634,2.465,6.7437363,4.278736267089844,173.57956458782328
165918,9.17,12.217331,3.0473309326171876,33.23152598273923
216192,20.95,19.91798,-1.0320198059082024,-4.92610885875037
184984,20.32,12.744262,-7.575738258361817,-37.282176468316024
138979,11.99,10.466402,-1.5235979461669924,-12.7072389171559
232714,14.99,32.186913,17.19691253662109,114.72256528766572
144069,57.7,82.59071,24.89071350097656,43.13815164813962
2550,26.09,23.385178,-2.7048223876953124,-10.367276303929906
282495,6.145,5.3724933,-0.7725067329406734,-12.57130566217532
250048,21.99,12.991945,-8.998054733276366,-40.91884826410353
81426,90.3,34.72725,-55.572750854492185,-61.542359750268204
83305,39.89,36.935825,-2.95417465209961,-7.405802587364277
191687,27.89,41.86256,13.972560272216796,50.09881775624524
226357,4.49,8.913998,4.423997650146484,98.53001447987715
24795,24.99,30.528059,5.538059005737306,22.16110046313448
16433,25.98,22.330727,-3.649273376464844,-14.046471810873149
261182,51.4,25.994305,-25.405695343017577,-49.4274228463377
37053,5.455,3.2973604,-2.1576395797729493,-39.5534295100449
63943,20.99,15.965401,-5.024599304199217,-23.938062430677547
152288,27.56,22.863997,-4.696003494262694,-17.03919990661355
275025,5.0,8.977086,3.977086067199707,79.54172134399414
95563,8.594999999999999,5.1682305,-3.4267694664001453,-39.86933643281147
262275,9.14,13.131634,3.9916337585449213,43.672141778390824
144032,86.02,77.32718,-8.692821044921871,-10.105581312394643
294994,1.94,7.98895,6.048949775695801,311.8015348296805
283315,7.49,6.3090754,-1.180924644470215,-15.766684171831976
236452,49.46,33.44849,-16.011509857177735,-32.372644272498455
66383,39.98,46.782566,6.802566070556644,17.014922637710466
37904,8.33,4.2536454,-4.076354579925537,-48.935829290822774
217505,10.49,12.1439,1.6538999176025388,15.766443447116671
42242,5.99,9.23974,3.2497403717041013,54.252760796395684
2259,97.46,79.73336,-17.72663970947265,-18.18863093522743
165530,18.69,13.102322,-5.587678375244142,-29.89662052030038
228241,25.99,21.829966,-4.160034408569334,-16.006288605499556
54467,15.54,15.904203,0.36420341491699304,2.343651318642169
247164,6.5,6.4762754,-0.02372455596923828,-0.364993168757512
92261,30.09,32.41089,2.320888671875,7.7131561046028585
179572,2.645,11.085654,8.440654258728028,319.11736327894243
190681,8.4,8.934541,0.534540748596191,6.363580340430845
93640,19.145,10.886293,-8.258706588745117,-43.137668261922784
117051,12.105,11.7538185,-0.3511814880371098,-2.9011275343833938
47920,4.49,12.508285,8.01828456878662,178.5809480798802
171850,3.8,6.6957226,2.895722579956055,76.20322578831724
213004,45.0,41.520676,-3.4793243408203125,-7.731831868489583
173048,28.19,35.905716,7.715715942382811,27.370400646976982
134570,13.24,8.694849,-4.545150985717774,-34.328934937445425
273018,5.19,14.022985,8.832985458374022,170.19239804188865
21817,47.49,54.1279,6.637899169921873,13.977467192928769
275872,3.25,7.522153,4.272152900695801,131.4508584829477
236001,31.07,20.324535,-10.745464630126953,-34.58469465763422
183795,3.695,5.816047,2.121047191619873,57.40317162706017
85573,6.35,7.2313433,0.8813432693481449,13.879421564537717
119213,32.0,36.490788,4.490787506103516,14.033710956573486
137078,3.72,11.166666,7.446666030883788,200.17919437859643
280189,3.11,7.3239985,4.213998451232911,135.49834248337334
232395,9.8,32.536903,22.736903381347656,232.0092181770169
54772,15.99,39.869534,23.879533538818357,149.34042238160322
224938,22.435,11.311512,-11.123488006591796,-49.580958353429
145030,15.32,28.686218,13.36621826171875,87.24685549424771
196197,50.86,54.19221,3.3322111511230474,6.5517325031912055
246898,5.9,33.146023,27.24602279663086,461.7969965530654
48772,9.99,14.560605,4.570605049133301,45.75180229362663
85513,155.75,20.419939,-135.3300609588623,-86.88928472479121
137306,12.47,11.314254,-1.1557461929321295,-9.268213255269684
197580,29.99,27.990112,-1.9998876953124984,-6.668515156093694
233087,41.39,14.824226,-26.56577362060547,-64.18403870646404
74750,5.87,8.886775,3.016775016784668,51.39310079701308
234032,36.0,27.710663,-8.289337158203125,-23.025936550564236
205857,4.59,8.811684,4.221683654785156,91.97567875348925
138203,5.93,7.1494856,1.2194855880737308,20.564681080501362
269879,7.13,13.633573,6.503572578430176,91.21420166101228
218429,13.99,12.188947,-1.801053276062012,-12.873861873209522
255718,40.99,14.629692,-26.360307922363283,-64.30911910798555
286057,5.49,7.7806044,2.2906043624877928,41.72321243147164
50583,5.945,12.285956,6.340956382751465,106.66032603450739
224632,8.99,21.501616,12.511615524291992,139.17258647710779
91835,9.86,13.491514,3.6315142059326178,36.83077287964115
59326,4.09,4.8441405,0.7541405296325685,18.43864375629752
177532,14.99,6.4374757,-8.552524318695069,-57.054865368212596
57288,35.99,27.123133,-8.866867294311525,-24.637030548239856
99980,2.19,3.90101,1.711010036468506,78.12831216751168
273990,3.99,13.069064,9.079064140319824,227.5454671759354
22408,10.99,7.133087,-3.856912841796875,-35.0947483330016
80281,16.095,14.987962,-1.107038230895995,-6.878149927903045
294382,12.29,15.3521,3.062100372314454,24.915381385797023
162225,7.485,21.36201,13.877009048461915,185.3975824777811
210100,35.99,36.969234,0.9792344665527324,2.7208515325166225
43121,34.1,13.644986,-20.455013847351076,-59.98537785146942
64615,8.86,9.822137,0.9621368789672857,10.859332719721058
90785,6.49,10.337092,3.8470923995971678,59.27723265943248
120111,12.0,18.01878,6.018779754638672,50.156497955322266
44471,4.29,10.528358,6.238358459472656,145.41628110658874
74268,18.19,18.240591,0.05059104919433466,0.27812561404252145
15981,2.99,4.4260306,1.43603063583374,48.02778046266688
96461,14.54,12.095545,-2.4444551849365226,-16.81193387164046
258005,20.225,11.13591,-9.089089965820314,-44.93987622160847
111660,14.99,15.848782,0.8587815856933592,5.729029924572109
7674,68.05,28.287458,-39.76254158020019,-58.431361616752675
241275,26.06,13.821581,-12.238419113159178,-46.96246781718795
233860,1.99,7.8995085,5.909508476257324,296.96022493755396
82606,24.95,7.2619286,-17.68807144165039,-70.89407391443042
39765,6.2,8.998151,2.798150825500488,45.13146492742723
248461,5.99,7.4223366,1.4323365783691404,23.91212985591219
264095,11.87,6.7519474,-5.118052597045898,-43.11754504672197
204372,49.99,37.016228,-12.973772277832033,-25.952735102684603
276145,6.09,4.045266,-2.044733848571777,-33.57526844945447
180105,10.76,11.188025,0.42802547454834006,3.977931919594239
257285,10.035,9.119148,-0.9158517456054689,-9.126574445495454
237566,15.0,20.101011,5.101011276245117,34.00674184163412
228190,47.48,41.804043,-5.6759571838378875,-11.954416983651829
195587,51.45,63.743607,12.29360656738281,23.894279042532183
152210,29.52,30.104,0.5840000915527348,1.9783200933358225
263472,14.97,12.868662,-2.1013381195068366,-14.036994786284811
147369,27.4,17.565847,-9.834152603149413,-35.891067894705884
14740,21.25,20.745907,-0.5040931701660156,-2.3722031537224266
269837,12.94,23.107697,10.167696533203125,78.57570736633018
168610,3.97,8.099179,4.1291792678833,104.0095533471864
238552,94.99,13.856818,-81.13318180084228,-85.41234003667995
205284,28.645000000000003,14.765589,-13.879411239624027,-48.45317241970335
239751,12.985,7.315604,-5.669395790100097,-43.66111505660452
268364,33.99,28.327223,-5.662777175903322,-16.660127025311333
246836,15.01,10.000087,-5.009913215637207,-33.37716999092076
276297,6.85,17.705221,10.855221176147461,158.4703821335396
101974,24.95,24.915756,-0.03424377441406179,-0.13724959684994706
221599,9.99,10.23723,0.2472303009033201,2.4747777868200207
220537,13.985,11.82056,-2.164439544677734,-15.476864817145039
109764,136.49,52.48845,-84.00155090332032,-61.54410645711796
102560,48.0,39.476044,-8.523956298828125,-17.758242289225258
278668,10.49,13.213365,2.7233646011352537,25.961530992709758
16561,27.49,18.321756,-9.16824363708496,-33.35119547866483
206995,6.585,6.4198227,-0.16517730712890621,-2.508387351995539
113006,13.99,14.562619,0.5726192092895506,4.093060824085422
3268,9.61,9.174927,-0.43507324218749943,-4.527297005072835
211086,17.26,10.723239,-6.536761054992677,-37.87231202197379
291216,13.99,29.963884,15.973884353637695,114.18073161999783
85073,8.99,6.8886757,-2.1013243103027346,-23.37401902450205
292812,1.28,20.552069,19.272068710327147,1505.6303679943082
107268,7.095000000000001,6.905764,-0.18923589706420962,-2.6671726154222637
201768,43.49,28.449617,-15.040382614135744,-34.583542456049074
162483,3.68,8.096412,4.41641170501709,120.01118763633396
106468,3.74,2.8235872,-0.9164128208160403,-24.503016599359366
278645,9.23,21.686724,12.456723709106445,134.95908677255088
216548,5.12,5.831563,0.7115629959106444,13.897714763879772
44872,18.99,18.945326,-0.04467414855956875,-0.2352509139524421
168256,10.67,7.9648676,-2.7051324081420898,-25.352693609579095
163115,3.01,11.08433,8.07432960510254,268.2501529934399
246564,8.455,9.413231,0.9582308959960937,11.333304506163142
288462,10.49,10.633703,0.14370323181152322,1.3699068809487438
160270,2.41,2.99498,0.5849800968170165,24.273033062946737
281646,4.595,11.287288,6.692287712097168,145.64282289656515
235317,53.16,44.849743,-8.3102571105957,-15.632537830315464
204773,7.385,23.71394,16.32893966674805,221.10954186524103
112435,13.79,13.20918,-0.5808201217651359,-4.211893558847976
261814,9.95,6.350932,-3.599067878723144,-36.17153646957934
95147,11.695,10.29396,-1.4010403823852542,-11.979823705731118
116630,16.39,12.993063,-3.3969370269775396,-20.72566825489652
79728,29.99,10.021304,-19.9686958694458,-66.58451440295366
296709,19.17,16.105602,-3.064397735595705,-15.985382032319794
61313,41.99,37.580147,-4.409853210449221,-10.502151013215578
93488,74.93,38.00524,-36.92475860595704,-49.279005212808
295090,12.48,11.755226,-0.7247738647460942,-5.807482890593703
114802,12.34,11.428027,-0.9119728469848631,-7.390379635209587
128889,115.75,73.435234,-42.31476593017578,-36.55703320101579
175230,7.11,5.9849215,-1.1250785446166995,-15.823889516409276
61644,9.99,11.387704,1.3977038955688474,13.991029985674148
26070,2.64,10.486061,7.846061096191406,297.19928394664413
220663,8.28,8.114752,-0.16524818420410092,-1.9957510169577408
24258,60.61,18.237074,-42.37292610168457,-69.9107838668282
294710,13.56,18.558638,4.998637619018554,36.863109284797595
242607,9.99,12.916713,2.9267127609252928,29.29642403328621
207472,94.98,30.435684,-64.54431579589844,-67.9556915096846
63538,14.99,12.989951,-2.000048866271973,-13.342554144576201
116674,3.145,9.732824,6.587824325561524,209.46977187794985
7622,11.99,11.741962,-0.2480375671386721,-2.0687036458604844
19932,19.6,20.803179,1.203178787231444,6.138667281793081
185150,4.69,5.9536133,1.2636132812499996,26.942713885927493
145247,50.58,50.43724,-0.1427593994140608,-0.2822447596165694
100517,13.66,8.492986,-5.167014274597168,-37.825873166889956
233826,40.69,43.334244,2.6442437744140648,6.4985101361859545
38144,14.48,13.444733,-1.0352673339843754,-7.149636284422482
205493,4.47,8.375796,3.9057963180541995,87.37799369248769
57436,1.29,10.323286,9.033286056518556,700.254733063454
124278,125.18,215.40012,90.22011596679687,72.07230864898295
203272,10.99,11.032795,0.04279495239257791,0.38939902086058154
198943,12.0,6.679573,-5.320426940917969,-44.336891174316406
43025,3.78,20.032225,16.252224655151366,429.9530332050626
267574,31.99,12.048191,-19.941808929443358,-62.33763341495266
222912,4.98,19.251818,14.27181770324707,286.58268480415796
207860,11.99,23.771132,11.78113151550293,98.25797761053319
205223,19.45,19.585764,0.13576393127441477,0.6980150708196133
44437,4.59,24.822525,20.232525024414063,440.79575216588375
137527,1.72,9.021366,7.301366119384766,424.4980301967887
229390,220.0,66.102295,-153.897705078125,-69.95350230823864
35046,9.925,10.327452,0.4024517059326165,4.054929027028882
9570,9.99,10.322441,0.33244110107421854,3.3277387494916773
60994,15.71,11.69116,-4.018839797973634,-25.58141182669404
37776,2.53,30.6801,28.150099487304686,1112.6521536484067
249041,93.54,41.55871,-51.98129180908204,-55.57119073025662
230830,3.4450000000000003,8.760687,5.315686874389648,154.3015057877982
106790,2.14,2.9046423,0.764642343521118,35.730950631827945
257671,1.29,14.76592,13.47591968536377,1044.6449368499045
187548,12.075,3.750465,-8.324535083770751,-68.94024914095861
283057,24.37,35.338997,10.96899688720703,45.010245741514275
235788,4.73,5.905501,1.1755008888244625,24.85202724787447
214421,29.25,13.1052065,-16.14479351043701,-55.19587524935731
9965,229.25,58.41975,-170.83024978637695,-74.5170119024545
72507,14.99,22.178972,7.188972244262695,47.95845393103866
103089,1.28,9.84173,8.561730117797852,668.8851654529572
5930,2.59,11.071365,8.481365356445313,327.46584387819746
268929,6.140000000000001,6.5989013,0.4589012718200678,7.47396208176006
141240,5.74,5.528127,-0.21187280654907248,-3.6911638771615416
14311,25.19,12.577949,-12.612051429748536,-50.06769126537728
114372,7.390000000000001,16.405645,9.015645370483398,121.99790758434908
80168,7.99,10.701449,2.711449394226074,33.93553684888703
103584,3.36,17.182625,13.822624816894532,411.38764335995626
30675,4.99,17.186882,12.196882019042969,244.42649336759453
61389,15.95,15.177845,-0.7721549987792962,-4.8410971710300705
117864,0.99,2.3336954,1.343695411682129,135.7268092608211
126157,28.99,21.020315,-7.9696848297119125,-27.491151534018325
211075,8.65,10.929373,2.2793727874755856,26.351130491047233
220547,13.98,13.168072,-0.8119282531738286,-5.807784357466585
243826,44.99,23.58741,-21.40259002685547,-47.571882700278884
50929,6.99,9.445339,2.455339202880859,35.12645497683632
65844,34.68,18.945354,-15.734645538330078,-45.37095022586527
103856,10.99,9.526789,-1.4632112884521487,-13.31402446271291
238410,16.49,20.14904,3.6590402221679703,22.189449497683267
244139,14.95,41.350178,26.40017776489258,176.5898178253684
298762,12.24,8.644883,-3.5951168441772463,-29.371869641970967
132563,5.99,11.660724,5.6707236862182615,94.66984451115628
149981,27.61,29.966572,2.3565718078613287,8.535211183851246
105609,12.95,21.556738,8.606737899780274,66.46129652339981
296114,8.95,6.987985,-1.9620148658752434,-21.92195380866194
207501,69.98,58.614807,-11.365192871093754,-16.240629995847033
105053,55.075,24.997059,-30.0779411315918,-54.61269383856886
234820,10.42,8.369904,-2.050096435546875,-19.6746298996821
92558,22.99,12.7882395,-10.201760520935057,-44.374773905763625
58532,14.99,15.025047,0.03504730224609354,0.23380455134151792
189331,3.86,7.121196,3.2611957931518556,84.48693764642114
191628,12.1,14.4958315,2.3958314895629886,19.80026024432222
289257,10.1,10.438704,0.33870353698730504,3.353500366210941
91398,3.27,29.370897,26.10089729309082,798.1925777703615
199410,3.855,4.022338,0.1673379135131836,4.340801906956774
19017,93.46,72.52227,-20.937729797363275,-22.402878019862268
267929,160.78,24.830215,-135.94978454589844,-84.55640287716037
147153,4.79,3.1675491,-1.6224508666992188,-33.87162560958703
190795,37.07,34.945515,-2.124485321044922,-5.731009768127656
263029,14.13,15.055088,0.9250880432128898,6.546978366687119
293218,0.99,15.7274475,14.737447509765625,1488.6310615924874
165090,32.16,13.880339,-18.279661331176754,-56.83974294520135
266748,7.68,15.560438,7.88043815612793,102.60987182458243
92066,8.96,9.582142,0.6221418762207023,6.9435477256774805
55072,84.97,76.907974,-8.062025756835936,-9.488084920367115
146883,51.77,54.20021,2.4302105712890594,4.694244874037202
124113,32.95,33.665524,0.7155235290527315,2.1715433355166356
13841,34.85,14.447306,-20.402694320678712,-58.544316558618966
213503,36.99,19.324808,-17.665191879272463,-47.756669043721175
230690,14.99,12.9210005,-2.0689995193481447,-13.802531816865542
71105,5.949999999999999,18.957098,13.00709800720215,218.60668919667478
37291,6.11,5.26938,-0.8406199073791507,-13.758099957105577
118467,11.99,22.589437,10.59943748474121,88.40231430142794
13389,37.22,22.510416,-14.70958396911621,-39.52064473163947
198398,20.49,10.664053,-9.825947036743162,-47.95484156536439
80883,9.98,11.054041,1.0740409088134761,10.761932954042846
143966,86.43,73.23376,-13.196242980957038,-15.26812794279421
47276,9.74,6.634833,-3.1051671409606936,-31.88056612895989
44059,11.37,12.829066,1.4590662765502938,12.83259697933416
97501,18.99,27.737974,8.747974166870119,46.066214675461396
257881,16.89,14.018577,-2.8714233779907232,-17.000730479518786
191305,41.64,28.342014,-13.29798568725586,-31.935604436253268
201765,53.7,47.557762,-6.142237854003909,-11.438059318443033
251782,6.84,6.468787,-0.37121280670166,-5.427087817275731
7819,20.98,5.980617,-14.9993829536438,-71.49372237199142
260147,4.49,12.415721,7.92572093963623,176.51939731929244
23640,43.99,14.036724,-29.95327590942383,-68.09110231739902
190026,739.99,38.46895,-701.5210516357422,-94.80142321325182
290723,4.445,15.134634,10.689634017944336,240.48670456567686
192438,36.75,20.20029,-16.54970932006836,-45.03322263964179
265690,21.215,13.471389,-7.743611183166504,-36.50064191923876
28472,36.89,23.430212,-13.459787979125977,-36.486278067568385
261289,14.83,10.438243,-4.39175708770752,-29.61400598589022
34,81.99,17.602749,-64.38725112915039,-78.53061486663056
227052,10.99,17.437832,6.447831878662109,58.66998979674348
8419,18.19,11.429678,-6.760322036743165,-37.16504693096847
138885,2.14,8.771934,6.631933555603027,309.9034371777115
249253,16.95,15.694292,-1.255707931518554,-7.408306380640436
16085,12.7,9.33797,-3.3620302200317376,-26.472678897887697
155203,13.0,12.554716,-0.4452838897705078,-3.425260690542368
240672,8.875,21.64541,12.770410537719727,143.89194972078565
165972,4.49,15.660429,11.170429000854492,248.78461026401985
67538,12.88,16.123585,3.2435847473144523,25.183111392192952
1149,8.165,7.873398,-0.29160217285156165,-3.571367701794999
201791,5.74,9.870909,4.130908737182617,71.96705117042886
168186,21.175,12.675016,-8.499983596801759,-40.141599040386104
232079,3.43,7.637582,4.207581825256348,122.67002405995183
217264,12.4,9.045599,-3.354401016235352,-27.05162109867219
242286,13.99,24.783043,10.793042907714844,77.14826953334412
27864,3.99,11.471724,7.4817235565185545,187.51186858442492
230868,19.81,12.577007,-7.232992706298827,-36.51182587732876
127285,3.49,6.917797,3.4277970886230467,98.21768162243686
255684,13.89,14.202344,0.3123439407348627,2.2486964775728056
196705,11.59,8.5230055,-3.066994514465332,-26.46242031462754
167790,3.51,8.208703,4.69870304107666,133.86618350645756
175526,7.99,11.386271,3.3962714767456053,42.50652661759206
202740,79.99,155.47855,75.48854614257813,94.37247923812744
157807,10.215,7.8880577,-2.3269422912597655,-22.779660217912536
267638,3.99,11.642472,7.652472267150879,191.79128489099946
7390,3.965,6.6497135,2.6847135162353517,67.71030305763813
262285,4.61,12.761415,8.151414527893067,176.8202717547303
57550,4.39,4.049184,-0.34081615447998015,-7.763465933484742
36733,4.44,14.429093,9.989093360900878,224.9795802004702
9607,39.44,13.685902,-25.754098358154295,-65.29943802777458
6046,32.99,21.72418,-11.265819778442385,-34.149196054690464
98887,21.24,11.186968,-10.053032150268553,-47.330659841189046
38318,7.49,12.333954,4.843953857421875,64.67228114047897
105505,3.735,8.644179,4.909179344177247,131.43719796993966
125356,30.05,15.654163,-14.395836639404298,-47.90627833412412
272153,47.44,9.335823,-38.10417694091797,-80.32077770008004
138777,12.47,10.999147,-1.4708525848388678,-11.795128988282821
131545,14.99,10.047457,-4.942543258666992,-32.97226990438287
242616,3.875,6.679544,2.804543972015381,72.37532831007435
137689,19.99,29.79678,9.806779632568361,49.05842737653007
141512,30.98,25.33998,-5.640020828247071,-18.205360969164204
192183,6.45,13.455464,7.005464363098144,108.61185059066891
20046,52.41,51.577118,-0.8328820800781216,-1.589166342450146
92362,164.99,202.67809,37.68808532714843,22.842648237558898
103790,56.99,50.478367,-6.511633148193361,-11.425922351628989
290900,32.86,49.84965,16.989651336669922,51.703138577814734
175884,21.99,5.1404924,-16.84950756072998,-76.62349959404266
270117,13.96,7.9570103,-6.002989730834962,-43.0013591034023
208382,9.37,14.900943,5.5309428024292,59.02820493521025
261077,13.99,4.7964673,-9.193532695770264,-65.71502999120989
220344,3.49,7.8977795,4.4077794647216795,126.29740586595068
172153,8.945,8.128964,-0.8160355758666995,-9.122812474753488
263087,116.99,119.979416,2.9894158935546926,2.5552747188261327
238639,415.21,99.23288,-315.9771203613281,-76.10055643200504
197833,59.99,32.904003,-27.085996856689455,-45.15085323668854
111787,20.79,22.69233,1.902329406738282,9.150213596624734
258971,2.98,5.608458,2.6284580421447754,88.20329000485823
101579,6.1,6.381453,0.28145303726196325,4.613984217409234
90995,7.48,10.130097,2.650097389221191,35.42910948156673
112186,29.39,33.129345,3.7393449401855463,12.723187955718087
271841,11.49,10.10762,-1.3823797607421877,-12.031155445972043
66988,12.49,18.330137,5.840137252807617,46.758504826321996
223261,2.48,2.9363124,0.45631243705749513,18.399695042640932
112881,109.19,78.41999,-30.770009460449216,-28.18024494958258
157787,62.815000000000005,19.31524,-43.49975914001465,-69.25059164214701
20606,38.84,22.066355,-16.77364524841309,-43.186522266769025
292842,7.655,15.865887,8.21088668823242,107.26174641714461
250621,22.82,33.425797,10.605796508789062,46.47588303588546
73646,35.99,9.03542,-26.954579582214357,-74.89463623843945
90928,13.49,11.044802,-2.4451982879638674,-18.12600658238597
252069,6.77,7.6789646,0.9089646148681645,13.426360633207748
28150,1.59,5.182206,3.592206153869629,225.92491533771252
30040,11.95,8.782136,-3.167864036560058,-26.509322481674126
215102,7.99,7.313856,-0.6761438751220705,-8.462376409537804
82642,5.21,8.338458,3.1284580612182618,60.0471796778937
60466,34.989999999999995,26.04728,-8.942720642089839,-25.557932672448814
77336,4.99,6.552366,1.5623657798767088,31.309935468471117
43942,11.49,8.97477,-2.515230407714844,-21.890604070625276
95526,4.49,4.644698,0.15469814300537088,3.445392939985988
123135,16.99,15.759987,-1.2300131225585922,-7.239629915000544
219936,69.95,100.06488,30.114880371093747,43.052009108068255
219350,5.97,8.55963,2.589630393981934,43.37739353403575
182842,119.76,50.189125,-69.57087493896485,-58.09191294168742
50788,102.68,44.422394,-58.25760620117188,-56.73705317605364
85983,3.98,4.9913087,1.0113086891174317,25.409766058226925
112065,31.75,19.160208,-12.589792251586914,-39.65288898137611
176199,26.93,16.700567,-10.229432754516601,-37.98526830492611
4900,6.65,8.541257,1.8912569046020504,28.439953452662408
297987,3.87,22.393778,18.523777847290038,478.65059036925163
169822,72.56,21.524649,-51.035351333618166,-70.33537945647487
296595,8.53,11.196031,2.6660306167602545,31.254755178900993
89917,15.99,9.130581,-6.859419097900391,-42.89818072483046
288630,4.09,5.496025,1.406025085449219,34.377141453526136
120924,7.0,13.1746435,6.174643516540527,88.2091930934361
198548,7.145,15.125055,7.980055313110352,111.68726820308402
163474,15.98,13.368768,-2.6112322616577153,-16.340627419635265
222371,20.76,23.231127,2.4711267852783187,11.90330821425009
240350,4.49,5.066958,0.5769579505920408,12.849842997595562
75685,17.08,4.988542,-12.091457920074461,-70.79307915734464
65315,4.140000000000001,14.121209,9.981209144592285,241.0920083234851
85394,4.16,3.9144678,-0.24553218841552749,-5.902216067680949
220297,14.99,13.052838,-1.937161674499512,-12.92302651433964
82026,9.49,10.162719,0.6727187728881834,7.088712043078855
177856,29.99,14.893544,-15.096455802917479,-50.33829877598359
270837,58.99,32.553276,-26.436723937988283,-44.815602539393595
79878,10.82,8.090298,-2.729702301025391,-25.228302227591413
252745,3.77,13.008047,9.238047103881836,245.041037238245
273424,8.35,5.579872,-2.7701278686523434,-33.17518405571669
267660,1.59,8.6234455,7.033445510864258,442.3550635763684
131338,10.68,23.787046,13.107046432495117,122.72515386231385
183229,44.92,24.01857,-20.90143005371094,-46.53034295127102
52000,7.395,9.595613,2.200612525939942,29.75811394104046
142441,29.13,32.351547,3.2215472412109385,11.059207831139508
225248,2.635,2.8561995,0.2211995029449465,8.394668043451482
286110,1.79,9.490825,7.700824699401855,430.2136703576456
145410,7.29,11.979958,4.689957580566406,64.33412319021133
33665,34.97,17.794907,-17.17509338378906,-49.11379291904222
107173,62.95,19.484278,-43.465722274780276,-69.04800996787971
145180,68.14,59.15441,-8.985588684082032,-13.186951400179089
78911,2.78,6.6077423,3.8277423095703127,137.6885722867019
58051,17.31,15.671703,-1.6382966613769518,-9.464452116562402
154010,14.95,25.808767,10.858767318725587,72.63389510853236
178100,11.595,9.02076,-2.5742404174804694,-22.201297261582315
249985,22.09,25.947607,3.8576070404052736,17.46313734905058
144164,1.49,8.40858,6.91857982635498,464.33421653389127
197074,7.96,8.555373,0.5953731918334961,7.479562711476081
116149,12.99,20.456076,7.466075668334961,57.47556326662787
120800,9.99,10.172688,0.1826875305175779,1.828704009184964
232863,27.39,32.04471,4.654708251953124,16.994188579602497
257564,26.93,16.497465,-10.432534866333008,-38.73945364401414
75585,4.29,5.900875,1.6108750915527343,37.54953593363017
156028,13.28,18.377687,5.0976874542236335,38.386200709515315
74890,19.99,14.77825,-5.2117502593994125,-26.07178719059236
115392,24.95,32.0826,7.132599639892579,28.587573706984287
124623,19.12,10.206582,-8.913417930603028,-46.61829461612462
111842,9.99,18.455097,8.465097198486328,84.73570769255583
26211,2.885,3.8001876,0.9151875877380373,31.72227340513128
931,67.81,55.707806,-12.10219436645508,-17.847211866177673
233759,27.99,28.94036,0.9503591156005875,3.3953523244036714
221200,54.24,49.776093,-4.463907470703127,-8.22991790321373
158443,12.63,12.783651,0.15365135192871016,1.2165586059280298
19490,50.19,57.73169,7.541689453125002,15.026279045875679
9999,10.48,7.6809845,-2.799015502929688,-26.70816319589397
287463,9.95,9.826196,-0.12380428314208913,-1.2442641521818005
39485,9.34,11.180609,1.8406087493896486,19.706731792180392
265580,32.39,8.34029,-24.049709930419922,-74.25041658048757
27762,5.9,31.935196,26.035195922851564,441.27450716697564
69646,53.16,9.981252,-43.17874828338623,-81.2241314585896
177582,1.72,6.410803,4.690802841186524,272.7210954178212
82851,22.965,6.2575665,-16.707433547973633,-72.75172457206024
119524,16.0,17.39839,1.3983898162841797,8.739936351776123
142396,30.83,29.35466,-1.4753399658203108,-4.785403716575773
212439,12.74,11.731158,-1.0088417434692385,-7.91869500368319
263529,26.09,6.8634644,-19.22653564453125,-73.69312243975182
58011,9.45,23.541834,14.091833877563477,149.11993521231196
62669,4.3,6.568773,2.2687727928161623,52.76215797246889
231433,31.99,39.02428,7.034280548095705,21.98899827475994
62954,22.08,16.540712,-5.5392876434326155,-25.08735345757525
296864,3.34,5.886822,2.54682222366333,76.25216238512965
154113,4.74,10.513437,5.773437271118164,121.80247407422287
117420,14.99,15.131376,0.14137626647949197,0.9431372013308338
262945,1.99,7.6269474,5.636947402954101,283.2636885906584
96928,7.615,4.89533,-2.71967004776001,-35.71464278082745
43152,7.245,8.906704,1.6617039489746093,22.93587231158881
44093,3.5,7.4068804,3.9068803787231445,111.62515367780412
76095,19.84,11.598178,-8.241822090148926,-41.54144198663773
185393,22.96,12.617881,-10.342119178771974,-45.04407307827514
171202,26.5,14.206778,-12.293222427368164,-46.389518593842126
13600,26.29,25.527863,-0.7621374511718741,-2.8989632984856377
171230,4.49,10.544663,6.054663429260254,134.84773784543995
57284,16.845,15.750921,-1.0940787506103504,-6.494976257704662
166693,1.69,2.433048,0.7430480098724366,43.967337862274356
508,24.5,23.195808,-1.3041915893554688,-5.3232309769610975
6344,35.99,11.946251,-24.04374908447266,-66.80674933168285
53573,33.77,14.96374,-18.806259651184085,-55.689249781415704
190890,16.49,12.619878,-3.8701221847534164,-23.46950991360471
83339,5.130000000000001,9.998813,4.868812675476073,94.90862915158036
210621,9.9,19.11157,9.211570358276367,93.04616523511481
172567,12.95,14.115344,1.1653440475463874,8.998795733948938
252182,5.78,11.942813,6.162812919616699,106.62306089302247
43738,1.995,7.051425,5.056424980163574,253.45488622373801
191554,28.48,16.257458,-12.222542266845704,-42.9162298695425
57261,18.93,21.319284,2.3892844390869143,12.621682192746512
27247,12.49,11.101455,-1.3885452651977541,-11.117255926323091
71349,54.825,16.633965,-38.191035461425784,-69.65989140250942
79418,1.93,5.591988,3.6619880867004397,189.7403153730798
206446,19.48,44.039158,24.55915786743164,126.07370568496734
289307,10.96,4.5756607,-6.384339294433595,-58.25127093461309
229222,17.0,20.721884,3.721883773803711,21.89343396355124
294756,8.25,9.446532,1.1965322494506836,14.503421205462832
84036,14.95,18.245735,3.295735168457032,22.045051294026972
260900,80.16499999999999,20.332403,-59.832596817016594,-74.63680760558424
239216,9.345,29.656227,20.311227111816407,217.34860472783743
12350,1.28,8.474925,7.19492504119873,562.1035188436508
277545,27.38,11.65239,-15.727610473632812,-57.44196666776046
184762,7.89,10.090467,2.20046745300293,27.889321330835614
251931,10.49,15.462515,4.972514877319336,47.40242971705754
114296,27.88,5.022993,-22.857006912231444,-81.98352551015583
151884,1.68,12.117931,10.437931365966797,621.3054384504046
71554,16.875,22.072212,5.197212219238281,30.79829463252315
216637,71.99,77.13958,5.149579772949224,7.153187627377725
158697,4.99,5.025106,0.03510595321655252,0.7035261165641787
47863,1.57,3.2907233,1.7207233238220214,109.600211708409
161413,9.98,26.2791,16.29910041809082,163.31763945982786
143630,39.71,49.318012,9.608012237548827,24.19544758889153
238676,32.5,32.62256,0.12255859375,0.37710336538461536
41453,2.99,2.5462244,-0.4437756443023684,-14.84199479272135
18471,64.31,35.356136,-28.953863677978518,-45.022335061387835
15679,71.89,27.119337,-44.77066291809082,-62.27662111293757
98842,24.77,10.666879,-14.103121299743652,-56.93629915116533
294177,77.8,4.388874,-73.41112594604492,-94.3587737095693
154489,7.98,5.195593,-2.784407119750977,-34.89231979637816
232835,18.99,17.045084,-1.9449160003662094,-10.24179041793686
123940,7.5,10.545442,3.0454416275024414,40.60588836669922
278865,8.1,13.912556,5.8125556945800785,71.75994684666765
262698,37.99,22.320143,-15.669857254028322,-41.24732101613141
219236,5.99,6.671896,0.6818959808349607,11.383906190900847
73350,11.98,7.177206,-4.8027939605712895,-40.090099837823786
49295,2.99,7.7879534,4.797953376770019,160.46666811939863
272553,51.33,52.640064,1.3100642395019548,2.552238923635213
297217,6.74,15.583967,8.843967208862304,131.2161306952864
211092,14.49,15.854378,1.364377746582031,9.41599549055922
249033,35.02,16.043915,-18.976085205078128,-54.18642263014885
209723,8.54,13.866832,5.326831779479981,62.3750793850115
174487,18.99,17.850634,-1.1393663787841781,-5.999822953049912
83688,6.2,7.9220514,1.722051429748535,27.775023060460242
96929,6.49,14.295864,7.805864105224609,120.27525585862264
45394,3.59,9.594125,6.004124794006348,167.24581598903475
178781,46.87,51.98293,5.112929229736331,10.908745956339516
71772,36.1,26.682114,-9.417886352539064,-26.088327846368596
196210,59.7,58.336792,-1.3632080078125028,-2.2834304988484133
228653,37.98,27.86194,-10.118059616088864,-26.640493986542563
94036,3.47,9.291447,5.821446685791015,167.76503417265172
4749,2.38,6.8644466,4.4844466400146485,188.42212773170792
272963,9.9,11.769601,1.8696008682250973,18.884857254798963
230370,17.08,10.986635,-6.0933647918701155,-35.67543789151122
74834,16.99,17.55991,0.5699098205566422,3.354383876142685
45865,4.69,3.4470606,-1.2429394149780277,-26.5019065027298
94536,1.235,1.9082942,0.6732942008972167,54.51774906050338
72230,3.97,4.1816974,0.21169736862182598,5.3324274212046845
193932,3.72,5.712696,1.992696075439453,53.567098802135824
127554,7.75,6.954823,-0.7951769828796387,-10.260348166188885
139672,27.37,20.65443,-6.715569610595704,-24.536242640101218
126532,24.99,15.607826,-9.382173767089842,-37.54371255338073
107031,10.47,6.7941103,-3.6758897018432624,-35.10878416278187
187600,18.95,17.337011,-1.6129886627197259,-8.511813523586945
53874,8.69,10.30093,1.6109300231933599,18.537744800844187
196655,56.25,37.345764,-18.90423583984375,-33.60753038194444
25932,22.765,26.468948,3.703948364257812,16.27036399849687
129586,25.39,25.386278,-0.003721847534180256,-0.014658714195274737
169025,5.1,4.674652,-0.42534790039062464,-8.340154909620091
209352,25.18,30.037878,4.857878036499024,19.292605387208194
183880,11.2,18.3903,7.190300750732423,64.19911384582521
236713,9.92,12.481037,2.561037139892578,25.816906652142922
81236,6.5600000000000005,3.6458974,-2.9141026115417485,-44.4222959076486
215000,42.99,19.672962,-23.3170378112793,-54.23828288271528
4903,18.52,14.753366,-3.7666335296630855,-20.33819400466029
87997,2.59,2.8480833,0.25808325767517104,9.964604543442897
169003,12.125,5.4402266,-6.6847734451293945,-55.132152124778514
192479,14.99,11.386044,-3.603956451416016,-24.042404612515114
25788,3.645,4.2907577,0.6457576560974121,17.716259426540798
48691,101.89,40.30619,-61.583809509277344,-60.44146580555241
203215,2.52,7.960107,5.440106849670411,215.87725593930202
207532,109.98,45.190193,-64.78980682373047,-58.91053539164436
240663,12.99,12.89676,-0.0932400131225588,-0.717783010951184
99098,7.49,18.013784,10.523784408569336,140.504464733903
84990,9.5,4.762609,-4.737390995025635,-49.86727363184878
107242,5.88,6.846671,0.9666711044311525,16.439984769237288
288114,29.385,17.025442,-12.359557876586916,-42.06077208299103
72552,26.73,19.641281,-7.088718872070313,-26.519711455556727
263940,10.59,13.053535,2.4635354614257814,23.262846661244396
4979,29.08,23.442854,-5.637146072387694,-19.38495898345149
164213,14.16,21.944546,7.784545745849609,54.97560554978538
213189,12.99,13.993029,1.00302864074707,7.721544578499384
15526,30.01,14.871907,-15.138092765808107,-50.44349472111998
89527,38.395,19.305174,-19.089826126098636,-49.71956277145106
220247,4.535,6.3345876,1.7995875740051268,39.68219567817259
61514,30.65,24.002605,-6.647394561767577,-21.688073610987203
19869,37.63,42.557087,4.927086944580076,13.09350769221386
71731,17.28,13.58118,-3.698820381164552,-21.40521053914671
72824,10.14,28.883142,18.743142471313476,184.8436141155175
265433,5.03,43.077827,38.04782745361328,756.4180408273018
55188,160.88,49.74401,-111.13598907470703,-69.08005288084723
17166,6.99,9.001345,2.0113446807861326,28.774602014107764
124054,7.99,7.6353235,-0.35467647552490256,-4.439004699936202
142649,51.77,48.967327,-2.8026728820800813,-5.4137007573499725
237278,29.99,29.03648,-0.9535200500488266,-3.1794599868250306
150176,7.43,7.971509,0.5415089797973636,7.288142392965863
212689,6.140000000000001,7.027396,0.8873962020874018,14.45270687438765
270221,15.48,5.168586,-10.311414222717286,-66.61120298912975
28616,8.29,7.199175,-1.0908251190185538,-13.158324716749744
142751,29.41,39.23169,9.821689453125,33.395747885498125
172191,36.54,25.26355,-11.2764501953125,-30.860564300253145
27128,5.640000000000001,4.2479987,-1.392001285552979,-24.68087385732232
210088,1.475,4.0824513,2.607451343536377,176.77636227365267
97793,2.285,9.506509,7.2215088272094725,316.03977361967054
42263,6.49,12.578777,6.088777313232422,93.81783225319602
165740,26.48,25.770061,-0.7099385070800786,-2.6810366581573963
57655,3.62,6.1697006,2.5497006225585936,70.43371885520978
15422,49.99,36.412807,-13.577192535400393,-27.159817034207627
279961,1.39,7.603778,6.213777885437012,447.0343802472671
253294,29.17,29.307785,0.1377850341796858,0.47235184840481925
134871,27.975,15.348717,-12.626283264160158,-45.134167164111375
17876,45.72,28.190552,-17.5294482421875,-38.34087542035761
93361,24.39,25.61617,1.2261708831787104,5.027350894541658
282585,2.99,3.612588,0.6225879287719724,20.822338754915464
144739,4.39,7.751979,3.3619788742065433,76.58266228260919
140379,6.2,5.0371995,-1.1628005027770998,-18.75484681898548
17541,8.135,9.098301,0.9633009338378908,11.841437416569034
140824,10.0,9.303024,-0.6969757080078125,-6.969757080078125
6051,13.95,21.560238,7.610237884521485,54.55367659155187
149602,50.58,48.689312,-1.8906880187988264,-3.73801506286838
266279,15.989999999999998,18.606634,2.61663414001465,16.364190994463105
185145,9.89,12.089701,2.1997006988525385,22.241665306901297
180897,230.0,32.107693,-197.89230728149414,-86.04013360064963
218678,9.97,19.705025,9.73502471923828,97.64317672255045
31471,14.535,15.489485,0.9544847869873045,6.5668028000502545
234058,12.45,20.021923,7.571923065185548,60.81865915811685
78088,1.42,9.979178,8.559178428649902,602.7590442711199
134185,19.99,20.398165,0.4081647491455094,2.041844668061578
232364,38.16,17.243713,-20.916286621093747,-54.81207185821213
133873,13.03,11.835822,-1.1941778945922845,-9.164834187200956
213749,18.24,16.813864,-1.4261362457275375,-7.818729417365885
198685,4.2,3.7814178,-0.4185821533203127,-9.96624174572173
186790,7.71,7.2755156,-0.43448444366455075,-5.635336493703642
46649,9.635,23.20804,13.573040237426758,140.87223910147128
195048,19.0,6.128309,-12.871691226959229,-67.74574329978542
155598,3.49,8.228807,4.73880744934082,135.78244840518107
116459,8.49,21.745796,13.255796203613281,156.13423090239436
37678,5.06,4.888911,-0.17108922958373984,-3.3812100708248987
125205,18.995,9.869688,-9.125311965942384,-48.040599978638504
188995,3.48,12.216102,8.73610164642334,251.03740363285456
47433,4.635,9.170342,4.535342445373535,97.84989094657035
53898,24.14,19.308397,-4.83160270690918,-20.01492422083339
88160,3.895,3.99264,0.09764001846313475,2.5068040683731643
219890,23.0,15.203087,-7.796913146972656,-33.899622378141984
49422,16.939999999999998,9.370944,-7.5690559768676735,-44.68155830500398
269450,4.49,11.298607,6.8086068725585935,151.63935128192858
150979,5.96,13.13563,7.175629653930664,120.39647070353463
15112,33.99,18.850595,-15.139404525756838,-44.54076059357705
78176,1.49,2.8673,1.377300033569336,92.43624386371381
254015,44.49,29.769352,-14.720648040771486,-33.08754335979206
292279,176.67,53.982018,-122.68798248291014,-69.4447175428257
84302,18.06,18.52055,0.46054977416992315,2.550109491527814
187373,1.74,5.094507,3.3545072174072263,192.78777111535783
30497,41.71,11.362884,-30.347116432189942,-72.75741172905764
87688,2.835,2.914393,0.0793929481506348,2.8004567248901164
258304,7.49,10.746357,3.256356964111328,43.47606093606579
154032,8.99,11.972118,2.9821183776855467,33.17150586969462
189691,25.5,17.599075,-7.9009246826171875,-30.984018363204658
225788,3.77,5.072141,1.302141170501709,34.539553594209785
286699,5.09,5.457982,0.3679820632934572,7.229510084350829
265850,4.78,14.27951,9.499509544372557,198.734509296497
281481,11.87,13.898039,2.028038864135743,17.085415873089662
267542,21.98,39.655113,17.675113220214843,80.41452784447152
44788,33.975,30.673975,-3.301025009155275,-9.716041233716776
263205,61.99,20.666014,-41.323986282348635,-66.66234276875082
192578,19.985000000000003,15.482536,-4.502463684082034,-22.5292153319091
117833,9.98,11.219041,1.2390408706665035,12.415239185035103
27012,5.49,8.003784,2.5137841796875,45.7884185735428
117195,19.99,18.750374,-1.2396261596679672,-6.20123141404686
115233,44.99,54.21298,9.222978363037107,20.5000630429809
85097,6.54,4.7559915,-1.7840085411071778,-27.278418059742783
41391,3.6,7.6209917,4.020991706848145,111.69421407911513
234372,1.58,6.493058,4.913058204650879,310.9530509272708
290299,5.19,8.100132,2.9101319885253902,56.07190729336011
224069,3.92,4.3692455,0.44924552917480476,11.460345132010326
226470,11.0,5.5999207,-5.400079250335693,-49.091629548506305
246706,41.99,26.012133,-15.977867355346682,-38.051601227308126
227805,36.99,32.044163,-4.945837249755861,-13.370741415939067
169074,13.52,11.506676,-2.013324279785156,-14.891451773558845
127538,8.99,8.133321,-0.8566791915893557,-9.529245735143
93682,9.5,12.545997,3.04599666595459,32.063122799522
209121,22.0,22.042187,0.042186737060546875,0.19175789572975852
235212,30.37,33.82988,3.4598797607421865,11.3924259491017
8620,29.99,11.339914,-18.650085678100584,-62.187681487497784
245241,15.9,9.614609,-6.285391235351563,-39.530762486487816
68005,185.79,139.56589,-46.22411254882812,-24.87976346887783
264238,3.1,4.1907725,1.090772533416748,35.186210755378966
198893,5.01,10.038376,5.028375854492188,100.36678352279816
11458,6.15,7.9099436,1.759943580627441,28.616968790690095
46618,26.34,20.6013,-5.738700714111328,-21.787018656459104
132149,5.29,4.2266936,-1.0633063697814942,-20.100309447665296
112953,16.59,15.1888275,-1.4011724853515624,-8.445885987652577
221085,4.79,4.814083,0.02408309936523434,0.5027786923848505
285678,2.79,2.93261,0.14261003494262692,5.111470786474083
278276,49.735,18.183313,-31.551686630249023,-63.439603157231375
239336,1.98,1.9138246,-0.06617544174194334,-3.3421940273708763
110242,92.94,24.020931,-68.91906875610351,-74.15436707134013
294896,1.99,7.246315,5.256315002441406,264.13643228348775
223801,27.53,22.536814,-4.993186264038087,-18.137254863923307
16006,24.99,13.117271,-11.872728576660155,-47.509918273950206
122843,41.925,16.137083,-25.78791694641113,-61.509640897820226
257934,7.49,13.63999,6.149989852905273,82.10934383051098
121546,39.99,37.67709,-2.3129103088378926,-5.783721702520362
277385,4.635,4.7607265,0.1257264518737795,2.7125448084957826
81181,9.864999999999998,15.981653,6.116653213500978,62.00358047137333
227651,23.59,35.693596,12.103595886230469,51.308163994194445
146699,16.77,19.962124,3.19212387084961,19.034727912042992
245213,69.0,48.669815,-20.330184936523438,-29.46403613988904
223776,7.37,27.769762,20.39976203918457,276.79460026030625
67651,93.875,42.005386,-51.86961364746094,-55.25391600262151
104896,5.49,8.093019,2.603018531799316,47.41381660836642
123962,9.99,10.960418,0.9704177474975584,9.713891366341926
110445,28.39,26.341492,-2.0485083007812506,-7.215598100673655
27590,1.535,5.3459477,3.810947742462158,248.27021123531975
114642,40.0,21.589432,-18.410568237304688,-46.02642059326172
70852,10.1,14.999771,4.899771118164063,48.51258532835706
288907,2.64,3.0104265,0.3704265213012694,14.031307625048084
85336,24.92,19.595917,-5.324083251953127,-21.364700047965997
171107,3.18,12.051782,8.87178165435791,278.98684447666386
234833,27.99,19.626753,-8.363247146606444,-29.87941102753285
219991,36.56,10.780596,-25.779404220581057,-70.51259360115168
12221,27.99,23.140215,-4.849785079956053,-17.326849160257428
190096,22.13,14.218039,-7.911961441040038,-35.75219810682349
276084,3.99,2.9574852,-1.0325148010253908,-25.877563935473454
250564,29.27,23.872078,-5.397922058105468,-18.44182459209248
110465,17.75,10.808108,-6.941891670227051,-39.10924884634958
34209,10.14,10.124354,-0.0156456375122076,-0.15429622793104142
231074,15.8,17.969387,2.1693870544433587,13.73029781293265
227646,18.125,19.84105,1.7160491943359375,9.467857623922415
109174,4.8,18.078392,13.278392028808593,276.6331672668457
111225,48.39,26.561789,-21.82821144104004,-45.10893044232287
49855,17.99,29.597519,11.607518920898439,64.52206181711195
167505,7.89,28.50333,20.61333023071289,261.25893828533447
271879,14.49,13.437846,-1.0521538162231447,-7.261240967723566
234441,3.99,6.138128,2.14812780380249,53.837789568984704
205888,6.98,8.036109,1.0561089706420894,15.130501012064318
167204,3.84,17.483566,13.643566284179688,355.3012053171794
225484,14.89,12.631455,-2.2585445785522467,-15.168197303910318
158574,24.98,23.503683,-1.4763169097900395,-5.909995635668692
115221,5.25,4.9772444,-0.27275562286376953,-5.195345197405134
284630,2.95,2.8145392,-0.1354608058929445,-4.59189172518456
269988,23.99,21.855888,-2.1341116333007797,-8.895838404755231
168143,16.29,15.858145,-0.4318552398681632,-2.6510450575086755
159089,3.29,3.3342052,0.04420515060424801,1.3436215989133133
105,11.99,10.699099,-1.2909014129638674,-10.766483844569368
270292,13.715,7.0021667,-6.712833251953125,-48.945193233343964
131337,15.68,23.521263,7.841263122558594,50.00805562856247
254077,24.03,25.513996,1.483996124267577,6.175597687339064
111887,16.24,23.989216,7.74921585083008,47.71684637210641
260998,30.87,23.748533,-7.121466751098634,-23.069215261090488
1089,101.68,11.821093,-89.85890739440919,-88.37422049017425
98942,16.4,10.287125,-6.112875366210936,-37.273630281774004
29918,3.99,15.477436,11.487436065673828,287.9056658063616
256147,5.29,8.332995,3.0429954147338867,57.52354281160466
240114,42.99,22.618183,-20.371816864013674,-47.38733859970615
158339,15.5,8.87444,-6.6255598068237305,-42.745547140798266
44058,31.99,8.537006,-23.45299362182617,-73.3135155418136
249563,6.12,5.053908,-1.0660921287536622,-17.419806025386634
222814,49.97,22.375631,-27.594368667602538,-55.22187045747956
233739,4.44,7.430849,2.9908490753173824,67.3614656603014
230010,20.19,28.693829,8.50382858276367,42.11901229699688
252798,23.94,27.457195,3.5171952819824206,14.6917096156325
136625,16.985,21.709307,4.724306716918946,27.814581789337332
129675,12.3,13.592374,1.292373847961425,10.507104454970936
112523,37.29,32.260624,-5.0293760681152335,-13.487197822781532
196277,61.07,71.86494,10.794936828613281,17.67633343476876
243807,38.77,33.192482,-5.577518005371097,-14.38616973270853
176370,8.37,12.830134,4.460134391784669,53.287149244739176
282267,6.09,7.2930593,1.2030593490600587,19.75466911428668
263441,17.84,14.769044,-3.0709560775756835,-17.213879358608093
273140,7.99,12.114163,4.124163398742676,51.616563188268785
91173,28.945,29.193779,0.24877899169921847,0.8594886567601259
249849,24.7,17.139433,-7.560567092895507,-30.60958337204659
98499,24.34,9.096715,-15.243285026550293,-62.626479155917394
42955,8.99,4.055181,-4.93481897354126,-54.892313387555724
17547,29.61,5.6485233,-23.961476669311523,-80.92359564103859
212199,66.92,37.459114,-29.46088592529297,-44.02403754526743
249370,20.0,20.413347,0.4133472442626953,2.0667362213134766
60903,10.0,12.827095,2.8270950317382812,28.270950317382816
123672,33.89,37.685963,3.7959626770019526,11.20083410151063
51634,18.0,10.9894905,-7.010509490966797,-38.94727494981554
260673,9.85,8.159421,-1.6905790328979489,-17.16323891266953
117167,22.99,29.053465,6.063464889526369,26.374357936173855
265248,36.98,58.90372,21.923720855712894,59.285345742868834
143247,31.95,23.153786,-8.796214294433593,-27.5311871500269
157854,6.98,5.777067,-1.2029328155517582,-17.233994492145534
28496,17.24,13.852434,-3.387565841674803,-19.649453838020904
65561,12.98,14.913697,1.933697242736816,14.897513426323696
234533,14.555,9.181029,-5.373970680236816,-36.92181848324848
133771,3.29,6.6655684,3.3755683517456054,102.60086175518556
136462,42.28,37.193474,-5.086526184082032,-12.030572810033188
208987,5.18,11.402473,6.2224734497070315,120.12497007156433
169202,34.99,23.697546,-11.292453994750979,-32.273375235069956
127239,8.8,6.0723805,-2.7276194572448738,-30.995675650509924
181870,18.95,10.115668,-8.834331703186034,-46.61916466061232
131577,2.91,2.9251459,0.015145864486694194,0.5204764428417249
170314,52.57,43.9607,-8.609299011230469,-16.376829011281092
251560,2.59,5.78407,3.1940700149536134,123.32316660052562
296183,10.36,9.275439,-1.0845607376098627,-10.468732988512189
23146,35.435,37.039394,1.604394378662107,4.5277109599607925
71141,11.9,30.70381,18.80380973815918,158.01520788369058
2336,86.43,65.95537,-20.47463195800782,-23.689265252814785
56453,7.49,8.828901,1.3389012908935545,17.87585168082182
254313,13.395,14.597447,1.2024473953247075,8.976837591076576
16460,1.24,4.800119,3.5601189231872556,287.1063647731658
39892,5.59,24.721865,19.131864700317383,342.2516046568405
245555,17.99,21.461706,3.471706161499025,19.297977551412036
252035,21.24,13.311268,-7.928732147216795,-37.32924739744254
140133,8.99,8.046432,-0.9435684585571291,-10.495755935006997
155275,25.47,27.448574,1.9785740661621105,7.768253106250925
183482,21.24,22.582825,1.3428247070312516,6.322150221427739
46040,3.435,6.204274,2.7692741775512695,80.6193355910122
182257,27.2,13.4887295,-13.711270523071288,-50.40908280540914
114370,48.27,13.730669,-34.53933097839356,-71.5544457808029
195710,93.79,84.544044,-9.2459555053711,-9.858146396599956
243854,66.99,67.2499,0.25990081787109887,0.38796957437094926
143433,34.99,35.404953,0.4149530029296855,1.18591884232548
55794,5.87,15.893084,10.023083572387694,170.75099782602544
198502,10.4,7.6846256,-2.715374374389649,-26.10936898451585
90972,10.99,11.274767,0.2847669219970701,2.591145787052503
110062,12.29,4.3499746,-7.9400253677368156,-64.60557662926621
148354,11.94,5.240558,-6.69944185256958,-56.10922824597638
1475,50.76,30.020523,-20.739476928710936,-40.857913571140536
51438,121.99,30.7838,-91.20619987487792,-74.7653085292876
123433,24.36,15.820425,-8.539574966430663,-35.055726463180065
265873,32.99,12.428982,-20.561018218994143,-62.325002179430555
229550,259.99,58.140305,-201.84969543457032,-77.63748430115402
73578,79.99,37.115143,-42.87485717773437,-53.60027150610623
238363,32.92,23.539392,-9.380607528686525,-28.495162602328445
295135,3.89,5.8267493,1.9367493247985839,49.78790038042632
287460,4.98,8.065622,3.0856223297119136,61.96028774521915
208995,79.95,27.223444,-52.72655601501465,-65.94941340214466
81033,9.49,10.889343,1.3993432617187498,14.745450597668597
276567,1.24,2.491346,1.2513458824157715,100.91499051740094
103140,1.855,8.388542,6.533542175292968,352.2125161883002
41903,53.065,17.940536,-35.12446350097656,-66.19139451799974
60671,19.92,12.867485,-7.052514953613283,-35.40419153420322
148978,28.08,25.899406,-2.1805935668945295,-7.76564660574975
29175,15.875,11.238967,-4.636033058166504,-29.203357846718138
165950,97.98,32.016315,-65.96368453979493,-67.32362169809647
158908,3.49,4.1224327,0.6324327087402342,18.121281052728772
201700,39.99,38.795162,-1.1948377990722676,-2.98784145804518
11859,3.99,5.534775,1.5447747802734373,38.716159906602435
72275,25.8,16.198275,-9.601725387573243,-37.21598987431489
74453,6.49,10.534192,4.044192085266113,62.3142077853022
158362,1.48,3.5931897,2.1131897163391113,142.78308894183183
153170,29.99,20.106848,-9.883152236938475,-32.95482573170549
164728,39.29,33.264843,-6.025157012939452,-15.335090386712782
100197,21.0,18.875502,-2.1244983673095703,-10.116658891950335
82108,8.86,33.16801,24.308010711669922,274.3567800414213
150239,6.885,4.879402,-2.0055978393554685,-29.12996135592547
248544,79.99,80.60039,0.6103875732421926,0.7630798515341826
169274,9.99,9.018858,-0.971142044067383,-9.721141582256086
59169,41.215,12.32536,-28.889639701843265,-70.09496470179126
3932,188.74,25.062744,-163.677255859375,-86.72102143656618
109857,10.99,9.874133,-1.1158668899536135,-10.153474885838158
184757,4.19,7.0749245,2.8849244689941402,68.85261262515847
25956,4.99,5.495699,0.5056989288330076,10.134247070801756
125305,3.745,24.76274,21.017739181518554,561.221339960442
213111,3.59,23.840042,20.250042114257813,564.0680254667915
88911,4.390000000000001,12.717274,8.327273712158203,189.68732829517543
255383,41.945,15.455805,-26.4891951751709,-63.1522116466108
82672,6.99,4.7386713,-2.25132869720459,-32.20784974541617
157911,3.12,14.344919,11.224919204711913,359.77305143307416
279711,5.465,16.985153,11.520153198242188,210.79877764395584
162622,2.14,9.167884,7.027883872985839,328.4057884572822
78644,20.445,22.512669,2.0676686096191403,10.113321641570753
42355,2.495,6.5408773,4.045877342224121,162.1594125139928
159183,113.98,29.384644,-84.5953564453125,-74.21947398255176
125181,18.49,22.523535,4.033534774780275,21.814682394701325
172051,14.0,13.965165,-0.034834861755371094,-0.2488204411097935
128024,19.99,16.136093,-3.853906860351561,-19.279173888702157
221987,13.5,8.981773,-4.518226623535156,-33.468345359519674
153283,86.35,30.567472,-55.78252754211425,-64.60049512694181
127942,20.72,15.732773,-4.987227172851561,-24.069629212604063
126068,12.41,5.9337244,-6.4762755966186525,-52.18594356662894
11277,66.73,26.64069,-40.08931015014649,-60.07689217765096
110171,81.94,24.944813,-56.995187225341795,-69.55722141242592
60240,9.17,6.363936,-2.806064052581787,-30.600480398928976
121841,4.43,24.970217,20.540216751098633,463.66177767717005
119661,14.95,13.752576,-1.197424125671386,-8.009525924223318
125648,23.99,32.924362,8.934362182617189,37.242026605323844
16302,14.7,14.497892,-0.2021076202392571,-1.3748817703350824
93378,17.99,22.641123,4.651122817993166,25.853934508022046
231492,7.99,16.379662,8.389661560058594,105.00202202826776
140673,36.99,24.640112,-12.349888076782229,-33.38709942357996
181174,99.0,37.61096,-61.389041900634766,-62.00913323296441
95325,7.525,8.16283,0.6378303527832028,8.476150867550867
54192,39.165,9.981556,-29.183444061279296,-74.51409181993948
123445,14.99,14.647011,-0.34298919677734396,-2.288120058554663
120395,13.065,8.241054,-4.8239464187622065,-36.922666810273306
16113,15.99,7.627388,-8.362611999511719,-52.29901187937285
120657,129.99,157.73436,27.74435974121093,21.343456989930708
44651,19.99,26.405966,6.4159658050537125,32.09587696375044
74588,71.2,29.073814,-42.12618560791016,-59.16599102234573
105553,18.22,15.234003,-2.9859969329833973,-16.38856714041382
82628,6.69,11.646641,4.95664077758789,74.09029562911644
181743,12.99,19.68241,6.692409286499023,51.51970197458833
255962,2.23,1.3966196,-0.8333804416656494,-37.37132025406499
66163,13.5,17.598164,4.098163604736328,30.356767442491318
200670,9.99,19.44211,9.452110061645508,94.61571633278785
268282,3.58,5.5617023,1.981702251434326,55.35481149257894
2167,77.04,77.66109,0.6210870361328062,0.8061877416054078
124248,14.59,8.837468,-5.752531852722168,-39.42790851762966
172773,3.41,8.300933,4.8909328842163085,143.42911683918794
18134,37.63,44.34363,6.713631744384763,17.841168600544147
147637,6.79,10.376814,3.5868138885498047,52.824946812220986
147167,38.54,50.809864,12.269864044189454,31.836699647611454
50863,27.99,20.54883,-7.441169967651366,-26.585101706507203
52131,11.99,16.607244,4.617244491577148,38.509128370118
254602,89.99,8.938528,-81.05147193908691,-90.06719850993102
244935,27.19,7.6582727,-19.531727256774904,-71.83423044051086
254672,3.59,3.763073,0.17307296752929702,4.820974025885711
119376,10.53,8.234733,-2.295267372131347,-21.797410941418303
92211,24.48,22.690567,-1.789432983398438,-7.309775258980547
181409,15.05,18.873606,3.8236057281494134,25.406018127238628
46717,3.87,10.874065,7.004065399169922,180.98360204573441
106125,19.68,12.950817,-6.729182891845703,-34.19300249921597
259034,23.25,21.746296,-1.5037040710449219,-6.467544391591062
122130,2.18,5.6262975,3.4462974739074705,158.08704008749862
12047,2.88,14.574642,11.694642181396485,406.0639646318224
5309,55.93,51.050518,-4.879481964111328,-8.724265982677146
251932,12.49,15.25053,2.7605302429199217,22.10192348214509
85349,12.29,19.582123,7.292122802734376,59.33379009547905
90039,29.99,21.158667,-8.831333389282225,-29.44759382888371
186395,39.49,13.813367,-25.67663311004639,-65.02059536603288
80796,1.99,1.9749174,-0.015082588195800772,-0.7579190048141091
160892,99.99,6.6001916,-93.38980840682983,-93.399148321662
31670,3.99,8.01172,4.021719703674316,100.79498004196282
239680,9.23,8.122302,-1.1076979446411137,-12.001061155375012
227780,1.42,4.8252068,3.405206756591797,239.80329271773218
42676,30.35,13.221351,-17.12864933013916,-56.43706533818504
71209,3.2,20.819685,17.619684982299805,550.6151556968689
166044,8.0,4.0179496,-3.9820504188537598,-49.775630235672
82593,16.05,20.585026,4.535025787353515,28.25561238226489
230414,39.0,36.30513,-2.6948699951171875,-6.909923064403046
125683,8.29,9.176821,0.8868207550048837,10.69747593492019
115271,27.99,23.169327,-4.820673217773436,-17.222841078147326
229670,18.99,8.741214,-10.24878620147705,-53.96938494721986
505,9.99,7.4110403,-2.5789596939086916,-25.815412351438354
244270,4.23,10.185867,5.955867309570312,140.80064561631943
62510,14.95,17.23319,2.283190536499024,15.272177501665714
179120,12.489999999999998,9.831068,-2.6589319610595687,-21.28848647765868
65836,21.62,18.219076,-3.40092384338379,-15.730452559591997
283134,37.425,83.467834,46.04283447265625,123.0269458187208
118929,8.89,12.075016,3.185016021728515,35.82695187546136
160366,64.5,16.542498,-47.957502365112305,-74.35271684513536
238812,16.740000000000002,17.708183,0.9681832885742168,5.783651664123158
138590,16.47,28.96176,12.491759567260743,75.84553471317999
262702,21.41,19.252937,-2.157062683105469,-10.075024208806486
161041,93.86,30.587996,-63.272004470825195,-67.41104247903814
106531,37.9,50.005898,12.105897521972658,31.941682116022847
75702,16.49,18.54676,2.056760559082033,12.472774767022637
55587,5.99,13.556126,7.56612564086914,126.31261503955157
15940,4.69,7.9176893,3.2276893234252926,68.8206678768719
98713,7.35,6.849397,-0.5006028175354,-6.810922687556463
101110,1.88,11.021231,9.141230697631837,486.23567540594877
21678,17.494999999999997,13.56861,-3.9263898086547826,-22.442925456729252
87286,8.43,11.228521,2.7985213470458987,33.19716900410319
127387,9.79,6.7252994,-3.0647006416320792,-31.304398790930332
151505,33.01,20.194979,-12.81502128601074,-38.82163370497044
166365,2.5,6.051132,3.5511322021484375,142.0452880859375
113375,13.99,14.019597,0.029597053527831818,0.21155863851202156
235007,14.99,16.136078,1.1460778808593748,7.645616283251333
199610,1.29,1.7475626,0.4575626468658447,35.469972625259274
199349,27.045,28.480246,1.4352455902099592,5.306879608836972
248404,23.99,15.864733,-8.125267257690428,-33.86939248724647
73314,22.99,21.685875,-1.3041250610351547,-5.672575298108546
11314,24.4,16.053732,-8.346268081665038,-34.2060167281354
61381,26.99,6.101547,-20.88845323562622,-77.39330580076407
51196,94.99,36.269623,-58.72037719726562,-61.81743046348629
27800,3.68,4.138207,0.4582069587707518,12.451276053553038
132537,10.99,9.871515,-1.1184847259521487,-10.177295049610088
68565,1.99,5.02717,3.037170181274414,152.62161714946802
243045,43.73,34.490112,-9.239887695312497,-21.129402458981243
266910,47.99,18.088556,-29.90144371032715,-62.30765515800615
51076,30.75,16.987612,-13.762388229370117,-44.75573407925241
106957,13.99,14.741732,0.7517316436767576,5.373349847582256
178209,41.99,20.962803,-21.02719711303711,-50.07667804962398
207310,4.19,11.959577,7.769576606750488,185.43142259547702
198783,20.995,16.879019,-4.115981216430665,-19.604578311172492
223670,14.99,21.40813,6.418130645751953,42.816081692808226
146363,7.99,9.854212,1.8642118072509763,23.331812356082306
254392,16.0,12.142784,-3.8572158813476562,-24.10759925842285
243178,11.66,4.0366807,-7.623319301605225,-65.38009692628837
41403,16.689999999999998,10.308458,-6.381541671752927,-38.23572002248609
192424,15.92,17.533272,1.6132717895507813,10.13361676853506
253460,21.05,22.292454,1.24245376586914,5.902393187026793
121818,20.98,20.827496,-0.15250442504882855,-0.7269038372203458
155575,8.99,8.798059,-0.19194053649902365,-2.135044899877905
23159,11.02,7.2940025,-3.725997467041015,-33.81122928349379
180583,8.99,9.779287,0.7892873382568357,8.779614441121643
238277,29.99,20.450476,-9.539524307250975,-31.809017363291016
216773,15.99,7.91763,-8.072369804382324,-50.48386369219715
224380,2.48,25.51951,23.03951026916504,929.012510853429
229282,49.99,51.257225,1.2672250366210918,2.5349570646551145
276540,2.08,8.599526,6.519526405334473,313.43876948723425
216911,50.94,21.332018,-29.607982101440427,-58.12324715634164
428,5.99,14.290281,8.300281295776367,138.56896987940513
183905,7.46,5.24934,-2.210659942626953,-29.633511295267468
19628,2.19,3.9660892,1.7760892486572266,81.09996569211081
105049,32.99,24.27239,-8.717609634399416,-26.425006469837577
40858,15.63,8.843275,-6.786724929809571,-43.42114478445023
136988,17.85,12.0822315,-5.767768478393556,-32.31242845038407
153161,23.28,7.888298,-15.391701965332032,-66.11555827032659
180289,6.78,2.7942262,-3.9857738304138186,-58.78722463737195
109275,9.69,8.013913,-1.6760868453979487,-17.29707786788389
36663,12.485,9.1995325,-3.2854674911499018,-26.315318311172625
268400,28.15,25.873959,-2.276041412353514,-8.085404662001828
209680,18.99,19.283085,0.2930848693847672,1.5433642410993533
33015,11.99,20.147219,8.157218704223633,68.0335171328076
36058,9.49,8.008779,-1.4812214279174807,-15.608234224630987
159792,9.99,8.325686,-1.664313545227051,-16.659795247518026
271850,5.0,9.588219,4.588218688964844,91.76437377929688
160413,11.245,19.885046,8.640046005249024,76.83455762782592
98888,10.85,10.211155,-0.638845062255859,-5.887972924017134
199846,15.99,6.9264855,-9.063514461517334,-56.682391879407966
23917,1.86,6.9614105,5.101410522460937,274.26938292800736
124799,7.51,7.74516,0.2351601028442385,3.1312929806156924
95443,8.46,15.421581,6.961581268310546,82.28819466088115
37890,112.49,23.336864,-89.15313552856445,-79.25427640551555
74024,27.11,13.124671,-13.98532901763916,-51.587344218514055
140072,3.19,3.677125,0.48712497711181646,15.270375458050673
38772,6.6,11.456818,4.856817626953125,73.58814586292614
263563,19.75,9.946478,-9.803522109985352,-49.63808663283722
68690,16.99,29.046501,12.05650115966797,70.96233760840478
298486,24.99,17.840952,-7.149048080444334,-28.60763537592771
228675,4.44,4.7097354,0.26973539352416953,6.075121475769583
95630,23.99,17.975698,-6.0143015289306625,-25.07003555202444
43515,6.59,13.289825,6.699825439453125,101.66654688092756
242387,20.345,12.610529,-7.734471054077147,-38.01656944741778
24773,7.59,6.190707,-1.3992927932739256,-18.436005181474645
173300,7.69,5.0553384,-2.634661617279053,-34.260879288414216
277126,1.0,6.5358667,5.535866737365723,553.5866737365723
66377,24.91,32.669014,7.759013977050781,31.148189390007154
240151,69.95,18.216852,-51.73314781188965,-73.95732353379508
182286,8.99,9.810491,0.8204906082153318,9.126703094720042
257733,8.81,9.031265,0.221265258789062,2.511523936311714
161266,95.47,18.99775,-76.47225067138672,-80.10081771382289
